{
  "type": "FeatureCollection",
  "features": [
    {
      "type": "Feature",
      "id": "2021131037244",
      "geometry": {
        "type": "Point",
        "coordinates": [
          -1.919492,
          53.674747
        ]
      },
      "properties": {
        "carriageway_hazards": "0",
        "carriageway_hazards_historic": "0",
        "collision_adjusted_severity_serious": "0",
        "collision_adjusted_severity_slight": "1",
        "collision_index": "2021131037244",
        "collision_injury_based": "1",
        "collision_ref_no": "131037244",
        "collision_severity": "3",
        "collision_year": 2021,
        "date": "20/04/2021",
        "day_of_week": "3",
        "did_police_officer_attend_scene_of_accident": "1",
        "enhanced_severity_collision": "3",
        "first_road_class": "4",
        "first_road_number": "6114",
        "junction_control": "3",
        "junction_detail": "16",
        "junction_detail_historic": "6",
        "latitude": "53.674747",
        "light_conditions": "1",
        "local_authority_district": "-1",
        "local_authority_highway": "E08000033",
        "local_authority_highway_current": "E08000033",
        "local_authority_ons_district": "E08000033",
        "location_easting_osgr": "405416",
        "location_northing_osgr": "419810",
        "longitude": "-1.919492",
        "lsoa_of_accident_location": "E01010953",
        "number_of_casualties": 1,
        "number_of_vehicles": 2,
        "pedestrian_crossing": "0",
        "pedestrian_crossing_human_control_historic": "0",
        "pedestrian_crossing_physical_facilities_historic": "0",
        "police_force": "13",
        "road_surface_conditions": "1",
        "road_type": "6",
        "second_road_class": "6",
        "second_road_number": "0",
        "special_conditions_at_site": "0",
        "speed_limit": 30,
        "time": "07:47",
        "trunk_road_flag": "2",
        "urban_or_rural_area": "2",
        "weather_conditions": "8",
        "geometry_source": "collision_location",
        "source_year": 2021,
        "date_iso": "2021-04-20"
      }
    },
    {
      "type": "Feature",
      "id": "2021131060541",
      "geometry": {
        "type": "Point",
        "coordinates": [
          -1.862593,
          53.725605
        ]
      },
      "properties": {
        "carriageway_hazards": "0",
        "carriageway_hazards_historic": "0",
        "collision_adjusted_severity_serious": "0",
        "collision_adjusted_severity_slight": "1",
        "collision_index": "2021131060541",
        "collision_injury_based": "1",
        "collision_ref_no": "131060541",
        "collision_severity": "3",
        "collision_year": 2021,
        "date": "28/06/2021",
        "day_of_week": "2",
        "did_police_officer_attend_scene_of_accident": "1",
        "enhanced_severity_collision": "3",
        "first_road_class": "3",
        "first_road_number": "629",
        "junction_control": "2",
        "junction_detail": "0",
        "junction_detail_historic": "1",
        "latitude": "53.725605",
        "light_conditions": "1",
        "local_authority_district": "-1",
        "local_authority_highway": "E08000033",
        "local_authority_highway_current": "E08000033",
        "local_authority_ons_district": "E08000033",
        "location_easting_osgr": "409164",
        "location_northing_osgr": "425474",
        "longitude": "-1.862593",
        "lsoa_of_accident_location": "E01010994",
        "number_of_casualties": 2,
        "number_of_vehicles": 2,
        "pedestrian_crossing": "0",
        "pedestrian_crossing_human_control_historic": "0",
        "pedestrian_crossing_physical_facilities_historic": "0",
        "police_force": "13",
        "road_surface_conditions": "2",
        "road_type": "3",
        "second_road_class": "3",
        "second_road_number": "58",
        "special_conditions_at_site": "0",
        "speed_limit": 40,
        "time": "20:20",
        "trunk_road_flag": "2",
        "urban_or_rural_area": "1",
        "weather_conditions": "2",
        "geometry_source": "collision_location",
        "source_year": 2021,
        "date_iso": "2021-06-28"
      }
    },
    {
      "type": "Feature",
      "id": "2021131070116",
      "geometry": {
        "type": "Point",
        "coordinates": [
          -1.870604,
          53.707979
        ]
      },
      "properties": {
        "carriageway_hazards": "0",
        "carriageway_hazards_historic": "0",
        "collision_adjusted_severity_serious": "1",
        "collision_adjusted_severity_slight": "0",
        "collision_index": "2021131070116",
        "collision_injury_based": "1",
        "collision_ref_no": "131070116",
        "collision_severity": "2",
        "collision_year": 2021,
        "date": "26/07/2021",
        "day_of_week": "2",
        "did_police_officer_attend_scene_of_accident": "1",
        "enhanced_severity_collision": "6",
        "first_road_class": "3",
        "first_road_number": "646",
        "junction_control": "2",
        "junction_detail": "16",
        "junction_detail_historic": "6",
        "latitude": "53.707979",
        "light_conditions": "1",
        "local_authority_district": "-1",
        "local_authority_highway": "E08000033",
        "local_authority_highway_current": "E08000033",
        "local_authority_ons_district": "E08000033",
        "location_easting_osgr": "408639",
        "location_northing_osgr": "423512",
        "longitude": "-1.870604",
        "lsoa_of_accident_location": "E01010970",
        "number_of_casualties": 1,
        "number_of_vehicles": 2,
        "pedestrian_crossing": "0",
        "pedestrian_crossing_human_control_historic": "0",
        "pedestrian_crossing_physical_facilities_historic": "0",
        "police_force": "13",
        "road_surface_conditions": "1",
        "road_type": "6",
        "second_road_class": "6",
        "second_road_number": "0",
        "special_conditions_at_site": "0",
        "speed_limit": 30,
        "time": "11:45",
        "trunk_road_flag": "2",
        "urban_or_rural_area": "1",
        "weather_conditions": "1",
        "geometry_source": "collision_location",
        "source_year": 2021,
        "date_iso": "2021-07-26"
      }
    },
    {
      "type": "Feature",
      "id": "20211383B0752",
      "geometry": {
        "type": "Point",
        "coordinates": [
          -1.938502,
          53.676916
        ]
      },
      "properties": {
        "carriageway_hazards": "0",
        "carriageway_hazards_historic": "0",
        "collision_adjusted_severity_serious": "0.13831",
        "collision_adjusted_severity_slight": "0.86169",
        "collision_index": "20211383B0752",
        "collision_injury_based": "0",
        "collision_ref_no": "1383B0752",
        "collision_severity": "3",
        "collision_year": 2021,
        "date": "11/03/2021",
        "day_of_week": "5",
        "did_police_officer_attend_scene_of_accident": "1",
        "enhanced_severity_collision": "-1",
        "first_road_class": "3",
        "first_road_number": "58",
        "junction_control": "-1",
        "junction_detail": "0",
        "junction_detail_historic": "0",
        "latitude": "53.676916",
        "light_conditions": "1",
        "local_authority_district": "-1",
        "local_authority_highway": "E08000033",
        "local_authority_highway_current": "E08000033",
        "local_authority_ons_district": "E08000033",
        "location_easting_osgr": "404160",
        "location_northing_osgr": "420050",
        "longitude": "-1.938502",
        "lsoa_of_accident_location": "E01010952",
        "number_of_casualties": 1,
        "number_of_vehicles": 1,
        "pedestrian_crossing": "0",
        "pedestrian_crossing_human_control_historic": "0",
        "pedestrian_crossing_physical_facilities_historic": "0",
        "police_force": "13",
        "road_surface_conditions": "1",
        "road_type": "6",
        "second_road_class": "0",
        "second_road_number": "-1",
        "special_conditions_at_site": "0",
        "speed_limit": 30,
        "time": "13:19",
        "trunk_road_flag": "2",
        "urban_or_rural_area": "2",
        "weather_conditions": "1",
        "geometry_source": "collision_location",
        "source_year": 2021,
        "date_iso": "2021-03-11"
      }
    },
    {
      "type": "Feature",
      "id": "2021131126274",
      "geometry": {
        "type": "Point",
        "coordinates": [
          -1.853256,
          53.704013
        ]
      },
      "properties": {
        "carriageway_hazards": "13",
        "carriageway_hazards_historic": "0",
        "collision_adjusted_severity_serious": "0",
        "collision_adjusted_severity_slight": "1",
        "collision_index": "2021131126274",
        "collision_injury_based": "1",
        "collision_ref_no": "131126274",
        "collision_severity": "3",
        "collision_year": 2021,
        "date": "25/12/2021",
        "day_of_week": "7",
        "did_police_officer_attend_scene_of_accident": "1",
        "enhanced_severity_collision": "3",
        "first_road_class": "3",
        "first_road_number": "629",
        "junction_control": "-1",
        "junction_detail": "0",
        "junction_detail_historic": "0",
        "latitude": "53.704013",
        "light_conditions": "1",
        "local_authority_district": "-1",
        "local_authority_highway": "E08000033",
        "local_authority_highway_current": "E08000033",
        "local_authority_ons_district": "E08000033",
        "location_easting_osgr": "409785",
        "location_northing_osgr": "423073",
        "longitude": "-1.853256",
        "lsoa_of_accident_location": "E01010971",
        "number_of_casualties": 1,
        "number_of_vehicles": 2,
        "pedestrian_crossing": "0",
        "pedestrian_crossing_human_control_historic": "0",
        "pedestrian_crossing_physical_facilities_historic": "0",
        "police_force": "13",
        "road_surface_conditions": "1",
        "road_type": "6",
        "second_road_class": "0",
        "second_road_number": "-1",
        "special_conditions_at_site": "4",
        "speed_limit": 30,
        "time": "11:30",
        "trunk_road_flag": "2",
        "urban_or_rural_area": "1",
        "weather_conditions": "1",
        "geometry_source": "collision_location",
        "source_year": 2021,
        "date_iso": "2021-12-25"
      }
    },
    {
      "type": "Feature",
      "id": "2021131093590",
      "geometry": {
        "type": "Point",
        "coordinates": [
          -1.868014,
          53.712605
        ]
      },
      "properties": {
        "carriageway_hazards": "0",
        "carriageway_hazards_historic": "0",
        "collision_adjusted_severity_serious": "1",
        "collision_adjusted_severity_slight": "0",
        "collision_index": "2021131093590",
        "collision_injury_based": "1",
        "collision_ref_no": "131093590",
        "collision_severity": "2",
        "collision_year": 2021,
        "date": "30/09/2021",
        "day_of_week": "5",
        "did_police_officer_attend_scene_of_accident": "1",
        "enhanced_severity_collision": "6",
        "first_road_class": "6",
        "first_road_number": "0",
        "junction_control": "4",
        "junction_detail": "13",
        "junction_detail_historic": "3",
        "latitude": "53.712605",
        "light_conditions": "1",
        "local_authority_district": "-1",
        "local_authority_highway": "E08000033",
        "local_authority_highway_current": "E08000033",
        "local_authority_ons_district": "E08000033",
        "location_easting_osgr": "408809",
        "location_northing_osgr": "424027",
        "longitude": "-1.868014",
        "lsoa_of_accident_location": "E01010969",
        "number_of_casualties": 1,
        "number_of_vehicles": 3,
        "pedestrian_crossing": "0",
        "pedestrian_crossing_human_control_historic": "0",
        "pedestrian_crossing_physical_facilities_historic": "0",
        "police_force": "13",
        "road_surface_conditions": "2",
        "road_type": "6",
        "second_road_class": "6",
        "second_road_number": "0",
        "special_conditions_at_site": "0",
        "speed_limit": 20,
        "time": "16:30",
        "trunk_road_flag": "2",
        "urban_or_rural_area": "1",
        "weather_conditions": "2",
        "geometry_source": "collision_location",
        "source_year": 2021,
        "date_iso": "2021-09-30"
      }
    },
    {
      "type": "Feature",
      "id": "2021131113439",
      "geometry": {
        "type": "Point",
        "coordinates": [
          -1.73471,
          53.682139
        ]
      },
      "properties": {
        "carriageway_hazards": "0",
        "carriageway_hazards_historic": "0",
        "collision_adjusted_severity_serious": "0",
        "collision_adjusted_severity_slight": "1",
        "collision_index": "2021131113439",
        "collision_injury_based": "1",
        "collision_ref_no": "131113439",
        "collision_severity": "3",
        "collision_year": 2021,
        "date": "23/11/2021",
        "day_of_week": "3",
        "did_police_officer_attend_scene_of_accident": "1",
        "enhanced_severity_collision": "3",
        "first_road_class": "3",
        "first_road_number": "62",
        "junction_control": "-1",
        "junction_detail": "0",
        "junction_detail_historic": "0",
        "latitude": "53.682139",
        "light_conditions": "4",
        "local_authority_district": "-1",
        "local_authority_highway": "E08000033",
        "local_authority_highway_current": "E08000033",
        "local_authority_ons_district": "E08000033",
        "location_easting_osgr": "417620",
        "location_northing_osgr": "420662",
        "longitude": "-1.73471",
        "lsoa_of_accident_location": "E01010879",
        "number_of_casualties": 1,
        "number_of_vehicles": 1,
        "pedestrian_crossing": "0",
        "pedestrian_crossing_human_control_historic": "0",
        "pedestrian_crossing_physical_facilities_historic": "0",
        "police_force": "13",
        "road_surface_conditions": "1",
        "road_type": "3",
        "second_road_class": "0",
        "second_road_number": "-1",
        "special_conditions_at_site": "0",
        "speed_limit": 30,
        "time": "16:53",
        "trunk_road_flag": "2",
        "urban_or_rural_area": "1",
        "weather_conditions": "1",
        "geometry_source": "collision_location",
        "source_year": 2021,
        "date_iso": "2021-11-23"
      }
    },
    {
      "type": "Feature",
      "id": "2021131117422",
      "geometry": {
        "type": "Point",
        "coordinates": [
          -2.100019,
          53.69279
        ]
      },
      "properties": {
        "carriageway_hazards": "0",
        "carriageway_hazards_historic": "0",
        "collision_adjusted_severity_serious": "0",
        "collision_adjusted_severity_slight": "1",
        "collision_index": "2021131117422",
        "collision_injury_based": "1",
        "collision_ref_no": "131117422",
        "collision_severity": "3",
        "collision_year": 2021,
        "date": "04/12/2021",
        "day_of_week": "7",
        "did_police_officer_attend_scene_of_accident": "1",
        "enhanced_severity_collision": "3",
        "first_road_class": "3",
        "first_road_number": "6033",
        "junction_control": "4",
        "junction_detail": "13",
        "junction_detail_historic": "3",
        "latitude": "53.69279",
        "light_conditions": "4",
        "local_authority_district": "-1",
        "local_authority_highway": "E08000033",
        "local_authority_highway_current": "E08000033",
        "local_authority_ons_district": "E08000033",
        "location_easting_osgr": "393493",
        "location_northing_osgr": "421819",
        "longitude": "-2.100019",
        "lsoa_of_accident_location": "E01010885",
        "number_of_casualties": 1,
        "number_of_vehicles": 2,
        "pedestrian_crossing": "0",
        "pedestrian_crossing_human_control_historic": "0",
        "pedestrian_crossing_physical_facilities_historic": "0",
        "police_force": "13",
        "road_surface_conditions": "1",
        "road_type": "6",
        "second_road_class": "6",
        "second_road_number": "0",
        "special_conditions_at_site": "0",
        "speed_limit": 30,
        "time": "20:50",
        "trunk_road_flag": "2",
        "urban_or_rural_area": "1",
        "weather_conditions": "1",
        "geometry_source": "collision_location",
        "source_year": 2021,
        "date_iso": "2021-12-04"
      }
    },
    {
      "type": "Feature",
      "id": "20211381B1126",
      "geometry": {
        "type": "Point",
        "coordinates": [
          -1.863698,
          53.730981
        ]
      },
      "properties": {
        "carriageway_hazards": "0",
        "carriageway_hazards_historic": "0",
        "collision_adjusted_severity_serious": "0.12464",
        "collision_adjusted_severity_slight": "0.87536",
        "collision_index": "20211381B1126",
        "collision_injury_based": "0",
        "collision_ref_no": "1381B1126",
        "collision_severity": "3",
        "collision_year": 2021,
        "date": "11/01/2021",
        "day_of_week": "2",
        "did_police_officer_attend_scene_of_accident": "1",
        "enhanced_severity_collision": "-1",
        "first_road_class": "3",
        "first_road_number": "647",
        "junction_control": "4",
        "junction_detail": "13",
        "junction_detail_historic": "3",
        "latitude": "53.730981",
        "light_conditions": "4",
        "local_authority_district": "-1",
        "local_authority_highway": "E08000033",
        "local_authority_highway_current": "E08000033",
        "local_authority_ons_district": "E08000033",
        "location_easting_osgr": "409090",
        "location_northing_osgr": "426072",
        "longitude": "-1.863698",
        "lsoa_of_accident_location": "E01032923",
        "number_of_casualties": 1,
        "number_of_vehicles": 1,
        "pedestrian_crossing": "0",
        "pedestrian_crossing_human_control_historic": "0",
        "pedestrian_crossing_physical_facilities_historic": "0",
        "police_force": "13",
        "road_surface_conditions": "1",
        "road_type": "6",
        "second_road_class": "6",
        "second_road_number": "0",
        "special_conditions_at_site": "0",
        "speed_limit": 30,
        "time": "16:44",
        "trunk_road_flag": "2",
        "urban_or_rural_area": "1",
        "weather_conditions": "1",
        "geometry_source": "collision_location",
        "source_year": 2021,
        "date_iso": "2021-01-11"
      }
    },
    {
      "type": "Feature",
      "id": "20211381A1452",
      "geometry": {
        "type": "Point",
        "coordinates": [
          -1.79667,
          53.71539
        ]
      },
      "properties": {
        "carriageway_hazards": "21",
        "carriageway_hazards_historic": "0",
        "collision_adjusted_severity_serious": "1",
        "collision_adjusted_severity_slight": "0",
        "collision_index": "20211381A1452",
        "collision_injury_based": "0",
        "collision_ref_no": "1381A1452",
        "collision_severity": "2",
        "collision_year": 2021,
        "date": "10/01/2021",
        "day_of_week": "1",
        "did_police_officer_attend_scene_of_accident": "1",
        "enhanced_severity_collision": "-1",
        "first_road_class": "6",
        "first_road_number": "0",
        "junction_control": "4",
        "junction_detail": "0",
        "junction_detail_historic": "1",
        "latitude": "53.71539",
        "light_conditions": "4",
        "local_authority_district": "-1",
        "local_authority_highway": "E08000033",
        "local_authority_highway_current": "E08000033",
        "local_authority_ons_district": "E08000033",
        "location_easting_osgr": "413517",
        "location_northing_osgr": "424348",
        "longitude": "-1.79667",
        "lsoa_of_accident_location": "E01010904",
        "number_of_casualties": 1,
        "number_of_vehicles": 2,
        "pedestrian_crossing": "0",
        "pedestrian_crossing_human_control_historic": "0",
        "pedestrian_crossing_physical_facilities_historic": "0",
        "police_force": "13",
        "road_surface_conditions": "2",
        "road_type": "6",
        "second_road_class": "6",
        "second_road_number": "0",
        "special_conditions_at_site": "5",
        "speed_limit": 20,
        "time": "20:31",
        "trunk_road_flag": "2",
        "urban_or_rural_area": "1",
        "weather_conditions": "1",
        "geometry_source": "collision_location",
        "source_year": 2021,
        "date_iso": "2021-01-10"
      }
    },
    {
      "type": "Feature",
      "id": "20211383H1369",
      "geometry": {
        "type": "Point",
        "coordinates": [
          -1.87442,
          53.718652
        ]
      },
      "properties": {
        "carriageway_hazards": "0",
        "carriageway_hazards_historic": "0",
        "collision_adjusted_severity_serious": "0.01014",
        "collision_adjusted_severity_slight": "0.98986",
        "collision_index": "20211383H1369",
        "collision_injury_based": "0",
        "collision_ref_no": "1383H1369",
        "collision_severity": "3",
        "collision_year": 2021,
        "date": "17/03/2021",
        "day_of_week": "4",
        "did_police_officer_attend_scene_of_accident": "2",
        "enhanced_severity_collision": "-1",
        "first_road_class": "6",
        "first_road_number": "0",
        "junction_control": "-1",
        "junction_detail": "0",
        "junction_detail_historic": "0",
        "latitude": "53.718652",
        "light_conditions": "1",
        "local_authority_district": "-1",
        "local_authority_highway": "E08000033",
        "local_authority_highway_current": "E08000033",
        "local_authority_ons_district": "E08000033",
        "location_easting_osgr": "408385",
        "location_northing_osgr": "424699",
        "longitude": "-1.87442",
        "lsoa_of_accident_location": "E01010995",
        "number_of_casualties": 1,
        "number_of_vehicles": 2,
        "pedestrian_crossing": "0",
        "pedestrian_crossing_human_control_historic": "0",
        "pedestrian_crossing_physical_facilities_historic": "0",
        "police_force": "13",
        "road_surface_conditions": "1",
        "road_type": "6",
        "second_road_class": "0",
        "second_road_number": "-1",
        "special_conditions_at_site": "0",
        "speed_limit": 30,
        "time": "16:10",
        "trunk_road_flag": "2",
        "urban_or_rural_area": "1",
        "weather_conditions": "1",
        "geometry_source": "collision_location",
        "source_year": 2021,
        "date_iso": "2021-03-17"
      }
    },
    {
      "type": "Feature",
      "id": "2021131118744",
      "geometry": {
        "type": "Point",
        "coordinates": [
          -1.846311,
          53.718637
        ]
      },
      "properties": {
        "carriageway_hazards": "0",
        "carriageway_hazards_historic": "0",
        "collision_adjusted_severity_serious": "1",
        "collision_adjusted_severity_slight": "0",
        "collision_index": "2021131118744",
        "collision_injury_based": "1",
        "collision_ref_no": "131118744",
        "collision_severity": "2",
        "collision_year": 2021,
        "date": "08/12/2021",
        "day_of_week": "4",
        "did_police_officer_attend_scene_of_accident": "1",
        "enhanced_severity_collision": "5",
        "first_road_class": "6",
        "first_road_number": "0",
        "junction_control": "-1",
        "junction_detail": "0",
        "junction_detail_historic": "0",
        "latitude": "53.718637",
        "light_conditions": "1",
        "local_authority_district": "-1",
        "local_authority_highway": "E08000033",
        "local_authority_highway_current": "E08000033",
        "local_authority_ons_district": "E08000033",
        "location_easting_osgr": "410240",
        "location_northing_osgr": "424701",
        "longitude": "-1.846311",
        "lsoa_of_accident_location": "E01010991",
        "number_of_casualties": 2,
        "number_of_vehicles": 2,
        "pedestrian_crossing": "0",
        "pedestrian_crossing_human_control_historic": "0",
        "pedestrian_crossing_physical_facilities_historic": "0",
        "police_force": "13",
        "road_surface_conditions": "2",
        "road_type": "6",
        "second_road_class": "0",
        "second_road_number": "-1",
        "special_conditions_at_site": "0",
        "speed_limit": 30,
        "time": "09:00",
        "trunk_road_flag": "2",
        "urban_or_rural_area": "1",
        "weather_conditions": "5",
        "geometry_source": "collision_location",
        "source_year": 2021,
        "date_iso": "2021-12-08"
      }
    },
    {
      "type": "Feature",
      "id": "2021131075252",
      "geometry": {
        "type": "Point",
        "coordinates": [
          -1.908292,
          53.751597
        ]
      },
      "properties": {
        "carriageway_hazards": "0",
        "carriageway_hazards_historic": "0",
        "collision_adjusted_severity_serious": "1",
        "collision_adjusted_severity_slight": "0",
        "collision_index": "2021131075252",
        "collision_injury_based": "1",
        "collision_ref_no": "131075252",
        "collision_severity": "2",
        "collision_year": 2021,
        "date": "09/08/2021",
        "day_of_week": "2",
        "did_police_officer_attend_scene_of_accident": "1",
        "enhanced_severity_collision": "7",
        "first_road_class": "6",
        "first_road_number": "0",
        "junction_control": "-1",
        "junction_detail": "0",
        "junction_detail_historic": "0",
        "latitude": "53.751597",
        "light_conditions": "4",
        "local_authority_district": "-1",
        "local_authority_highway": "E08000033",
        "local_authority_highway_current": "E08000033",
        "local_authority_ons_district": "E08000033",
        "location_easting_osgr": "406145",
        "location_northing_osgr": "428361",
        "longitude": "-1.908292",
        "lsoa_of_accident_location": "E01010925",
        "number_of_casualties": 1,
        "number_of_vehicles": 2,
        "pedestrian_crossing": "0",
        "pedestrian_crossing_human_control_historic": "0",
        "pedestrian_crossing_physical_facilities_historic": "0",
        "police_force": "13",
        "road_surface_conditions": "1",
        "road_type": "6",
        "second_road_class": "0",
        "second_road_number": "-1",
        "special_conditions_at_site": "0",
        "speed_limit": 20,
        "time": "22:15",
        "trunk_road_flag": "2",
        "urban_or_rural_area": "1",
        "weather_conditions": "1",
        "geometry_source": "collision_location",
        "source_year": 2021,
        "date_iso": "2021-08-09"
      }
    },
    {
      "type": "Feature",
      "id": "2021131101804",
      "geometry": {
        "type": "Point",
        "coordinates": [
          -1.863849,
          53.688593
        ]
      },
      "properties": {
        "carriageway_hazards": "0",
        "carriageway_hazards_historic": "0",
        "collision_adjusted_severity_serious": "0",
        "collision_adjusted_severity_slight": "1",
        "collision_index": "2021131101804",
        "collision_injury_based": "1",
        "collision_ref_no": "131101804",
        "collision_severity": "3",
        "collision_year": 2021,
        "date": "21/10/2021",
        "day_of_week": "5",
        "did_police_officer_attend_scene_of_accident": "2",
        "enhanced_severity_collision": "3",
        "first_road_class": "4",
        "first_road_number": "6113",
        "junction_control": "4",
        "junction_detail": "13",
        "junction_detail_historic": "3",
        "latitude": "53.688593",
        "light_conditions": "4",
        "local_authority_district": "-1",
        "local_authority_highway": "E08000033",
        "local_authority_highway_current": "E08000033",
        "local_authority_ons_district": "E08000033",
        "location_easting_osgr": "409089",
        "location_northing_osgr": "421356",
        "longitude": "-1.863849",
        "lsoa_of_accident_location": "E01010899",
        "number_of_casualties": 1,
        "number_of_vehicles": 2,
        "pedestrian_crossing": "0",
        "pedestrian_crossing_human_control_historic": "0",
        "pedestrian_crossing_physical_facilities_historic": "0",
        "police_force": "13",
        "road_surface_conditions": "2",
        "road_type": "6",
        "second_road_class": "6",
        "second_road_number": "0",
        "special_conditions_at_site": "0",
        "speed_limit": 30,
        "time": "23:00",
        "trunk_road_flag": "2",
        "urban_or_rural_area": "1",
        "weather_conditions": "9",
        "geometry_source": "collision_location",
        "source_year": 2021,
        "date_iso": "2021-10-21"
      }
    },
    {
      "type": "Feature",
      "id": "2021131116796",
      "geometry": {
        "type": "Point",
        "coordinates": [
          -2.011851,
          53.741645
        ]
      },
      "properties": {
        "carriageway_hazards": "0",
        "carriageway_hazards_historic": "0",
        "collision_adjusted_severity_serious": "0",
        "collision_adjusted_severity_slight": "1",
        "collision_index": "2021131116796",
        "collision_injury_based": "1",
        "collision_ref_no": "131116796",
        "collision_severity": "3",
        "collision_year": 2021,
        "date": "02/12/2021",
        "day_of_week": "5",
        "did_police_officer_attend_scene_of_accident": "2",
        "enhanced_severity_collision": "3",
        "first_road_class": "6",
        "first_road_number": "0",
        "junction_control": "-1",
        "junction_detail": "13",
        "junction_detail_historic": "3",
        "latitude": "53.741645",
        "light_conditions": "1",
        "local_authority_district": "-1",
        "local_authority_highway": "E08000033",
        "local_authority_highway_current": "E08000033",
        "local_authority_ons_district": "E08000033",
        "location_easting_osgr": "399316",
        "location_northing_osgr": "427250",
        "longitude": "-2.011851",
        "lsoa_of_accident_location": "E01010923",
        "number_of_casualties": 1,
        "number_of_vehicles": 1,
        "pedestrian_crossing": "0",
        "pedestrian_crossing_human_control_historic": "0",
        "pedestrian_crossing_physical_facilities_historic": "0",
        "police_force": "13",
        "road_surface_conditions": "1",
        "road_type": "6",
        "second_road_class": "6",
        "second_road_number": "0",
        "special_conditions_at_site": "0",
        "speed_limit": 30,
        "time": "16:00",
        "trunk_road_flag": "2",
        "urban_or_rural_area": "2",
        "weather_conditions": "1",
        "geometry_source": "collision_location",
        "source_year": 2021,
        "date_iso": "2021-12-02"
      }
    },
    {
      "type": "Feature",
      "id": "2021131118444",
      "geometry": {
        "type": "Point",
        "coordinates": [
          -2.090548,
          53.717838
        ]
      },
      "properties": {
        "carriageway_hazards": "0",
        "carriageway_hazards_historic": "0",
        "collision_adjusted_severity_serious": "0",
        "collision_adjusted_severity_slight": "1",
        "collision_index": "2021131118444",
        "collision_injury_based": "1",
        "collision_ref_no": "131118444",
        "collision_severity": "3",
        "collision_year": 2021,
        "date": "06/12/2021",
        "day_of_week": "2",
        "did_police_officer_attend_scene_of_accident": "1",
        "enhanced_severity_collision": "3",
        "first_road_class": "6",
        "first_road_number": "0",
        "junction_control": "4",
        "junction_detail": "13",
        "junction_detail_historic": "3",
        "latitude": "53.717838",
        "light_conditions": "1",
        "local_authority_district": "-1",
        "local_authority_highway": "E08000033",
        "local_authority_highway_current": "E08000033",
        "local_authority_ons_district": "E08000033",
        "location_easting_osgr": "394122",
        "location_northing_osgr": "424605",
        "longitude": "-2.090548",
        "lsoa_of_accident_location": "E01010982",
        "number_of_casualties": 1,
        "number_of_vehicles": 1,
        "pedestrian_crossing": "0",
        "pedestrian_crossing_human_control_historic": "0",
        "pedestrian_crossing_physical_facilities_historic": "0",
        "police_force": "13",
        "road_surface_conditions": "2",
        "road_type": "6",
        "second_road_class": "6",
        "second_road_number": "0",
        "special_conditions_at_site": "0",
        "speed_limit": 20,
        "time": "15:47",
        "trunk_road_flag": "2",
        "urban_or_rural_area": "1",
        "weather_conditions": "2",
        "geometry_source": "collision_location",
        "source_year": 2021,
        "date_iso": "2021-12-06"
      }
    },
    {
      "type": "Feature",
      "id": "20211382Q1799",
      "geometry": {
        "type": "Point",
        "coordinates": [
          -1.881188,
          53.726065
        ]
      },
      "properties": {
        "carriageway_hazards": "0",
        "carriageway_hazards_historic": "0",
        "collision_adjusted_severity_serious": "0.05968",
        "collision_adjusted_severity_slight": "0.94032",
        "collision_index": "20211382Q1799",
        "collision_injury_based": "0",
        "collision_ref_no": "1382Q1799",
        "collision_severity": "3",
        "collision_year": 2021,
        "date": "26/02/2021",
        "day_of_week": "6",
        "did_police_officer_attend_scene_of_accident": "1",
        "enhanced_severity_collision": "-1",
        "first_road_class": "6",
        "first_road_number": "0",
        "junction_control": "4",
        "junction_detail": "16",
        "junction_detail_historic": "6",
        "latitude": "53.726065",
        "light_conditions": "4",
        "local_authority_district": "-1",
        "local_authority_highway": "E08000033",
        "local_authority_highway_current": "E08000033",
        "local_authority_ons_district": "E08000033",
        "location_easting_osgr": "407937",
        "location_northing_osgr": "425523",
        "longitude": "-1.881188",
        "lsoa_of_accident_location": "E01010960",
        "number_of_casualties": 1,
        "number_of_vehicles": 2,
        "pedestrian_crossing": "0",
        "pedestrian_crossing_human_control_historic": "0",
        "pedestrian_crossing_physical_facilities_historic": "0",
        "police_force": "13",
        "road_surface_conditions": "1",
        "road_type": "6",
        "second_road_class": "6",
        "second_road_number": "0",
        "special_conditions_at_site": "0",
        "speed_limit": 30,
        "time": "20:00",
        "trunk_road_flag": "2",
        "urban_or_rural_area": "1",
        "weather_conditions": "1",
        "geometry_source": "collision_location",
        "source_year": 2021,
        "date_iso": "2021-02-26"
      }
    },
    {
      "type": "Feature",
      "id": "2021131085422",
      "geometry": {
        "type": "Point",
        "coordinates": [
          -1.884048,
          53.744277
        ]
      },
      "properties": {
        "carriageway_hazards": "0",
        "carriageway_hazards_historic": "0",
        "collision_adjusted_severity_serious": "1",
        "collision_adjusted_severity_slight": "0",
        "collision_index": "2021131085422",
        "collision_injury_based": "1",
        "collision_ref_no": "131085422",
        "collision_severity": "2",
        "collision_year": 2021,
        "date": "08/09/2021",
        "day_of_week": "4",
        "did_police_officer_attend_scene_of_accident": "1",
        "enhanced_severity_collision": "7",
        "first_road_class": "3",
        "first_road_number": "629",
        "junction_control": "4",
        "junction_detail": "13",
        "junction_detail_historic": "3",
        "latitude": "53.744277",
        "light_conditions": "1",
        "local_authority_district": "-1",
        "local_authority_highway": "E08000033",
        "local_authority_highway_current": "E08000033",
        "local_authority_ons_district": "E08000033",
        "location_easting_osgr": "407745",
        "location_northing_osgr": "427549",
        "longitude": "-1.884048",
        "lsoa_of_accident_location": "E01010942",
        "number_of_casualties": 1,
        "number_of_vehicles": 1,
        "pedestrian_crossing": "0",
        "pedestrian_crossing_human_control_historic": "0",
        "pedestrian_crossing_physical_facilities_historic": "0",
        "police_force": "13",
        "road_surface_conditions": "1",
        "road_type": "6",
        "second_road_class": "6",
        "second_road_number": "0",
        "special_conditions_at_site": "0",
        "speed_limit": 30,
        "time": "15:04",
        "trunk_road_flag": "2",
        "urban_or_rural_area": "1",
        "weather_conditions": "1",
        "geometry_source": "collision_location",
        "source_year": 2021,
        "date_iso": "2021-09-08"
      }
    },
    {
      "type": "Feature",
      "id": "2021131038601",
      "geometry": {
        "type": "Point",
        "coordinates": [
          -1.899379,
          53.711521
        ]
      },
      "properties": {
        "carriageway_hazards": "0",
        "carriageway_hazards_historic": "0",
        "collision_adjusted_severity_serious": "1",
        "collision_adjusted_severity_slight": "0",
        "collision_index": "2021131038601",
        "collision_injury_based": "1",
        "collision_ref_no": "131038601",
        "collision_severity": "2",
        "collision_year": 2021,
        "date": "23/04/2021",
        "day_of_week": "6",
        "did_police_officer_attend_scene_of_accident": "1",
        "enhanced_severity_collision": "6",
        "first_road_class": "3",
        "first_road_number": "58",
        "junction_control": "4",
        "junction_detail": "13",
        "junction_detail_historic": "3",
        "latitude": "53.711521",
        "light_conditions": "4",
        "local_authority_district": "-1",
        "local_authority_highway": "E08000033",
        "local_authority_highway_current": "E08000033",
        "local_authority_ons_district": "E08000033",
        "location_easting_osgr": "406739",
        "location_northing_osgr": "423903",
        "longitude": "-1.899379",
        "lsoa_of_accident_location": "E01010981",
        "number_of_casualties": 2,
        "number_of_vehicles": 2,
        "pedestrian_crossing": "0",
        "pedestrian_crossing_human_control_historic": "0",
        "pedestrian_crossing_physical_facilities_historic": "0",
        "police_force": "13",
        "road_surface_conditions": "1",
        "road_type": "6",
        "second_road_class": "3",
        "second_road_number": "6142",
        "special_conditions_at_site": "0",
        "speed_limit": 30,
        "time": "21:20",
        "trunk_road_flag": "2",
        "urban_or_rural_area": "1",
        "weather_conditions": "8",
        "geometry_source": "collision_location",
        "source_year": 2021,
        "date_iso": "2021-04-23"
      }
    },
    {
      "type": "Feature",
      "id": "2021131121169",
      "geometry": {
        "type": "Point",
        "coordinates": [
          -1.80732,
          53.679042
        ]
      },
      "properties": {
        "carriageway_hazards": "0",
        "carriageway_hazards_historic": "0",
        "collision_adjusted_severity_serious": "0",
        "collision_adjusted_severity_slight": "1",
        "collision_index": "2021131121169",
        "collision_injury_based": "1",
        "collision_ref_no": "131121169",
        "collision_severity": "3",
        "collision_year": 2021,
        "date": "14/12/2021",
        "day_of_week": "3",
        "did_police_officer_attend_scene_of_accident": "1",
        "enhanced_severity_collision": "3",
        "first_road_class": "1",
        "first_road_number": "62",
        "junction_control": "-1",
        "junction_detail": "0",
        "junction_detail_historic": "0",
        "latitude": "53.679042",
        "light_conditions": "1",
        "local_authority_district": "-1",
        "local_authority_highway": "E08000033",
        "local_authority_highway_current": "E08000033",
        "local_authority_ons_district": "E08000033",
        "location_easting_osgr": "412825",
        "location_northing_osgr": "420302",
        "longitude": "-1.80732",
        "lsoa_of_accident_location": "E01010892",
        "number_of_casualties": 1,
        "number_of_vehicles": 2,
        "pedestrian_crossing": "0",
        "pedestrian_crossing_human_control_historic": "0",
        "pedestrian_crossing_physical_facilities_historic": "0",
        "police_force": "13",
        "road_surface_conditions": "1",
        "road_type": "3",
        "second_road_class": "0",
        "second_road_number": "-1",
        "special_conditions_at_site": "0",
        "speed_limit": 70,
        "time": "13:47",
        "trunk_road_flag": "1",
        "urban_or_rural_area": "2",
        "weather_conditions": "1",
        "geometry_source": "collision_location",
        "source_year": 2021,
        "date_iso": "2021-12-14"
      }
    },
    {
      "type": "Feature",
      "id": "2021131054975",
      "geometry": {
        "type": "Point",
        "coordinates": [
          -1.735391,
          53.687031
        ]
      },
      "properties": {
        "carriageway_hazards": "0",
        "carriageway_hazards_historic": "0",
        "collision_adjusted_severity_serious": "0",
        "collision_adjusted_severity_slight": "1",
        "collision_index": "2021131054975",
        "collision_injury_based": "1",
        "collision_ref_no": "131054975",
        "collision_severity": "3",
        "collision_year": 2021,
        "date": "11/06/2021",
        "day_of_week": "6",
        "did_police_officer_attend_scene_of_accident": "1",
        "enhanced_severity_collision": "3",
        "first_road_class": "3",
        "first_road_number": "644",
        "junction_control": "-1",
        "junction_detail": "0",
        "junction_detail_historic": "0",
        "latitude": "53.687031",
        "light_conditions": "1",
        "local_authority_district": "-1",
        "local_authority_highway": "E08000033",
        "local_authority_highway_current": "E08000033",
        "local_authority_ons_district": "E08000033",
        "location_easting_osgr": "417573",
        "location_northing_osgr": "421206",
        "longitude": "-1.735391",
        "lsoa_of_accident_location": "E01010879",
        "number_of_casualties": 2,
        "number_of_vehicles": 1,
        "pedestrian_crossing": "0",
        "pedestrian_crossing_human_control_historic": "0",
        "pedestrian_crossing_physical_facilities_historic": "0",
        "police_force": "13",
        "road_surface_conditions": "1",
        "road_type": "6",
        "second_road_class": "0",
        "second_road_number": "-1",
        "special_conditions_at_site": "0",
        "speed_limit": 50,
        "time": "17:58",
        "trunk_road_flag": "2",
        "urban_or_rural_area": "2",
        "weather_conditions": "1",
        "geometry_source": "collision_location",
        "source_year": 2021,
        "date_iso": "2021-06-11"
      }
    },
    {
      "type": "Feature",
      "id": "2021131126348",
      "geometry": {
        "type": "Point",
        "coordinates": [
          -1.863805,
          53.725894
        ]
      },
      "properties": {
        "carriageway_hazards": "0",
        "carriageway_hazards_historic": "0",
        "collision_adjusted_severity_serious": "0",
        "collision_adjusted_severity_slight": "1",
        "collision_index": "2021131126348",
        "collision_injury_based": "1",
        "collision_ref_no": "131126348",
        "collision_severity": "3",
        "collision_year": 2021,
        "date": "26/12/2021",
        "day_of_week": "1",
        "did_police_officer_attend_scene_of_accident": "1",
        "enhanced_severity_collision": "3",
        "first_road_class": "3",
        "first_road_number": "58",
        "junction_control": "-1",
        "junction_detail": "0",
        "junction_detail_historic": "0",
        "latitude": "53.725894",
        "light_conditions": "1",
        "local_authority_district": "-1",
        "local_authority_highway": "E08000033",
        "local_authority_highway_current": "E08000033",
        "local_authority_ons_district": "E08000033",
        "location_easting_osgr": "409084",
        "location_northing_osgr": "425506",
        "longitude": "-1.863805",
        "lsoa_of_accident_location": "E01010994",
        "number_of_casualties": 1,
        "number_of_vehicles": 2,
        "pedestrian_crossing": "0",
        "pedestrian_crossing_human_control_historic": "0",
        "pedestrian_crossing_physical_facilities_historic": "0",
        "police_force": "13",
        "road_surface_conditions": "3",
        "road_type": "3",
        "second_road_class": "0",
        "second_road_number": "-1",
        "special_conditions_at_site": "0",
        "speed_limit": 40,
        "time": "09:36",
        "trunk_road_flag": "2",
        "urban_or_rural_area": "1",
        "weather_conditions": "3",
        "geometry_source": "collision_location",
        "source_year": 2021,
        "date_iso": "2021-12-26"
      }
    },
    {
      "type": "Feature",
      "id": "2021131065313",
      "geometry": {
        "type": "Point",
        "coordinates": [
          -2.099851,
          53.71757
        ]
      },
      "properties": {
        "carriageway_hazards": "0",
        "carriageway_hazards_historic": "0",
        "collision_adjusted_severity_serious": "0",
        "collision_adjusted_severity_slight": "1",
        "collision_index": "2021131065313",
        "collision_injury_based": "1",
        "collision_ref_no": "131065313",
        "collision_severity": "3",
        "collision_year": 2021,
        "date": "11/07/2021",
        "day_of_week": "1",
        "did_police_officer_attend_scene_of_accident": "1",
        "enhanced_severity_collision": "3",
        "first_road_class": "3",
        "first_road_number": "646",
        "junction_control": "4",
        "junction_detail": "17",
        "junction_detail_historic": "7",
        "latitude": "53.71757",
        "light_conditions": "1",
        "local_authority_district": "-1",
        "local_authority_highway": "E08000033",
        "local_authority_highway_current": "E08000033",
        "local_authority_ons_district": "E08000033",
        "location_easting_osgr": "393508",
        "location_northing_osgr": "424576",
        "longitude": "-2.099851",
        "lsoa_of_accident_location": "E01010983",
        "number_of_casualties": 1,
        "number_of_vehicles": 1,
        "pedestrian_crossing": "0",
        "pedestrian_crossing_human_control_historic": "0",
        "pedestrian_crossing_physical_facilities_historic": "0",
        "police_force": "13",
        "road_surface_conditions": "2",
        "road_type": "6",
        "second_road_class": "6",
        "second_road_number": "0",
        "special_conditions_at_site": "0",
        "speed_limit": 30,
        "time": "10:30",
        "trunk_road_flag": "2",
        "urban_or_rural_area": "1",
        "weather_conditions": "1",
        "geometry_source": "collision_location",
        "source_year": 2021,
        "date_iso": "2021-07-11"
      }
    },
    {
      "type": "Feature",
      "id": "2021131080864",
      "geometry": {
        "type": "Point",
        "coordinates": [
          -1.972205,
          53.691929
        ]
      },
      "properties": {
        "carriageway_hazards": "0",
        "carriageway_hazards_historic": "0",
        "collision_adjusted_severity_serious": "0",
        "collision_adjusted_severity_slight": "1",
        "collision_index": "2021131080864",
        "collision_injury_based": "1",
        "collision_ref_no": "131080864",
        "collision_severity": "3",
        "collision_year": 2021,
        "date": "25/08/2021",
        "day_of_week": "4",
        "did_police_officer_attend_scene_of_accident": "1",
        "enhanced_severity_collision": "3",
        "first_road_class": "6",
        "first_road_number": "0",
        "junction_control": "-1",
        "junction_detail": "0",
        "junction_detail_historic": "0",
        "latitude": "53.691929",
        "light_conditions": "1",
        "local_authority_district": "-1",
        "local_authority_highway": "E08000033",
        "local_authority_highway_current": "E08000033",
        "local_authority_ons_district": "E08000033",
        "location_easting_osgr": "401933",
        "location_northing_osgr": "421719",
        "longitude": "-1.972205",
        "lsoa_of_accident_location": "E01010952",
        "number_of_casualties": 1,
        "number_of_vehicles": 2,
        "pedestrian_crossing": "0",
        "pedestrian_crossing_human_control_historic": "0",
        "pedestrian_crossing_physical_facilities_historic": "0",
        "police_force": "13",
        "road_surface_conditions": "1",
        "road_type": "6",
        "second_road_class": "0",
        "second_road_number": "-1",
        "special_conditions_at_site": "0",
        "speed_limit": 60,
        "time": "16:22",
        "trunk_road_flag": "2",
        "urban_or_rural_area": "2",
        "weather_conditions": "1",
        "geometry_source": "collision_location",
        "source_year": 2021,
        "date_iso": "2021-08-25"
      }
    },
    {
      "type": "Feature",
      "id": "2021131116362",
      "geometry": {
        "type": "Point",
        "coordinates": [
          -1.900832,
          53.725049
        ]
      },
      "properties": {
        "carriageway_hazards": "0",
        "carriageway_hazards_historic": "0",
        "collision_adjusted_severity_serious": "0",
        "collision_adjusted_severity_slight": "1",
        "collision_index": "2021131116362",
        "collision_injury_based": "1",
        "collision_ref_no": "131116362",
        "collision_severity": "3",
        "collision_year": 2021,
        "date": "30/11/2021",
        "day_of_week": "3",
        "did_police_officer_attend_scene_of_accident": "1",
        "enhanced_severity_collision": "3",
        "first_road_class": "6",
        "first_road_number": "0",
        "junction_control": "4",
        "junction_detail": "19",
        "junction_detail_historic": "9",
        "latitude": "53.725049",
        "light_conditions": "4",
        "local_authority_district": "-1",
        "local_authority_highway": "E08000033",
        "local_authority_highway_current": "E08000033",
        "local_authority_ons_district": "E08000033",
        "location_easting_osgr": "406641",
        "location_northing_osgr": "425408",
        "longitude": "-1.900832",
        "lsoa_of_accident_location": "E01010999",
        "number_of_casualties": 1,
        "number_of_vehicles": 2,
        "pedestrian_crossing": "11",
        "pedestrian_crossing_human_control_historic": "1",
        "pedestrian_crossing_physical_facilities_historic": "0",
        "police_force": "13",
        "road_surface_conditions": "2",
        "road_type": "6",
        "second_road_class": "6",
        "second_road_number": "0",
        "special_conditions_at_site": "0",
        "speed_limit": 30,
        "time": "19:00",
        "trunk_road_flag": "2",
        "urban_or_rural_area": "1",
        "weather_conditions": "2",
        "geometry_source": "collision_location",
        "source_year": 2021,
        "date_iso": "2021-11-30"
      }
    },
    {
      "type": "Feature",
      "id": "2021131088288",
      "geometry": {
        "type": "Point",
        "coordinates": [
          -1.925499,
          53.70274
        ]
      },
      "properties": {
        "carriageway_hazards": "0",
        "carriageway_hazards_historic": "0",
        "collision_adjusted_severity_serious": "0",
        "collision_adjusted_severity_slight": "1",
        "collision_index": "2021131088288",
        "collision_injury_based": "1",
        "collision_ref_no": "131088288",
        "collision_severity": "3",
        "collision_year": 2021,
        "date": "16/09/2021",
        "day_of_week": "5",
        "did_police_officer_attend_scene_of_accident": "1",
        "enhanced_severity_collision": "3",
        "first_road_class": "6",
        "first_road_number": "0",
        "junction_control": "-1",
        "junction_detail": "0",
        "junction_detail_historic": "0",
        "latitude": "53.70274",
        "light_conditions": "1",
        "local_authority_district": "-1",
        "local_authority_highway": "E08000033",
        "local_authority_highway_current": "E08000033",
        "local_authority_ons_district": "E08000033",
        "location_easting_osgr": "405016",
        "location_northing_osgr": "422924",
        "longitude": "-1.925499",
        "lsoa_of_accident_location": "E01010959",
        "number_of_casualties": 1,
        "number_of_vehicles": 2,
        "pedestrian_crossing": "0",
        "pedestrian_crossing_human_control_historic": "0",
        "pedestrian_crossing_physical_facilities_historic": "0",
        "police_force": "13",
        "road_surface_conditions": "1",
        "road_type": "6",
        "second_road_class": "0",
        "second_road_number": "-1",
        "special_conditions_at_site": "0",
        "speed_limit": 30,
        "time": "09:14",
        "trunk_road_flag": "2",
        "urban_or_rural_area": "1",
        "weather_conditions": "1",
        "geometry_source": "collision_location",
        "source_year": 2021,
        "date_iso": "2021-09-16"
      }
    },
    {
      "type": "Feature",
      "id": "2021131092914",
      "geometry": {
        "type": "Point",
        "coordinates": [
          -1.865692,
          53.728215
        ]
      },
      "properties": {
        "carriageway_hazards": "13",
        "carriageway_hazards_historic": "0",
        "collision_adjusted_severity_serious": "1",
        "collision_adjusted_severity_slight": "0",
        "collision_index": "2021131092914",
        "collision_injury_based": "1",
        "collision_ref_no": "131092914",
        "collision_severity": "2",
        "collision_year": 2021,
        "date": "29/09/2021",
        "day_of_week": "4",
        "did_police_officer_attend_scene_of_accident": "1",
        "enhanced_severity_collision": "7",
        "first_road_class": "6",
        "first_road_number": "0",
        "junction_control": "-1",
        "junction_detail": "0",
        "junction_detail_historic": "0",
        "latitude": "53.728215",
        "light_conditions": "1",
        "local_authority_district": "-1",
        "local_authority_highway": "E08000033",
        "local_authority_highway_current": "E08000033",
        "local_authority_ons_district": "E08000033",
        "location_easting_osgr": "408959",
        "location_northing_osgr": "425764",
        "longitude": "-1.865692",
        "lsoa_of_accident_location": "E01032923",
        "number_of_casualties": 1,
        "number_of_vehicles": 2,
        "pedestrian_crossing": "0",
        "pedestrian_crossing_human_control_historic": "0",
        "pedestrian_crossing_physical_facilities_historic": "0",
        "police_force": "13",
        "road_surface_conditions": "2",
        "road_type": "6",
        "second_road_class": "0",
        "second_road_number": "-1",
        "special_conditions_at_site": "4",
        "speed_limit": 30,
        "time": "09:00",
        "trunk_road_flag": "2",
        "urban_or_rural_area": "1",
        "weather_conditions": "1",
        "geometry_source": "collision_location",
        "source_year": 2021,
        "date_iso": "2021-09-29"
      }
    },
    {
      "type": "Feature",
      "id": "2021131102213",
      "geometry": {
        "type": "Point",
        "coordinates": [
          -1.777909,
          53.701525
        ]
      },
      "properties": {
        "carriageway_hazards": "0",
        "carriageway_hazards_historic": "0",
        "collision_adjusted_severity_serious": "0",
        "collision_adjusted_severity_slight": "1",
        "collision_index": "2021131102213",
        "collision_injury_based": "1",
        "collision_ref_no": "131102213",
        "collision_severity": "3",
        "collision_year": 2021,
        "date": "25/10/2021",
        "day_of_week": "2",
        "did_police_officer_attend_scene_of_accident": "2",
        "enhanced_severity_collision": "3",
        "first_road_class": "6",
        "first_road_number": "0",
        "junction_control": "-1",
        "junction_detail": "0",
        "junction_detail_historic": "0",
        "latitude": "53.701525",
        "light_conditions": "1",
        "local_authority_district": "-1",
        "local_authority_highway": "E08000033",
        "local_authority_highway_current": "E08000033",
        "local_authority_ons_district": "E08000033",
        "location_easting_osgr": "414760",
        "location_northing_osgr": "422809",
        "longitude": "-1.777909",
        "lsoa_of_accident_location": "E01010878",
        "number_of_casualties": 1,
        "number_of_vehicles": 2,
        "pedestrian_crossing": "0",
        "pedestrian_crossing_human_control_historic": "0",
        "pedestrian_crossing_physical_facilities_historic": "0",
        "police_force": "13",
        "road_surface_conditions": "1",
        "road_type": "6",
        "second_road_class": "0",
        "second_road_number": "-1",
        "special_conditions_at_site": "0",
        "speed_limit": 30,
        "time": "08:39",
        "trunk_road_flag": "2",
        "urban_or_rural_area": "1",
        "weather_conditions": "1",
        "geometry_source": "collision_location",
        "source_year": 2021,
        "date_iso": "2021-10-25"
      }
    },
    {
      "type": "Feature",
      "id": "2021131098594",
      "geometry": {
        "type": "Point",
        "coordinates": [
          -1.788623,
          53.694327
        ]
      },
      "properties": {
        "carriageway_hazards": "0",
        "carriageway_hazards_historic": "0",
        "collision_adjusted_severity_serious": "0",
        "collision_adjusted_severity_slight": "1",
        "collision_index": "2021131098594",
        "collision_injury_based": "1",
        "collision_ref_no": "131098594",
        "collision_severity": "3",
        "collision_year": 2021,
        "date": "07/10/2021",
        "day_of_week": "5",
        "did_police_officer_attend_scene_of_accident": "1",
        "enhanced_severity_collision": "3",
        "first_road_class": "3",
        "first_road_number": "643",
        "junction_control": "4",
        "junction_detail": "13",
        "junction_detail_historic": "3",
        "latitude": "53.694327",
        "light_conditions": "1",
        "local_authority_district": "-1",
        "local_authority_highway": "E08000033",
        "local_authority_highway_current": "E08000033",
        "local_authority_ons_district": "E08000033",
        "location_easting_osgr": "414055",
        "location_northing_osgr": "422006",
        "longitude": "-1.788623",
        "lsoa_of_accident_location": "E01010951",
        "number_of_casualties": 1,
        "number_of_vehicles": 3,
        "pedestrian_crossing": "0",
        "pedestrian_crossing_human_control_historic": "0",
        "pedestrian_crossing_physical_facilities_historic": "0",
        "police_force": "13",
        "road_surface_conditions": "1",
        "road_type": "6",
        "second_road_class": "3",
        "second_road_number": "643",
        "special_conditions_at_site": "0",
        "speed_limit": 30,
        "time": "13:52",
        "trunk_road_flag": "2",
        "urban_or_rural_area": "1",
        "weather_conditions": "1",
        "geometry_source": "collision_location",
        "source_year": 2021,
        "date_iso": "2021-10-07"
      }
    },
    {
      "type": "Feature",
      "id": "2021131100133",
      "geometry": {
        "type": "Point",
        "coordinates": [
          -1.853962,
          53.727976
        ]
      },
      "properties": {
        "carriageway_hazards": "0",
        "carriageway_hazards_historic": "0",
        "collision_adjusted_severity_serious": "1",
        "collision_adjusted_severity_slight": "0",
        "collision_index": "2021131100133",
        "collision_injury_based": "1",
        "collision_ref_no": "131100133",
        "collision_severity": "2",
        "collision_year": 2021,
        "date": "19/10/2021",
        "day_of_week": "3",
        "did_police_officer_attend_scene_of_accident": "1",
        "enhanced_severity_collision": "6",
        "first_road_class": "3",
        "first_road_number": "58",
        "junction_control": "2",
        "junction_detail": "13",
        "junction_detail_historic": "3",
        "latitude": "53.727976",
        "light_conditions": "1",
        "local_authority_district": "-1",
        "local_authority_highway": "E08000033",
        "local_authority_highway_current": "E08000033",
        "local_authority_ons_district": "E08000033",
        "location_easting_osgr": "409733",
        "location_northing_osgr": "425739",
        "longitude": "-1.853962",
        "lsoa_of_accident_location": "E01010934",
        "number_of_casualties": 2,
        "number_of_vehicles": 3,
        "pedestrian_crossing": "0",
        "pedestrian_crossing_human_control_historic": "0",
        "pedestrian_crossing_physical_facilities_historic": "0",
        "police_force": "13",
        "road_surface_conditions": "2",
        "road_type": "3",
        "second_road_class": "6",
        "second_road_number": "0",
        "special_conditions_at_site": "0",
        "speed_limit": 40,
        "time": "09:00",
        "trunk_road_flag": "2",
        "urban_or_rural_area": "1",
        "weather_conditions": "2",
        "geometry_source": "collision_location",
        "source_year": 2021,
        "date_iso": "2021-10-19"
      }
    },
    {
      "type": "Feature",
      "id": "2021131120130",
      "geometry": {
        "type": "Point",
        "coordinates": [
          -2.100477,
          53.688179
        ]
      },
      "properties": {
        "carriageway_hazards": "0",
        "carriageway_hazards_historic": "0",
        "collision_adjusted_severity_serious": "0",
        "collision_adjusted_severity_slight": "1",
        "collision_index": "2021131120130",
        "collision_injury_based": "1",
        "collision_ref_no": "131120130",
        "collision_severity": "3",
        "collision_year": 2021,
        "date": "11/12/2021",
        "day_of_week": "7",
        "did_police_officer_attend_scene_of_accident": "1",
        "enhanced_severity_collision": "3",
        "first_road_class": "3",
        "first_road_number": "6033",
        "junction_control": "-1",
        "junction_detail": "0",
        "junction_detail_historic": "0",
        "latitude": "53.688179",
        "light_conditions": "4",
        "local_authority_district": "-1",
        "local_authority_highway": "E08000033",
        "local_authority_highway_current": "E08000033",
        "local_authority_ons_district": "E08000033",
        "location_easting_osgr": "393462",
        "location_northing_osgr": "421306",
        "longitude": "-2.100477",
        "lsoa_of_accident_location": "E01010886",
        "number_of_casualties": 1,
        "number_of_vehicles": 1,
        "pedestrian_crossing": "0",
        "pedestrian_crossing_human_control_historic": "0",
        "pedestrian_crossing_physical_facilities_historic": "0",
        "police_force": "13",
        "road_surface_conditions": "2",
        "road_type": "6",
        "second_road_class": "0",
        "second_road_number": "-1",
        "special_conditions_at_site": "0",
        "speed_limit": 30,
        "time": "21:13",
        "trunk_road_flag": "2",
        "urban_or_rural_area": "1",
        "weather_conditions": "2",
        "geometry_source": "collision_location",
        "source_year": 2021,
        "date_iso": "2021-12-11"
      }
    },
    {
      "type": "Feature",
      "id": "2021131034223",
      "geometry": {
        "type": "Point",
        "coordinates": [
          -1.779135,
          53.701599
        ]
      },
      "properties": {
        "carriageway_hazards": "0",
        "carriageway_hazards_historic": "0",
        "collision_adjusted_severity_serious": "0",
        "collision_adjusted_severity_slight": "1",
        "collision_index": "2021131034223",
        "collision_injury_based": "1",
        "collision_ref_no": "131034223",
        "collision_severity": "3",
        "collision_year": 2021,
        "date": "09/04/2021",
        "day_of_week": "6",
        "did_police_officer_attend_scene_of_accident": "1",
        "enhanced_severity_collision": "3",
        "first_road_class": "3",
        "first_road_number": "641",
        "junction_control": "4",
        "junction_detail": "0",
        "junction_detail_historic": "1",
        "latitude": "53.701599",
        "light_conditions": "1",
        "local_authority_district": "-1",
        "local_authority_highway": "E08000033",
        "local_authority_highway_current": "E08000033",
        "local_authority_ons_district": "E08000033",
        "location_easting_osgr": "414679",
        "location_northing_osgr": "422817",
        "longitude": "-1.779135",
        "lsoa_of_accident_location": "E01010878",
        "number_of_casualties": 1,
        "number_of_vehicles": 2,
        "pedestrian_crossing": "0",
        "pedestrian_crossing_human_control_historic": "0",
        "pedestrian_crossing_physical_facilities_historic": "0",
        "police_force": "13",
        "road_surface_conditions": "1",
        "road_type": "6",
        "second_road_class": "6",
        "second_road_number": "0",
        "special_conditions_at_site": "0",
        "speed_limit": 30,
        "time": "18:18",
        "trunk_road_flag": "2",
        "urban_or_rural_area": "1",
        "weather_conditions": "8",
        "geometry_source": "collision_location",
        "source_year": 2021,
        "date_iso": "2021-04-09"
      }
    },
    {
      "type": "Feature",
      "id": "20211383S1188",
      "geometry": {
        "type": "Point",
        "coordinates": [
          -1.863292,
          53.706362
        ]
      },
      "properties": {
        "carriageway_hazards": "0",
        "carriageway_hazards_historic": "0",
        "collision_adjusted_severity_serious": "0.03678",
        "collision_adjusted_severity_slight": "0.96322",
        "collision_index": "20211383S1188",
        "collision_injury_based": "0",
        "collision_ref_no": "1383S1188",
        "collision_severity": "3",
        "collision_year": 2021,
        "date": "28/03/2021",
        "day_of_week": "1",
        "did_police_officer_attend_scene_of_accident": "1",
        "enhanced_severity_collision": "-1",
        "first_road_class": "6",
        "first_road_number": "0",
        "junction_control": "2",
        "junction_detail": "16",
        "junction_detail_historic": "6",
        "latitude": "53.706362",
        "light_conditions": "1",
        "local_authority_district": "-1",
        "local_authority_highway": "E08000033",
        "local_authority_highway_current": "E08000033",
        "local_authority_ons_district": "E08000033",
        "location_easting_osgr": "409122",
        "location_northing_osgr": "423333",
        "longitude": "-1.863292",
        "lsoa_of_accident_location": "E01010972",
        "number_of_casualties": 1,
        "number_of_vehicles": 2,
        "pedestrian_crossing": "0",
        "pedestrian_crossing_human_control_historic": "0",
        "pedestrian_crossing_physical_facilities_historic": "0",
        "police_force": "13",
        "road_surface_conditions": "1",
        "road_type": "6",
        "second_road_class": "6",
        "second_road_number": "0",
        "special_conditions_at_site": "0",
        "speed_limit": 30,
        "time": "16:16",
        "trunk_road_flag": "2",
        "urban_or_rural_area": "1",
        "weather_conditions": "1",
        "geometry_source": "collision_location",
        "source_year": 2021,
        "date_iso": "2021-03-28"
      }
    },
    {
      "type": "Feature",
      "id": "20211382I1132",
      "geometry": {
        "type": "Point",
        "coordinates": [
          -1.870361,
          53.688313
        ]
      },
      "properties": {
        "carriageway_hazards": "0",
        "carriageway_hazards_historic": "0",
        "collision_adjusted_severity_serious": "0.03634",
        "collision_adjusted_severity_slight": "0.96366",
        "collision_index": "20211382I1132",
        "collision_injury_based": "0",
        "collision_ref_no": "1382I1132",
        "collision_severity": "3",
        "collision_year": 2021,
        "date": "18/02/2021",
        "day_of_week": "5",
        "did_police_officer_attend_scene_of_accident": "1",
        "enhanced_severity_collision": "-1",
        "first_road_class": "4",
        "first_road_number": "6113",
        "junction_control": "-1",
        "junction_detail": "0",
        "junction_detail_historic": "0",
        "latitude": "53.688313",
        "light_conditions": "1",
        "local_authority_district": "-1",
        "local_authority_highway": "E08000033",
        "local_authority_highway_current": "E08000033",
        "local_authority_ons_district": "E08000033",
        "location_easting_osgr": "408659",
        "location_northing_osgr": "421324",
        "longitude": "-1.870361",
        "lsoa_of_accident_location": "E01010900",
        "number_of_casualties": 1,
        "number_of_vehicles": 2,
        "pedestrian_crossing": "0",
        "pedestrian_crossing_human_control_historic": "0",
        "pedestrian_crossing_physical_facilities_historic": "0",
        "police_force": "13",
        "road_surface_conditions": "2",
        "road_type": "6",
        "second_road_class": "0",
        "second_road_number": "-1",
        "special_conditions_at_site": "0",
        "speed_limit": 20,
        "time": "16:53",
        "trunk_road_flag": "2",
        "urban_or_rural_area": "1",
        "weather_conditions": "1",
        "geometry_source": "collision_location",
        "source_year": 2021,
        "date_iso": "2021-02-18"
      }
    },
    {
      "type": "Feature",
      "id": "2021131038250",
      "geometry": {
        "type": "Point",
        "coordinates": [
          -1.812626,
          53.725447
        ]
      },
      "properties": {
        "carriageway_hazards": "0",
        "carriageway_hazards_historic": "0",
        "collision_adjusted_severity_serious": "0",
        "collision_adjusted_severity_slight": "1",
        "collision_index": "2021131038250",
        "collision_injury_based": "1",
        "collision_ref_no": "131038250",
        "collision_severity": "3",
        "collision_year": 2021,
        "date": "22/04/2021",
        "day_of_week": "5",
        "did_police_officer_attend_scene_of_accident": "1",
        "enhanced_severity_collision": "3",
        "first_road_class": "3",
        "first_road_number": "644",
        "junction_control": "2",
        "junction_detail": "16",
        "junction_detail_historic": "6",
        "latitude": "53.725447",
        "light_conditions": "4",
        "local_authority_district": "-1",
        "local_authority_highway": "E08000033",
        "local_authority_highway_current": "E08000033",
        "local_authority_ons_district": "E08000033",
        "location_easting_osgr": "412461",
        "location_northing_osgr": "425464",
        "longitude": "-1.812626",
        "lsoa_of_accident_location": "E01010909",
        "number_of_casualties": 1,
        "number_of_vehicles": 2,
        "pedestrian_crossing": "15",
        "pedestrian_crossing_human_control_historic": "0",
        "pedestrian_crossing_physical_facilities_historic": "5",
        "police_force": "13",
        "road_surface_conditions": "1",
        "road_type": "6",
        "second_road_class": "3",
        "second_road_number": "58",
        "special_conditions_at_site": "0",
        "speed_limit": 30,
        "time": "22:10",
        "trunk_road_flag": "2",
        "urban_or_rural_area": "1",
        "weather_conditions": "1",
        "geometry_source": "collision_location",
        "source_year": 2021,
        "date_iso": "2021-04-22"
      }
    },
    {
      "type": "Feature",
      "id": "2021131043767",
      "geometry": {
        "type": "Point",
        "coordinates": [
          -1.927941,
          53.700387
        ]
      },
      "properties": {
        "carriageway_hazards": "0",
        "carriageway_hazards_historic": "0",
        "collision_adjusted_severity_serious": "0",
        "collision_adjusted_severity_slight": "1",
        "collision_index": "2021131043767",
        "collision_injury_based": "1",
        "collision_ref_no": "131043767",
        "collision_severity": "3",
        "collision_year": 2021,
        "date": "10/05/2021",
        "day_of_week": "2",
        "did_police_officer_attend_scene_of_accident": "1",
        "enhanced_severity_collision": "3",
        "first_road_class": "3",
        "first_road_number": "58",
        "junction_control": "4",
        "junction_detail": "13",
        "junction_detail_historic": "3",
        "latitude": "53.700387",
        "light_conditions": "1",
        "local_authority_district": "-1",
        "local_authority_highway": "E08000033",
        "local_authority_highway_current": "E08000033",
        "local_authority_ons_district": "E08000033",
        "location_easting_osgr": "404855",
        "location_northing_osgr": "422662",
        "longitude": "-1.927941",
        "lsoa_of_accident_location": "E01010958",
        "number_of_casualties": 3,
        "number_of_vehicles": 2,
        "pedestrian_crossing": "0",
        "pedestrian_crossing_human_control_historic": "0",
        "pedestrian_crossing_physical_facilities_historic": "0",
        "police_force": "13",
        "road_surface_conditions": "1",
        "road_type": "6",
        "second_road_class": "6",
        "second_road_number": "0",
        "special_conditions_at_site": "0",
        "speed_limit": 30,
        "time": "18:35",
        "trunk_road_flag": "2",
        "urban_or_rural_area": "2",
        "weather_conditions": "1",
        "geometry_source": "collision_location",
        "source_year": 2021,
        "date_iso": "2021-05-10"
      }
    },
    {
      "type": "Feature",
      "id": "2021131080887",
      "geometry": {
        "type": "Point",
        "coordinates": [
          -1.846197,
          53.729171
        ]
      },
      "properties": {
        "carriageway_hazards": "0",
        "carriageway_hazards_historic": "0",
        "collision_adjusted_severity_serious": "0",
        "collision_adjusted_severity_slight": "1",
        "collision_index": "2021131080887",
        "collision_injury_based": "1",
        "collision_ref_no": "131080887",
        "collision_severity": "3",
        "collision_year": 2021,
        "date": "25/08/2021",
        "day_of_week": "4",
        "did_police_officer_attend_scene_of_accident": "1",
        "enhanced_severity_collision": "3",
        "first_road_class": "3",
        "first_road_number": "58",
        "junction_control": "-1",
        "junction_detail": "0",
        "junction_detail_historic": "0",
        "latitude": "53.729171",
        "light_conditions": "1",
        "local_authority_district": "-1",
        "local_authority_highway": "E08000033",
        "local_authority_highway_current": "E08000033",
        "local_authority_ons_district": "E08000033",
        "location_easting_osgr": "410245",
        "location_northing_osgr": "425873",
        "longitude": "-1.846197",
        "lsoa_of_accident_location": "E01010934",
        "number_of_casualties": 1,
        "number_of_vehicles": 3,
        "pedestrian_crossing": "0",
        "pedestrian_crossing_human_control_historic": "0",
        "pedestrian_crossing_physical_facilities_historic": "0",
        "police_force": "13",
        "road_surface_conditions": "1",
        "road_type": "6",
        "second_road_class": "0",
        "second_road_number": "-1",
        "special_conditions_at_site": "0",
        "speed_limit": 40,
        "time": "17:10",
        "trunk_road_flag": "2",
        "urban_or_rural_area": "1",
        "weather_conditions": "1",
        "geometry_source": "collision_location",
        "source_year": 2021,
        "date_iso": "2021-08-25"
      }
    },
    {
      "type": "Feature",
      "id": "2021131113907",
      "geometry": {
        "type": "Point",
        "coordinates": [
          -1.895613,
          53.764349
        ]
      },
      "properties": {
        "carriageway_hazards": "0",
        "carriageway_hazards_historic": "0",
        "collision_adjusted_severity_serious": "1",
        "collision_adjusted_severity_slight": "0",
        "collision_index": "2021131113907",
        "collision_injury_based": "1",
        "collision_ref_no": "131113907",
        "collision_severity": "2",
        "collision_year": 2021,
        "date": "24/11/2021",
        "day_of_week": "4",
        "did_police_officer_attend_scene_of_accident": "1",
        "enhanced_severity_collision": "6",
        "first_road_class": "6",
        "first_road_number": "0",
        "junction_control": "4",
        "junction_detail": "16",
        "junction_detail_historic": "6",
        "latitude": "53.764349",
        "light_conditions": "4",
        "local_authority_district": "-1",
        "local_authority_highway": "E08000033",
        "local_authority_highway_current": "E08000033",
        "local_authority_ons_district": "E08000033",
        "location_easting_osgr": "406979",
        "location_northing_osgr": "429781",
        "longitude": "-1.895613",
        "lsoa_of_accident_location": "E01010911",
        "number_of_casualties": 2,
        "number_of_vehicles": 2,
        "pedestrian_crossing": "0",
        "pedestrian_crossing_human_control_historic": "0",
        "pedestrian_crossing_physical_facilities_historic": "0",
        "police_force": "13",
        "road_surface_conditions": "2",
        "road_type": "6",
        "second_road_class": "3",
        "second_road_number": "629",
        "special_conditions_at_site": "0",
        "speed_limit": 50,
        "time": "18:21",
        "trunk_road_flag": "2",
        "urban_or_rural_area": "2",
        "weather_conditions": "8",
        "geometry_source": "collision_location",
        "source_year": 2021,
        "date_iso": "2021-11-24"
      }
    },
    {
      "type": "Feature",
      "id": "2021131037041",
      "geometry": {
        "type": "Point",
        "coordinates": [
          -1.855325,
          53.697167
        ]
      },
      "properties": {
        "carriageway_hazards": "17",
        "carriageway_hazards_historic": "2",
        "collision_adjusted_severity_serious": "1",
        "collision_adjusted_severity_slight": "0",
        "collision_index": "2021131037041",
        "collision_injury_based": "1",
        "collision_ref_no": "131037041",
        "collision_severity": "2",
        "collision_year": 2021,
        "date": "19/04/2021",
        "day_of_week": "2",
        "did_police_officer_attend_scene_of_accident": "1",
        "enhanced_severity_collision": "6",
        "first_road_class": "3",
        "first_road_number": "629",
        "junction_control": "4",
        "junction_detail": "13",
        "junction_detail_historic": "3",
        "latitude": "53.697167",
        "light_conditions": "4",
        "local_authority_district": "-1",
        "local_authority_highway": "E08000033",
        "local_authority_highway_current": "E08000033",
        "local_authority_ons_district": "E08000033",
        "location_easting_osgr": "409650",
        "location_northing_osgr": "422311",
        "longitude": "-1.855325",
        "lsoa_of_accident_location": "E01010993",
        "number_of_casualties": 1,
        "number_of_vehicles": 1,
        "pedestrian_crossing": "0",
        "pedestrian_crossing_human_control_historic": "0",
        "pedestrian_crossing_physical_facilities_historic": "0",
        "police_force": "13",
        "road_surface_conditions": "1",
        "road_type": "6",
        "second_road_class": "3",
        "second_road_number": "6026",
        "special_conditions_at_site": "0",
        "speed_limit": 30,
        "time": "20:50",
        "trunk_road_flag": "2",
        "urban_or_rural_area": "2",
        "weather_conditions": "1",
        "geometry_source": "collision_location",
        "source_year": 2021,
        "date_iso": "2021-04-19"
      }
    },
    {
      "type": "Feature",
      "id": "2021131085207",
      "geometry": {
        "type": "Point",
        "coordinates": [
          -1.783235,
          53.720445
        ]
      },
      "properties": {
        "carriageway_hazards": "0",
        "carriageway_hazards_historic": "0",
        "collision_adjusted_severity_serious": "1",
        "collision_adjusted_severity_slight": "0",
        "collision_index": "2021131085207",
        "collision_injury_based": "1",
        "collision_ref_no": "131085207",
        "collision_severity": "2",
        "collision_year": 2021,
        "date": "07/09/2021",
        "day_of_week": "3",
        "did_police_officer_attend_scene_of_accident": "1",
        "enhanced_severity_collision": "6",
        "first_road_class": "6",
        "first_road_number": "0",
        "junction_control": "-1",
        "junction_detail": "0",
        "junction_detail_historic": "0",
        "latitude": "53.720445",
        "light_conditions": "1",
        "local_authority_district": "-1",
        "local_authority_highway": "E08000033",
        "local_authority_highway_current": "E08000033",
        "local_authority_ons_district": "E08000033",
        "location_easting_osgr": "414402",
        "location_northing_osgr": "424913",
        "longitude": "-1.783235",
        "lsoa_of_accident_location": "E01010910",
        "number_of_casualties": 1,
        "number_of_vehicles": 1,
        "pedestrian_crossing": "0",
        "pedestrian_crossing_human_control_historic": "0",
        "pedestrian_crossing_physical_facilities_historic": "0",
        "police_force": "13",
        "road_surface_conditions": "1",
        "road_type": "6",
        "second_road_class": "0",
        "second_road_number": "-1",
        "special_conditions_at_site": "0",
        "speed_limit": 20,
        "time": "13:52",
        "trunk_road_flag": "2",
        "urban_or_rural_area": "1",
        "weather_conditions": "1",
        "geometry_source": "collision_location",
        "source_year": 2021,
        "date_iso": "2021-09-07"
      }
    },
    {
      "type": "Feature",
      "id": "2021131087550",
      "geometry": {
        "type": "Point",
        "coordinates": [
          -1.866989,
          53.720675
        ]
      },
      "properties": {
        "carriageway_hazards": "0",
        "carriageway_hazards_historic": "0",
        "collision_adjusted_severity_serious": "0",
        "collision_adjusted_severity_slight": "1",
        "collision_index": "2021131087550",
        "collision_injury_based": "1",
        "collision_ref_no": "131087550",
        "collision_severity": "3",
        "collision_year": 2021,
        "date": "14/09/2021",
        "day_of_week": "3",
        "did_police_officer_attend_scene_of_accident": "1",
        "enhanced_severity_collision": "3",
        "first_road_class": "6",
        "first_road_number": "0",
        "junction_control": "4",
        "junction_detail": "13",
        "junction_detail_historic": "3",
        "latitude": "53.720675",
        "light_conditions": "1",
        "local_authority_district": "-1",
        "local_authority_highway": "E08000033",
        "local_authority_highway_current": "E08000033",
        "local_authority_ons_district": "E08000033",
        "location_easting_osgr": "408875",
        "location_northing_osgr": "424925",
        "longitude": "-1.866989",
        "lsoa_of_accident_location": "E01010994",
        "number_of_casualties": 1,
        "number_of_vehicles": 1,
        "pedestrian_crossing": "0",
        "pedestrian_crossing_human_control_historic": "0",
        "pedestrian_crossing_physical_facilities_historic": "0",
        "police_force": "13",
        "road_surface_conditions": "2",
        "road_type": "6",
        "second_road_class": "6",
        "second_road_number": "0",
        "special_conditions_at_site": "0",
        "speed_limit": 30,
        "time": "11:40",
        "trunk_road_flag": "2",
        "urban_or_rural_area": "1",
        "weather_conditions": "2",
        "geometry_source": "collision_location",
        "source_year": 2021,
        "date_iso": "2021-09-14"
      }
    },
    {
      "type": "Feature",
      "id": "2021131090557",
      "geometry": {
        "type": "Point",
        "coordinates": [
          -1.779143,
          53.705877
        ]
      },
      "properties": {
        "carriageway_hazards": "0",
        "carriageway_hazards_historic": "0",
        "collision_adjusted_severity_serious": "0",
        "collision_adjusted_severity_slight": "1",
        "collision_index": "2021131090557",
        "collision_injury_based": "1",
        "collision_ref_no": "131090557",
        "collision_severity": "3",
        "collision_year": 2021,
        "date": "22/09/2021",
        "day_of_week": "4",
        "did_police_officer_attend_scene_of_accident": "1",
        "enhanced_severity_collision": "3",
        "first_road_class": "3",
        "first_road_number": "641",
        "junction_control": "4",
        "junction_detail": "18",
        "junction_detail_historic": "8",
        "latitude": "53.705877",
        "light_conditions": "1",
        "local_authority_district": "-1",
        "local_authority_highway": "E08000033",
        "local_authority_highway_current": "E08000033",
        "local_authority_ons_district": "E08000033",
        "location_easting_osgr": "414677",
        "location_northing_osgr": "423293",
        "longitude": "-1.779143",
        "lsoa_of_accident_location": "E01010878",
        "number_of_casualties": 1,
        "number_of_vehicles": 1,
        "pedestrian_crossing": "17",
        "pedestrian_crossing_human_control_historic": "0",
        "pedestrian_crossing_physical_facilities_historic": "8",
        "police_force": "13",
        "road_surface_conditions": "1",
        "road_type": "6",
        "second_road_class": "6",
        "second_road_number": "0",
        "special_conditions_at_site": "0",
        "speed_limit": 30,
        "time": "10:15",
        "trunk_road_flag": "2",
        "urban_or_rural_area": "1",
        "weather_conditions": "1",
        "geometry_source": "collision_location",
        "source_year": 2021,
        "date_iso": "2021-09-22"
      }
    },
    {
      "type": "Feature",
      "id": "2021131111175",
      "geometry": {
        "type": "Point",
        "coordinates": [
          -1.783377,
          53.698533
        ]
      },
      "properties": {
        "carriageway_hazards": "0",
        "carriageway_hazards_historic": "0",
        "collision_adjusted_severity_serious": "0",
        "collision_adjusted_severity_slight": "1",
        "collision_index": "2021131111175",
        "collision_injury_based": "1",
        "collision_ref_no": "131111175",
        "collision_severity": "3",
        "collision_year": 2021,
        "date": "17/11/2021",
        "day_of_week": "4",
        "did_police_officer_attend_scene_of_accident": "1",
        "enhanced_severity_collision": "3",
        "first_road_class": "3",
        "first_road_number": "643",
        "junction_control": "4",
        "junction_detail": "0",
        "junction_detail_historic": "2",
        "latitude": "53.698533",
        "light_conditions": "1",
        "local_authority_district": "-1",
        "local_authority_highway": "E08000033",
        "local_authority_highway_current": "E08000033",
        "local_authority_ons_district": "E08000033",
        "location_easting_osgr": "414400",
        "location_northing_osgr": "422475",
        "longitude": "-1.783377",
        "lsoa_of_accident_location": "E01010950",
        "number_of_casualties": 1,
        "number_of_vehicles": 1,
        "pedestrian_crossing": "0",
        "pedestrian_crossing_human_control_historic": "0",
        "pedestrian_crossing_physical_facilities_historic": "0",
        "police_force": "13",
        "road_surface_conditions": "1",
        "road_type": "6",
        "second_road_class": "3",
        "second_road_number": "643",
        "special_conditions_at_site": "0",
        "speed_limit": 30,
        "time": "09:00",
        "trunk_road_flag": "2",
        "urban_or_rural_area": "1",
        "weather_conditions": "1",
        "geometry_source": "collision_location",
        "source_year": 2021,
        "date_iso": "2021-11-17"
      }
    },
    {
      "type": "Feature",
      "id": "20211383G1041",
      "geometry": {
        "type": "Point",
        "coordinates": [
          -2.010456,
          53.630786
        ]
      },
      "properties": {
        "carriageway_hazards": "0",
        "carriageway_hazards_historic": "0",
        "collision_adjusted_severity_serious": "0",
        "collision_adjusted_severity_slight": "0",
        "collision_index": "20211383G1041",
        "collision_injury_based": "0",
        "collision_ref_no": "1383G1041",
        "collision_severity": "1",
        "collision_year": 2021,
        "date": "16/03/2021",
        "day_of_week": "3",
        "did_police_officer_attend_scene_of_accident": "1",
        "enhanced_severity_collision": "-1",
        "first_road_class": "1",
        "first_road_number": "62",
        "junction_control": "-1",
        "junction_detail": "0",
        "junction_detail_historic": "0",
        "latitude": "53.630786",
        "light_conditions": "1",
        "local_authority_district": "-1",
        "local_authority_highway": "E08000033",
        "local_authority_highway_current": "E08000033",
        "local_authority_ons_district": "E08000033",
        "location_easting_osgr": "399406",
        "location_northing_osgr": "414916",
        "longitude": "-2.010456",
        "lsoa_of_accident_location": "E01010955",
        "number_of_casualties": 4,
        "number_of_vehicles": 6,
        "pedestrian_crossing": "0",
        "pedestrian_crossing_human_control_historic": "0",
        "pedestrian_crossing_physical_facilities_historic": "0",
        "police_force": "13",
        "road_surface_conditions": "1",
        "road_type": "3",
        "second_road_class": "0",
        "second_road_number": "-1",
        "special_conditions_at_site": "0",
        "speed_limit": 70,
        "time": "14:30",
        "trunk_road_flag": "1",
        "urban_or_rural_area": "2",
        "weather_conditions": "1",
        "geometry_source": "collision_location",
        "source_year": 2021,
        "date_iso": "2021-03-16"
      }
    },
    {
      "type": "Feature",
      "id": "2021131055204",
      "geometry": {
        "type": "Point",
        "coordinates": [
          -1.879246,
          53.742781
        ]
      },
      "properties": {
        "carriageway_hazards": "0",
        "carriageway_hazards_historic": "0",
        "collision_adjusted_severity_serious": "1",
        "collision_adjusted_severity_slight": "0",
        "collision_index": "2021131055204",
        "collision_injury_based": "1",
        "collision_ref_no": "131055204",
        "collision_severity": "2",
        "collision_year": 2021,
        "date": "12/06/2021",
        "day_of_week": "7",
        "did_police_officer_attend_scene_of_accident": "1",
        "enhanced_severity_collision": "5",
        "first_road_class": "3",
        "first_road_number": "629",
        "junction_control": "4",
        "junction_detail": "19",
        "junction_detail_historic": "9",
        "latitude": "53.742781",
        "light_conditions": "1",
        "local_authority_district": "-1",
        "local_authority_highway": "E08000033",
        "local_authority_highway_current": "E08000033",
        "local_authority_ons_district": "E08000033",
        "location_easting_osgr": "408062",
        "location_northing_osgr": "427383",
        "longitude": "-1.879246",
        "lsoa_of_accident_location": "E01010942",
        "number_of_casualties": 1,
        "number_of_vehicles": 1,
        "pedestrian_crossing": "0",
        "pedestrian_crossing_human_control_historic": "0",
        "pedestrian_crossing_physical_facilities_historic": "0",
        "police_force": "13",
        "road_surface_conditions": "1",
        "road_type": "6",
        "second_road_class": "6",
        "second_road_number": "0",
        "special_conditions_at_site": "0",
        "speed_limit": 30,
        "time": "15:00",
        "trunk_road_flag": "2",
        "urban_or_rural_area": "1",
        "weather_conditions": "1",
        "geometry_source": "collision_location",
        "source_year": 2021,
        "date_iso": "2021-06-12"
      }
    },
    {
      "type": "Feature",
      "id": "2021131085936",
      "geometry": {
        "type": "Point",
        "coordinates": [
          -1.93593,
          53.706036
        ]
      },
      "properties": {
        "carriageway_hazards": "0",
        "carriageway_hazards_historic": "0",
        "collision_adjusted_severity_serious": "0",
        "collision_adjusted_severity_slight": "1",
        "collision_index": "2021131085936",
        "collision_injury_based": "1",
        "collision_ref_no": "131085936",
        "collision_severity": "3",
        "collision_year": 2021,
        "date": "09/09/2021",
        "day_of_week": "5",
        "did_police_officer_attend_scene_of_accident": "1",
        "enhanced_severity_collision": "3",
        "first_road_class": "6",
        "first_road_number": "0",
        "junction_control": "-1",
        "junction_detail": "0",
        "junction_detail_historic": "0",
        "latitude": "53.706036",
        "light_conditions": "1",
        "local_authority_district": "-1",
        "local_authority_highway": "E08000033",
        "local_authority_highway_current": "E08000033",
        "local_authority_ons_district": "E08000033",
        "location_easting_osgr": "404327",
        "location_northing_osgr": "423290",
        "longitude": "-1.93593",
        "lsoa_of_accident_location": "E01010958",
        "number_of_casualties": 1,
        "number_of_vehicles": 2,
        "pedestrian_crossing": "0",
        "pedestrian_crossing_human_control_historic": "0",
        "pedestrian_crossing_physical_facilities_historic": "0",
        "police_force": "13",
        "road_surface_conditions": "2",
        "road_type": "6",
        "second_road_class": "0",
        "second_road_number": "-1",
        "special_conditions_at_site": "0",
        "speed_limit": 30,
        "time": "08:26",
        "trunk_road_flag": "2",
        "urban_or_rural_area": "1",
        "weather_conditions": "1",
        "geometry_source": "collision_location",
        "source_year": 2021,
        "date_iso": "2021-09-09"
      }
    },
    {
      "type": "Feature",
      "id": "2021131089001",
      "geometry": {
        "type": "Point",
        "coordinates": [
          -1.837136,
          53.732538
        ]
      },
      "properties": {
        "carriageway_hazards": "0",
        "carriageway_hazards_historic": "0",
        "collision_adjusted_severity_serious": "0",
        "collision_adjusted_severity_slight": "1",
        "collision_index": "2021131089001",
        "collision_injury_based": "1",
        "collision_ref_no": "131089001",
        "collision_severity": "3",
        "collision_year": 2021,
        "date": "13/09/2021",
        "day_of_week": "2",
        "did_police_officer_attend_scene_of_accident": "1",
        "enhanced_severity_collision": "3",
        "first_road_class": "3",
        "first_road_number": "6036",
        "junction_control": "-1",
        "junction_detail": "0",
        "junction_detail_historic": "0",
        "latitude": "53.732538",
        "light_conditions": "4",
        "local_authority_district": "-1",
        "local_authority_highway": "E08000033",
        "local_authority_highway_current": "E08000033",
        "local_authority_ons_district": "E08000033",
        "location_easting_osgr": "410842",
        "location_northing_osgr": "426249",
        "longitude": "-1.837136",
        "lsoa_of_accident_location": "E01010937",
        "number_of_casualties": 1,
        "number_of_vehicles": 4,
        "pedestrian_crossing": "0",
        "pedestrian_crossing_human_control_historic": "0",
        "pedestrian_crossing_physical_facilities_historic": "0",
        "police_force": "13",
        "road_surface_conditions": "1",
        "road_type": "6",
        "second_road_class": "0",
        "second_road_number": "-1",
        "special_conditions_at_site": "0",
        "speed_limit": 40,
        "time": "23:20",
        "trunk_road_flag": "2",
        "urban_or_rural_area": "2",
        "weather_conditions": "1",
        "geometry_source": "collision_location",
        "source_year": 2021,
        "date_iso": "2021-09-13"
      }
    },
    {
      "type": "Feature",
      "id": "2021131117572",
      "geometry": {
        "type": "Point",
        "coordinates": [
          -1.868666,
          53.722142
        ]
      },
      "properties": {
        "carriageway_hazards": "0",
        "carriageway_hazards_historic": "0",
        "collision_adjusted_severity_serious": "0",
        "collision_adjusted_severity_slight": "1",
        "collision_index": "2021131117572",
        "collision_injury_based": "1",
        "collision_ref_no": "131117572",
        "collision_severity": "3",
        "collision_year": 2021,
        "date": "05/12/2021",
        "day_of_week": "1",
        "did_police_officer_attend_scene_of_accident": "2",
        "enhanced_severity_collision": "3",
        "first_road_class": "6",
        "first_road_number": "0",
        "junction_control": "-1",
        "junction_detail": "0",
        "junction_detail_historic": "0",
        "latitude": "53.722142",
        "light_conditions": "4",
        "local_authority_district": "-1",
        "local_authority_highway": "E08000033",
        "local_authority_highway_current": "E08000033",
        "local_authority_ons_district": "E08000033",
        "location_easting_osgr": "408764",
        "location_northing_osgr": "425088",
        "longitude": "-1.868666",
        "lsoa_of_accident_location": "E01010965",
        "number_of_casualties": 2,
        "number_of_vehicles": 2,
        "pedestrian_crossing": "0",
        "pedestrian_crossing_human_control_historic": "0",
        "pedestrian_crossing_physical_facilities_historic": "0",
        "police_force": "13",
        "road_surface_conditions": "1",
        "road_type": "6",
        "second_road_class": "0",
        "second_road_number": "-1",
        "special_conditions_at_site": "0",
        "speed_limit": 20,
        "time": "17:52",
        "trunk_road_flag": "2",
        "urban_or_rural_area": "1",
        "weather_conditions": "1",
        "geometry_source": "collision_location",
        "source_year": 2021,
        "date_iso": "2021-12-05"
      }
    },
    {
      "type": "Feature",
      "id": "2021131121196",
      "geometry": {
        "type": "Point",
        "coordinates": [
          -1.787251,
          53.696221
        ]
      },
      "properties": {
        "carriageway_hazards": "0",
        "carriageway_hazards_historic": "0",
        "collision_adjusted_severity_serious": "0",
        "collision_adjusted_severity_slight": "1",
        "collision_index": "2021131121196",
        "collision_injury_based": "1",
        "collision_ref_no": "131121196",
        "collision_severity": "3",
        "collision_year": 2021,
        "date": "14/12/2021",
        "day_of_week": "3",
        "did_police_officer_attend_scene_of_accident": "1",
        "enhanced_severity_collision": "3",
        "first_road_class": "3",
        "first_road_number": "643",
        "junction_control": "-1",
        "junction_detail": "0",
        "junction_detail_historic": "0",
        "latitude": "53.696221",
        "light_conditions": "4",
        "local_authority_district": "-1",
        "local_authority_highway": "E08000033",
        "local_authority_highway_current": "E08000033",
        "local_authority_ons_district": "E08000033",
        "location_easting_osgr": "414145",
        "location_northing_osgr": "422217",
        "longitude": "-1.787251",
        "lsoa_of_accident_location": "E01010951",
        "number_of_casualties": 3,
        "number_of_vehicles": 3,
        "pedestrian_crossing": "0",
        "pedestrian_crossing_human_control_historic": "0",
        "pedestrian_crossing_physical_facilities_historic": "0",
        "police_force": "13",
        "road_surface_conditions": "2",
        "road_type": "6",
        "second_road_class": "0",
        "second_road_number": "-1",
        "special_conditions_at_site": "0",
        "speed_limit": 30,
        "time": "16:46",
        "trunk_road_flag": "2",
        "urban_or_rural_area": "1",
        "weather_conditions": "1",
        "geometry_source": "collision_location",
        "source_year": 2021,
        "date_iso": "2021-12-14"
      }
    },
    {
      "type": "Feature",
      "id": "2021131126270",
      "geometry": {
        "type": "Point",
        "coordinates": [
          -1.966916,
          53.736365
        ]
      },
      "properties": {
        "carriageway_hazards": "0",
        "carriageway_hazards_historic": "0",
        "collision_adjusted_severity_serious": "0",
        "collision_adjusted_severity_slight": "1",
        "collision_index": "2021131126270",
        "collision_injury_based": "1",
        "collision_ref_no": "131126270",
        "collision_severity": "3",
        "collision_year": 2021,
        "date": "25/12/2021",
        "day_of_week": "7",
        "did_police_officer_attend_scene_of_accident": "1",
        "enhanced_severity_collision": "3",
        "first_road_class": "6",
        "first_road_number": "0",
        "junction_control": "-1",
        "junction_detail": "0",
        "junction_detail_historic": "0",
        "latitude": "53.736365",
        "light_conditions": "1",
        "local_authority_district": "-1",
        "local_authority_highway": "E08000033",
        "local_authority_highway_current": "E08000033",
        "local_authority_ons_district": "E08000033",
        "location_easting_osgr": "402280",
        "location_northing_osgr": "426663",
        "longitude": "-1.966916",
        "lsoa_of_accident_location": "E01010917",
        "number_of_casualties": 1,
        "number_of_vehicles": 1,
        "pedestrian_crossing": "0",
        "pedestrian_crossing_human_control_historic": "0",
        "pedestrian_crossing_physical_facilities_historic": "0",
        "police_force": "13",
        "road_surface_conditions": "2",
        "road_type": "6",
        "second_road_class": "0",
        "second_road_number": "-1",
        "special_conditions_at_site": "0",
        "speed_limit": 60,
        "time": "11:30",
        "trunk_road_flag": "2",
        "urban_or_rural_area": "2",
        "weather_conditions": "1",
        "geometry_source": "collision_location",
        "source_year": 2021,
        "date_iso": "2021-12-25"
      }
    },
    {
      "type": "Feature",
      "id": "2021131034743",
      "geometry": {
        "type": "Point",
        "coordinates": [
          -2.047015,
          53.732289
        ]
      },
      "properties": {
        "carriageway_hazards": "0",
        "carriageway_hazards_historic": "0",
        "collision_adjusted_severity_serious": "0",
        "collision_adjusted_severity_slight": "1",
        "collision_index": "2021131034743",
        "collision_injury_based": "1",
        "collision_ref_no": "131034743",
        "collision_severity": "3",
        "collision_year": 2021,
        "date": "12/04/2021",
        "day_of_week": "2",
        "did_police_officer_attend_scene_of_accident": "1",
        "enhanced_severity_collision": "3",
        "first_road_class": "3",
        "first_road_number": "646",
        "junction_control": "4",
        "junction_detail": "18",
        "junction_detail_historic": "8",
        "latitude": "53.732289",
        "light_conditions": "1",
        "local_authority_district": "-1",
        "local_authority_highway": "E08000033",
        "local_authority_highway_current": "E08000033",
        "local_authority_ons_district": "E08000033",
        "location_easting_osgr": "396996",
        "location_northing_osgr": "426210",
        "longitude": "-2.047015",
        "lsoa_of_accident_location": "E01010882",
        "number_of_casualties": 1,
        "number_of_vehicles": 1,
        "pedestrian_crossing": "0",
        "pedestrian_crossing_human_control_historic": "0",
        "pedestrian_crossing_physical_facilities_historic": "0",
        "police_force": "13",
        "road_surface_conditions": "1",
        "road_type": "6",
        "second_road_class": "6",
        "second_road_number": "0",
        "special_conditions_at_site": "0",
        "speed_limit": 30,
        "time": "13:37",
        "trunk_road_flag": "2",
        "urban_or_rural_area": "2",
        "weather_conditions": "1",
        "geometry_source": "collision_location",
        "source_year": 2021,
        "date_iso": "2021-04-12"
      }
    },
    {
      "type": "Feature",
      "id": "2021131119204",
      "geometry": {
        "type": "Point",
        "coordinates": [
          -2.101377,
          53.721757
        ]
      },
      "properties": {
        "carriageway_hazards": "0",
        "carriageway_hazards_historic": "0",
        "collision_adjusted_severity_serious": "0",
        "collision_adjusted_severity_slight": "1",
        "collision_index": "2021131119204",
        "collision_injury_based": "1",
        "collision_ref_no": "131119204",
        "collision_severity": "3",
        "collision_year": 2021,
        "date": "09/12/2021",
        "day_of_week": "5",
        "did_police_officer_attend_scene_of_accident": "1",
        "enhanced_severity_collision": "3",
        "first_road_class": "6",
        "first_road_number": "0",
        "junction_control": "-1",
        "junction_detail": "0",
        "junction_detail_historic": "0",
        "latitude": "53.721757",
        "light_conditions": "1",
        "local_authority_district": "-1",
        "local_authority_highway": "E08000033",
        "local_authority_highway_current": "E08000033",
        "local_authority_ons_district": "E08000033",
        "location_easting_osgr": "393408",
        "location_northing_osgr": "425042",
        "longitude": "-2.101377",
        "lsoa_of_accident_location": "E01010988",
        "number_of_casualties": 1,
        "number_of_vehicles": 1,
        "pedestrian_crossing": "0",
        "pedestrian_crossing_human_control_historic": "0",
        "pedestrian_crossing_physical_facilities_historic": "0",
        "police_force": "13",
        "road_surface_conditions": "2",
        "road_type": "6",
        "second_road_class": "0",
        "second_road_number": "-1",
        "special_conditions_at_site": "0",
        "speed_limit": 20,
        "time": "08:53",
        "trunk_road_flag": "2",
        "urban_or_rural_area": "1",
        "weather_conditions": "1",
        "geometry_source": "collision_location",
        "source_year": 2021,
        "date_iso": "2021-12-09"
      }
    },
    {
      "type": "Feature",
      "id": "2021131112778",
      "geometry": {
        "type": "Point",
        "coordinates": [
          -1.964146,
          53.639535
        ]
      },
      "properties": {
        "carriageway_hazards": "0",
        "carriageway_hazards_historic": "0",
        "collision_adjusted_severity_serious": "0",
        "collision_adjusted_severity_slight": "1",
        "collision_index": "2021131112778",
        "collision_injury_based": "1",
        "collision_ref_no": "131112778",
        "collision_severity": "3",
        "collision_year": 2021,
        "date": "22/11/2021",
        "day_of_week": "2",
        "did_police_officer_attend_scene_of_accident": "1",
        "enhanced_severity_collision": "3",
        "first_road_class": "1",
        "first_road_number": "62",
        "junction_control": "-1",
        "junction_detail": "0",
        "junction_detail_historic": "0",
        "latitude": "53.639535",
        "light_conditions": "1",
        "local_authority_district": "-1",
        "local_authority_highway": "E08000033",
        "local_authority_highway_current": "E08000033",
        "local_authority_ons_district": "E08000033",
        "location_easting_osgr": "402468",
        "location_northing_osgr": "415890",
        "longitude": "-1.964146",
        "lsoa_of_accident_location": "E01010955",
        "number_of_casualties": 1,
        "number_of_vehicles": 3,
        "pedestrian_crossing": "0",
        "pedestrian_crossing_human_control_historic": "0",
        "pedestrian_crossing_physical_facilities_historic": "0",
        "police_force": "13",
        "road_surface_conditions": "1",
        "road_type": "3",
        "second_road_class": "0",
        "second_road_number": "-1",
        "special_conditions_at_site": "0",
        "speed_limit": 70,
        "time": "13:22",
        "trunk_road_flag": "1",
        "urban_or_rural_area": "2",
        "weather_conditions": "1",
        "geometry_source": "collision_location",
        "source_year": 2021,
        "date_iso": "2021-11-22"
      }
    },
    {
      "type": "Feature",
      "id": "20211382S0578",
      "geometry": {
        "type": "Point",
        "coordinates": [
          -1.912993,
          53.70728
        ]
      },
      "properties": {
        "carriageway_hazards": "0",
        "carriageway_hazards_historic": "0",
        "collision_adjusted_severity_serious": "0.08096",
        "collision_adjusted_severity_slight": "0.91904",
        "collision_index": "20211382S0578",
        "collision_injury_based": "0",
        "collision_ref_no": "1382S0578",
        "collision_severity": "3",
        "collision_year": 2021,
        "date": "28/02/2021",
        "day_of_week": "1",
        "did_police_officer_attend_scene_of_accident": "1",
        "enhanced_severity_collision": "-1",
        "first_road_class": "6",
        "first_road_number": "0",
        "junction_control": "-1",
        "junction_detail": "0",
        "junction_detail_historic": "0",
        "latitude": "53.70728",
        "light_conditions": "1",
        "local_authority_district": "-1",
        "local_authority_highway": "E08000033",
        "local_authority_highway_current": "E08000033",
        "local_authority_ons_district": "E08000033",
        "location_easting_osgr": "405841",
        "location_northing_osgr": "423430",
        "longitude": "-1.912993",
        "lsoa_of_accident_location": "E01010979",
        "number_of_casualties": 3,
        "number_of_vehicles": 2,
        "pedestrian_crossing": "0",
        "pedestrian_crossing_human_control_historic": "0",
        "pedestrian_crossing_physical_facilities_historic": "0",
        "police_force": "13",
        "road_surface_conditions": "1",
        "road_type": "6",
        "second_road_class": "0",
        "second_road_number": "-1",
        "special_conditions_at_site": "0",
        "speed_limit": 30,
        "time": "09:55",
        "trunk_road_flag": "2",
        "urban_or_rural_area": "1",
        "weather_conditions": "1",
        "geometry_source": "collision_location",
        "source_year": 2021,
        "date_iso": "2021-02-28"
      }
    },
    {
      "type": "Feature",
      "id": "2021131053950",
      "geometry": {
        "type": "Point",
        "coordinates": [
          -1.809026,
          53.707007
        ]
      },
      "properties": {
        "carriageway_hazards": "0",
        "carriageway_hazards_historic": "0",
        "collision_adjusted_severity_serious": "0",
        "collision_adjusted_severity_slight": "1",
        "collision_index": "2021131053950",
        "collision_injury_based": "1",
        "collision_ref_no": "131053950",
        "collision_severity": "3",
        "collision_year": 2021,
        "date": "09/06/2021",
        "day_of_week": "4",
        "did_police_officer_attend_scene_of_accident": "1",
        "enhanced_severity_collision": "3",
        "first_road_class": "6",
        "first_road_number": "0",
        "junction_control": "-1",
        "junction_detail": "0",
        "junction_detail_historic": "0",
        "latitude": "53.707007",
        "light_conditions": "1",
        "local_authority_district": "-1",
        "local_authority_highway": "E08000033",
        "local_authority_highway_current": "E08000033",
        "local_authority_ons_district": "E08000033",
        "location_easting_osgr": "412704",
        "location_northing_osgr": "423413",
        "longitude": "-1.809026",
        "lsoa_of_accident_location": "E01010877",
        "number_of_casualties": 1,
        "number_of_vehicles": 1,
        "pedestrian_crossing": "0",
        "pedestrian_crossing_human_control_historic": "0",
        "pedestrian_crossing_physical_facilities_historic": "0",
        "police_force": "13",
        "road_surface_conditions": "1",
        "road_type": "6",
        "second_road_class": "0",
        "second_road_number": "-1",
        "special_conditions_at_site": "0",
        "speed_limit": 30,
        "time": "11:20",
        "trunk_road_flag": "2",
        "urban_or_rural_area": "1",
        "weather_conditions": "1",
        "geometry_source": "collision_location",
        "source_year": 2021,
        "date_iso": "2021-06-09"
      }
    },
    {
      "type": "Feature",
      "id": "2021131098606",
      "geometry": {
        "type": "Point",
        "coordinates": [
          -1.854997,
          53.686713
        ]
      },
      "properties": {
        "carriageway_hazards": "0",
        "carriageway_hazards_historic": "0",
        "collision_adjusted_severity_serious": "0",
        "collision_adjusted_severity_slight": "1",
        "collision_index": "2021131098606",
        "collision_injury_based": "1",
        "collision_ref_no": "131098606",
        "collision_severity": "3",
        "collision_year": 2021,
        "date": "06/10/2021",
        "day_of_week": "4",
        "did_police_officer_attend_scene_of_accident": "1",
        "enhanced_severity_collision": "3",
        "first_road_class": "6",
        "first_road_number": "0",
        "junction_control": "4",
        "junction_detail": "16",
        "junction_detail_historic": "6",
        "latitude": "53.686713",
        "light_conditions": "1",
        "local_authority_district": "-1",
        "local_authority_highway": "E08000033",
        "local_authority_highway_current": "E08000033",
        "local_authority_ons_district": "E08000033",
        "location_easting_osgr": "409674",
        "location_northing_osgr": "421148",
        "longitude": "-1.854997",
        "lsoa_of_accident_location": "E01010898",
        "number_of_casualties": 1,
        "number_of_vehicles": 1,
        "pedestrian_crossing": "0",
        "pedestrian_crossing_human_control_historic": "0",
        "pedestrian_crossing_physical_facilities_historic": "0",
        "police_force": "13",
        "road_surface_conditions": "1",
        "road_type": "6",
        "second_road_class": "4",
        "second_road_number": "6114",
        "special_conditions_at_site": "0",
        "speed_limit": 30,
        "time": "11:35",
        "trunk_road_flag": "2",
        "urban_or_rural_area": "1",
        "weather_conditions": "1",
        "geometry_source": "collision_location",
        "source_year": 2021,
        "date_iso": "2021-10-06"
      }
    },
    {
      "type": "Feature",
      "id": "2021131048494",
      "geometry": {
        "type": "Point",
        "coordinates": [
          -1.77639,
          53.722419
        ]
      },
      "properties": {
        "carriageway_hazards": "0",
        "carriageway_hazards_historic": "0",
        "collision_adjusted_severity_serious": "1",
        "collision_adjusted_severity_slight": "0",
        "collision_index": "2021131048494",
        "collision_injury_based": "1",
        "collision_ref_no": "131048494",
        "collision_severity": "2",
        "collision_year": 2021,
        "date": "24/05/2021",
        "day_of_week": "2",
        "did_police_officer_attend_scene_of_accident": "1",
        "enhanced_severity_collision": "6",
        "first_road_class": "3",
        "first_road_number": "641",
        "junction_control": "3",
        "junction_detail": "17",
        "junction_detail_historic": "7",
        "latitude": "53.722419",
        "light_conditions": "1",
        "local_authority_district": "-1",
        "local_authority_highway": "E08000033",
        "local_authority_highway_current": "E08000033",
        "local_authority_ons_district": "E08000033",
        "location_easting_osgr": "414853",
        "location_northing_osgr": "425134",
        "longitude": "-1.77639",
        "lsoa_of_accident_location": "E01010908",
        "number_of_casualties": 1,
        "number_of_vehicles": 3,
        "pedestrian_crossing": "0",
        "pedestrian_crossing_human_control_historic": "0",
        "pedestrian_crossing_physical_facilities_historic": "0",
        "police_force": "13",
        "road_surface_conditions": "1",
        "road_type": "6",
        "second_road_class": "3",
        "second_road_number": "641",
        "special_conditions_at_site": "0",
        "speed_limit": 30,
        "time": "13:46",
        "trunk_road_flag": "2",
        "urban_or_rural_area": "1",
        "weather_conditions": "1",
        "geometry_source": "collision_location",
        "source_year": 2021,
        "date_iso": "2021-05-24"
      }
    },
    {
      "type": "Feature",
      "id": "2021131098717",
      "geometry": {
        "type": "Point",
        "coordinates": [
          -1.838211,
          53.732792
        ]
      },
      "properties": {
        "carriageway_hazards": "0",
        "carriageway_hazards_historic": "0",
        "collision_adjusted_severity_serious": "0",
        "collision_adjusted_severity_slight": "1",
        "collision_index": "2021131098717",
        "collision_injury_based": "1",
        "collision_ref_no": "131098717",
        "collision_severity": "3",
        "collision_year": 2021,
        "date": "13/10/2021",
        "day_of_week": "4",
        "did_police_officer_attend_scene_of_accident": "1",
        "enhanced_severity_collision": "3",
        "first_road_class": "3",
        "first_road_number": "58",
        "junction_control": "2",
        "junction_detail": "16",
        "junction_detail_historic": "6",
        "latitude": "53.732792",
        "light_conditions": "1",
        "local_authority_district": "-1",
        "local_authority_highway": "E08000033",
        "local_authority_highway_current": "E08000033",
        "local_authority_ons_district": "E08000033",
        "location_easting_osgr": "410771",
        "location_northing_osgr": "426277",
        "longitude": "-1.838211",
        "lsoa_of_accident_location": "E01010937",
        "number_of_casualties": 1,
        "number_of_vehicles": 2,
        "pedestrian_crossing": "0",
        "pedestrian_crossing_human_control_historic": "0",
        "pedestrian_crossing_physical_facilities_historic": "0",
        "police_force": "13",
        "road_surface_conditions": "1",
        "road_type": "6",
        "second_road_class": "3",
        "second_road_number": "58",
        "special_conditions_at_site": "0",
        "speed_limit": 30,
        "time": "12:57",
        "trunk_road_flag": "2",
        "urban_or_rural_area": "1",
        "weather_conditions": "1",
        "geometry_source": "collision_location",
        "source_year": 2021,
        "date_iso": "2021-10-13"
      }
    },
    {
      "type": "Feature",
      "id": "2021131066627",
      "geometry": {
        "type": "Point",
        "coordinates": [
          -2.010652,
          53.630489
        ]
      },
      "properties": {
        "carriageway_hazards": "0",
        "carriageway_hazards_historic": "0",
        "collision_adjusted_severity_serious": "0",
        "collision_adjusted_severity_slight": "1",
        "collision_index": "2021131066627",
        "collision_injury_based": "1",
        "collision_ref_no": "131066627",
        "collision_severity": "3",
        "collision_year": 2021,
        "date": "15/07/2021",
        "day_of_week": "5",
        "did_police_officer_attend_scene_of_accident": "2",
        "enhanced_severity_collision": "3",
        "first_road_class": "1",
        "first_road_number": "62",
        "junction_control": "-1",
        "junction_detail": "0",
        "junction_detail_historic": "0",
        "latitude": "53.630489",
        "light_conditions": "1",
        "local_authority_district": "-1",
        "local_authority_highway": "E08000033",
        "local_authority_highway_current": "E08000033",
        "local_authority_ons_district": "E08000033",
        "location_easting_osgr": "399393",
        "location_northing_osgr": "414883",
        "longitude": "-2.010652",
        "lsoa_of_accident_location": "E01010955",
        "number_of_casualties": 1,
        "number_of_vehicles": 2,
        "pedestrian_crossing": "0",
        "pedestrian_crossing_human_control_historic": "0",
        "pedestrian_crossing_physical_facilities_historic": "0",
        "police_force": "13",
        "road_surface_conditions": "1",
        "road_type": "3",
        "second_road_class": "0",
        "second_road_number": "-1",
        "special_conditions_at_site": "0",
        "speed_limit": 70,
        "time": "14:19",
        "trunk_road_flag": "1",
        "urban_or_rural_area": "2",
        "weather_conditions": "1",
        "geometry_source": "collision_location",
        "source_year": 2021,
        "date_iso": "2021-07-15"
      }
    },
    {
      "type": "Feature",
      "id": "2021131119890",
      "geometry": {
        "type": "Point",
        "coordinates": [
          -1.85893,
          53.728827
        ]
      },
      "properties": {
        "carriageway_hazards": "0",
        "carriageway_hazards_historic": "0",
        "collision_adjusted_severity_serious": "0",
        "collision_adjusted_severity_slight": "1",
        "collision_index": "2021131119890",
        "collision_injury_based": "1",
        "collision_ref_no": "131119890",
        "collision_severity": "3",
        "collision_year": 2021,
        "date": "10/12/2021",
        "day_of_week": "6",
        "did_police_officer_attend_scene_of_accident": "1",
        "enhanced_severity_collision": "3",
        "first_road_class": "3",
        "first_road_number": "58",
        "junction_control": "-1",
        "junction_detail": "0",
        "junction_detail_historic": "0",
        "latitude": "53.728827",
        "light_conditions": "4",
        "local_authority_district": "-1",
        "local_authority_highway": "E08000033",
        "local_authority_highway_current": "E08000033",
        "local_authority_ons_district": "E08000033",
        "location_easting_osgr": "409405",
        "location_northing_osgr": "425833",
        "longitude": "-1.85893",
        "lsoa_of_accident_location": "E01032923",
        "number_of_casualties": 1,
        "number_of_vehicles": 1,
        "pedestrian_crossing": "0",
        "pedestrian_crossing_human_control_historic": "0",
        "pedestrian_crossing_physical_facilities_historic": "0",
        "police_force": "13",
        "road_surface_conditions": "2",
        "road_type": "3",
        "second_road_class": "0",
        "second_road_number": "-1",
        "special_conditions_at_site": "0",
        "speed_limit": 40,
        "time": "19:50",
        "trunk_road_flag": "2",
        "urban_or_rural_area": "1",
        "weather_conditions": "1",
        "geometry_source": "collision_location",
        "source_year": 2021,
        "date_iso": "2021-12-10"
      }
    },
    {
      "type": "Feature",
      "id": "2021131083177",
      "geometry": {
        "type": "Point",
        "coordinates": [
          -1.912538,
          53.707666
        ]
      },
      "properties": {
        "carriageway_hazards": "0",
        "carriageway_hazards_historic": "0",
        "collision_adjusted_severity_serious": "0",
        "collision_adjusted_severity_slight": "1",
        "collision_index": "2021131083177",
        "collision_injury_based": "1",
        "collision_ref_no": "131083177",
        "collision_severity": "3",
        "collision_year": 2021,
        "date": "02/09/2021",
        "day_of_week": "5",
        "did_police_officer_attend_scene_of_accident": "1",
        "enhanced_severity_collision": "3",
        "first_road_class": "3",
        "first_road_number": "58",
        "junction_control": "4",
        "junction_detail": "13",
        "junction_detail_historic": "3",
        "latitude": "53.707666",
        "light_conditions": "1",
        "local_authority_district": "-1",
        "local_authority_highway": "E08000033",
        "local_authority_highway_current": "E08000033",
        "local_authority_ons_district": "E08000033",
        "location_easting_osgr": "405871",
        "location_northing_osgr": "423473",
        "longitude": "-1.912538",
        "lsoa_of_accident_location": "E01010979",
        "number_of_casualties": 1,
        "number_of_vehicles": 2,
        "pedestrian_crossing": "0",
        "pedestrian_crossing_human_control_historic": "0",
        "pedestrian_crossing_physical_facilities_historic": "0",
        "police_force": "13",
        "road_surface_conditions": "1",
        "road_type": "6",
        "second_road_class": "6",
        "second_road_number": "0",
        "special_conditions_at_site": "0",
        "speed_limit": 30,
        "time": "09:19",
        "trunk_road_flag": "2",
        "urban_or_rural_area": "1",
        "weather_conditions": "1",
        "geometry_source": "collision_location",
        "source_year": 2021,
        "date_iso": "2021-09-02"
      }
    },
    {
      "type": "Feature",
      "id": "2021131120054",
      "geometry": {
        "type": "Point",
        "coordinates": [
          -1.755353,
          53.693994
        ]
      },
      "properties": {
        "carriageway_hazards": "0",
        "carriageway_hazards_historic": "0",
        "collision_adjusted_severity_serious": "0",
        "collision_adjusted_severity_slight": "1",
        "collision_index": "2021131120054",
        "collision_injury_based": "1",
        "collision_ref_no": "131120054",
        "collision_severity": "3",
        "collision_year": 2021,
        "date": "04/12/2021",
        "day_of_week": "7",
        "did_police_officer_attend_scene_of_accident": "2",
        "enhanced_severity_collision": "3",
        "first_road_class": "1",
        "first_road_number": "62",
        "junction_control": "-1",
        "junction_detail": "0",
        "junction_detail_historic": "0",
        "latitude": "53.693994",
        "light_conditions": "7",
        "local_authority_district": "-1",
        "local_authority_highway": "E08000033",
        "local_authority_highway_current": "E08000033",
        "local_authority_ons_district": "E08000033",
        "location_easting_osgr": "416252",
        "location_northing_osgr": "421976",
        "longitude": "-1.755353",
        "lsoa_of_accident_location": "E01010879",
        "number_of_casualties": 1,
        "number_of_vehicles": 2,
        "pedestrian_crossing": "0",
        "pedestrian_crossing_human_control_historic": "0",
        "pedestrian_crossing_physical_facilities_historic": "0",
        "police_force": "13",
        "road_surface_conditions": "2",
        "road_type": "3",
        "second_road_class": "0",
        "second_road_number": "-1",
        "special_conditions_at_site": "0",
        "speed_limit": 70,
        "time": "05:20",
        "trunk_road_flag": "1",
        "urban_or_rural_area": "2",
        "weather_conditions": "9",
        "geometry_source": "collision_location",
        "source_year": 2021,
        "date_iso": "2021-12-04"
      }
    },
    {
      "type": "Feature",
      "id": "20211381S0881",
      "geometry": {
        "type": "Point",
        "coordinates": [
          -2.151525,
          53.731258
        ]
      },
      "properties": {
        "carriageway_hazards": "0",
        "carriageway_hazards_historic": "0",
        "collision_adjusted_severity_serious": "1",
        "collision_adjusted_severity_slight": "0",
        "collision_index": "20211381S0881",
        "collision_injury_based": "0",
        "collision_ref_no": "1381S0881",
        "collision_severity": "2",
        "collision_year": 2021,
        "date": "28/01/2021",
        "day_of_week": "5",
        "did_police_officer_attend_scene_of_accident": "1",
        "enhanced_severity_collision": "-1",
        "first_road_class": "3",
        "first_road_number": "646",
        "junction_control": "4",
        "junction_detail": "13",
        "junction_detail_historic": "3",
        "latitude": "53.731258",
        "light_conditions": "1",
        "local_authority_district": "-1",
        "local_authority_highway": "E08000033",
        "local_authority_highway_current": "E08000033",
        "local_authority_ons_district": "E08000033",
        "location_easting_osgr": "390101",
        "location_northing_osgr": "426105",
        "longitude": "-2.151525",
        "lsoa_of_accident_location": "E01010986",
        "number_of_casualties": 1,
        "number_of_vehicles": 2,
        "pedestrian_crossing": "0",
        "pedestrian_crossing_human_control_historic": "0",
        "pedestrian_crossing_physical_facilities_historic": "0",
        "police_force": "13",
        "road_surface_conditions": "2",
        "road_type": "6",
        "second_road_class": "6",
        "second_road_number": "0",
        "special_conditions_at_site": "0",
        "speed_limit": 30,
        "time": "13:40",
        "trunk_road_flag": "2",
        "urban_or_rural_area": "2",
        "weather_conditions": "2",
        "geometry_source": "collision_location",
        "source_year": 2021,
        "date_iso": "2021-01-28"
      }
    },
    {
      "type": "Feature",
      "id": "2021131039338",
      "geometry": {
        "type": "Point",
        "coordinates": [
          -1.882995,
          53.713888
        ]
      },
      "properties": {
        "carriageway_hazards": "0",
        "carriageway_hazards_historic": "0",
        "collision_adjusted_severity_serious": "0",
        "collision_adjusted_severity_slight": "1",
        "collision_index": "2021131039338",
        "collision_injury_based": "1",
        "collision_ref_no": "131039338",
        "collision_severity": "3",
        "collision_year": 2021,
        "date": "26/04/2021",
        "day_of_week": "2",
        "did_police_officer_attend_scene_of_accident": "1",
        "enhanced_severity_collision": "3",
        "first_road_class": "3",
        "first_road_number": "58",
        "junction_control": "-1",
        "junction_detail": "0",
        "junction_detail_historic": "0",
        "latitude": "53.713888",
        "light_conditions": "1",
        "local_authority_district": "-1",
        "local_authority_highway": "E08000033",
        "local_authority_highway_current": "E08000033",
        "local_authority_ons_district": "E08000033",
        "location_easting_osgr": "407820",
        "location_northing_osgr": "424168",
        "longitude": "-1.882995",
        "lsoa_of_accident_location": "E01010970",
        "number_of_casualties": 1,
        "number_of_vehicles": 1,
        "pedestrian_crossing": "0",
        "pedestrian_crossing_human_control_historic": "0",
        "pedestrian_crossing_physical_facilities_historic": "0",
        "police_force": "13",
        "road_surface_conditions": "1",
        "road_type": "7",
        "second_road_class": "0",
        "second_road_number": "-1",
        "special_conditions_at_site": "0",
        "speed_limit": 30,
        "time": "07:10",
        "trunk_road_flag": "2",
        "urban_or_rural_area": "1",
        "weather_conditions": "1",
        "geometry_source": "collision_location",
        "source_year": 2021,
        "date_iso": "2021-04-26"
      }
    },
    {
      "type": "Feature",
      "id": "2021131056970",
      "geometry": {
        "type": "Point",
        "coordinates": [
          -1.886422,
          53.729773
        ]
      },
      "properties": {
        "carriageway_hazards": "0",
        "carriageway_hazards_historic": "0",
        "collision_adjusted_severity_serious": "1",
        "collision_adjusted_severity_slight": "0",
        "collision_index": "2021131056970",
        "collision_injury_based": "1",
        "collision_ref_no": "131056970",
        "collision_severity": "2",
        "collision_year": 2021,
        "date": "17/06/2021",
        "day_of_week": "5",
        "did_police_officer_attend_scene_of_accident": "1",
        "enhanced_severity_collision": "7",
        "first_road_class": "6",
        "first_road_number": "0",
        "junction_control": "4",
        "junction_detail": "13",
        "junction_detail_historic": "3",
        "latitude": "53.729773",
        "light_conditions": "4",
        "local_authority_district": "-1",
        "local_authority_highway": "E08000033",
        "local_authority_highway_current": "E08000033",
        "local_authority_ons_district": "E08000033",
        "location_easting_osgr": "407591",
        "location_northing_osgr": "425935",
        "longitude": "-1.886422",
        "lsoa_of_accident_location": "E01010929",
        "number_of_casualties": 2,
        "number_of_vehicles": 1,
        "pedestrian_crossing": "15",
        "pedestrian_crossing_human_control_historic": "0",
        "pedestrian_crossing_physical_facilities_historic": "5",
        "police_force": "13",
        "road_surface_conditions": "1",
        "road_type": "6",
        "second_road_class": "6",
        "second_road_number": "0",
        "special_conditions_at_site": "0",
        "speed_limit": 30,
        "time": "01:32",
        "trunk_road_flag": "2",
        "urban_or_rural_area": "1",
        "weather_conditions": "1",
        "geometry_source": "collision_location",
        "source_year": 2021,
        "date_iso": "2021-06-17"
      }
    },
    {
      "type": "Feature",
      "id": "2021131119451",
      "geometry": {
        "type": "Point",
        "coordinates": [
          -2.091025,
          53.71426
        ]
      },
      "properties": {
        "carriageway_hazards": "0",
        "carriageway_hazards_historic": "0",
        "collision_adjusted_severity_serious": "0",
        "collision_adjusted_severity_slight": "1",
        "collision_index": "2021131119451",
        "collision_injury_based": "1",
        "collision_ref_no": "131119451",
        "collision_severity": "3",
        "collision_year": 2021,
        "date": "08/12/2021",
        "day_of_week": "4",
        "did_police_officer_attend_scene_of_accident": "2",
        "enhanced_severity_collision": "3",
        "first_road_class": "3",
        "first_road_number": "646",
        "junction_control": "-1",
        "junction_detail": "0",
        "junction_detail_historic": "0",
        "latitude": "53.71426",
        "light_conditions": "1",
        "local_authority_district": "-1",
        "local_authority_highway": "E08000033",
        "local_authority_highway_current": "E08000033",
        "local_authority_ons_district": "E08000033",
        "location_easting_osgr": "394090",
        "location_northing_osgr": "424207",
        "longitude": "-2.091025",
        "lsoa_of_accident_location": "E01010984",
        "number_of_casualties": 1,
        "number_of_vehicles": 2,
        "pedestrian_crossing": "0",
        "pedestrian_crossing_human_control_historic": "0",
        "pedestrian_crossing_physical_facilities_historic": "0",
        "police_force": "13",
        "road_surface_conditions": "2",
        "road_type": "6",
        "second_road_class": "0",
        "second_road_number": "-1",
        "special_conditions_at_site": "0",
        "speed_limit": 20,
        "time": "14:00",
        "trunk_road_flag": "2",
        "urban_or_rural_area": "1",
        "weather_conditions": "1",
        "geometry_source": "collision_location",
        "source_year": 2021,
        "date_iso": "2021-12-08"
      }
    },
    {
      "type": "Feature",
      "id": "2021131107266",
      "geometry": {
        "type": "Point",
        "coordinates": [
          -1.787585,
          53.732245
        ]
      },
      "properties": {
        "carriageway_hazards": "0",
        "carriageway_hazards_historic": "0",
        "collision_adjusted_severity_serious": "1",
        "collision_adjusted_severity_slight": "0",
        "collision_index": "2021131107266",
        "collision_injury_based": "1",
        "collision_ref_no": "131107266",
        "collision_severity": "2",
        "collision_year": 2021,
        "date": "07/11/2021",
        "day_of_week": "1",
        "did_police_officer_attend_scene_of_accident": "2",
        "enhanced_severity_collision": "7",
        "first_road_class": "3",
        "first_road_number": "58",
        "junction_control": "-1",
        "junction_detail": "0",
        "junction_detail_historic": "0",
        "latitude": "53.732245",
        "light_conditions": "1",
        "local_authority_district": "-1",
        "local_authority_highway": "E08000033",
        "local_authority_highway_current": "E08000033",
        "local_authority_ons_district": "E08000033",
        "location_easting_osgr": "414111",
        "location_northing_osgr": "426225",
        "longitude": "-1.787585",
        "lsoa_of_accident_location": "E01010905",
        "number_of_casualties": 1,
        "number_of_vehicles": 1,
        "pedestrian_crossing": "0",
        "pedestrian_crossing_human_control_historic": "0",
        "pedestrian_crossing_physical_facilities_historic": "0",
        "police_force": "13",
        "road_surface_conditions": "2",
        "road_type": "6",
        "second_road_class": "0",
        "second_road_number": "-1",
        "special_conditions_at_site": "0",
        "speed_limit": 50,
        "time": "14:40",
        "trunk_road_flag": "2",
        "urban_or_rural_area": "1",
        "weather_conditions": "1",
        "geometry_source": "collision_location",
        "source_year": 2021,
        "date_iso": "2021-11-07"
      }
    },
    {
      "type": "Feature",
      "id": "2021131093484",
      "geometry": {
        "type": "Point",
        "coordinates": [
          -2.12091,
          53.726727
        ]
      },
      "properties": {
        "carriageway_hazards": "0",
        "carriageway_hazards_historic": "0",
        "collision_adjusted_severity_serious": "1",
        "collision_adjusted_severity_slight": "0",
        "collision_index": "2021131093484",
        "collision_injury_based": "1",
        "collision_ref_no": "131093484",
        "collision_severity": "2",
        "collision_year": 2021,
        "date": "30/09/2021",
        "day_of_week": "5",
        "did_police_officer_attend_scene_of_accident": "1",
        "enhanced_severity_collision": "7",
        "first_road_class": "3",
        "first_road_number": "646",
        "junction_control": "4",
        "junction_detail": "13",
        "junction_detail_historic": "3",
        "latitude": "53.726727",
        "light_conditions": "1",
        "local_authority_district": "-1",
        "local_authority_highway": "E08000033",
        "local_authority_highway_current": "E08000033",
        "local_authority_ons_district": "E08000033",
        "location_easting_osgr": "392120",
        "location_northing_osgr": "425597",
        "longitude": "-2.12091",
        "lsoa_of_accident_location": "E01010987",
        "number_of_casualties": 1,
        "number_of_vehicles": 2,
        "pedestrian_crossing": "0",
        "pedestrian_crossing_human_control_historic": "0",
        "pedestrian_crossing_physical_facilities_historic": "0",
        "police_force": "13",
        "road_surface_conditions": "2",
        "road_type": "6",
        "second_road_class": "6",
        "second_road_number": "0",
        "special_conditions_at_site": "0",
        "speed_limit": 30,
        "time": "13:14",
        "trunk_road_flag": "2",
        "urban_or_rural_area": "1",
        "weather_conditions": "2",
        "geometry_source": "collision_location",
        "source_year": 2021,
        "date_iso": "2021-09-30"
      }
    },
    {
      "type": "Feature",
      "id": "2021131098780",
      "geometry": {
        "type": "Point",
        "coordinates": [
          -1.844573,
          53.729915
        ]
      },
      "properties": {
        "carriageway_hazards": "0",
        "carriageway_hazards_historic": "0",
        "collision_adjusted_severity_serious": "0",
        "collision_adjusted_severity_slight": "1",
        "collision_index": "2021131098780",
        "collision_injury_based": "1",
        "collision_ref_no": "131098780",
        "collision_severity": "3",
        "collision_year": 2021,
        "date": "09/10/2021",
        "day_of_week": "7",
        "did_police_officer_attend_scene_of_accident": "1",
        "enhanced_severity_collision": "3",
        "first_road_class": "3",
        "first_road_number": "58",
        "junction_control": "4",
        "junction_detail": "0",
        "junction_detail_historic": "5",
        "latitude": "53.729915",
        "light_conditions": "1",
        "local_authority_district": "-1",
        "local_authority_highway": "E08000033",
        "local_authority_highway_current": "E08000033",
        "local_authority_ons_district": "E08000033",
        "location_easting_osgr": "410352",
        "location_northing_osgr": "425956",
        "longitude": "-1.844573",
        "lsoa_of_accident_location": "E01010934",
        "number_of_casualties": 1,
        "number_of_vehicles": 3,
        "pedestrian_crossing": "0",
        "pedestrian_crossing_human_control_historic": "0",
        "pedestrian_crossing_physical_facilities_historic": "0",
        "police_force": "13",
        "road_surface_conditions": "1",
        "road_type": "6",
        "second_road_class": "6",
        "second_road_number": "0",
        "special_conditions_at_site": "0",
        "speed_limit": 30,
        "time": "14:10",
        "trunk_road_flag": "2",
        "urban_or_rural_area": "2",
        "weather_conditions": "1",
        "geometry_source": "collision_location",
        "source_year": 2021,
        "date_iso": "2021-10-09"
      }
    },
    {
      "type": "Feature",
      "id": "2021131114766",
      "geometry": {
        "type": "Point",
        "coordinates": [
          -1.822405,
          53.673987
        ]
      },
      "properties": {
        "carriageway_hazards": "0",
        "carriageway_hazards_historic": "0",
        "collision_adjusted_severity_serious": "0",
        "collision_adjusted_severity_slight": "1",
        "collision_index": "2021131114766",
        "collision_injury_based": "1",
        "collision_ref_no": "131114766",
        "collision_severity": "3",
        "collision_year": 2021,
        "date": "26/11/2021",
        "day_of_week": "6",
        "did_police_officer_attend_scene_of_accident": "1",
        "enhanced_severity_collision": "3",
        "first_road_class": "1",
        "first_road_number": "62",
        "junction_control": "-1",
        "junction_detail": "0",
        "junction_detail_historic": "0",
        "latitude": "53.673987",
        "light_conditions": "4",
        "local_authority_district": "-1",
        "local_authority_highway": "E08000033",
        "local_authority_highway_current": "E08000033",
        "local_authority_ons_district": "E08000033",
        "location_easting_osgr": "411830",
        "location_northing_osgr": "419737",
        "longitude": "-1.822405",
        "lsoa_of_accident_location": "E01010892",
        "number_of_casualties": 2,
        "number_of_vehicles": 3,
        "pedestrian_crossing": "0",
        "pedestrian_crossing_human_control_historic": "0",
        "pedestrian_crossing_physical_facilities_historic": "0",
        "police_force": "13",
        "road_surface_conditions": "2",
        "road_type": "3",
        "second_road_class": "0",
        "second_road_number": "-1",
        "special_conditions_at_site": "0",
        "speed_limit": 70,
        "time": "16:54",
        "trunk_road_flag": "1",
        "urban_or_rural_area": "2",
        "weather_conditions": "5",
        "geometry_source": "collision_location",
        "source_year": 2021,
        "date_iso": "2021-11-26"
      }
    },
    {
      "type": "Feature",
      "id": "2021131040618",
      "geometry": {
        "type": "Point",
        "coordinates": [
          -1.909192,
          53.734889
        ]
      },
      "properties": {
        "carriageway_hazards": "0",
        "carriageway_hazards_historic": "0",
        "collision_adjusted_severity_serious": "0",
        "collision_adjusted_severity_slight": "1",
        "collision_index": "2021131040618",
        "collision_injury_based": "1",
        "collision_ref_no": "131040618",
        "collision_severity": "3",
        "collision_year": 2021,
        "date": "25/04/2021",
        "day_of_week": "1",
        "did_police_officer_attend_scene_of_accident": "2",
        "enhanced_severity_collision": "3",
        "first_road_class": "6",
        "first_road_number": "0",
        "junction_control": "4",
        "junction_detail": "13",
        "junction_detail_historic": "3",
        "latitude": "53.734889",
        "light_conditions": "7",
        "local_authority_district": "-1",
        "local_authority_highway": "E08000033",
        "local_authority_highway_current": "E08000033",
        "local_authority_ons_district": "E08000033",
        "location_easting_osgr": "406088",
        "location_northing_osgr": "426502",
        "longitude": "-1.909192",
        "lsoa_of_accident_location": "E01010927",
        "number_of_casualties": 1,
        "number_of_vehicles": 2,
        "pedestrian_crossing": "0",
        "pedestrian_crossing_human_control_historic": "0",
        "pedestrian_crossing_physical_facilities_historic": "0",
        "police_force": "13",
        "road_surface_conditions": "1",
        "road_type": "6",
        "second_road_class": "6",
        "second_road_number": "0",
        "special_conditions_at_site": "0",
        "speed_limit": 30,
        "time": "22:00",
        "trunk_road_flag": "2",
        "urban_or_rural_area": "1",
        "weather_conditions": "1",
        "geometry_source": "collision_location",
        "source_year": 2021,
        "date_iso": "2021-04-25"
      }
    },
    {
      "type": "Feature",
      "id": "2021131045123",
      "geometry": {
        "type": "Point",
        "coordinates": [
          -1.743106,
          53.703253
        ]
      },
      "properties": {
        "carriageway_hazards": "0",
        "carriageway_hazards_historic": "0",
        "collision_adjusted_severity_serious": "0",
        "collision_adjusted_severity_slight": "1",
        "collision_index": "2021131045123",
        "collision_injury_based": "1",
        "collision_ref_no": "131045123",
        "collision_severity": "3",
        "collision_year": 2021,
        "date": "13/05/2021",
        "day_of_week": "5",
        "did_police_officer_attend_scene_of_accident": "1",
        "enhanced_severity_collision": "3",
        "first_road_class": "1",
        "first_road_number": "62",
        "junction_control": "-1",
        "junction_detail": "0",
        "junction_detail_historic": "0",
        "latitude": "53.703253",
        "light_conditions": "1",
        "local_authority_district": "-1",
        "local_authority_highway": "E08000033",
        "local_authority_highway_current": "E08000033",
        "local_authority_ons_district": "E08000033",
        "location_easting_osgr": "417057",
        "location_northing_osgr": "423009",
        "longitude": "-1.743106",
        "lsoa_of_accident_location": "E01010879",
        "number_of_casualties": 1,
        "number_of_vehicles": 2,
        "pedestrian_crossing": "0",
        "pedestrian_crossing_human_control_historic": "0",
        "pedestrian_crossing_physical_facilities_historic": "0",
        "police_force": "13",
        "road_surface_conditions": "1",
        "road_type": "3",
        "second_road_class": "0",
        "second_road_number": "-1",
        "special_conditions_at_site": "0",
        "speed_limit": 70,
        "time": "12:32",
        "trunk_road_flag": "1",
        "urban_or_rural_area": "2",
        "weather_conditions": "1",
        "geometry_source": "collision_location",
        "source_year": 2021,
        "date_iso": "2021-05-13"
      }
    },
    {
      "type": "Feature",
      "id": "2021131107381",
      "geometry": {
        "type": "Point",
        "coordinates": [
          -1.872296,
          53.729552
        ]
      },
      "properties": {
        "carriageway_hazards": "0",
        "carriageway_hazards_historic": "0",
        "collision_adjusted_severity_serious": "0",
        "collision_adjusted_severity_slight": "1",
        "collision_index": "2021131107381",
        "collision_injury_based": "1",
        "collision_ref_no": "131107381",
        "collision_severity": "3",
        "collision_year": 2021,
        "date": "08/11/2021",
        "day_of_week": "2",
        "did_police_officer_attend_scene_of_accident": "1",
        "enhanced_severity_collision": "3",
        "first_road_class": "6",
        "first_road_number": "0",
        "junction_control": "-1",
        "junction_detail": "0",
        "junction_detail_historic": "0",
        "latitude": "53.729552",
        "light_conditions": "1",
        "local_authority_district": "-1",
        "local_authority_highway": "E08000033",
        "local_authority_highway_current": "E08000033",
        "local_authority_ons_district": "E08000033",
        "location_easting_osgr": "408523",
        "location_northing_osgr": "425912",
        "longitude": "-1.872296",
        "lsoa_of_accident_location": "E01010960",
        "number_of_casualties": 3,
        "number_of_vehicles": 4,
        "pedestrian_crossing": "0",
        "pedestrian_crossing_human_control_historic": "0",
        "pedestrian_crossing_physical_facilities_historic": "0",
        "police_force": "13",
        "road_surface_conditions": "1",
        "road_type": "6",
        "second_road_class": "0",
        "second_road_number": "-1",
        "special_conditions_at_site": "0",
        "speed_limit": 30,
        "time": "13:25",
        "trunk_road_flag": "2",
        "urban_or_rural_area": "1",
        "weather_conditions": "1",
        "geometry_source": "collision_location",
        "source_year": 2021,
        "date_iso": "2021-11-08"
      }
    },
    {
      "type": "Feature",
      "id": "2021131042908",
      "geometry": {
        "type": "Point",
        "coordinates": [
          -1.986473,
          53.732271
        ]
      },
      "properties": {
        "carriageway_hazards": "0",
        "carriageway_hazards_historic": "0",
        "collision_adjusted_severity_serious": "0",
        "collision_adjusted_severity_slight": "1",
        "collision_index": "2021131042908",
        "collision_injury_based": "1",
        "collision_ref_no": "131042908",
        "collision_severity": "3",
        "collision_year": 2021,
        "date": "06/05/2021",
        "day_of_week": "5",
        "did_police_officer_attend_scene_of_accident": "2",
        "enhanced_severity_collision": "3",
        "first_road_class": "3",
        "first_road_number": "646",
        "junction_control": "-1",
        "junction_detail": "0",
        "junction_detail_historic": "0",
        "latitude": "53.732271",
        "light_conditions": "1",
        "local_authority_district": "-1",
        "local_authority_highway": "E08000033",
        "local_authority_highway_current": "E08000033",
        "local_authority_ons_district": "E08000033",
        "location_easting_osgr": "400990",
        "location_northing_osgr": "426207",
        "longitude": "-1.986473",
        "lsoa_of_accident_location": "E01010919",
        "number_of_casualties": 1,
        "number_of_vehicles": 1,
        "pedestrian_crossing": "0",
        "pedestrian_crossing_human_control_historic": "0",
        "pedestrian_crossing_physical_facilities_historic": "0",
        "police_force": "13",
        "road_surface_conditions": "1",
        "road_type": "6",
        "second_road_class": "0",
        "second_road_number": "-1",
        "special_conditions_at_site": "0",
        "speed_limit": 30,
        "time": "17:30",
        "trunk_road_flag": "2",
        "urban_or_rural_area": "2",
        "weather_conditions": "1",
        "geometry_source": "collision_location",
        "source_year": 2021,
        "date_iso": "2021-05-06"
      }
    },
    {
      "type": "Feature",
      "id": "20211381I0863",
      "geometry": {
        "type": "Point",
        "coordinates": [
          -1.778701,
          53.715251
        ]
      },
      "properties": {
        "carriageway_hazards": "0",
        "carriageway_hazards_historic": "0",
        "collision_adjusted_severity_serious": "0.04783",
        "collision_adjusted_severity_slight": "0.95217",
        "collision_index": "20211381I0863",
        "collision_injury_based": "0",
        "collision_ref_no": "1381I0863",
        "collision_severity": "3",
        "collision_year": 2021,
        "date": "18/01/2021",
        "day_of_week": "2",
        "did_police_officer_attend_scene_of_accident": "1",
        "enhanced_severity_collision": "-1",
        "first_road_class": "3",
        "first_road_number": "641",
        "junction_control": "4",
        "junction_detail": "18",
        "junction_detail_historic": "8",
        "latitude": "53.715251",
        "light_conditions": "1",
        "local_authority_district": "-1",
        "local_authority_highway": "E08000033",
        "local_authority_highway_current": "E08000033",
        "local_authority_ons_district": "E08000033",
        "location_easting_osgr": "414703",
        "location_northing_osgr": "424336",
        "longitude": "-1.778701",
        "lsoa_of_accident_location": "E01010880",
        "number_of_casualties": 1,
        "number_of_vehicles": 2,
        "pedestrian_crossing": "0",
        "pedestrian_crossing_human_control_historic": "0",
        "pedestrian_crossing_physical_facilities_historic": "0",
        "police_force": "13",
        "road_surface_conditions": "1",
        "road_type": "6",
        "second_road_class": "6",
        "second_road_number": "0",
        "special_conditions_at_site": "0",
        "speed_limit": 30,
        "time": "14:08",
        "trunk_road_flag": "2",
        "urban_or_rural_area": "1",
        "weather_conditions": "1",
        "geometry_source": "collision_location",
        "source_year": 2021,
        "date_iso": "2021-01-18"
      }
    },
    {
      "type": "Feature",
      "id": "2021131037862",
      "geometry": {
        "type": "Point",
        "coordinates": [
          -2.009486,
          53.745115
        ]
      },
      "properties": {
        "carriageway_hazards": "0",
        "carriageway_hazards_historic": "0",
        "collision_adjusted_severity_serious": "0",
        "collision_adjusted_severity_slight": "1",
        "collision_index": "2021131037862",
        "collision_injury_based": "1",
        "collision_ref_no": "131037862",
        "collision_severity": "3",
        "collision_year": 2021,
        "date": "20/04/2021",
        "day_of_week": "3",
        "did_police_officer_attend_scene_of_accident": "2",
        "enhanced_severity_collision": "3",
        "first_road_class": "3",
        "first_road_number": "6033",
        "junction_control": "-1",
        "junction_detail": "0",
        "junction_detail_historic": "0",
        "latitude": "53.745115",
        "light_conditions": "1",
        "local_authority_district": "-1",
        "local_authority_highway": "E08000033",
        "local_authority_highway_current": "E08000033",
        "local_authority_ons_district": "E08000033",
        "location_easting_osgr": "399472",
        "location_northing_osgr": "427636",
        "longitude": "-2.009486",
        "lsoa_of_accident_location": "E01010888",
        "number_of_casualties": 1,
        "number_of_vehicles": 1,
        "pedestrian_crossing": "0",
        "pedestrian_crossing_human_control_historic": "0",
        "pedestrian_crossing_physical_facilities_historic": "0",
        "police_force": "13",
        "road_surface_conditions": "1",
        "road_type": "6",
        "second_road_class": "0",
        "second_road_number": "-1",
        "special_conditions_at_site": "0",
        "speed_limit": 30,
        "time": "12:50",
        "trunk_road_flag": "2",
        "urban_or_rural_area": "2",
        "weather_conditions": "1",
        "geometry_source": "collision_location",
        "source_year": 2021,
        "date_iso": "2021-04-20"
      }
    },
    {
      "type": "Feature",
      "id": "2021131059470",
      "geometry": {
        "type": "Point",
        "coordinates": [
          -2.047015,
          53.732289
        ]
      },
      "properties": {
        "carriageway_hazards": "0",
        "carriageway_hazards_historic": "0",
        "collision_adjusted_severity_serious": "1",
        "collision_adjusted_severity_slight": "0",
        "collision_index": "2021131059470",
        "collision_injury_based": "1",
        "collision_ref_no": "131059470",
        "collision_severity": "2",
        "collision_year": 2021,
        "date": "24/06/2021",
        "day_of_week": "5",
        "did_police_officer_attend_scene_of_accident": "1",
        "enhanced_severity_collision": "5",
        "first_road_class": "3",
        "first_road_number": "646",
        "junction_control": "4",
        "junction_detail": "13",
        "junction_detail_historic": "3",
        "latitude": "53.732289",
        "light_conditions": "4",
        "local_authority_district": "-1",
        "local_authority_highway": "E08000033",
        "local_authority_highway_current": "E08000033",
        "local_authority_ons_district": "E08000033",
        "location_easting_osgr": "396996",
        "location_northing_osgr": "426210",
        "longitude": "-2.047015",
        "lsoa_of_accident_location": "E01010882",
        "number_of_casualties": 4,
        "number_of_vehicles": 2,
        "pedestrian_crossing": "17",
        "pedestrian_crossing_human_control_historic": "0",
        "pedestrian_crossing_physical_facilities_historic": "8",
        "police_force": "13",
        "road_surface_conditions": "2",
        "road_type": "6",
        "second_road_class": "6",
        "second_road_number": "0",
        "special_conditions_at_site": "0",
        "speed_limit": 30,
        "time": "23:08",
        "trunk_road_flag": "2",
        "urban_or_rural_area": "2",
        "weather_conditions": "2",
        "geometry_source": "collision_location",
        "source_year": 2021,
        "date_iso": "2021-06-24"
      }
    },
    {
      "type": "Feature",
      "id": "2021131076442",
      "geometry": {
        "type": "Point",
        "coordinates": [
          -2.096721,
          53.713654
        ]
      },
      "properties": {
        "carriageway_hazards": "0",
        "carriageway_hazards_historic": "0",
        "collision_adjusted_severity_serious": "1",
        "collision_adjusted_severity_slight": "0",
        "collision_index": "2021131076442",
        "collision_injury_based": "1",
        "collision_ref_no": "131076442",
        "collision_severity": "2",
        "collision_year": 2021,
        "date": "12/08/2021",
        "day_of_week": "5",
        "did_police_officer_attend_scene_of_accident": "1",
        "enhanced_severity_collision": "7",
        "first_road_class": "6",
        "first_road_number": "0",
        "junction_control": "4",
        "junction_detail": "19",
        "junction_detail_historic": "9",
        "latitude": "53.713654",
        "light_conditions": "4",
        "local_authority_district": "-1",
        "local_authority_highway": "E08000033",
        "local_authority_highway_current": "E08000033",
        "local_authority_ons_district": "E08000033",
        "location_easting_osgr": "393714",
        "location_northing_osgr": "424140",
        "longitude": "-2.096721",
        "lsoa_of_accident_location": "E01010983",
        "number_of_casualties": 1,
        "number_of_vehicles": 2,
        "pedestrian_crossing": "0",
        "pedestrian_crossing_human_control_historic": "0",
        "pedestrian_crossing_physical_facilities_historic": "0",
        "police_force": "13",
        "road_surface_conditions": "1",
        "road_type": "6",
        "second_road_class": "3",
        "second_road_number": "646",
        "special_conditions_at_site": "0",
        "speed_limit": 20,
        "time": "23:30",
        "trunk_road_flag": "2",
        "urban_or_rural_area": "1",
        "weather_conditions": "1",
        "geometry_source": "collision_location",
        "source_year": 2021,
        "date_iso": "2021-08-12"
      }
    },
    {
      "type": "Feature",
      "id": "2021131106514",
      "geometry": {
        "type": "Point",
        "coordinates": [
          -1.838358,
          53.68635
        ]
      },
      "properties": {
        "carriageway_hazards": "0",
        "carriageway_hazards_historic": "0",
        "collision_adjusted_severity_serious": "1",
        "collision_adjusted_severity_slight": "0",
        "collision_index": "2021131106514",
        "collision_injury_based": "1",
        "collision_ref_no": "131106514",
        "collision_severity": "2",
        "collision_year": 2021,
        "date": "05/11/2021",
        "day_of_week": "6",
        "did_police_officer_attend_scene_of_accident": "1",
        "enhanced_severity_collision": "7",
        "first_road_class": "6",
        "first_road_number": "0",
        "junction_control": "4",
        "junction_detail": "13",
        "junction_detail_historic": "3",
        "latitude": "53.68635",
        "light_conditions": "1",
        "local_authority_district": "-1",
        "local_authority_highway": "E08000033",
        "local_authority_highway_current": "E08000033",
        "local_authority_ons_district": "E08000033",
        "location_easting_osgr": "410773",
        "location_northing_osgr": "421110",
        "longitude": "-1.838358",
        "lsoa_of_accident_location": "E01010889",
        "number_of_casualties": 1,
        "number_of_vehicles": 1,
        "pedestrian_crossing": "0",
        "pedestrian_crossing_human_control_historic": "0",
        "pedestrian_crossing_physical_facilities_historic": "0",
        "police_force": "13",
        "road_surface_conditions": "1",
        "road_type": "2",
        "second_road_class": "6",
        "second_road_number": "0",
        "special_conditions_at_site": "0",
        "speed_limit": 20,
        "time": "12:20",
        "trunk_road_flag": "2",
        "urban_or_rural_area": "1",
        "weather_conditions": "1",
        "geometry_source": "collision_location",
        "source_year": 2021,
        "date_iso": "2021-11-05"
      }
    },
    {
      "type": "Feature",
      "id": "2021131035666",
      "geometry": {
        "type": "Point",
        "coordinates": [
          -1.765792,
          53.704099
        ]
      },
      "properties": {
        "carriageway_hazards": "0",
        "carriageway_hazards_historic": "0",
        "collision_adjusted_severity_serious": "0",
        "collision_adjusted_severity_slight": "1",
        "collision_index": "2021131035666",
        "collision_injury_based": "1",
        "collision_ref_no": "131035666",
        "collision_severity": "3",
        "collision_year": 2021,
        "date": "14/04/2021",
        "day_of_week": "4",
        "did_police_officer_attend_scene_of_accident": "1",
        "enhanced_severity_collision": "3",
        "first_road_class": "3",
        "first_road_number": "643",
        "junction_control": "4",
        "junction_detail": "13",
        "junction_detail_historic": "3",
        "latitude": "53.704099",
        "light_conditions": "1",
        "local_authority_district": "-1",
        "local_authority_highway": "E08000033",
        "local_authority_highway_current": "E08000033",
        "local_authority_ons_district": "E08000033",
        "location_easting_osgr": "415559",
        "location_northing_osgr": "423098",
        "longitude": "-1.765792",
        "lsoa_of_accident_location": "E01010879",
        "number_of_casualties": 1,
        "number_of_vehicles": 1,
        "pedestrian_crossing": "0",
        "pedestrian_crossing_human_control_historic": "0",
        "pedestrian_crossing_physical_facilities_historic": "0",
        "police_force": "13",
        "road_surface_conditions": "1",
        "road_type": "6",
        "second_road_class": "6",
        "second_road_number": "0",
        "special_conditions_at_site": "0",
        "speed_limit": 30,
        "time": "16:11",
        "trunk_road_flag": "2",
        "urban_or_rural_area": "1",
        "weather_conditions": "1",
        "geometry_source": "collision_location",
        "source_year": 2021,
        "date_iso": "2021-04-14"
      }
    },
    {
      "type": "Feature",
      "id": "2021131038118",
      "geometry": {
        "type": "Point",
        "coordinates": [
          -2.097751,
          53.713716
        ]
      },
      "properties": {
        "carriageway_hazards": "0",
        "carriageway_hazards_historic": "0",
        "collision_adjusted_severity_serious": "0",
        "collision_adjusted_severity_slight": "1",
        "collision_index": "2021131038118",
        "collision_injury_based": "1",
        "collision_ref_no": "131038118",
        "collision_severity": "3",
        "collision_year": 2021,
        "date": "22/04/2021",
        "day_of_week": "5",
        "did_police_officer_attend_scene_of_accident": "1",
        "enhanced_severity_collision": "3",
        "first_road_class": "3",
        "first_road_number": "646",
        "junction_control": "4",
        "junction_detail": "13",
        "junction_detail_historic": "3",
        "latitude": "53.713716",
        "light_conditions": "1",
        "local_authority_district": "-1",
        "local_authority_highway": "E08000033",
        "local_authority_highway_current": "E08000033",
        "local_authority_ons_district": "E08000033",
        "location_easting_osgr": "393646",
        "location_northing_osgr": "424147",
        "longitude": "-2.097751",
        "lsoa_of_accident_location": "E01010983",
        "number_of_casualties": 1,
        "number_of_vehicles": 2,
        "pedestrian_crossing": "0",
        "pedestrian_crossing_human_control_historic": "0",
        "pedestrian_crossing_physical_facilities_historic": "0",
        "police_force": "13",
        "road_surface_conditions": "1",
        "road_type": "6",
        "second_road_class": "3",
        "second_road_number": "6033",
        "special_conditions_at_site": "0",
        "speed_limit": 30,
        "time": "12:55",
        "trunk_road_flag": "2",
        "urban_or_rural_area": "1",
        "weather_conditions": "1",
        "geometry_source": "collision_location",
        "source_year": 2021,
        "date_iso": "2021-04-22"
      }
    },
    {
      "type": "Feature",
      "id": "2021131067291",
      "geometry": {
        "type": "Point",
        "coordinates": [
          -1.862213,
          53.721389
        ]
      },
      "properties": {
        "carriageway_hazards": "0",
        "carriageway_hazards_historic": "0",
        "collision_adjusted_severity_serious": "1",
        "collision_adjusted_severity_slight": "0",
        "collision_index": "2021131067291",
        "collision_injury_based": "1",
        "collision_ref_no": "131067291",
        "collision_severity": "2",
        "collision_year": 2021,
        "date": "18/07/2021",
        "day_of_week": "1",
        "did_police_officer_attend_scene_of_accident": "1",
        "enhanced_severity_collision": "7",
        "first_road_class": "6",
        "first_road_number": "0",
        "junction_control": "-1",
        "junction_detail": "0",
        "junction_detail_historic": "0",
        "latitude": "53.721389",
        "light_conditions": "1",
        "local_authority_district": "-1",
        "local_authority_highway": "E08000033",
        "local_authority_highway_current": "E08000033",
        "local_authority_ons_district": "E08000033",
        "location_easting_osgr": "409190",
        "location_northing_osgr": "425005",
        "longitude": "-1.862213",
        "lsoa_of_accident_location": "E01010994",
        "number_of_casualties": 1,
        "number_of_vehicles": 1,
        "pedestrian_crossing": "0",
        "pedestrian_crossing_human_control_historic": "0",
        "pedestrian_crossing_physical_facilities_historic": "0",
        "police_force": "13",
        "road_surface_conditions": "1",
        "road_type": "6",
        "second_road_class": "0",
        "second_road_number": "-1",
        "special_conditions_at_site": "0",
        "speed_limit": 30,
        "time": "12:30",
        "trunk_road_flag": "2",
        "urban_or_rural_area": "1",
        "weather_conditions": "1",
        "geometry_source": "collision_location",
        "source_year": 2021,
        "date_iso": "2021-07-18"
      }
    },
    {
      "type": "Feature",
      "id": "2021131099416",
      "geometry": {
        "type": "Point",
        "coordinates": [
          -1.944547,
          53.672631
        ]
      },
      "properties": {
        "carriageway_hazards": "0",
        "carriageway_hazards_historic": "0",
        "collision_adjusted_severity_serious": "0",
        "collision_adjusted_severity_slight": "1",
        "collision_index": "2021131099416",
        "collision_injury_based": "1",
        "collision_ref_no": "131099416",
        "collision_severity": "3",
        "collision_year": 2021,
        "date": "17/10/2021",
        "day_of_week": "1",
        "did_police_officer_attend_scene_of_accident": "1",
        "enhanced_severity_collision": "3",
        "first_road_class": "3",
        "first_road_number": "672",
        "junction_control": "-1",
        "junction_detail": "0",
        "junction_detail_historic": "0",
        "latitude": "53.672631",
        "light_conditions": "4",
        "local_authority_district": "-1",
        "local_authority_highway": "E08000033",
        "local_authority_highway_current": "E08000033",
        "local_authority_ons_district": "E08000033",
        "location_easting_osgr": "403761",
        "location_northing_osgr": "419573",
        "longitude": "-1.944547",
        "lsoa_of_accident_location": "E01010952",
        "number_of_casualties": 1,
        "number_of_vehicles": 3,
        "pedestrian_crossing": "0",
        "pedestrian_crossing_human_control_historic": "0",
        "pedestrian_crossing_physical_facilities_historic": "0",
        "police_force": "13",
        "road_surface_conditions": "2",
        "road_type": "6",
        "second_road_class": "0",
        "second_road_number": "-1",
        "special_conditions_at_site": "0",
        "speed_limit": 30,
        "time": "07:10",
        "trunk_road_flag": "2",
        "urban_or_rural_area": "2",
        "weather_conditions": "2",
        "geometry_source": "collision_location",
        "source_year": 2021,
        "date_iso": "2021-10-17"
      }
    },
    {
      "type": "Feature",
      "id": "2021131032521",
      "geometry": {
        "type": "Point",
        "coordinates": [
          -1.886676,
          53.725279
        ]
      },
      "properties": {
        "carriageway_hazards": "0",
        "carriageway_hazards_historic": "0",
        "collision_adjusted_severity_serious": "0",
        "collision_adjusted_severity_slight": "1",
        "collision_index": "2021131032521",
        "collision_injury_based": "1",
        "collision_ref_no": "131032521",
        "collision_severity": "3",
        "collision_year": 2021,
        "date": "01/04/2021",
        "day_of_week": "5",
        "did_police_officer_attend_scene_of_accident": "1",
        "enhanced_severity_collision": "3",
        "first_road_class": "6",
        "first_road_number": "0",
        "junction_control": "-1",
        "junction_detail": "0",
        "junction_detail_historic": "0",
        "latitude": "53.725279",
        "light_conditions": "1",
        "local_authority_district": "-1",
        "local_authority_highway": "E08000033",
        "local_authority_highway_current": "E08000033",
        "local_authority_ons_district": "E08000033",
        "location_easting_osgr": "407575",
        "location_northing_osgr": "425435",
        "longitude": "-1.886676",
        "lsoa_of_accident_location": "E01011000",
        "number_of_casualties": 1,
        "number_of_vehicles": 2,
        "pedestrian_crossing": "0",
        "pedestrian_crossing_human_control_historic": "0",
        "pedestrian_crossing_physical_facilities_historic": "0",
        "police_force": "13",
        "road_surface_conditions": "1",
        "road_type": "1",
        "second_road_class": "0",
        "second_road_number": "-1",
        "special_conditions_at_site": "0",
        "speed_limit": 30,
        "time": "16:24",
        "trunk_road_flag": "2",
        "urban_or_rural_area": "1",
        "weather_conditions": "1",
        "geometry_source": "collision_location",
        "source_year": 2021,
        "date_iso": "2021-04-01"
      }
    },
    {
      "type": "Feature",
      "id": "2021131114528",
      "geometry": {
        "type": "Point",
        "coordinates": [
          -1.77645,
          53.722644
        ]
      },
      "properties": {
        "carriageway_hazards": "0",
        "carriageway_hazards_historic": "0",
        "collision_adjusted_severity_serious": "1",
        "collision_adjusted_severity_slight": "0",
        "collision_index": "2021131114528",
        "collision_injury_based": "1",
        "collision_ref_no": "131114528",
        "collision_severity": "2",
        "collision_year": 2021,
        "date": "26/11/2021",
        "day_of_week": "6",
        "did_police_officer_attend_scene_of_accident": "1",
        "enhanced_severity_collision": "6",
        "first_road_class": "3",
        "first_road_number": "649",
        "junction_control": "2",
        "junction_detail": "17",
        "junction_detail_historic": "7",
        "latitude": "53.722644",
        "light_conditions": "5",
        "local_authority_district": "-1",
        "local_authority_highway": "E08000033",
        "local_authority_highway_current": "E08000033",
        "local_authority_ons_district": "E08000033",
        "location_easting_osgr": "414849",
        "location_northing_osgr": "425159",
        "longitude": "-1.77645",
        "lsoa_of_accident_location": "E01010908",
        "number_of_casualties": 2,
        "number_of_vehicles": 3,
        "pedestrian_crossing": "0",
        "pedestrian_crossing_human_control_historic": "0",
        "pedestrian_crossing_physical_facilities_historic": "0",
        "police_force": "13",
        "road_surface_conditions": "2",
        "road_type": "6",
        "second_road_class": "3",
        "second_road_number": "641",
        "special_conditions_at_site": "0",
        "speed_limit": 30,
        "time": "10:13",
        "trunk_road_flag": "2",
        "urban_or_rural_area": "1",
        "weather_conditions": "1",
        "geometry_source": "collision_location",
        "source_year": 2021,
        "date_iso": "2021-11-26"
      }
    },
    {
      "type": "Feature",
      "id": "2021131120428",
      "geometry": {
        "type": "Point",
        "coordinates": [
          -1.860491,
          53.71523
        ]
      },
      "properties": {
        "carriageway_hazards": "0",
        "carriageway_hazards_historic": "0",
        "collision_adjusted_severity_serious": "1",
        "collision_adjusted_severity_slight": "0",
        "collision_index": "2021131120428",
        "collision_injury_based": "1",
        "collision_ref_no": "131120428",
        "collision_severity": "2",
        "collision_year": 2021,
        "date": "13/12/2021",
        "day_of_week": "2",
        "did_police_officer_attend_scene_of_accident": "1",
        "enhanced_severity_collision": "7",
        "first_road_class": "3",
        "first_road_number": "629",
        "junction_control": "4",
        "junction_detail": "19",
        "junction_detail_historic": "9",
        "latitude": "53.71523",
        "light_conditions": "4",
        "local_authority_district": "-1",
        "local_authority_highway": "E08000033",
        "local_authority_highway_current": "E08000033",
        "local_authority_ons_district": "E08000033",
        "location_easting_osgr": "409305",
        "location_northing_osgr": "424320",
        "longitude": "-1.860491",
        "lsoa_of_accident_location": "E01010968",
        "number_of_casualties": 1,
        "number_of_vehicles": 1,
        "pedestrian_crossing": "0",
        "pedestrian_crossing_human_control_historic": "0",
        "pedestrian_crossing_physical_facilities_historic": "0",
        "police_force": "13",
        "road_surface_conditions": "2",
        "road_type": "6",
        "second_road_class": "6",
        "second_road_number": "0",
        "special_conditions_at_site": "0",
        "speed_limit": 30,
        "time": "08:06",
        "trunk_road_flag": "2",
        "urban_or_rural_area": "1",
        "weather_conditions": "2",
        "geometry_source": "collision_location",
        "source_year": 2021,
        "date_iso": "2021-12-13"
      }
    },
    {
      "type": "Feature",
      "id": "2021131114276",
      "geometry": {
        "type": "Point",
        "coordinates": [
          -1.949318,
          53.656976
        ]
      },
      "properties": {
        "carriageway_hazards": "0",
        "carriageway_hazards_historic": "0",
        "collision_adjusted_severity_serious": "0",
        "collision_adjusted_severity_slight": "1",
        "collision_index": "2021131114276",
        "collision_injury_based": "1",
        "collision_ref_no": "131114276",
        "collision_severity": "3",
        "collision_year": 2021,
        "date": "25/11/2021",
        "day_of_week": "5",
        "did_police_officer_attend_scene_of_accident": "1",
        "enhanced_severity_collision": "3",
        "first_road_class": "3",
        "first_road_number": "672",
        "junction_control": "-1",
        "junction_detail": "0",
        "junction_detail_historic": "0",
        "latitude": "53.656976",
        "light_conditions": "1",
        "local_authority_district": "-1",
        "local_authority_highway": "E08000033",
        "local_authority_highway_current": "E08000033",
        "local_authority_ons_district": "E08000033",
        "location_easting_osgr": "403447",
        "location_northing_osgr": "417831",
        "longitude": "-1.949318",
        "lsoa_of_accident_location": "E01010955",
        "number_of_casualties": 1,
        "number_of_vehicles": 2,
        "pedestrian_crossing": "0",
        "pedestrian_crossing_human_control_historic": "0",
        "pedestrian_crossing_physical_facilities_historic": "0",
        "police_force": "13",
        "road_surface_conditions": "1",
        "road_type": "6",
        "second_road_class": "0",
        "second_road_number": "-1",
        "special_conditions_at_site": "0",
        "speed_limit": 30,
        "time": "13:30",
        "trunk_road_flag": "2",
        "urban_or_rural_area": "2",
        "weather_conditions": "1",
        "geometry_source": "collision_location",
        "source_year": 2021,
        "date_iso": "2021-11-25"
      }
    },
    {
      "type": "Feature",
      "id": "2021131036619",
      "geometry": {
        "type": "Point",
        "coordinates": [
          -1.871538,
          53.729731
        ]
      },
      "properties": {
        "carriageway_hazards": "0",
        "carriageway_hazards_historic": "0",
        "collision_adjusted_severity_serious": "0",
        "collision_adjusted_severity_slight": "1",
        "collision_index": "2021131036619",
        "collision_injury_based": "1",
        "collision_ref_no": "131036619",
        "collision_severity": "3",
        "collision_year": 2021,
        "date": "16/04/2021",
        "day_of_week": "6",
        "did_police_officer_attend_scene_of_accident": "2",
        "enhanced_severity_collision": "3",
        "first_road_class": "6",
        "first_road_number": "0",
        "junction_control": "4",
        "junction_detail": "13",
        "junction_detail_historic": "3",
        "latitude": "53.729731",
        "light_conditions": "1",
        "local_authority_district": "-1",
        "local_authority_highway": "E08000033",
        "local_authority_highway_current": "E08000033",
        "local_authority_ons_district": "E08000033",
        "location_easting_osgr": "408573",
        "location_northing_osgr": "425932",
        "longitude": "-1.871538",
        "lsoa_of_accident_location": "E01010961",
        "number_of_casualties": 1,
        "number_of_vehicles": 2,
        "pedestrian_crossing": "0",
        "pedestrian_crossing_human_control_historic": "0",
        "pedestrian_crossing_physical_facilities_historic": "0",
        "police_force": "13",
        "road_surface_conditions": "1",
        "road_type": "6",
        "second_road_class": "6",
        "second_road_number": "0",
        "special_conditions_at_site": "0",
        "speed_limit": 30,
        "time": "16:15",
        "trunk_road_flag": "2",
        "urban_or_rural_area": "1",
        "weather_conditions": "1",
        "geometry_source": "collision_location",
        "source_year": 2021,
        "date_iso": "2021-04-16"
      }
    },
    {
      "type": "Feature",
      "id": "2021131055147",
      "geometry": {
        "type": "Point",
        "coordinates": [
          -1.781458,
          53.69772
        ]
      },
      "properties": {
        "carriageway_hazards": "0",
        "carriageway_hazards_historic": "0",
        "collision_adjusted_severity_serious": "1",
        "collision_adjusted_severity_slight": "0",
        "collision_index": "2021131055147",
        "collision_injury_based": "1",
        "collision_ref_no": "131055147",
        "collision_severity": "2",
        "collision_year": 2021,
        "date": "12/06/2021",
        "day_of_week": "7",
        "did_police_officer_attend_scene_of_accident": "1",
        "enhanced_severity_collision": "7",
        "first_road_class": "6",
        "first_road_number": "0",
        "junction_control": "4",
        "junction_detail": "16",
        "junction_detail_historic": "6",
        "latitude": "53.69772",
        "light_conditions": "1",
        "local_authority_district": "-1",
        "local_authority_highway": "E08000033",
        "local_authority_highway_current": "E08000033",
        "local_authority_ons_district": "E08000033",
        "location_easting_osgr": "414527",
        "location_northing_osgr": "422385",
        "longitude": "-1.781458",
        "lsoa_of_accident_location": "E01010950",
        "number_of_casualties": 1,
        "number_of_vehicles": 2,
        "pedestrian_crossing": "0",
        "pedestrian_crossing_human_control_historic": "0",
        "pedestrian_crossing_physical_facilities_historic": "0",
        "police_force": "13",
        "road_surface_conditions": "1",
        "road_type": "6",
        "second_road_class": "6",
        "second_road_number": "0",
        "special_conditions_at_site": "0",
        "speed_limit": 20,
        "time": "19:15",
        "trunk_road_flag": "2",
        "urban_or_rural_area": "1",
        "weather_conditions": "1",
        "geometry_source": "collision_location",
        "source_year": 2021,
        "date_iso": "2021-06-12"
      }
    },
    {
      "type": "Feature",
      "id": "2021138181427",
      "geometry": {
        "type": "Point",
        "coordinates": [
          -1.78523,
          53.697619
        ]
      },
      "properties": {
        "carriageway_hazards": "0",
        "carriageway_hazards_historic": "0",
        "collision_adjusted_severity_serious": "0.01387",
        "collision_adjusted_severity_slight": "0.98613",
        "collision_index": "2021138181427",
        "collision_injury_based": "0",
        "collision_ref_no": "138181427",
        "collision_severity": "3",
        "collision_year": 2021,
        "date": "08/01/2021",
        "day_of_week": "6",
        "did_police_officer_attend_scene_of_accident": "2",
        "enhanced_severity_collision": "-1",
        "first_road_class": "3",
        "first_road_number": "643",
        "junction_control": "-1",
        "junction_detail": "0",
        "junction_detail_historic": "0",
        "latitude": "53.697619",
        "light_conditions": "1",
        "local_authority_district": "-1",
        "local_authority_highway": "E08000033",
        "local_authority_highway_current": "E08000033",
        "local_authority_ons_district": "E08000033",
        "location_easting_osgr": "414278",
        "location_northing_osgr": "422373",
        "longitude": "-1.78523",
        "lsoa_of_accident_location": "E01010950",
        "number_of_casualties": 1,
        "number_of_vehicles": 2,
        "pedestrian_crossing": "0",
        "pedestrian_crossing_human_control_historic": "0",
        "pedestrian_crossing_physical_facilities_historic": "0",
        "police_force": "13",
        "road_surface_conditions": "2",
        "road_type": "6",
        "second_road_class": "0",
        "second_road_number": "-1",
        "special_conditions_at_site": "0",
        "speed_limit": 30,
        "time": "13:30",
        "trunk_road_flag": "2",
        "urban_or_rural_area": "1",
        "weather_conditions": "3",
        "geometry_source": "collision_location",
        "source_year": 2021,
        "date_iso": "2021-01-08"
      }
    },
    {
      "type": "Feature",
      "id": "2021131126681",
      "geometry": {
        "type": "Point",
        "coordinates": [
          -1.832831,
          53.670964
        ]
      },
      "properties": {
        "carriageway_hazards": "0",
        "carriageway_hazards_historic": "0",
        "collision_adjusted_severity_serious": "0",
        "collision_adjusted_severity_slight": "1",
        "collision_index": "2021131126681",
        "collision_injury_based": "1",
        "collision_ref_no": "131126681",
        "collision_severity": "3",
        "collision_year": 2021,
        "date": "29/12/2021",
        "day_of_week": "4",
        "did_police_officer_attend_scene_of_accident": "1",
        "enhanced_severity_collision": "3",
        "first_road_class": "3",
        "first_road_number": "629",
        "junction_control": "4",
        "junction_detail": "0",
        "junction_detail_historic": "5",
        "latitude": "53.670964",
        "light_conditions": "4",
        "local_authority_district": "-1",
        "local_authority_highway": "E08000033",
        "local_authority_highway_current": "E08000033",
        "local_authority_ons_district": "E08000033",
        "location_easting_osgr": "411142",
        "location_northing_osgr": "419399",
        "longitude": "-1.832831",
        "lsoa_of_accident_location": "E01010901",
        "number_of_casualties": 1,
        "number_of_vehicles": 2,
        "pedestrian_crossing": "0",
        "pedestrian_crossing_human_control_historic": "0",
        "pedestrian_crossing_physical_facilities_historic": "0",
        "police_force": "13",
        "road_surface_conditions": "1",
        "road_type": "3",
        "second_road_class": "1",
        "second_road_number": "62",
        "special_conditions_at_site": "0",
        "speed_limit": 50,
        "time": "00:21",
        "trunk_road_flag": "2",
        "urban_or_rural_area": "2",
        "weather_conditions": "1",
        "geometry_source": "collision_location",
        "source_year": 2021,
        "date_iso": "2021-12-29"
      }
    },
    {
      "type": "Feature",
      "id": "2021131106877",
      "geometry": {
        "type": "Point",
        "coordinates": [
          -1.901799,
          53.719891
        ]
      },
      "properties": {
        "carriageway_hazards": "0",
        "carriageway_hazards_historic": "0",
        "collision_adjusted_severity_serious": "0",
        "collision_adjusted_severity_slight": "1",
        "collision_index": "2021131106877",
        "collision_injury_based": "1",
        "collision_ref_no": "131106877",
        "collision_severity": "3",
        "collision_year": 2021,
        "date": "07/11/2021",
        "day_of_week": "1",
        "did_police_officer_attend_scene_of_accident": "1",
        "enhanced_severity_collision": "3",
        "first_road_class": "3",
        "first_road_number": "646",
        "junction_control": "4",
        "junction_detail": "13",
        "junction_detail_historic": "3",
        "latitude": "53.719891",
        "light_conditions": "4",
        "local_authority_district": "-1",
        "local_authority_highway": "E08000033",
        "local_authority_highway_current": "E08000033",
        "local_authority_ons_district": "E08000033",
        "location_easting_osgr": "406578",
        "location_northing_osgr": "424834",
        "longitude": "-1.901799",
        "lsoa_of_accident_location": "E01010976",
        "number_of_casualties": 1,
        "number_of_vehicles": 2,
        "pedestrian_crossing": "0",
        "pedestrian_crossing_human_control_historic": "0",
        "pedestrian_crossing_physical_facilities_historic": "0",
        "police_force": "13",
        "road_surface_conditions": "1",
        "road_type": "6",
        "second_road_class": "6",
        "second_road_number": "0",
        "special_conditions_at_site": "0",
        "speed_limit": 40,
        "time": "03:30",
        "trunk_road_flag": "2",
        "urban_or_rural_area": "1",
        "weather_conditions": "1",
        "geometry_source": "collision_location",
        "source_year": 2021,
        "date_iso": "2021-11-07"
      }
    },
    {
      "type": "Feature",
      "id": "2021131119920",
      "geometry": {
        "type": "Point",
        "coordinates": [
          -1.876299,
          53.749797
        ]
      },
      "properties": {
        "carriageway_hazards": "0",
        "carriageway_hazards_historic": "0",
        "collision_adjusted_severity_serious": "0",
        "collision_adjusted_severity_slight": "1",
        "collision_index": "2021131119920",
        "collision_injury_based": "1",
        "collision_ref_no": "131119920",
        "collision_severity": "3",
        "collision_year": 2021,
        "date": "11/12/2021",
        "day_of_week": "7",
        "did_police_officer_attend_scene_of_accident": "1",
        "enhanced_severity_collision": "3",
        "first_road_class": "6",
        "first_road_number": "0",
        "junction_control": "-1",
        "junction_detail": "0",
        "junction_detail_historic": "0",
        "latitude": "53.749797",
        "light_conditions": "4",
        "local_authority_district": "-1",
        "local_authority_highway": "E08000033",
        "local_authority_highway_current": "E08000033",
        "local_authority_ons_district": "E08000033",
        "location_easting_osgr": "408255",
        "location_northing_osgr": "428164",
        "longitude": "-1.876299",
        "lsoa_of_accident_location": "E01010915",
        "number_of_casualties": 1,
        "number_of_vehicles": 1,
        "pedestrian_crossing": "0",
        "pedestrian_crossing_human_control_historic": "0",
        "pedestrian_crossing_physical_facilities_historic": "0",
        "police_force": "13",
        "road_surface_conditions": "2",
        "road_type": "6",
        "second_road_class": "0",
        "second_road_number": "-1",
        "special_conditions_at_site": "0",
        "speed_limit": 20,
        "time": "01:00",
        "trunk_road_flag": "2",
        "urban_or_rural_area": "1",
        "weather_conditions": "2",
        "geometry_source": "collision_location",
        "source_year": 2021,
        "date_iso": "2021-12-11"
      }
    },
    {
      "type": "Feature",
      "id": "2021131077132",
      "geometry": {
        "type": "Point",
        "coordinates": [
          -1.862257,
          53.707853
        ]
      },
      "properties": {
        "carriageway_hazards": "0",
        "carriageway_hazards_historic": "0",
        "collision_adjusted_severity_serious": "0",
        "collision_adjusted_severity_slight": "1",
        "collision_index": "2021131077132",
        "collision_injury_based": "1",
        "collision_ref_no": "131077132",
        "collision_severity": "3",
        "collision_year": 2021,
        "date": "15/08/2021",
        "day_of_week": "1",
        "did_police_officer_attend_scene_of_accident": "1",
        "enhanced_severity_collision": "3",
        "first_road_class": "6",
        "first_road_number": "0",
        "junction_control": "-1",
        "junction_detail": "0",
        "junction_detail_historic": "0",
        "latitude": "53.707853",
        "light_conditions": "1",
        "local_authority_district": "-1",
        "local_authority_highway": "E08000033",
        "local_authority_highway_current": "E08000033",
        "local_authority_ons_district": "E08000033",
        "location_easting_osgr": "409190",
        "location_northing_osgr": "423499",
        "longitude": "-1.862257",
        "lsoa_of_accident_location": "E01010972",
        "number_of_casualties": 1,
        "number_of_vehicles": 3,
        "pedestrian_crossing": "0",
        "pedestrian_crossing_human_control_historic": "0",
        "pedestrian_crossing_physical_facilities_historic": "0",
        "police_force": "13",
        "road_surface_conditions": "1",
        "road_type": "6",
        "second_road_class": "0",
        "second_road_number": "-1",
        "special_conditions_at_site": "0",
        "speed_limit": 20,
        "time": "16:27",
        "trunk_road_flag": "2",
        "urban_or_rural_area": "1",
        "weather_conditions": "1",
        "geometry_source": "collision_location",
        "source_year": 2021,
        "date_iso": "2021-08-15"
      }
    },
    {
      "type": "Feature",
      "id": "2021131103878",
      "geometry": {
        "type": "Point",
        "coordinates": [
          -1.918772,
          53.703518
        ]
      },
      "properties": {
        "carriageway_hazards": "0",
        "carriageway_hazards_historic": "0",
        "collision_adjusted_severity_serious": "1",
        "collision_adjusted_severity_slight": "0",
        "collision_index": "2021131103878",
        "collision_injury_based": "1",
        "collision_ref_no": "131103878",
        "collision_severity": "2",
        "collision_year": 2021,
        "date": "28/10/2021",
        "day_of_week": "5",
        "did_police_officer_attend_scene_of_accident": "1",
        "enhanced_severity_collision": "7",
        "first_road_class": "3",
        "first_road_number": "58",
        "junction_control": "4",
        "junction_detail": "13",
        "junction_detail_historic": "3",
        "latitude": "53.703518",
        "light_conditions": "4",
        "local_authority_district": "-1",
        "local_authority_highway": "E08000033",
        "local_authority_highway_current": "E08000033",
        "local_authority_ons_district": "E08000033",
        "location_easting_osgr": "405460",
        "location_northing_osgr": "423011",
        "longitude": "-1.918772",
        "lsoa_of_accident_location": "E01010957",
        "number_of_casualties": 1,
        "number_of_vehicles": 2,
        "pedestrian_crossing": "0",
        "pedestrian_crossing_human_control_historic": "0",
        "pedestrian_crossing_physical_facilities_historic": "0",
        "police_force": "13",
        "road_surface_conditions": "2",
        "road_type": "6",
        "second_road_class": "6",
        "second_road_number": "0",
        "special_conditions_at_site": "0",
        "speed_limit": 30,
        "time": "21:45",
        "trunk_road_flag": "2",
        "urban_or_rural_area": "1",
        "weather_conditions": "2",
        "geometry_source": "collision_location",
        "source_year": 2021,
        "date_iso": "2021-10-28"
      }
    },
    {
      "type": "Feature",
      "id": "2021138311185",
      "geometry": {
        "type": "Point",
        "coordinates": [
          -1.892486,
          53.735351
        ]
      },
      "properties": {
        "carriageway_hazards": "0",
        "carriageway_hazards_historic": "0",
        "collision_adjusted_severity_serious": "0.02876",
        "collision_adjusted_severity_slight": "0.97124",
        "collision_index": "2021138311185",
        "collision_injury_based": "0",
        "collision_ref_no": "138311185",
        "collision_severity": "3",
        "collision_year": 2021,
        "date": "01/03/2021",
        "day_of_week": "2",
        "did_police_officer_attend_scene_of_accident": "1",
        "enhanced_severity_collision": "-1",
        "first_road_class": "6",
        "first_road_number": "0",
        "junction_control": "-1",
        "junction_detail": "0",
        "junction_detail_historic": "0",
        "latitude": "53.735351",
        "light_conditions": "1",
        "local_authority_district": "-1",
        "local_authority_highway": "E08000033",
        "local_authority_highway_current": "E08000033",
        "local_authority_ons_district": "E08000033",
        "location_easting_osgr": "407190",
        "location_northing_osgr": "426555",
        "longitude": "-1.892486",
        "lsoa_of_accident_location": "E01010939",
        "number_of_casualties": 1,
        "number_of_vehicles": 2,
        "pedestrian_crossing": "0",
        "pedestrian_crossing_human_control_historic": "0",
        "pedestrian_crossing_physical_facilities_historic": "0",
        "police_force": "13",
        "road_surface_conditions": "1",
        "road_type": "6",
        "second_road_class": "0",
        "second_road_number": "-1",
        "special_conditions_at_site": "0",
        "speed_limit": 30,
        "time": "17:00",
        "trunk_road_flag": "2",
        "urban_or_rural_area": "1",
        "weather_conditions": "1",
        "geometry_source": "collision_location",
        "source_year": 2021,
        "date_iso": "2021-03-01"
      }
    },
    {
      "type": "Feature",
      "id": "2021131047925",
      "geometry": {
        "type": "Point",
        "coordinates": [
          -1.744484,
          53.710842
        ]
      },
      "properties": {
        "carriageway_hazards": "0",
        "carriageway_hazards_historic": "0",
        "collision_adjusted_severity_serious": "0",
        "collision_adjusted_severity_slight": "1",
        "collision_index": "2021131047925",
        "collision_injury_based": "1",
        "collision_ref_no": "131047925",
        "collision_severity": "3",
        "collision_year": 2021,
        "date": "22/05/2021",
        "day_of_week": "7",
        "did_police_officer_attend_scene_of_accident": "1",
        "enhanced_severity_collision": "3",
        "first_road_class": "6",
        "first_road_number": "0",
        "junction_control": "-1",
        "junction_detail": "0",
        "junction_detail_historic": "0",
        "latitude": "53.710842",
        "light_conditions": "1",
        "local_authority_district": "-1",
        "local_authority_highway": "E08000033",
        "local_authority_highway_current": "E08000033",
        "local_authority_ons_district": "E08000033",
        "location_easting_osgr": "416963",
        "location_northing_osgr": "423853",
        "longitude": "-1.744484",
        "lsoa_of_accident_location": "E01010879",
        "number_of_casualties": 1,
        "number_of_vehicles": 1,
        "pedestrian_crossing": "0",
        "pedestrian_crossing_human_control_historic": "0",
        "pedestrian_crossing_physical_facilities_historic": "0",
        "police_force": "13",
        "road_surface_conditions": "2",
        "road_type": "3",
        "second_road_class": "0",
        "second_road_number": "-1",
        "special_conditions_at_site": "0",
        "speed_limit": 70,
        "time": "10:00",
        "trunk_road_flag": "2",
        "urban_or_rural_area": "2",
        "weather_conditions": "1",
        "geometry_source": "collision_location",
        "source_year": 2021,
        "date_iso": "2021-05-22"
      }
    },
    {
      "type": "Feature",
      "id": "2021131055273",
      "geometry": {
        "type": "Point",
        "coordinates": [
          -1.898049,
          53.747948
        ]
      },
      "properties": {
        "carriageway_hazards": "0",
        "carriageway_hazards_historic": "0",
        "collision_adjusted_severity_serious": "0",
        "collision_adjusted_severity_slight": "1",
        "collision_index": "2021131055273",
        "collision_injury_based": "1",
        "collision_ref_no": "131055273",
        "collision_severity": "3",
        "collision_year": 2021,
        "date": "13/06/2021",
        "day_of_week": "1",
        "did_police_officer_attend_scene_of_accident": "1",
        "enhanced_severity_collision": "3",
        "first_road_class": "6",
        "first_road_number": "0",
        "junction_control": "-1",
        "junction_detail": "0",
        "junction_detail_historic": "0",
        "latitude": "53.747948",
        "light_conditions": "1",
        "local_authority_district": "-1",
        "local_authority_highway": "E08000033",
        "local_authority_highway_current": "E08000033",
        "local_authority_ons_district": "E08000033",
        "location_easting_osgr": "406821",
        "location_northing_osgr": "427956",
        "longitude": "-1.898049",
        "lsoa_of_accident_location": "E01010916",
        "number_of_casualties": 1,
        "number_of_vehicles": 1,
        "pedestrian_crossing": "0",
        "pedestrian_crossing_human_control_historic": "0",
        "pedestrian_crossing_physical_facilities_historic": "0",
        "police_force": "13",
        "road_surface_conditions": "1",
        "road_type": "6",
        "second_road_class": "0",
        "second_road_number": "-1",
        "special_conditions_at_site": "0",
        "speed_limit": 30,
        "time": "16:00",
        "trunk_road_flag": "2",
        "urban_or_rural_area": "1",
        "weather_conditions": "1",
        "geometry_source": "collision_location",
        "source_year": 2021,
        "date_iso": "2021-06-13"
      }
    },
    {
      "type": "Feature",
      "id": "2021131081729",
      "geometry": {
        "type": "Point",
        "coordinates": [
          -1.870364,
          53.721919
        ]
      },
      "properties": {
        "carriageway_hazards": "0",
        "carriageway_hazards_historic": "0",
        "collision_adjusted_severity_serious": "0",
        "collision_adjusted_severity_slight": "1",
        "collision_index": "2021131081729",
        "collision_injury_based": "1",
        "collision_ref_no": "131081729",
        "collision_severity": "3",
        "collision_year": 2021,
        "date": "28/08/2021",
        "day_of_week": "7",
        "did_police_officer_attend_scene_of_accident": "1",
        "enhanced_severity_collision": "3",
        "first_road_class": "6",
        "first_road_number": "0",
        "junction_control": "-1",
        "junction_detail": "0",
        "junction_detail_historic": "0",
        "latitude": "53.721919",
        "light_conditions": "4",
        "local_authority_district": "-1",
        "local_authority_highway": "E08000033",
        "local_authority_highway_current": "E08000033",
        "local_authority_ons_district": "E08000033",
        "location_easting_osgr": "408652",
        "location_northing_osgr": "425063",
        "longitude": "-1.870364",
        "lsoa_of_accident_location": "E01010965",
        "number_of_casualties": 2,
        "number_of_vehicles": 2,
        "pedestrian_crossing": "0",
        "pedestrian_crossing_human_control_historic": "0",
        "pedestrian_crossing_physical_facilities_historic": "0",
        "police_force": "13",
        "road_surface_conditions": "1",
        "road_type": "6",
        "second_road_class": "0",
        "second_road_number": "-1",
        "special_conditions_at_site": "0",
        "speed_limit": 20,
        "time": "02:02",
        "trunk_road_flag": "2",
        "urban_or_rural_area": "1",
        "weather_conditions": "1",
        "geometry_source": "collision_location",
        "source_year": 2021,
        "date_iso": "2021-08-28"
      }
    },
    {
      "type": "Feature",
      "id": "2021138251359",
      "geometry": {
        "type": "Point",
        "coordinates": [
          -1.754432,
          53.696122
        ]
      },
      "properties": {
        "carriageway_hazards": "0",
        "carriageway_hazards_historic": "0",
        "collision_adjusted_severity_serious": "0.02246",
        "collision_adjusted_severity_slight": "0.97754",
        "collision_index": "2021138251359",
        "collision_injury_based": "0",
        "collision_ref_no": "138251359",
        "collision_severity": "3",
        "collision_year": 2021,
        "date": "01/02/2021",
        "day_of_week": "2",
        "did_police_officer_attend_scene_of_accident": "2",
        "enhanced_severity_collision": "-1",
        "first_road_class": "3",
        "first_road_number": "644",
        "junction_control": "4",
        "junction_detail": "0",
        "junction_detail_historic": "1",
        "latitude": "53.696122",
        "light_conditions": "4",
        "local_authority_district": "-1",
        "local_authority_highway": "E08000033",
        "local_authority_highway_current": "E08000033",
        "local_authority_ons_district": "E08000033",
        "location_easting_osgr": "416312",
        "location_northing_osgr": "422213",
        "longitude": "-1.754432",
        "lsoa_of_accident_location": "E01010879",
        "number_of_casualties": 1,
        "number_of_vehicles": 2,
        "pedestrian_crossing": "0",
        "pedestrian_crossing_human_control_historic": "0",
        "pedestrian_crossing_physical_facilities_historic": "0",
        "police_force": "13",
        "road_surface_conditions": "2",
        "road_type": "1",
        "second_road_class": "3",
        "second_road_number": "644",
        "special_conditions_at_site": "0",
        "speed_limit": 50,
        "time": "07:40",
        "trunk_road_flag": "2",
        "urban_or_rural_area": "2",
        "weather_conditions": "1",
        "geometry_source": "collision_location",
        "source_year": 2021,
        "date_iso": "2021-02-01"
      }
    },
    {
      "type": "Feature",
      "id": "2021131112381",
      "geometry": {
        "type": "Point",
        "coordinates": [
          -1.882113,
          53.72052
        ]
      },
      "properties": {
        "carriageway_hazards": "0",
        "carriageway_hazards_historic": "0",
        "collision_adjusted_severity_serious": "0",
        "collision_adjusted_severity_slight": "1",
        "collision_index": "2021131112381",
        "collision_injury_based": "1",
        "collision_ref_no": "131112381",
        "collision_severity": "3",
        "collision_year": 2021,
        "date": "19/11/2021",
        "day_of_week": "6",
        "did_police_officer_attend_scene_of_accident": "2",
        "enhanced_severity_collision": "3",
        "first_road_class": "6",
        "first_road_number": "0",
        "junction_control": "4",
        "junction_detail": "17",
        "junction_detail_historic": "7",
        "latitude": "53.72052",
        "light_conditions": "6",
        "local_authority_district": "-1",
        "local_authority_highway": "E08000033",
        "local_authority_highway_current": "E08000033",
        "local_authority_ons_district": "E08000033",
        "location_easting_osgr": "407877",
        "location_northing_osgr": "424906",
        "longitude": "-1.882113",
        "lsoa_of_accident_location": "E01011001",
        "number_of_casualties": 1,
        "number_of_vehicles": 1,
        "pedestrian_crossing": "0",
        "pedestrian_crossing_human_control_historic": "0",
        "pedestrian_crossing_physical_facilities_historic": "0",
        "police_force": "13",
        "road_surface_conditions": "1",
        "road_type": "6",
        "second_road_class": "6",
        "second_road_number": "0",
        "special_conditions_at_site": "0",
        "speed_limit": 30,
        "time": "11:30",
        "trunk_road_flag": "2",
        "urban_or_rural_area": "1",
        "weather_conditions": "1",
        "geometry_source": "collision_location",
        "source_year": 2021,
        "date_iso": "2021-11-19"
      }
    },
    {
      "type": "Feature",
      "id": "2021131034799",
      "geometry": {
        "type": "Point",
        "coordinates": [
          -1.900297,
          53.714101
        ]
      },
      "properties": {
        "carriageway_hazards": "0",
        "carriageway_hazards_historic": "0",
        "collision_adjusted_severity_serious": "1",
        "collision_adjusted_severity_slight": "0",
        "collision_index": "2021131034799",
        "collision_injury_based": "1",
        "collision_ref_no": "131034799",
        "collision_severity": "2",
        "collision_year": 2021,
        "date": "09/04/2021",
        "day_of_week": "6",
        "did_police_officer_attend_scene_of_accident": "1",
        "enhanced_severity_collision": "5",
        "first_road_class": "3",
        "first_road_number": "58",
        "junction_control": "4",
        "junction_detail": "18",
        "junction_detail_historic": "8",
        "latitude": "53.714101",
        "light_conditions": "1",
        "local_authority_district": "-1",
        "local_authority_highway": "E08000033",
        "local_authority_highway_current": "E08000033",
        "local_authority_ons_district": "E08000033",
        "location_easting_osgr": "406678",
        "location_northing_osgr": "424190",
        "longitude": "-1.900297",
        "lsoa_of_accident_location": "E01010975",
        "number_of_casualties": 1,
        "number_of_vehicles": 2,
        "pedestrian_crossing": "0",
        "pedestrian_crossing_human_control_historic": "0",
        "pedestrian_crossing_physical_facilities_historic": "0",
        "police_force": "13",
        "road_surface_conditions": "1",
        "road_type": "6",
        "second_road_class": "6",
        "second_road_number": "0",
        "special_conditions_at_site": "0",
        "speed_limit": 30,
        "time": "12:00",
        "trunk_road_flag": "2",
        "urban_or_rural_area": "1",
        "weather_conditions": "1",
        "geometry_source": "collision_location",
        "source_year": 2021,
        "date_iso": "2021-04-09"
      }
    },
    {
      "type": "Feature",
      "id": "2021131093579",
      "geometry": {
        "type": "Point",
        "coordinates": [
          -2.026027,
          53.625085
        ]
      },
      "properties": {
        "carriageway_hazards": "0",
        "carriageway_hazards_historic": "0",
        "collision_adjusted_severity_serious": "0",
        "collision_adjusted_severity_slight": "1",
        "collision_index": "2021131093579",
        "collision_injury_based": "1",
        "collision_ref_no": "131093579",
        "collision_severity": "3",
        "collision_year": 2021,
        "date": "30/09/2021",
        "day_of_week": "5",
        "did_police_officer_attend_scene_of_accident": "1",
        "enhanced_severity_collision": "3",
        "first_road_class": "3",
        "first_road_number": "672",
        "junction_control": "-1",
        "junction_detail": "0",
        "junction_detail_historic": "0",
        "latitude": "53.625085",
        "light_conditions": "1",
        "local_authority_district": "-1",
        "local_authority_highway": "E08000033",
        "local_authority_highway_current": "E08000033",
        "local_authority_ons_district": "E08000033",
        "location_easting_osgr": "398376",
        "location_northing_osgr": "414282",
        "longitude": "-2.026027",
        "lsoa_of_accident_location": "E01010955",
        "number_of_casualties": 1,
        "number_of_vehicles": 1,
        "pedestrian_crossing": "0",
        "pedestrian_crossing_human_control_historic": "0",
        "pedestrian_crossing_physical_facilities_historic": "0",
        "police_force": "13",
        "road_surface_conditions": "2",
        "road_type": "3",
        "second_road_class": "0",
        "second_road_number": "-1",
        "special_conditions_at_site": "0",
        "speed_limit": 60,
        "time": "17:31",
        "trunk_road_flag": "2",
        "urban_or_rural_area": "2",
        "weather_conditions": "5",
        "geometry_source": "collision_location",
        "source_year": 2021,
        "date_iso": "2021-09-30"
      }
    },
    {
      "type": "Feature",
      "id": "2021131085227",
      "geometry": {
        "type": "Point",
        "coordinates": [
          -1.895689,
          53.764286
        ]
      },
      "properties": {
        "carriageway_hazards": "17",
        "carriageway_hazards_historic": "2",
        "collision_adjusted_severity_serious": "1",
        "collision_adjusted_severity_slight": "0",
        "collision_index": "2021131085227",
        "collision_injury_based": "1",
        "collision_ref_no": "131085227",
        "collision_severity": "2",
        "collision_year": 2021,
        "date": "08/09/2021",
        "day_of_week": "4",
        "did_police_officer_attend_scene_of_accident": "1",
        "enhanced_severity_collision": "5",
        "first_road_class": "3",
        "first_road_number": "629",
        "junction_control": "4",
        "junction_detail": "16",
        "junction_detail_historic": "6",
        "latitude": "53.764286",
        "light_conditions": "1",
        "local_authority_district": "-1",
        "local_authority_highway": "E08000033",
        "local_authority_highway_current": "E08000033",
        "local_authority_ons_district": "E08000033",
        "location_easting_osgr": "406974",
        "location_northing_osgr": "429774",
        "longitude": "-1.895689",
        "lsoa_of_accident_location": "E01010925",
        "number_of_casualties": 1,
        "number_of_vehicles": 2,
        "pedestrian_crossing": "0",
        "pedestrian_crossing_human_control_historic": "0",
        "pedestrian_crossing_physical_facilities_historic": "0",
        "police_force": "13",
        "road_surface_conditions": "1",
        "road_type": "6",
        "second_road_class": "6",
        "second_road_number": "0",
        "special_conditions_at_site": "0",
        "speed_limit": 50,
        "time": "07:50",
        "trunk_road_flag": "2",
        "urban_or_rural_area": "2",
        "weather_conditions": "1",
        "geometry_source": "collision_location",
        "source_year": 2021,
        "date_iso": "2021-09-08"
      }
    },
    {
      "type": "Feature",
      "id": "2021131074870",
      "geometry": {
        "type": "Point",
        "coordinates": [
          -1.75462,
          53.69499
        ]
      },
      "properties": {
        "carriageway_hazards": "0",
        "carriageway_hazards_historic": "0",
        "collision_adjusted_severity_serious": "0",
        "collision_adjusted_severity_slight": "1",
        "collision_index": "2021131074870",
        "collision_injury_based": "1",
        "collision_ref_no": "131074870",
        "collision_severity": "3",
        "collision_year": 2021,
        "date": "09/08/2021",
        "day_of_week": "2",
        "did_police_officer_attend_scene_of_accident": "1",
        "enhanced_severity_collision": "3",
        "first_road_class": "3",
        "first_road_number": "644",
        "junction_control": "-1",
        "junction_detail": "0",
        "junction_detail_historic": "0",
        "latitude": "53.69499",
        "light_conditions": "4",
        "local_authority_district": "-1",
        "local_authority_highway": "E08000033",
        "local_authority_highway_current": "E08000033",
        "local_authority_ons_district": "E08000033",
        "location_easting_osgr": "416300",
        "location_northing_osgr": "422087",
        "longitude": "-1.75462",
        "lsoa_of_accident_location": "E01010879",
        "number_of_casualties": 2,
        "number_of_vehicles": 2,
        "pedestrian_crossing": "0",
        "pedestrian_crossing_human_control_historic": "0",
        "pedestrian_crossing_physical_facilities_historic": "0",
        "police_force": "13",
        "road_surface_conditions": "1",
        "road_type": "7",
        "second_road_class": "0",
        "second_road_number": "-1",
        "special_conditions_at_site": "0",
        "speed_limit": 70,
        "time": "01:22",
        "trunk_road_flag": "2",
        "urban_or_rural_area": "2",
        "weather_conditions": "1",
        "geometry_source": "collision_location",
        "source_year": 2021,
        "date_iso": "2021-08-09"
      }
    },
    {
      "type": "Feature",
      "id": "2021131104406",
      "geometry": {
        "type": "Point",
        "coordinates": [
          -1.804825,
          53.757513
        ]
      },
      "properties": {
        "carriageway_hazards": "0",
        "carriageway_hazards_historic": "0",
        "collision_adjusted_severity_serious": "0",
        "collision_adjusted_severity_slight": "1",
        "collision_index": "2021131104406",
        "collision_injury_based": "1",
        "collision_ref_no": "131104406",
        "collision_severity": "3",
        "collision_year": 2021,
        "date": "31/10/2021",
        "day_of_week": "1",
        "did_police_officer_attend_scene_of_accident": "1",
        "enhanced_severity_collision": "3",
        "first_road_class": "4",
        "first_road_number": "6147",
        "junction_control": "4",
        "junction_detail": "0",
        "junction_detail_historic": "2",
        "latitude": "53.757513",
        "light_conditions": "4",
        "local_authority_district": "-1",
        "local_authority_highway": "E08000033",
        "local_authority_highway_current": "E08000033",
        "local_authority_ons_district": "E08000033",
        "location_easting_osgr": "412966",
        "location_northing_osgr": "429033",
        "longitude": "-1.804825",
        "lsoa_of_accident_location": "E01010932",
        "number_of_casualties": 2,
        "number_of_vehicles": 2,
        "pedestrian_crossing": "12",
        "pedestrian_crossing_human_control_historic": "2",
        "pedestrian_crossing_physical_facilities_historic": "0",
        "police_force": "13",
        "road_surface_conditions": "2",
        "road_type": "1",
        "second_road_class": "6",
        "second_road_number": "0",
        "special_conditions_at_site": "0",
        "speed_limit": 30,
        "time": "19:30",
        "trunk_road_flag": "2",
        "urban_or_rural_area": "1",
        "weather_conditions": "1",
        "geometry_source": "collision_location",
        "source_year": 2021,
        "date_iso": "2021-10-31"
      }
    },
    {
      "type": "Feature",
      "id": "2021131113201",
      "geometry": {
        "type": "Point",
        "coordinates": [
          -1.955129,
          53.641536
        ]
      },
      "properties": {
        "carriageway_hazards": "0",
        "carriageway_hazards_historic": "0",
        "collision_adjusted_severity_serious": "0",
        "collision_adjusted_severity_slight": "1",
        "collision_index": "2021131113201",
        "collision_injury_based": "1",
        "collision_ref_no": "131113201",
        "collision_severity": "3",
        "collision_year": 2021,
        "date": "21/11/2021",
        "day_of_week": "1",
        "did_police_officer_attend_scene_of_accident": "2",
        "enhanced_severity_collision": "3",
        "first_road_class": "1",
        "first_road_number": "62",
        "junction_control": "-1",
        "junction_detail": "0",
        "junction_detail_historic": "0",
        "latitude": "53.641536",
        "light_conditions": "4",
        "local_authority_district": "-1",
        "local_authority_highway": "E08000033",
        "local_authority_highway_current": "E08000033",
        "local_authority_ons_district": "E08000033",
        "location_easting_osgr": "403064",
        "location_northing_osgr": "416113",
        "longitude": "-1.955129",
        "lsoa_of_accident_location": "E01010955",
        "number_of_casualties": 2,
        "number_of_vehicles": 3,
        "pedestrian_crossing": "0",
        "pedestrian_crossing_human_control_historic": "0",
        "pedestrian_crossing_physical_facilities_historic": "0",
        "police_force": "13",
        "road_surface_conditions": "1",
        "road_type": "9",
        "second_road_class": "0",
        "second_road_number": "-1",
        "special_conditions_at_site": "0",
        "speed_limit": 70,
        "time": "18:30",
        "trunk_road_flag": "1",
        "urban_or_rural_area": "2",
        "weather_conditions": "4",
        "geometry_source": "collision_location",
        "source_year": 2021,
        "date_iso": "2021-11-21"
      }
    },
    {
      "type": "Feature",
      "id": "2021131085491",
      "geometry": {
        "type": "Point",
        "coordinates": [
          -1.882338,
          53.743017
        ]
      },
      "properties": {
        "carriageway_hazards": "0",
        "carriageway_hazards_historic": "0",
        "collision_adjusted_severity_serious": "0",
        "collision_adjusted_severity_slight": "1",
        "collision_index": "2021131085491",
        "collision_injury_based": "1",
        "collision_ref_no": "131085491",
        "collision_severity": "3",
        "collision_year": 2021,
        "date": "07/09/2021",
        "day_of_week": "3",
        "did_police_officer_attend_scene_of_accident": "1",
        "enhanced_severity_collision": "3",
        "first_road_class": "6",
        "first_road_number": "0",
        "junction_control": "-1",
        "junction_detail": "0",
        "junction_detail_historic": "0",
        "latitude": "53.743017",
        "light_conditions": "4",
        "local_authority_district": "-1",
        "local_authority_highway": "E08000033",
        "local_authority_highway_current": "E08000033",
        "local_authority_ons_district": "E08000033",
        "location_easting_osgr": "407858",
        "location_northing_osgr": "427409",
        "longitude": "-1.882338",
        "lsoa_of_accident_location": "E01010942",
        "number_of_casualties": 2,
        "number_of_vehicles": 3,
        "pedestrian_crossing": "0",
        "pedestrian_crossing_human_control_historic": "0",
        "pedestrian_crossing_physical_facilities_historic": "0",
        "police_force": "13",
        "road_surface_conditions": "1",
        "road_type": "6",
        "second_road_class": "0",
        "second_road_number": "-1",
        "special_conditions_at_site": "0",
        "speed_limit": 30,
        "time": "19:20",
        "trunk_road_flag": "2",
        "urban_or_rural_area": "1",
        "weather_conditions": "1",
        "geometry_source": "collision_location",
        "source_year": 2021,
        "date_iso": "2021-09-07"
      }
    },
    {
      "type": "Feature",
      "id": "2021131053583",
      "geometry": {
        "type": "Point",
        "coordinates": [
          -1.867253,
          53.73786
        ]
      },
      "properties": {
        "carriageway_hazards": "0",
        "carriageway_hazards_historic": "0",
        "collision_adjusted_severity_serious": "1",
        "collision_adjusted_severity_slight": "0",
        "collision_index": "2021131053583",
        "collision_injury_based": "1",
        "collision_ref_no": "131053583",
        "collision_severity": "2",
        "collision_year": 2021,
        "date": "05/06/2021",
        "day_of_week": "7",
        "did_police_officer_attend_scene_of_accident": "2",
        "enhanced_severity_collision": "6",
        "first_road_class": "3",
        "first_road_number": "647",
        "junction_control": "4",
        "junction_detail": "16",
        "junction_detail_historic": "6",
        "latitude": "53.73786",
        "light_conditions": "1",
        "local_authority_district": "-1",
        "local_authority_highway": "E08000033",
        "local_authority_highway_current": "E08000033",
        "local_authority_ons_district": "E08000033",
        "location_easting_osgr": "408854",
        "location_northing_osgr": "426837",
        "longitude": "-1.867253",
        "lsoa_of_accident_location": "E01010967",
        "number_of_casualties": 1,
        "number_of_vehicles": 2,
        "pedestrian_crossing": "0",
        "pedestrian_crossing_human_control_historic": "0",
        "pedestrian_crossing_physical_facilities_historic": "0",
        "police_force": "13",
        "road_surface_conditions": "1",
        "road_type": "6",
        "second_road_class": "6",
        "second_road_number": "0",
        "special_conditions_at_site": "0",
        "speed_limit": 30,
        "time": "15:00",
        "trunk_road_flag": "2",
        "urban_or_rural_area": "1",
        "weather_conditions": "1",
        "geometry_source": "collision_location",
        "source_year": 2021,
        "date_iso": "2021-06-05"
      }
    },
    {
      "type": "Feature",
      "id": "2021131067078",
      "geometry": {
        "type": "Point",
        "coordinates": [
          -1.941032,
          53.674921
        ]
      },
      "properties": {
        "carriageway_hazards": "0",
        "carriageway_hazards_historic": "0",
        "collision_adjusted_severity_serious": "0",
        "collision_adjusted_severity_slight": "1",
        "collision_index": "2021131067078",
        "collision_injury_based": "1",
        "collision_ref_no": "131067078",
        "collision_severity": "3",
        "collision_year": 2021,
        "date": "16/07/2021",
        "day_of_week": "6",
        "did_police_officer_attend_scene_of_accident": "2",
        "enhanced_severity_collision": "3",
        "first_road_class": "3",
        "first_road_number": "58",
        "junction_control": "2",
        "junction_detail": "19",
        "junction_detail_historic": "9",
        "latitude": "53.674921",
        "light_conditions": "1",
        "local_authority_district": "-1",
        "local_authority_highway": "E08000033",
        "local_authority_highway_current": "E08000033",
        "local_authority_ons_district": "E08000033",
        "location_easting_osgr": "403993",
        "location_northing_osgr": "419828",
        "longitude": "-1.941032",
        "lsoa_of_accident_location": "E01010952",
        "number_of_casualties": 1,
        "number_of_vehicles": 2,
        "pedestrian_crossing": "0",
        "pedestrian_crossing_human_control_historic": "0",
        "pedestrian_crossing_physical_facilities_historic": "0",
        "police_force": "13",
        "road_surface_conditions": "1",
        "road_type": "6",
        "second_road_class": "4",
        "second_road_number": "6113",
        "special_conditions_at_site": "0",
        "speed_limit": 30,
        "time": "12:20",
        "trunk_road_flag": "2",
        "urban_or_rural_area": "2",
        "weather_conditions": "1",
        "geometry_source": "collision_location",
        "source_year": 2021,
        "date_iso": "2021-07-16"
      }
    },
    {
      "type": "Feature",
      "id": "2021131099303",
      "geometry": {
        "type": "Point",
        "coordinates": [
          -1.977835,
          53.637031
        ]
      },
      "properties": {
        "carriageway_hazards": "0",
        "carriageway_hazards_historic": "0",
        "collision_adjusted_severity_serious": "0",
        "collision_adjusted_severity_slight": "1",
        "collision_index": "2021131099303",
        "collision_injury_based": "1",
        "collision_ref_no": "131099303",
        "collision_severity": "3",
        "collision_year": 2021,
        "date": "15/10/2021",
        "day_of_week": "6",
        "did_police_officer_attend_scene_of_accident": "1",
        "enhanced_severity_collision": "3",
        "first_road_class": "1",
        "first_road_number": "62",
        "junction_control": "-1",
        "junction_detail": "0",
        "junction_detail_historic": "0",
        "latitude": "53.637031",
        "light_conditions": "1",
        "local_authority_district": "-1",
        "local_authority_highway": "E08000033",
        "local_authority_highway_current": "E08000033",
        "local_authority_ons_district": "E08000033",
        "location_easting_osgr": "401563",
        "location_northing_osgr": "415611",
        "longitude": "-1.977835",
        "lsoa_of_accident_location": "E01010955",
        "number_of_casualties": 3,
        "number_of_vehicles": 2,
        "pedestrian_crossing": "0",
        "pedestrian_crossing_human_control_historic": "0",
        "pedestrian_crossing_physical_facilities_historic": "0",
        "police_force": "13",
        "road_surface_conditions": "1",
        "road_type": "3",
        "second_road_class": "0",
        "second_road_number": "-1",
        "special_conditions_at_site": "0",
        "speed_limit": 70,
        "time": "15:00",
        "trunk_road_flag": "1",
        "urban_or_rural_area": "2",
        "weather_conditions": "1",
        "geometry_source": "collision_location",
        "source_year": 2021,
        "date_iso": "2021-10-15"
      }
    },
    {
      "type": "Feature",
      "id": "2021131115059",
      "geometry": {
        "type": "Point",
        "coordinates": [
          -1.978881,
          53.727344
        ]
      },
      "properties": {
        "carriageway_hazards": "0",
        "carriageway_hazards_historic": "0",
        "collision_adjusted_severity_serious": "0",
        "collision_adjusted_severity_slight": "1",
        "collision_index": "2021131115059",
        "collision_injury_based": "1",
        "collision_ref_no": "131115059",
        "collision_severity": "3",
        "collision_year": 2021,
        "date": "27/11/2021",
        "day_of_week": "7",
        "did_police_officer_attend_scene_of_accident": "2",
        "enhanced_severity_collision": "3",
        "first_road_class": "6",
        "first_road_number": "0",
        "junction_control": "4",
        "junction_detail": "13",
        "junction_detail_historic": "3",
        "latitude": "53.727344",
        "light_conditions": "1",
        "local_authority_district": "-1",
        "local_authority_highway": "E08000033",
        "local_authority_highway_current": "E08000033",
        "local_authority_ons_district": "E08000033",
        "location_easting_osgr": "401491",
        "location_northing_osgr": "425659",
        "longitude": "-1.978881",
        "lsoa_of_accident_location": "E01010917",
        "number_of_casualties": 1,
        "number_of_vehicles": 1,
        "pedestrian_crossing": "0",
        "pedestrian_crossing_human_control_historic": "0",
        "pedestrian_crossing_physical_facilities_historic": "0",
        "police_force": "13",
        "road_surface_conditions": "2",
        "road_type": "6",
        "second_road_class": "6",
        "second_road_number": "0",
        "special_conditions_at_site": "0",
        "speed_limit": 30,
        "time": "12:20",
        "trunk_road_flag": "2",
        "urban_or_rural_area": "2",
        "weather_conditions": "4",
        "geometry_source": "collision_location",
        "source_year": 2021,
        "date_iso": "2021-11-27"
      }
    },
    {
      "type": "Feature",
      "id": "2021131045582",
      "geometry": {
        "type": "Point",
        "coordinates": [
          -1.879261,
          53.742772
        ]
      },
      "properties": {
        "carriageway_hazards": "0",
        "carriageway_hazards_historic": "0",
        "collision_adjusted_severity_serious": "0",
        "collision_adjusted_severity_slight": "1",
        "collision_index": "2021131045582",
        "collision_injury_based": "1",
        "collision_ref_no": "131045582",
        "collision_severity": "3",
        "collision_year": 2021,
        "date": "15/05/2021",
        "day_of_week": "7",
        "did_police_officer_attend_scene_of_accident": "1",
        "enhanced_severity_collision": "3",
        "first_road_class": "3",
        "first_road_number": "629",
        "junction_control": "2",
        "junction_detail": "16",
        "junction_detail_historic": "6",
        "latitude": "53.742772",
        "light_conditions": "6",
        "local_authority_district": "-1",
        "local_authority_highway": "E08000033",
        "local_authority_highway_current": "E08000033",
        "local_authority_ons_district": "E08000033",
        "location_easting_osgr": "408061",
        "location_northing_osgr": "427382",
        "longitude": "-1.879261",
        "lsoa_of_accident_location": "E01010942",
        "number_of_casualties": 1,
        "number_of_vehicles": 3,
        "pedestrian_crossing": "0",
        "pedestrian_crossing_human_control_historic": "0",
        "pedestrian_crossing_physical_facilities_historic": "0",
        "police_force": "13",
        "road_surface_conditions": "2",
        "road_type": "3",
        "second_road_class": "6",
        "second_road_number": "0",
        "special_conditions_at_site": "0",
        "speed_limit": 40,
        "time": "12:15",
        "trunk_road_flag": "2",
        "urban_or_rural_area": "1",
        "weather_conditions": "1",
        "geometry_source": "collision_location",
        "source_year": 2021,
        "date_iso": "2021-05-15"
      }
    },
    {
      "type": "Feature",
      "id": "2021131063986",
      "geometry": {
        "type": "Point",
        "coordinates": [
          -1.850509,
          53.727226
        ]
      },
      "properties": {
        "carriageway_hazards": "0",
        "carriageway_hazards_historic": "0",
        "collision_adjusted_severity_serious": "0",
        "collision_adjusted_severity_slight": "0",
        "collision_index": "2021131063986",
        "collision_injury_based": "1",
        "collision_ref_no": "131063986",
        "collision_severity": "1",
        "collision_year": 2021,
        "date": "07/07/2021",
        "day_of_week": "4",
        "did_police_officer_attend_scene_of_accident": "1",
        "enhanced_severity_collision": "1",
        "first_road_class": "3",
        "first_road_number": "58",
        "junction_control": "4",
        "junction_detail": "17",
        "junction_detail_historic": "7",
        "latitude": "53.727226",
        "light_conditions": "1",
        "local_authority_district": "-1",
        "local_authority_highway": "E08000033",
        "local_authority_highway_current": "E08000033",
        "local_authority_ons_district": "E08000033",
        "location_easting_osgr": "409961",
        "location_northing_osgr": "425656",
        "longitude": "-1.850509",
        "lsoa_of_accident_location": "E01010934",
        "number_of_casualties": 1,
        "number_of_vehicles": 2,
        "pedestrian_crossing": "0",
        "pedestrian_crossing_human_control_historic": "0",
        "pedestrian_crossing_physical_facilities_historic": "0",
        "police_force": "13",
        "road_surface_conditions": "1",
        "road_type": "6",
        "second_road_class": "6",
        "second_road_number": "0",
        "special_conditions_at_site": "0",
        "speed_limit": 40,
        "time": "19:32",
        "trunk_road_flag": "2",
        "urban_or_rural_area": "1",
        "weather_conditions": "1",
        "geometry_source": "collision_location",
        "source_year": 2021,
        "date_iso": "2021-07-07"
      }
    },
    {
      "type": "Feature",
      "id": "2021131098631",
      "geometry": {
        "type": "Point",
        "coordinates": [
          -1.867393,
          53.688156
        ]
      },
      "properties": {
        "carriageway_hazards": "0",
        "carriageway_hazards_historic": "0",
        "collision_adjusted_severity_serious": "0",
        "collision_adjusted_severity_slight": "1",
        "collision_index": "2021131098631",
        "collision_injury_based": "1",
        "collision_ref_no": "131098631",
        "collision_severity": "3",
        "collision_year": 2021,
        "date": "13/10/2021",
        "day_of_week": "4",
        "did_police_officer_attend_scene_of_accident": "2",
        "enhanced_severity_collision": "3",
        "first_road_class": "4",
        "first_road_number": "6113",
        "junction_control": "-1",
        "junction_detail": "0",
        "junction_detail_historic": "0",
        "latitude": "53.688156",
        "light_conditions": "1",
        "local_authority_district": "-1",
        "local_authority_highway": "E08000033",
        "local_authority_highway_current": "E08000033",
        "local_authority_ons_district": "E08000033",
        "location_easting_osgr": "408855",
        "location_northing_osgr": "421307",
        "longitude": "-1.867393",
        "lsoa_of_accident_location": "E01010900",
        "number_of_casualties": 1,
        "number_of_vehicles": 1,
        "pedestrian_crossing": "0",
        "pedestrian_crossing_human_control_historic": "0",
        "pedestrian_crossing_physical_facilities_historic": "0",
        "police_force": "13",
        "road_surface_conditions": "1",
        "road_type": "6",
        "second_road_class": "0",
        "second_road_number": "-1",
        "special_conditions_at_site": "0",
        "speed_limit": 30,
        "time": "15:48",
        "trunk_road_flag": "2",
        "urban_or_rural_area": "1",
        "weather_conditions": "1",
        "geometry_source": "collision_location",
        "source_year": 2021,
        "date_iso": "2021-10-13"
      }
    },
    {
      "type": "Feature",
      "id": "2021131106146",
      "geometry": {
        "type": "Point",
        "coordinates": [
          -1.920211,
          53.679062
        ]
      },
      "properties": {
        "carriageway_hazards": "12",
        "carriageway_hazards_historic": "0",
        "collision_adjusted_severity_serious": "0",
        "collision_adjusted_severity_slight": "1",
        "collision_index": "2021131106146",
        "collision_injury_based": "1",
        "collision_ref_no": "131106146",
        "collision_severity": "3",
        "collision_year": 2021,
        "date": "04/11/2021",
        "day_of_week": "5",
        "did_police_officer_attend_scene_of_accident": "1",
        "enhanced_severity_collision": "3",
        "first_road_class": "4",
        "first_road_number": "6113",
        "junction_control": "4",
        "junction_detail": "16",
        "junction_detail_historic": "6",
        "latitude": "53.679062",
        "light_conditions": "1",
        "local_authority_district": "-1",
        "local_authority_highway": "E08000033",
        "local_authority_highway_current": "E08000033",
        "local_authority_ons_district": "E08000033",
        "location_easting_osgr": "405368",
        "location_northing_osgr": "420290",
        "longitude": "-1.920211",
        "lsoa_of_accident_location": "E01010953",
        "number_of_casualties": 2,
        "number_of_vehicles": 2,
        "pedestrian_crossing": "0",
        "pedestrian_crossing_human_control_historic": "0",
        "pedestrian_crossing_physical_facilities_historic": "0",
        "police_force": "13",
        "road_surface_conditions": "1",
        "road_type": "6",
        "second_road_class": "6",
        "second_road_number": "0",
        "special_conditions_at_site": "3",
        "speed_limit": 40,
        "time": "11:12",
        "trunk_road_flag": "2",
        "urban_or_rural_area": "2",
        "weather_conditions": "1",
        "geometry_source": "collision_location",
        "source_year": 2021,
        "date_iso": "2021-11-04"
      }
    },
    {
      "type": "Feature",
      "id": "2021131078890",
      "geometry": {
        "type": "Point",
        "coordinates": [
          -1.779526,
          53.713877
        ]
      },
      "properties": {
        "carriageway_hazards": "0",
        "carriageway_hazards_historic": "0",
        "collision_adjusted_severity_serious": "0",
        "collision_adjusted_severity_slight": "1",
        "collision_index": "2021131078890",
        "collision_injury_based": "1",
        "collision_ref_no": "131078890",
        "collision_severity": "3",
        "collision_year": 2021,
        "date": "19/08/2021",
        "day_of_week": "5",
        "did_police_officer_attend_scene_of_accident": "1",
        "enhanced_severity_collision": "3",
        "first_road_class": "3",
        "first_road_number": "641",
        "junction_control": "-1",
        "junction_detail": "0",
        "junction_detail_historic": "0",
        "latitude": "53.713877",
        "light_conditions": "4",
        "local_authority_district": "-1",
        "local_authority_highway": "E08000033",
        "local_authority_highway_current": "E08000033",
        "local_authority_ons_district": "E08000033",
        "location_easting_osgr": "414649",
        "location_northing_osgr": "424183",
        "longitude": "-1.779526",
        "lsoa_of_accident_location": "E01010880",
        "number_of_casualties": 1,
        "number_of_vehicles": 4,
        "pedestrian_crossing": "0",
        "pedestrian_crossing_human_control_historic": "0",
        "pedestrian_crossing_physical_facilities_historic": "0",
        "police_force": "13",
        "road_surface_conditions": "2",
        "road_type": "6",
        "second_road_class": "0",
        "second_road_number": "-1",
        "special_conditions_at_site": "0",
        "speed_limit": 30,
        "time": "23:32",
        "trunk_road_flag": "2",
        "urban_or_rural_area": "1",
        "weather_conditions": "1",
        "geometry_source": "collision_location",
        "source_year": 2021,
        "date_iso": "2021-08-19"
      }
    },
    {
      "type": "Feature",
      "id": "2021131091564",
      "geometry": {
        "type": "Point",
        "coordinates": [
          -1.86549,
          53.725096
        ]
      },
      "properties": {
        "carriageway_hazards": "0",
        "carriageway_hazards_historic": "0",
        "collision_adjusted_severity_serious": "0",
        "collision_adjusted_severity_slight": "1",
        "collision_index": "2021131091564",
        "collision_injury_based": "1",
        "collision_ref_no": "131091564",
        "collision_severity": "3",
        "collision_year": 2021,
        "date": "24/09/2021",
        "day_of_week": "6",
        "did_police_officer_attend_scene_of_accident": "2",
        "enhanced_severity_collision": "3",
        "first_road_class": "6",
        "first_road_number": "0",
        "junction_control": "-1",
        "junction_detail": "0",
        "junction_detail_historic": "0",
        "latitude": "53.725096",
        "light_conditions": "1",
        "local_authority_district": "-1",
        "local_authority_highway": "E08000033",
        "local_authority_highway_current": "E08000033",
        "local_authority_ons_district": "E08000033",
        "location_easting_osgr": "408973",
        "location_northing_osgr": "425417",
        "longitude": "-1.86549",
        "lsoa_of_accident_location": "E01010994",
        "number_of_casualties": 1,
        "number_of_vehicles": 1,
        "pedestrian_crossing": "0",
        "pedestrian_crossing_human_control_historic": "0",
        "pedestrian_crossing_physical_facilities_historic": "0",
        "police_force": "13",
        "road_surface_conditions": "2",
        "road_type": "3",
        "second_road_class": "0",
        "second_road_number": "-1",
        "special_conditions_at_site": "0",
        "speed_limit": 30,
        "time": "13:45",
        "trunk_road_flag": "2",
        "urban_or_rural_area": "1",
        "weather_conditions": "2",
        "geometry_source": "collision_location",
        "source_year": 2021,
        "date_iso": "2021-09-24"
      }
    },
    {
      "type": "Feature",
      "id": "2021131093548",
      "geometry": {
        "type": "Point",
        "coordinates": [
          -1.899333,
          53.711602
        ]
      },
      "properties": {
        "carriageway_hazards": "0",
        "carriageway_hazards_historic": "0",
        "collision_adjusted_severity_serious": "0",
        "collision_adjusted_severity_slight": "1",
        "collision_index": "2021131093548",
        "collision_injury_based": "1",
        "collision_ref_no": "131093548",
        "collision_severity": "3",
        "collision_year": 2021,
        "date": "30/09/2021",
        "day_of_week": "5",
        "did_police_officer_attend_scene_of_accident": "2",
        "enhanced_severity_collision": "3",
        "first_road_class": "3",
        "first_road_number": "58",
        "junction_control": "4",
        "junction_detail": "0",
        "junction_detail_historic": "2",
        "latitude": "53.711602",
        "light_conditions": "4",
        "local_authority_district": "-1",
        "local_authority_highway": "E08000033",
        "local_authority_highway_current": "E08000033",
        "local_authority_ons_district": "E08000033",
        "location_easting_osgr": "406742",
        "location_northing_osgr": "423912",
        "longitude": "-1.899333",
        "lsoa_of_accident_location": "E01010981",
        "number_of_casualties": 1,
        "number_of_vehicles": 2,
        "pedestrian_crossing": "14",
        "pedestrian_crossing_human_control_historic": "0",
        "pedestrian_crossing_physical_facilities_historic": "4",
        "police_force": "13",
        "road_surface_conditions": "2",
        "road_type": "6",
        "second_road_class": "3",
        "second_road_number": "6142",
        "special_conditions_at_site": "0",
        "speed_limit": 20,
        "time": "06:59",
        "trunk_road_flag": "2",
        "urban_or_rural_area": "1",
        "weather_conditions": "2",
        "geometry_source": "collision_location",
        "source_year": 2021,
        "date_iso": "2021-09-30"
      }
    },
    {
      "type": "Feature",
      "id": "2021131101657",
      "geometry": {
        "type": "Point",
        "coordinates": [
          -1.944391,
          53.723046
        ]
      },
      "properties": {
        "carriageway_hazards": "17",
        "carriageway_hazards_historic": "2",
        "collision_adjusted_severity_serious": "0",
        "collision_adjusted_severity_slight": "1",
        "collision_index": "2021131101657",
        "collision_injury_based": "1",
        "collision_ref_no": "131101657",
        "collision_severity": "3",
        "collision_year": 2021,
        "date": "22/10/2021",
        "day_of_week": "6",
        "did_police_officer_attend_scene_of_accident": "1",
        "enhanced_severity_collision": "3",
        "first_road_class": "6",
        "first_road_number": "0",
        "junction_control": "-1",
        "junction_detail": "0",
        "junction_detail_historic": "0",
        "latitude": "53.723046",
        "light_conditions": "4",
        "local_authority_district": "-1",
        "local_authority_highway": "E08000033",
        "local_authority_highway_current": "E08000033",
        "local_authority_ons_district": "E08000033",
        "location_easting_osgr": "403767",
        "location_northing_osgr": "425182",
        "longitude": "-1.944391",
        "lsoa_of_accident_location": "E01010922",
        "number_of_casualties": 1,
        "number_of_vehicles": 1,
        "pedestrian_crossing": "0",
        "pedestrian_crossing_human_control_historic": "0",
        "pedestrian_crossing_physical_facilities_historic": "0",
        "police_force": "13",
        "road_surface_conditions": "2",
        "road_type": "6",
        "second_road_class": "0",
        "second_road_number": "-1",
        "special_conditions_at_site": "0",
        "speed_limit": 30,
        "time": "18:47",
        "trunk_road_flag": "2",
        "urban_or_rural_area": "2",
        "weather_conditions": "2",
        "geometry_source": "collision_location",
        "source_year": 2021,
        "date_iso": "2021-10-22"
      }
    },
    {
      "type": "Feature",
      "id": "2021131042979",
      "geometry": {
        "type": "Point",
        "coordinates": [
          -1.865779,
          53.71973
        ]
      },
      "properties": {
        "carriageway_hazards": "0",
        "carriageway_hazards_historic": "0",
        "collision_adjusted_severity_serious": "0",
        "collision_adjusted_severity_slight": "1",
        "collision_index": "2021131042979",
        "collision_injury_based": "1",
        "collision_ref_no": "131042979",
        "collision_severity": "3",
        "collision_year": 2021,
        "date": "06/05/2021",
        "day_of_week": "5",
        "did_police_officer_attend_scene_of_accident": "1",
        "enhanced_severity_collision": "3",
        "first_road_class": "6",
        "first_road_number": "0",
        "junction_control": "4",
        "junction_detail": "16",
        "junction_detail_historic": "6",
        "latitude": "53.71973",
        "light_conditions": "1",
        "local_authority_district": "-1",
        "local_authority_highway": "E08000033",
        "local_authority_highway_current": "E08000033",
        "local_authority_ons_district": "E08000033",
        "location_easting_osgr": "408955",
        "location_northing_osgr": "424820",
        "longitude": "-1.865779",
        "lsoa_of_accident_location": "E01010994",
        "number_of_casualties": 1,
        "number_of_vehicles": 1,
        "pedestrian_crossing": "0",
        "pedestrian_crossing_human_control_historic": "0",
        "pedestrian_crossing_physical_facilities_historic": "0",
        "police_force": "13",
        "road_surface_conditions": "2",
        "road_type": "6",
        "second_road_class": "6",
        "second_road_number": "0",
        "special_conditions_at_site": "0",
        "speed_limit": 20,
        "time": "20:07",
        "trunk_road_flag": "2",
        "urban_or_rural_area": "1",
        "weather_conditions": "1",
        "geometry_source": "collision_location",
        "source_year": 2021,
        "date_iso": "2021-05-06"
      }
    },
    {
      "type": "Feature",
      "id": "2021131042329",
      "geometry": {
        "type": "Point",
        "coordinates": [
          -1.838696,
          53.73272
        ]
      },
      "properties": {
        "carriageway_hazards": "0",
        "carriageway_hazards_historic": "0",
        "collision_adjusted_severity_serious": "1",
        "collision_adjusted_severity_slight": "0",
        "collision_index": "2021131042329",
        "collision_injury_based": "1",
        "collision_ref_no": "131042329",
        "collision_severity": "2",
        "collision_year": 2021,
        "date": "05/05/2021",
        "day_of_week": "4",
        "did_police_officer_attend_scene_of_accident": "1",
        "enhanced_severity_collision": "7",
        "first_road_class": "3",
        "first_road_number": "58",
        "junction_control": "2",
        "junction_detail": "16",
        "junction_detail_historic": "6",
        "latitude": "53.73272",
        "light_conditions": "1",
        "local_authority_district": "-1",
        "local_authority_highway": "E08000033",
        "local_authority_highway_current": "E08000033",
        "local_authority_ons_district": "E08000033",
        "location_easting_osgr": "410739",
        "location_northing_osgr": "426269",
        "longitude": "-1.838696",
        "lsoa_of_accident_location": "E01010937",
        "number_of_casualties": 1,
        "number_of_vehicles": 2,
        "pedestrian_crossing": "0",
        "pedestrian_crossing_human_control_historic": "0",
        "pedestrian_crossing_physical_facilities_historic": "0",
        "police_force": "13",
        "road_surface_conditions": "1",
        "road_type": "6",
        "second_road_class": "6",
        "second_road_number": "0",
        "special_conditions_at_site": "0",
        "speed_limit": 50,
        "time": "17:15",
        "trunk_road_flag": "2",
        "urban_or_rural_area": "1",
        "weather_conditions": "1",
        "geometry_source": "collision_location",
        "source_year": 2021,
        "date_iso": "2021-05-05"
      }
    },
    {
      "type": "Feature",
      "id": "2021131077999",
      "geometry": {
        "type": "Point",
        "coordinates": [
          -1.745698,
          53.715473
        ]
      },
      "properties": {
        "carriageway_hazards": "0",
        "carriageway_hazards_historic": "0",
        "collision_adjusted_severity_serious": "0",
        "collision_adjusted_severity_slight": "1",
        "collision_index": "2021131077999",
        "collision_injury_based": "1",
        "collision_ref_no": "131077999",
        "collision_severity": "3",
        "collision_year": 2021,
        "date": "17/08/2021",
        "day_of_week": "3",
        "did_police_officer_attend_scene_of_accident": "1",
        "enhanced_severity_collision": "3",
        "first_road_class": "1",
        "first_road_number": "62",
        "junction_control": "-1",
        "junction_detail": "0",
        "junction_detail_historic": "0",
        "latitude": "53.715473",
        "light_conditions": "1",
        "local_authority_district": "-1",
        "local_authority_highway": "E08000033",
        "local_authority_highway_current": "E08000033",
        "local_authority_ons_district": "E08000033",
        "location_easting_osgr": "416881",
        "location_northing_osgr": "424368",
        "longitude": "-1.745698",
        "lsoa_of_accident_location": "E01010908",
        "number_of_casualties": 1,
        "number_of_vehicles": 2,
        "pedestrian_crossing": "0",
        "pedestrian_crossing_human_control_historic": "0",
        "pedestrian_crossing_physical_facilities_historic": "0",
        "police_force": "13",
        "road_surface_conditions": "1",
        "road_type": "3",
        "second_road_class": "0",
        "second_road_number": "-1",
        "special_conditions_at_site": "0",
        "speed_limit": 70,
        "time": "09:39",
        "trunk_road_flag": "1",
        "urban_or_rural_area": "2",
        "weather_conditions": "1",
        "geometry_source": "collision_location",
        "source_year": 2021,
        "date_iso": "2021-08-17"
      }
    },
    {
      "type": "Feature",
      "id": "2021138391063",
      "geometry": {
        "type": "Point",
        "coordinates": [
          -1.850387,
          53.727406
        ]
      },
      "properties": {
        "carriageway_hazards": "0",
        "carriageway_hazards_historic": "0",
        "collision_adjusted_severity_serious": "0.07101",
        "collision_adjusted_severity_slight": "0.92899",
        "collision_index": "2021138391063",
        "collision_injury_based": "0",
        "collision_ref_no": "138391063",
        "collision_severity": "3",
        "collision_year": 2021,
        "date": "09/03/2021",
        "day_of_week": "3",
        "did_police_officer_attend_scene_of_accident": "1",
        "enhanced_severity_collision": "-1",
        "first_road_class": "6",
        "first_road_number": "0",
        "junction_control": "4",
        "junction_detail": "19",
        "junction_detail_historic": "9",
        "latitude": "53.727406",
        "light_conditions": "1",
        "local_authority_district": "-1",
        "local_authority_highway": "E08000033",
        "local_authority_highway_current": "E08000033",
        "local_authority_ons_district": "E08000033",
        "location_easting_osgr": "409969",
        "location_northing_osgr": "425676",
        "longitude": "-1.850387",
        "lsoa_of_accident_location": "E01010934",
        "number_of_casualties": 1,
        "number_of_vehicles": 2,
        "pedestrian_crossing": "0",
        "pedestrian_crossing_human_control_historic": "0",
        "pedestrian_crossing_physical_facilities_historic": "0",
        "police_force": "13",
        "road_surface_conditions": "1",
        "road_type": "6",
        "second_road_class": "6",
        "second_road_number": "0",
        "special_conditions_at_site": "0",
        "speed_limit": 30,
        "time": "15:30",
        "trunk_road_flag": "2",
        "urban_or_rural_area": "1",
        "weather_conditions": "1",
        "geometry_source": "collision_location",
        "source_year": 2021,
        "date_iso": "2021-03-09"
      }
    },
    {
      "type": "Feature",
      "id": "20211383B0622",
      "geometry": {
        "type": "Point",
        "coordinates": [
          -2.009851,
          53.630723
        ]
      },
      "properties": {
        "carriageway_hazards": "0",
        "carriageway_hazards_historic": "0",
        "collision_adjusted_severity_serious": "0.02631",
        "collision_adjusted_severity_slight": "0.97369",
        "collision_index": "20211383B0622",
        "collision_injury_based": "0",
        "collision_ref_no": "1383B0622",
        "collision_severity": "3",
        "collision_year": 2021,
        "date": "11/03/2021",
        "day_of_week": "5",
        "did_police_officer_attend_scene_of_accident": "1",
        "enhanced_severity_collision": "-1",
        "first_road_class": "1",
        "first_road_number": "62",
        "junction_control": "-1",
        "junction_detail": "0",
        "junction_detail_historic": "0",
        "latitude": "53.630723",
        "light_conditions": "1",
        "local_authority_district": "-1",
        "local_authority_highway": "E08000033",
        "local_authority_highway_current": "E08000033",
        "local_authority_ons_district": "E08000033",
        "location_easting_osgr": "399446",
        "location_northing_osgr": "414909",
        "longitude": "-2.009851",
        "lsoa_of_accident_location": "E01010955",
        "number_of_casualties": 1,
        "number_of_vehicles": 2,
        "pedestrian_crossing": "0",
        "pedestrian_crossing_human_control_historic": "0",
        "pedestrian_crossing_physical_facilities_historic": "0",
        "police_force": "13",
        "road_surface_conditions": "2",
        "road_type": "3",
        "second_road_class": "0",
        "second_road_number": "-1",
        "special_conditions_at_site": "0",
        "speed_limit": 70,
        "time": "12:08",
        "trunk_road_flag": "1",
        "urban_or_rural_area": "2",
        "weather_conditions": "5",
        "geometry_source": "collision_location",
        "source_year": 2021,
        "date_iso": "2021-03-11"
      }
    },
    {
      "type": "Feature",
      "id": "2021131045066",
      "geometry": {
        "type": "Point",
        "coordinates": [
          -1.799926,
          53.728707
        ]
      },
      "properties": {
        "carriageway_hazards": "0",
        "carriageway_hazards_historic": "0",
        "collision_adjusted_severity_serious": "0",
        "collision_adjusted_severity_slight": "1",
        "collision_index": "2021131045066",
        "collision_injury_based": "1",
        "collision_ref_no": "131045066",
        "collision_severity": "3",
        "collision_year": 2021,
        "date": "13/05/2021",
        "day_of_week": "5",
        "did_police_officer_attend_scene_of_accident": "2",
        "enhanced_severity_collision": "3",
        "first_road_class": "6",
        "first_road_number": "0",
        "junction_control": "4",
        "junction_detail": "13",
        "junction_detail_historic": "3",
        "latitude": "53.728707",
        "light_conditions": "1",
        "local_authority_district": "-1",
        "local_authority_highway": "E08000033",
        "local_authority_highway_current": "E08000033",
        "local_authority_ons_district": "E08000033",
        "location_easting_osgr": "413298",
        "location_northing_osgr": "425829",
        "longitude": "-1.799926",
        "lsoa_of_accident_location": "E01010906",
        "number_of_casualties": 1,
        "number_of_vehicles": 2,
        "pedestrian_crossing": "0",
        "pedestrian_crossing_human_control_historic": "0",
        "pedestrian_crossing_physical_facilities_historic": "0",
        "police_force": "13",
        "road_surface_conditions": "1",
        "road_type": "6",
        "second_road_class": "3",
        "second_road_number": "58",
        "special_conditions_at_site": "0",
        "speed_limit": 30,
        "time": "17:15",
        "trunk_road_flag": "2",
        "urban_or_rural_area": "1",
        "weather_conditions": "1",
        "geometry_source": "collision_location",
        "source_year": 2021,
        "date_iso": "2021-05-13"
      }
    },
    {
      "type": "Feature",
      "id": "2021131083928",
      "geometry": {
        "type": "Point",
        "coordinates": [
          -2.032109,
          53.744653
        ]
      },
      "properties": {
        "carriageway_hazards": "0",
        "carriageway_hazards_historic": "0",
        "collision_adjusted_severity_serious": "0",
        "collision_adjusted_severity_slight": "1",
        "collision_index": "2021131083928",
        "collision_injury_based": "1",
        "collision_ref_no": "131083928",
        "collision_severity": "3",
        "collision_year": 2021,
        "date": "05/09/2021",
        "day_of_week": "1",
        "did_police_officer_attend_scene_of_accident": "1",
        "enhanced_severity_collision": "3",
        "first_road_class": "6",
        "first_road_number": "0",
        "junction_control": "-1",
        "junction_detail": "0",
        "junction_detail_historic": "0",
        "latitude": "53.744653",
        "light_conditions": "6",
        "local_authority_district": "-1",
        "local_authority_highway": "E08000033",
        "local_authority_highway_current": "E08000033",
        "local_authority_ons_district": "E08000033",
        "location_easting_osgr": "397980",
        "location_northing_osgr": "427585",
        "longitude": "-2.032109",
        "lsoa_of_accident_location": "E01010882",
        "number_of_casualties": 1,
        "number_of_vehicles": 1,
        "pedestrian_crossing": "0",
        "pedestrian_crossing_human_control_historic": "0",
        "pedestrian_crossing_physical_facilities_historic": "0",
        "police_force": "13",
        "road_surface_conditions": "1",
        "road_type": "6",
        "second_road_class": "0",
        "second_road_number": "-1",
        "special_conditions_at_site": "0",
        "speed_limit": 60,
        "time": "02:00",
        "trunk_road_flag": "2",
        "urban_or_rural_area": "2",
        "weather_conditions": "1",
        "geometry_source": "collision_location",
        "source_year": 2021,
        "date_iso": "2021-09-05"
      }
    },
    {
      "type": "Feature",
      "id": "20211383O0316",
      "geometry": {
        "type": "Point",
        "coordinates": [
          -1.860436,
          53.717863
        ]
      },
      "properties": {
        "carriageway_hazards": "0",
        "carriageway_hazards_historic": "0",
        "collision_adjusted_severity_serious": "0.10221",
        "collision_adjusted_severity_slight": "0.89779",
        "collision_index": "20211383O0316",
        "collision_injury_based": "0",
        "collision_ref_no": "1383O0316",
        "collision_severity": "3",
        "collision_year": 2021,
        "date": "24/03/2021",
        "day_of_week": "4",
        "did_police_officer_attend_scene_of_accident": "2",
        "enhanced_severity_collision": "-1",
        "first_road_class": "3",
        "first_road_number": "629",
        "junction_control": "4",
        "junction_detail": "16",
        "junction_detail_historic": "6",
        "latitude": "53.717863",
        "light_conditions": "1",
        "local_authority_district": "-1",
        "local_authority_highway": "E08000033",
        "local_authority_highway_current": "E08000033",
        "local_authority_ons_district": "E08000033",
        "location_easting_osgr": "409308",
        "location_northing_osgr": "424613",
        "longitude": "-1.860436",
        "lsoa_of_accident_location": "E01010994",
        "number_of_casualties": 1,
        "number_of_vehicles": 2,
        "pedestrian_crossing": "0",
        "pedestrian_crossing_human_control_historic": "0",
        "pedestrian_crossing_physical_facilities_historic": "0",
        "police_force": "13",
        "road_surface_conditions": "1",
        "road_type": "6",
        "second_road_class": "6",
        "second_road_number": "0",
        "special_conditions_at_site": "0",
        "speed_limit": 30,
        "time": "07:16",
        "trunk_road_flag": "2",
        "urban_or_rural_area": "1",
        "weather_conditions": "1",
        "geometry_source": "collision_location",
        "source_year": 2021,
        "date_iso": "2021-03-24"
      }
    },
    {
      "type": "Feature",
      "id": "2021131055857",
      "geometry": {
        "type": "Point",
        "coordinates": [
          -1.858556,
          53.686591
        ]
      },
      "properties": {
        "carriageway_hazards": "0",
        "carriageway_hazards_historic": "0",
        "collision_adjusted_severity_serious": "0",
        "collision_adjusted_severity_slight": "1",
        "collision_index": "2021131055857",
        "collision_injury_based": "1",
        "collision_ref_no": "131055857",
        "collision_severity": "3",
        "collision_year": 2021,
        "date": "15/06/2021",
        "day_of_week": "3",
        "did_police_officer_attend_scene_of_accident": "1",
        "enhanced_severity_collision": "3",
        "first_road_class": "4",
        "first_road_number": "6114",
        "junction_control": "-1",
        "junction_detail": "0",
        "junction_detail_historic": "0",
        "latitude": "53.686591",
        "light_conditions": "1",
        "local_authority_district": "-1",
        "local_authority_highway": "E08000033",
        "local_authority_highway_current": "E08000033",
        "local_authority_ons_district": "E08000033",
        "location_easting_osgr": "409439",
        "location_northing_osgr": "421134",
        "longitude": "-1.858556",
        "lsoa_of_accident_location": "E01010898",
        "number_of_casualties": 2,
        "number_of_vehicles": 2,
        "pedestrian_crossing": "0",
        "pedestrian_crossing_human_control_historic": "0",
        "pedestrian_crossing_physical_facilities_historic": "0",
        "police_force": "13",
        "road_surface_conditions": "1",
        "road_type": "6",
        "second_road_class": "0",
        "second_road_number": "-1",
        "special_conditions_at_site": "0",
        "speed_limit": 30,
        "time": "07:50",
        "trunk_road_flag": "2",
        "urban_or_rural_area": "1",
        "weather_conditions": "1",
        "geometry_source": "collision_location",
        "source_year": 2021,
        "date_iso": "2021-06-15"
      }
    },
    {
      "type": "Feature",
      "id": "2021131063942",
      "geometry": {
        "type": "Point",
        "coordinates": [
          -2.10868,
          53.72149
        ]
      },
      "properties": {
        "carriageway_hazards": "0",
        "carriageway_hazards_historic": "0",
        "collision_adjusted_severity_serious": "0",
        "collision_adjusted_severity_slight": "1",
        "collision_index": "2021131063942",
        "collision_injury_based": "1",
        "collision_ref_no": "131063942",
        "collision_severity": "3",
        "collision_year": 2021,
        "date": "06/07/2021",
        "day_of_week": "3",
        "did_police_officer_attend_scene_of_accident": "2",
        "enhanced_severity_collision": "3",
        "first_road_class": "6",
        "first_road_number": "0",
        "junction_control": "4",
        "junction_detail": "19",
        "junction_detail_historic": "9",
        "latitude": "53.72149",
        "light_conditions": "1",
        "local_authority_district": "-1",
        "local_authority_highway": "E08000033",
        "local_authority_highway_current": "E08000033",
        "local_authority_ons_district": "E08000033",
        "location_easting_osgr": "392926",
        "location_northing_osgr": "425013",
        "longitude": "-2.10868",
        "lsoa_of_accident_location": "E01010987",
        "number_of_casualties": 1,
        "number_of_vehicles": 2,
        "pedestrian_crossing": "0",
        "pedestrian_crossing_human_control_historic": "0",
        "pedestrian_crossing_physical_facilities_historic": "0",
        "police_force": "13",
        "road_surface_conditions": "1",
        "road_type": "6",
        "second_road_class": "3",
        "second_road_number": "646",
        "special_conditions_at_site": "0",
        "speed_limit": 30,
        "time": "07:20",
        "trunk_road_flag": "2",
        "urban_or_rural_area": "1",
        "weather_conditions": "1",
        "geometry_source": "collision_location",
        "source_year": 2021,
        "date_iso": "2021-07-06"
      }
    },
    {
      "type": "Feature",
      "id": "2021131074046",
      "geometry": {
        "type": "Point",
        "coordinates": [
          -1.80944,
          53.756559
        ]
      },
      "properties": {
        "carriageway_hazards": "0",
        "carriageway_hazards_historic": "0",
        "collision_adjusted_severity_serious": "0",
        "collision_adjusted_severity_slight": "1",
        "collision_index": "2021131074046",
        "collision_injury_based": "1",
        "collision_ref_no": "131074046",
        "collision_severity": "3",
        "collision_year": 2021,
        "date": "04/08/2021",
        "day_of_week": "4",
        "did_police_officer_attend_scene_of_accident": "1",
        "enhanced_severity_collision": "3",
        "first_road_class": "3",
        "first_road_number": "6036",
        "junction_control": "4",
        "junction_detail": "18",
        "junction_detail_historic": "8",
        "latitude": "53.756559",
        "light_conditions": "1",
        "local_authority_district": "-1",
        "local_authority_highway": "E08000033",
        "local_authority_highway_current": "E08000033",
        "local_authority_ons_district": "E08000033",
        "location_easting_osgr": "412662",
        "location_northing_osgr": "428926",
        "longitude": "-1.80944",
        "lsoa_of_accident_location": "E01010932",
        "number_of_casualties": 1,
        "number_of_vehicles": 2,
        "pedestrian_crossing": "0",
        "pedestrian_crossing_human_control_historic": "0",
        "pedestrian_crossing_physical_facilities_historic": "0",
        "police_force": "13",
        "road_surface_conditions": "1",
        "road_type": "6",
        "second_road_class": "6",
        "second_road_number": "0",
        "special_conditions_at_site": "0",
        "speed_limit": 30,
        "time": "18:50",
        "trunk_road_flag": "2",
        "urban_or_rural_area": "1",
        "weather_conditions": "1",
        "geometry_source": "collision_location",
        "source_year": 2021,
        "date_iso": "2021-08-04"
      }
    },
    {
      "type": "Feature",
      "id": "2021131085556",
      "geometry": {
        "type": "Point",
        "coordinates": [
          -1.807923,
          53.726419
        ]
      },
      "properties": {
        "carriageway_hazards": "0",
        "carriageway_hazards_historic": "0",
        "collision_adjusted_severity_serious": "0",
        "collision_adjusted_severity_slight": "1",
        "collision_index": "2021131085556",
        "collision_injury_based": "1",
        "collision_ref_no": "131085556",
        "collision_severity": "3",
        "collision_year": 2021,
        "date": "08/09/2021",
        "day_of_week": "4",
        "did_police_officer_attend_scene_of_accident": "1",
        "enhanced_severity_collision": "3",
        "first_road_class": "3",
        "first_road_number": "58",
        "junction_control": "-1",
        "junction_detail": "0",
        "junction_detail_historic": "0",
        "latitude": "53.726419",
        "light_conditions": "1",
        "local_authority_district": "-1",
        "local_authority_highway": "E08000033",
        "local_authority_highway_current": "E08000033",
        "local_authority_ons_district": "E08000033",
        "location_easting_osgr": "412771",
        "location_northing_osgr": "425573",
        "longitude": "-1.807923",
        "lsoa_of_accident_location": "E01010906",
        "number_of_casualties": 1,
        "number_of_vehicles": 2,
        "pedestrian_crossing": "17",
        "pedestrian_crossing_human_control_historic": "0",
        "pedestrian_crossing_physical_facilities_historic": "8",
        "police_force": "13",
        "road_surface_conditions": "1",
        "road_type": "6",
        "second_road_class": "0",
        "second_road_number": "-1",
        "special_conditions_at_site": "0",
        "speed_limit": 30,
        "time": "07:00",
        "trunk_road_flag": "2",
        "urban_or_rural_area": "1",
        "weather_conditions": "1",
        "geometry_source": "collision_location",
        "source_year": 2021,
        "date_iso": "2021-09-08"
      }
    },
    {
      "type": "Feature",
      "id": "2021131032722",
      "geometry": {
        "type": "Point",
        "coordinates": [
          -1.863034,
          53.706613
        ]
      },
      "properties": {
        "carriageway_hazards": "0",
        "carriageway_hazards_historic": "0",
        "collision_adjusted_severity_serious": "0",
        "collision_adjusted_severity_slight": "1",
        "collision_index": "2021131032722",
        "collision_injury_based": "1",
        "collision_ref_no": "131032722",
        "collision_severity": "3",
        "collision_year": 2021,
        "date": "02/04/2021",
        "day_of_week": "6",
        "did_police_officer_attend_scene_of_accident": "1",
        "enhanced_severity_collision": "3",
        "first_road_class": "6",
        "first_road_number": "0",
        "junction_control": "-1",
        "junction_detail": "0",
        "junction_detail_historic": "0",
        "latitude": "53.706613",
        "light_conditions": "1",
        "local_authority_district": "-1",
        "local_authority_highway": "E08000033",
        "local_authority_highway_current": "E08000033",
        "local_authority_ons_district": "E08000033",
        "location_easting_osgr": "409139",
        "location_northing_osgr": "423361",
        "longitude": "-1.863034",
        "lsoa_of_accident_location": "E01010972",
        "number_of_casualties": 1,
        "number_of_vehicles": 2,
        "pedestrian_crossing": "0",
        "pedestrian_crossing_human_control_historic": "0",
        "pedestrian_crossing_physical_facilities_historic": "0",
        "police_force": "13",
        "road_surface_conditions": "1",
        "road_type": "6",
        "second_road_class": "0",
        "second_road_number": "-1",
        "special_conditions_at_site": "0",
        "speed_limit": 30,
        "time": "19:45",
        "trunk_road_flag": "2",
        "urban_or_rural_area": "1",
        "weather_conditions": "1",
        "geometry_source": "collision_location",
        "source_year": 2021,
        "date_iso": "2021-04-02"
      }
    },
    {
      "type": "Feature",
      "id": "2021131083358",
      "geometry": {
        "type": "Point",
        "coordinates": [
          -1.861889,
          53.723177
        ]
      },
      "properties": {
        "carriageway_hazards": "0",
        "carriageway_hazards_historic": "0",
        "collision_adjusted_severity_serious": "0",
        "collision_adjusted_severity_slight": "1",
        "collision_index": "2021131083358",
        "collision_injury_based": "1",
        "collision_ref_no": "131083358",
        "collision_severity": "3",
        "collision_year": 2021,
        "date": "30/08/2021",
        "day_of_week": "2",
        "did_police_officer_attend_scene_of_accident": "2",
        "enhanced_severity_collision": "3",
        "first_road_class": "6",
        "first_road_number": "0",
        "junction_control": "4",
        "junction_detail": "16",
        "junction_detail_historic": "6",
        "latitude": "53.723177",
        "light_conditions": "4",
        "local_authority_district": "-1",
        "local_authority_highway": "E08000033",
        "local_authority_highway_current": "E08000033",
        "local_authority_ons_district": "E08000033",
        "location_easting_osgr": "409211",
        "location_northing_osgr": "425204",
        "longitude": "-1.861889",
        "lsoa_of_accident_location": "E01010994",
        "number_of_casualties": 1,
        "number_of_vehicles": 1,
        "pedestrian_crossing": "0",
        "pedestrian_crossing_human_control_historic": "0",
        "pedestrian_crossing_physical_facilities_historic": "0",
        "police_force": "13",
        "road_surface_conditions": "1",
        "road_type": "2",
        "second_road_class": "6",
        "second_road_number": "0",
        "special_conditions_at_site": "0",
        "speed_limit": 20,
        "time": "03:20",
        "trunk_road_flag": "2",
        "urban_or_rural_area": "1",
        "weather_conditions": "1",
        "geometry_source": "collision_location",
        "source_year": 2021,
        "date_iso": "2021-08-30"
      }
    },
    {
      "type": "Feature",
      "id": "20211383Q1626",
      "geometry": {
        "type": "Point",
        "coordinates": [
          -1.983624,
          53.730985
        ]
      },
      "properties": {
        "carriageway_hazards": "0",
        "carriageway_hazards_historic": "0",
        "collision_adjusted_severity_serious": "0.14057",
        "collision_adjusted_severity_slight": "0.85943",
        "collision_index": "20211383Q1626",
        "collision_injury_based": "0",
        "collision_ref_no": "1383Q1626",
        "collision_severity": "3",
        "collision_year": 2021,
        "date": "26/03/2021",
        "day_of_week": "6",
        "did_police_officer_attend_scene_of_accident": "1",
        "enhanced_severity_collision": "-1",
        "first_road_class": "3",
        "first_road_number": "646",
        "junction_control": "4",
        "junction_detail": "13",
        "junction_detail_historic": "3",
        "latitude": "53.730985",
        "light_conditions": "4",
        "local_authority_district": "-1",
        "local_authority_highway": "E08000033",
        "local_authority_highway_current": "E08000033",
        "local_authority_ons_district": "E08000033",
        "location_easting_osgr": "401178",
        "location_northing_osgr": "426064",
        "longitude": "-1.983624",
        "lsoa_of_accident_location": "E01010919",
        "number_of_casualties": 1,
        "number_of_vehicles": 1,
        "pedestrian_crossing": "14",
        "pedestrian_crossing_human_control_historic": "0",
        "pedestrian_crossing_physical_facilities_historic": "4",
        "police_force": "13",
        "road_surface_conditions": "2",
        "road_type": "6",
        "second_road_class": "6",
        "second_road_number": "0",
        "special_conditions_at_site": "0",
        "speed_limit": 30,
        "time": "18:32",
        "trunk_road_flag": "2",
        "urban_or_rural_area": "2",
        "weather_conditions": "1",
        "geometry_source": "collision_location",
        "source_year": 2021,
        "date_iso": "2021-03-26"
      }
    },
    {
      "type": "Feature",
      "id": "2021131112946",
      "geometry": {
        "type": "Point",
        "coordinates": [
          -1.824157,
          53.744285
        ]
      },
      "properties": {
        "carriageway_hazards": "0",
        "carriageway_hazards_historic": "0",
        "collision_adjusted_severity_serious": "0",
        "collision_adjusted_severity_slight": "0",
        "collision_index": "2021131112946",
        "collision_injury_based": "1",
        "collision_ref_no": "131112946",
        "collision_severity": "1",
        "collision_year": 2021,
        "date": "22/11/2021",
        "day_of_week": "2",
        "did_police_officer_attend_scene_of_accident": "1",
        "enhanced_severity_collision": "1",
        "first_road_class": "3",
        "first_road_number": "6036",
        "junction_control": "-1",
        "junction_detail": "0",
        "junction_detail_historic": "0",
        "latitude": "53.744285",
        "light_conditions": "4",
        "local_authority_district": "-1",
        "local_authority_highway": "E08000033",
        "local_authority_highway_current": "E08000033",
        "local_authority_ons_district": "E08000033",
        "location_easting_osgr": "411695",
        "location_northing_osgr": "427558",
        "longitude": "-1.824157",
        "lsoa_of_accident_location": "E01010935",
        "number_of_casualties": 1,
        "number_of_vehicles": 2,
        "pedestrian_crossing": "0",
        "pedestrian_crossing_human_control_historic": "0",
        "pedestrian_crossing_physical_facilities_historic": "0",
        "police_force": "13",
        "road_surface_conditions": "1",
        "road_type": "6",
        "second_road_class": "0",
        "second_road_number": "-1",
        "special_conditions_at_site": "0",
        "speed_limit": 40,
        "time": "21:19",
        "trunk_road_flag": "2",
        "urban_or_rural_area": "1",
        "weather_conditions": "1",
        "geometry_source": "collision_location",
        "source_year": 2021,
        "date_iso": "2021-11-22"
      }
    },
    {
      "type": "Feature",
      "id": "2021131120746",
      "geometry": {
        "type": "Point",
        "coordinates": [
          -1.779105,
          53.698732
        ]
      },
      "properties": {
        "carriageway_hazards": "0",
        "carriageway_hazards_historic": "0",
        "collision_adjusted_severity_serious": "1",
        "collision_adjusted_severity_slight": "0",
        "collision_index": "2021131120746",
        "collision_injury_based": "1",
        "collision_ref_no": "131120746",
        "collision_severity": "2",
        "collision_year": 2021,
        "date": "13/12/2021",
        "day_of_week": "2",
        "did_police_officer_attend_scene_of_accident": "1",
        "enhanced_severity_collision": "7",
        "first_road_class": "3",
        "first_road_number": "641",
        "junction_control": "2",
        "junction_detail": "16",
        "junction_detail_historic": "6",
        "latitude": "53.698732",
        "light_conditions": "4",
        "local_authority_district": "-1",
        "local_authority_highway": "E08000033",
        "local_authority_highway_current": "E08000033",
        "local_authority_ons_district": "E08000033",
        "location_easting_osgr": "414682",
        "location_northing_osgr": "422498",
        "longitude": "-1.779105",
        "lsoa_of_accident_location": "E01010949",
        "number_of_casualties": 1,
        "number_of_vehicles": 2,
        "pedestrian_crossing": "15",
        "pedestrian_crossing_human_control_historic": "0",
        "pedestrian_crossing_physical_facilities_historic": "5",
        "police_force": "13",
        "road_surface_conditions": "2",
        "road_type": "6",
        "second_road_class": "6",
        "second_road_number": "0",
        "special_conditions_at_site": "0",
        "speed_limit": 30,
        "time": "19:01",
        "trunk_road_flag": "2",
        "urban_or_rural_area": "1",
        "weather_conditions": "2",
        "geometry_source": "collision_location",
        "source_year": 2021,
        "date_iso": "2021-12-13"
      }
    },
    {
      "type": "Feature",
      "id": "2021131038549",
      "geometry": {
        "type": "Point",
        "coordinates": [
          -1.806608,
          53.679239
        ]
      },
      "properties": {
        "carriageway_hazards": "0",
        "carriageway_hazards_historic": "0",
        "collision_adjusted_severity_serious": "0",
        "collision_adjusted_severity_slight": "1",
        "collision_index": "2021131038549",
        "collision_injury_based": "1",
        "collision_ref_no": "131038549",
        "collision_severity": "3",
        "collision_year": 2021,
        "date": "23/04/2021",
        "day_of_week": "6",
        "did_police_officer_attend_scene_of_accident": "1",
        "enhanced_severity_collision": "3",
        "first_road_class": "1",
        "first_road_number": "62",
        "junction_control": "-1",
        "junction_detail": "0",
        "junction_detail_historic": "0",
        "latitude": "53.679239",
        "light_conditions": "1",
        "local_authority_district": "-1",
        "local_authority_highway": "E08000033",
        "local_authority_highway_current": "E08000033",
        "local_authority_ons_district": "E08000033",
        "location_easting_osgr": "412872",
        "location_northing_osgr": "420324",
        "longitude": "-1.806608",
        "lsoa_of_accident_location": "E01010892",
        "number_of_casualties": 1,
        "number_of_vehicles": 2,
        "pedestrian_crossing": "0",
        "pedestrian_crossing_human_control_historic": "0",
        "pedestrian_crossing_physical_facilities_historic": "0",
        "police_force": "13",
        "road_surface_conditions": "1",
        "road_type": "3",
        "second_road_class": "0",
        "second_road_number": "-1",
        "special_conditions_at_site": "0",
        "speed_limit": 70,
        "time": "16:00",
        "trunk_road_flag": "1",
        "urban_or_rural_area": "2",
        "weather_conditions": "1",
        "geometry_source": "collision_location",
        "source_year": 2021,
        "date_iso": "2021-04-23"
      }
    },
    {
      "type": "Feature",
      "id": "2021131046197",
      "geometry": {
        "type": "Point",
        "coordinates": [
          -1.935532,
          53.688563
        ]
      },
      "properties": {
        "carriageway_hazards": "0",
        "carriageway_hazards_historic": "0",
        "collision_adjusted_severity_serious": "0",
        "collision_adjusted_severity_slight": "1",
        "collision_index": "2021131046197",
        "collision_injury_based": "1",
        "collision_ref_no": "131046197",
        "collision_severity": "3",
        "collision_year": 2021,
        "date": "14/05/2021",
        "day_of_week": "6",
        "did_police_officer_attend_scene_of_accident": "2",
        "enhanced_severity_collision": "3",
        "first_road_class": "3",
        "first_road_number": "58",
        "junction_control": "-1",
        "junction_detail": "0",
        "junction_detail_historic": "0",
        "latitude": "53.688563",
        "light_conditions": "1",
        "local_authority_district": "-1",
        "local_authority_highway": "E08000033",
        "local_authority_highway_current": "E08000033",
        "local_authority_ons_district": "E08000033",
        "location_easting_osgr": "404355",
        "location_northing_osgr": "421346",
        "longitude": "-1.935532",
        "lsoa_of_accident_location": "E01010957",
        "number_of_casualties": 2,
        "number_of_vehicles": 2,
        "pedestrian_crossing": "0",
        "pedestrian_crossing_human_control_historic": "0",
        "pedestrian_crossing_physical_facilities_historic": "0",
        "police_force": "13",
        "road_surface_conditions": "2",
        "road_type": "9",
        "second_road_class": "0",
        "second_road_number": "-1",
        "special_conditions_at_site": "0",
        "speed_limit": 30,
        "time": "19:20",
        "trunk_road_flag": "2",
        "urban_or_rural_area": "2",
        "weather_conditions": "2",
        "geometry_source": "collision_location",
        "source_year": 2021,
        "date_iso": "2021-05-14"
      }
    },
    {
      "type": "Feature",
      "id": "2021131074504",
      "geometry": {
        "type": "Point",
        "coordinates": [
          -1.851812,
          53.70127
        ]
      },
      "properties": {
        "carriageway_hazards": "0",
        "carriageway_hazards_historic": "0",
        "collision_adjusted_severity_serious": "0",
        "collision_adjusted_severity_slight": "1",
        "collision_index": "2021131074504",
        "collision_injury_based": "1",
        "collision_ref_no": "131074504",
        "collision_severity": "3",
        "collision_year": 2021,
        "date": "04/08/2021",
        "day_of_week": "4",
        "did_police_officer_attend_scene_of_accident": "1",
        "enhanced_severity_collision": "3",
        "first_road_class": "6",
        "first_road_number": "0",
        "junction_control": "-1",
        "junction_detail": "0",
        "junction_detail_historic": "0",
        "latitude": "53.70127",
        "light_conditions": "1",
        "local_authority_district": "-1",
        "local_authority_highway": "E08000033",
        "local_authority_highway_current": "E08000033",
        "local_authority_ons_district": "E08000033",
        "location_easting_osgr": "409881",
        "location_northing_osgr": "422768",
        "longitude": "-1.851812",
        "lsoa_of_accident_location": "E01010993",
        "number_of_casualties": 1,
        "number_of_vehicles": 1,
        "pedestrian_crossing": "0",
        "pedestrian_crossing_human_control_historic": "0",
        "pedestrian_crossing_physical_facilities_historic": "0",
        "police_force": "13",
        "road_surface_conditions": "1",
        "road_type": "6",
        "second_road_class": "0",
        "second_road_number": "-1",
        "special_conditions_at_site": "0",
        "speed_limit": 20,
        "time": "17:05",
        "trunk_road_flag": "2",
        "urban_or_rural_area": "1",
        "weather_conditions": "1",
        "geometry_source": "collision_location",
        "source_year": 2021,
        "date_iso": "2021-08-04"
      }
    },
    {
      "type": "Feature",
      "id": "2021131084037",
      "geometry": {
        "type": "Point",
        "coordinates": [
          -1.935547,
          53.688653
        ]
      },
      "properties": {
        "carriageway_hazards": "0",
        "carriageway_hazards_historic": "0",
        "collision_adjusted_severity_serious": "1",
        "collision_adjusted_severity_slight": "0",
        "collision_index": "2021131084037",
        "collision_injury_based": "1",
        "collision_ref_no": "131084037",
        "collision_severity": "2",
        "collision_year": 2021,
        "date": "05/09/2021",
        "day_of_week": "1",
        "did_police_officer_attend_scene_of_accident": "1",
        "enhanced_severity_collision": "7",
        "first_road_class": "3",
        "first_road_number": "58",
        "junction_control": "-1",
        "junction_detail": "0",
        "junction_detail_historic": "0",
        "latitude": "53.688653",
        "light_conditions": "4",
        "local_authority_district": "-1",
        "local_authority_highway": "E08000033",
        "local_authority_highway_current": "E08000033",
        "local_authority_ons_district": "E08000033",
        "location_easting_osgr": "404354",
        "location_northing_osgr": "421356",
        "longitude": "-1.935547",
        "lsoa_of_accident_location": "E01010957",
        "number_of_casualties": 1,
        "number_of_vehicles": 1,
        "pedestrian_crossing": "0",
        "pedestrian_crossing_human_control_historic": "0",
        "pedestrian_crossing_physical_facilities_historic": "0",
        "police_force": "13",
        "road_surface_conditions": "1",
        "road_type": "6",
        "second_road_class": "0",
        "second_road_number": "-1",
        "special_conditions_at_site": "0",
        "speed_limit": 40,
        "time": "22:03",
        "trunk_road_flag": "2",
        "urban_or_rural_area": "2",
        "weather_conditions": "1",
        "geometry_source": "collision_location",
        "source_year": 2021,
        "date_iso": "2021-09-05"
      }
    },
    {
      "type": "Feature",
      "id": "2021131108876",
      "geometry": {
        "type": "Point",
        "coordinates": [
          -1.827282,
          53.673077
        ]
      },
      "properties": {
        "carriageway_hazards": "0",
        "carriageway_hazards_historic": "0",
        "collision_adjusted_severity_serious": "0",
        "collision_adjusted_severity_slight": "1",
        "collision_index": "2021131108876",
        "collision_injury_based": "1",
        "collision_ref_no": "131108876",
        "collision_severity": "3",
        "collision_year": 2021,
        "date": "09/11/2021",
        "day_of_week": "3",
        "did_police_officer_attend_scene_of_accident": "2",
        "enhanced_severity_collision": "3",
        "first_road_class": "1",
        "first_road_number": "62",
        "junction_control": "-1",
        "junction_detail": "0",
        "junction_detail_historic": "0",
        "latitude": "53.673077",
        "light_conditions": "4",
        "local_authority_district": "-1",
        "local_authority_highway": "E08000033",
        "local_authority_highway_current": "E08000033",
        "local_authority_ons_district": "E08000033",
        "location_easting_osgr": "411508",
        "location_northing_osgr": "419635",
        "longitude": "-1.827282",
        "lsoa_of_accident_location": "E01010901",
        "number_of_casualties": 2,
        "number_of_vehicles": 2,
        "pedestrian_crossing": "0",
        "pedestrian_crossing_human_control_historic": "0",
        "pedestrian_crossing_physical_facilities_historic": "0",
        "police_force": "13",
        "road_surface_conditions": "2",
        "road_type": "3",
        "second_road_class": "0",
        "second_road_number": "-1",
        "special_conditions_at_site": "0",
        "speed_limit": 70,
        "time": "18:45",
        "trunk_road_flag": "1",
        "urban_or_rural_area": "1",
        "weather_conditions": "2",
        "geometry_source": "collision_location",
        "source_year": 2021,
        "date_iso": "2021-11-09"
      }
    },
    {
      "type": "Feature",
      "id": "2021131079237",
      "geometry": {
        "type": "Point",
        "coordinates": [
          -1.928631,
          53.713474
        ]
      },
      "properties": {
        "carriageway_hazards": "0",
        "carriageway_hazards_historic": "0",
        "collision_adjusted_severity_serious": "0",
        "collision_adjusted_severity_slight": "1",
        "collision_index": "2021131079237",
        "collision_injury_based": "1",
        "collision_ref_no": "131079237",
        "collision_severity": "3",
        "collision_year": 2021,
        "date": "20/08/2021",
        "day_of_week": "6",
        "did_police_officer_attend_scene_of_accident": "1",
        "enhanced_severity_collision": "3",
        "first_road_class": "3",
        "first_road_number": "646",
        "junction_control": "-1",
        "junction_detail": "0",
        "junction_detail_historic": "0",
        "latitude": "53.713474",
        "light_conditions": "1",
        "local_authority_district": "-1",
        "local_authority_highway": "E08000033",
        "local_authority_highway_current": "E08000033",
        "local_authority_ons_district": "E08000033",
        "location_easting_osgr": "404808",
        "location_northing_osgr": "424118",
        "longitude": "-1.928631",
        "lsoa_of_accident_location": "E01010922",
        "number_of_casualties": 1,
        "number_of_vehicles": 2,
        "pedestrian_crossing": "0",
        "pedestrian_crossing_human_control_historic": "0",
        "pedestrian_crossing_physical_facilities_historic": "0",
        "police_force": "13",
        "road_surface_conditions": "1",
        "road_type": "6",
        "second_road_class": "0",
        "second_road_number": "-1",
        "special_conditions_at_site": "0",
        "speed_limit": 40,
        "time": "18:02",
        "trunk_road_flag": "2",
        "urban_or_rural_area": "1",
        "weather_conditions": "1",
        "geometry_source": "collision_location",
        "source_year": 2021,
        "date_iso": "2021-08-20"
      }
    },
    {
      "type": "Feature",
      "id": "2021131036592",
      "geometry": {
        "type": "Point",
        "coordinates": [
          -1.814127,
          53.728739
        ]
      },
      "properties": {
        "carriageway_hazards": "0",
        "carriageway_hazards_historic": "0",
        "collision_adjusted_severity_serious": "0",
        "collision_adjusted_severity_slight": "1",
        "collision_index": "2021131036592",
        "collision_injury_based": "1",
        "collision_ref_no": "131036592",
        "collision_severity": "3",
        "collision_year": 2021,
        "date": "17/04/2021",
        "day_of_week": "7",
        "did_police_officer_attend_scene_of_accident": "2",
        "enhanced_severity_collision": "3",
        "first_road_class": "3",
        "first_road_number": "644",
        "junction_control": "-1",
        "junction_detail": "0",
        "junction_detail_historic": "0",
        "latitude": "53.728739",
        "light_conditions": "1",
        "local_authority_district": "-1",
        "local_authority_highway": "E08000033",
        "local_authority_highway_current": "E08000033",
        "local_authority_ons_district": "E08000033",
        "location_easting_osgr": "412361",
        "location_northing_osgr": "425830",
        "longitude": "-1.814127",
        "lsoa_of_accident_location": "E01010907",
        "number_of_casualties": 2,
        "number_of_vehicles": 2,
        "pedestrian_crossing": "12",
        "pedestrian_crossing_human_control_historic": "2",
        "pedestrian_crossing_physical_facilities_historic": "1",
        "police_force": "13",
        "road_surface_conditions": "1",
        "road_type": "6",
        "second_road_class": "0",
        "second_road_number": "-1",
        "special_conditions_at_site": "0",
        "speed_limit": 30,
        "time": "19:29",
        "trunk_road_flag": "2",
        "urban_or_rural_area": "1",
        "weather_conditions": "1",
        "geometry_source": "collision_location",
        "source_year": 2021,
        "date_iso": "2021-04-17"
      }
    },
    {
      "type": "Feature",
      "id": "2021131109729",
      "geometry": {
        "type": "Point",
        "coordinates": [
          -2.146893,
          53.733034
        ]
      },
      "properties": {
        "carriageway_hazards": "0",
        "carriageway_hazards_historic": "0",
        "collision_adjusted_severity_serious": "1",
        "collision_adjusted_severity_slight": "0",
        "collision_index": "2021131109729",
        "collision_injury_based": "1",
        "collision_ref_no": "131109729",
        "collision_severity": "2",
        "collision_year": 2021,
        "date": "14/11/2021",
        "day_of_week": "1",
        "did_police_officer_attend_scene_of_accident": "1",
        "enhanced_severity_collision": "7",
        "first_road_class": "3",
        "first_road_number": "646",
        "junction_control": "4",
        "junction_detail": "13",
        "junction_detail_historic": "3",
        "latitude": "53.733034",
        "light_conditions": "4",
        "local_authority_district": "-1",
        "local_authority_highway": "E08000033",
        "local_authority_highway_current": "E08000033",
        "local_authority_ons_district": "E08000033",
        "location_easting_osgr": "390407",
        "location_northing_osgr": "426302",
        "longitude": "-2.146893",
        "lsoa_of_accident_location": "E01010986",
        "number_of_casualties": 1,
        "number_of_vehicles": 3,
        "pedestrian_crossing": "0",
        "pedestrian_crossing_human_control_historic": "0",
        "pedestrian_crossing_physical_facilities_historic": "0",
        "police_force": "13",
        "road_surface_conditions": "1",
        "road_type": "6",
        "second_road_class": "6",
        "second_road_number": "0",
        "special_conditions_at_site": "0",
        "speed_limit": 30,
        "time": "03:30",
        "trunk_road_flag": "2",
        "urban_or_rural_area": "2",
        "weather_conditions": "1",
        "geometry_source": "collision_location",
        "source_year": 2021,
        "date_iso": "2021-11-14"
      }
    },
    {
      "type": "Feature",
      "id": "2021131120121",
      "geometry": {
        "type": "Point",
        "coordinates": [
          -1.776952,
          53.72509
        ]
      },
      "properties": {
        "carriageway_hazards": "0",
        "carriageway_hazards_historic": "0",
        "collision_adjusted_severity_serious": "0",
        "collision_adjusted_severity_slight": "1",
        "collision_index": "2021131120121",
        "collision_injury_based": "1",
        "collision_ref_no": "131120121",
        "collision_severity": "3",
        "collision_year": 2021,
        "date": "11/12/2021",
        "day_of_week": "7",
        "did_police_officer_attend_scene_of_accident": "1",
        "enhanced_severity_collision": "3",
        "first_road_class": "3",
        "first_road_number": "641",
        "junction_control": "2",
        "junction_detail": "16",
        "junction_detail_historic": "6",
        "latitude": "53.72509",
        "light_conditions": "4",
        "local_authority_district": "-1",
        "local_authority_highway": "E08000033",
        "local_authority_highway_current": "E08000033",
        "local_authority_ons_district": "E08000033",
        "location_easting_osgr": "414815",
        "location_northing_osgr": "425431",
        "longitude": "-1.776952",
        "lsoa_of_accident_location": "E01010908",
        "number_of_casualties": 1,
        "number_of_vehicles": 2,
        "pedestrian_crossing": "0",
        "pedestrian_crossing_human_control_historic": "0",
        "pedestrian_crossing_physical_facilities_historic": "0",
        "police_force": "13",
        "road_surface_conditions": "2",
        "road_type": "6",
        "second_road_class": "6",
        "second_road_number": "0",
        "special_conditions_at_site": "0",
        "speed_limit": 30,
        "time": "16:16",
        "trunk_road_flag": "2",
        "urban_or_rural_area": "1",
        "weather_conditions": "2",
        "geometry_source": "collision_location",
        "source_year": 2021,
        "date_iso": "2021-12-11"
      }
    },
    {
      "type": "Feature",
      "id": "2021131124292",
      "geometry": {
        "type": "Point",
        "coordinates": [
          -1.778382,
          53.703746
        ]
      },
      "properties": {
        "carriageway_hazards": "0",
        "carriageway_hazards_historic": "0",
        "collision_adjusted_severity_serious": "1",
        "collision_adjusted_severity_slight": "0",
        "collision_index": "2021131124292",
        "collision_injury_based": "1",
        "collision_ref_no": "131124292",
        "collision_severity": "2",
        "collision_year": 2021,
        "date": "19/12/2021",
        "day_of_week": "1",
        "did_police_officer_attend_scene_of_accident": "1",
        "enhanced_severity_collision": "7",
        "first_road_class": "3",
        "first_road_number": "641",
        "junction_control": "4",
        "junction_detail": "13",
        "junction_detail_historic": "3",
        "latitude": "53.703746",
        "light_conditions": "1",
        "local_authority_district": "-1",
        "local_authority_highway": "E08000033",
        "local_authority_highway_current": "E08000033",
        "local_authority_ons_district": "E08000033",
        "location_easting_osgr": "414728",
        "location_northing_osgr": "423056",
        "longitude": "-1.778382",
        "lsoa_of_accident_location": "E01010878",
        "number_of_casualties": 1,
        "number_of_vehicles": 1,
        "pedestrian_crossing": "0",
        "pedestrian_crossing_human_control_historic": "0",
        "pedestrian_crossing_physical_facilities_historic": "0",
        "police_force": "13",
        "road_surface_conditions": "2",
        "road_type": "6",
        "second_road_class": "6",
        "second_road_number": "0",
        "special_conditions_at_site": "0",
        "speed_limit": 30,
        "time": "10:27",
        "trunk_road_flag": "2",
        "urban_or_rural_area": "1",
        "weather_conditions": "1",
        "geometry_source": "collision_location",
        "source_year": 2021,
        "date_iso": "2021-12-19"
      }
    },
    {
      "type": "Feature",
      "id": "2021131107459",
      "geometry": {
        "type": "Point",
        "coordinates": [
          -1.941578,
          53.674562
        ]
      },
      "properties": {
        "carriageway_hazards": "0",
        "carriageway_hazards_historic": "0",
        "collision_adjusted_severity_serious": "1",
        "collision_adjusted_severity_slight": "0",
        "collision_index": "2021131107459",
        "collision_injury_based": "1",
        "collision_ref_no": "131107459",
        "collision_severity": "2",
        "collision_year": 2021,
        "date": "08/11/2021",
        "day_of_week": "2",
        "did_police_officer_attend_scene_of_accident": "1",
        "enhanced_severity_collision": "5",
        "first_road_class": "3",
        "first_road_number": "672",
        "junction_control": "-1",
        "junction_detail": "0",
        "junction_detail_historic": "0",
        "latitude": "53.674562",
        "light_conditions": "4",
        "local_authority_district": "-1",
        "local_authority_highway": "E08000033",
        "local_authority_highway_current": "E08000033",
        "local_authority_ons_district": "E08000033",
        "location_easting_osgr": "403957",
        "location_northing_osgr": "419788",
        "longitude": "-1.941578",
        "lsoa_of_accident_location": "E01010952",
        "number_of_casualties": 1,
        "number_of_vehicles": 1,
        "pedestrian_crossing": "15",
        "pedestrian_crossing_human_control_historic": "0",
        "pedestrian_crossing_physical_facilities_historic": "5",
        "police_force": "13",
        "road_surface_conditions": "1",
        "road_type": "6",
        "second_road_class": "0",
        "second_road_number": "-1",
        "special_conditions_at_site": "0",
        "speed_limit": 30,
        "time": "18:08",
        "trunk_road_flag": "2",
        "urban_or_rural_area": "2",
        "weather_conditions": "1",
        "geometry_source": "collision_location",
        "source_year": 2021,
        "date_iso": "2021-11-08"
      }
    },
    {
      "type": "Feature",
      "id": "2021131113841",
      "geometry": {
        "type": "Point",
        "coordinates": [
          -1.886545,
          53.746014
        ]
      },
      "properties": {
        "carriageway_hazards": "0",
        "carriageway_hazards_historic": "0",
        "collision_adjusted_severity_serious": "0",
        "collision_adjusted_severity_slight": "1",
        "collision_index": "2021131113841",
        "collision_injury_based": "1",
        "collision_ref_no": "131113841",
        "collision_severity": "3",
        "collision_year": 2021,
        "date": "22/11/2021",
        "day_of_week": "2",
        "did_police_officer_attend_scene_of_accident": "2",
        "enhanced_severity_collision": "3",
        "first_road_class": "6",
        "first_road_number": "0",
        "junction_control": "-1",
        "junction_detail": "0",
        "junction_detail_historic": "0",
        "latitude": "53.746014",
        "light_conditions": "4",
        "local_authority_district": "-1",
        "local_authority_highway": "E08000033",
        "local_authority_highway_current": "E08000033",
        "local_authority_ons_district": "E08000033",
        "location_easting_osgr": "407580",
        "location_northing_osgr": "427742",
        "longitude": "-1.886545",
        "lsoa_of_accident_location": "E01010941",
        "number_of_casualties": 1,
        "number_of_vehicles": 1,
        "pedestrian_crossing": "12",
        "pedestrian_crossing_human_control_historic": "2",
        "pedestrian_crossing_physical_facilities_historic": "0",
        "police_force": "13",
        "road_surface_conditions": "1",
        "road_type": "9",
        "second_road_class": "0",
        "second_road_number": "-1",
        "special_conditions_at_site": "0",
        "speed_limit": 30,
        "time": "18:45",
        "trunk_road_flag": "2",
        "urban_or_rural_area": "1",
        "weather_conditions": "1",
        "geometry_source": "collision_location",
        "source_year": 2021,
        "date_iso": "2021-11-22"
      }
    },
    {
      "type": "Feature",
      "id": "2021131043279",
      "geometry": {
        "type": "Point",
        "coordinates": [
          -1.778909,
          53.704412
        ]
      },
      "properties": {
        "carriageway_hazards": "0",
        "carriageway_hazards_historic": "0",
        "collision_adjusted_severity_serious": "0",
        "collision_adjusted_severity_slight": "1",
        "collision_index": "2021131043279",
        "collision_injury_based": "1",
        "collision_ref_no": "131043279",
        "collision_severity": "3",
        "collision_year": 2021,
        "date": "09/05/2021",
        "day_of_week": "1",
        "did_police_officer_attend_scene_of_accident": "1",
        "enhanced_severity_collision": "3",
        "first_road_class": "3",
        "first_road_number": "641",
        "junction_control": "4",
        "junction_detail": "13",
        "junction_detail_historic": "3",
        "latitude": "53.704412",
        "light_conditions": "1",
        "local_authority_district": "-1",
        "local_authority_highway": "E08000033",
        "local_authority_highway_current": "E08000033",
        "local_authority_ons_district": "E08000033",
        "location_easting_osgr": "414693",
        "location_northing_osgr": "423130",
        "longitude": "-1.778909",
        "lsoa_of_accident_location": "E01010878",
        "number_of_casualties": 1,
        "number_of_vehicles": 4,
        "pedestrian_crossing": "0",
        "pedestrian_crossing_human_control_historic": "0",
        "pedestrian_crossing_physical_facilities_historic": "0",
        "police_force": "13",
        "road_surface_conditions": "1",
        "road_type": "6",
        "second_road_class": "6",
        "second_road_number": "0",
        "special_conditions_at_site": "0",
        "speed_limit": 30,
        "time": "08:56",
        "trunk_road_flag": "2",
        "urban_or_rural_area": "1",
        "weather_conditions": "1",
        "geometry_source": "collision_location",
        "source_year": 2021,
        "date_iso": "2021-05-09"
      }
    },
    {
      "type": "Feature",
      "id": "2021131105273",
      "geometry": {
        "type": "Point",
        "coordinates": [
          -1.865091,
          53.726641
        ]
      },
      "properties": {
        "carriageway_hazards": "0",
        "carriageway_hazards_historic": "0",
        "collision_adjusted_severity_serious": "0",
        "collision_adjusted_severity_slight": "1",
        "collision_index": "2021131105273",
        "collision_injury_based": "1",
        "collision_ref_no": "131105273",
        "collision_severity": "3",
        "collision_year": 2021,
        "date": "02/11/2021",
        "day_of_week": "3",
        "did_police_officer_attend_scene_of_accident": "1",
        "enhanced_severity_collision": "3",
        "first_road_class": "6",
        "first_road_number": "0",
        "junction_control": "-1",
        "junction_detail": "0",
        "junction_detail_historic": "0",
        "latitude": "53.726641",
        "light_conditions": "1",
        "local_authority_district": "-1",
        "local_authority_highway": "E08000033",
        "local_authority_highway_current": "E08000033",
        "local_authority_ons_district": "E08000033",
        "location_easting_osgr": "408999",
        "location_northing_osgr": "425589",
        "longitude": "-1.865091",
        "lsoa_of_accident_location": "E01032923",
        "number_of_casualties": 3,
        "number_of_vehicles": 2,
        "pedestrian_crossing": "0",
        "pedestrian_crossing_human_control_historic": "0",
        "pedestrian_crossing_physical_facilities_historic": "0",
        "police_force": "13",
        "road_surface_conditions": "2",
        "road_type": "6",
        "second_road_class": "0",
        "second_road_number": "-1",
        "special_conditions_at_site": "0",
        "speed_limit": 40,
        "time": "15:19",
        "trunk_road_flag": "2",
        "urban_or_rural_area": "1",
        "weather_conditions": "1",
        "geometry_source": "collision_location",
        "source_year": 2021,
        "date_iso": "2021-11-02"
      }
    },
    {
      "type": "Feature",
      "id": "2021131124255",
      "geometry": {
        "type": "Point",
        "coordinates": [
          -1.861093,
          53.721073
        ]
      },
      "properties": {
        "carriageway_hazards": "0",
        "carriageway_hazards_historic": "0",
        "collision_adjusted_severity_serious": "0",
        "collision_adjusted_severity_slight": "1",
        "collision_index": "2021131124255",
        "collision_injury_based": "1",
        "collision_ref_no": "131124255",
        "collision_severity": "3",
        "collision_year": 2021,
        "date": "18/12/2021",
        "day_of_week": "7",
        "did_police_officer_attend_scene_of_accident": "1",
        "enhanced_severity_collision": "3",
        "first_road_class": "6",
        "first_road_number": "0",
        "junction_control": "-1",
        "junction_detail": "0",
        "junction_detail_historic": "0",
        "latitude": "53.721073",
        "light_conditions": "4",
        "local_authority_district": "-1",
        "local_authority_highway": "E08000033",
        "local_authority_highway_current": "E08000033",
        "local_authority_ons_district": "E08000033",
        "location_easting_osgr": "409264",
        "location_northing_osgr": "424970",
        "longitude": "-1.861093",
        "lsoa_of_accident_location": "E01010994",
        "number_of_casualties": 1,
        "number_of_vehicles": 1,
        "pedestrian_crossing": "15",
        "pedestrian_crossing_human_control_historic": "0",
        "pedestrian_crossing_physical_facilities_historic": "5",
        "police_force": "13",
        "road_surface_conditions": "2",
        "road_type": "6",
        "second_road_class": "0",
        "second_road_number": "-1",
        "special_conditions_at_site": "0",
        "speed_limit": 20,
        "time": "02:30",
        "trunk_road_flag": "2",
        "urban_or_rural_area": "1",
        "weather_conditions": "2",
        "geometry_source": "collision_location",
        "source_year": 2021,
        "date_iso": "2021-12-18"
      }
    },
    {
      "type": "Feature",
      "id": "2021138390245",
      "geometry": {
        "type": "Point",
        "coordinates": [
          -1.863403,
          53.723475
        ]
      },
      "properties": {
        "carriageway_hazards": "0",
        "carriageway_hazards_historic": "0",
        "collision_adjusted_severity_serious": "0.14172",
        "collision_adjusted_severity_slight": "0.85828",
        "collision_index": "2021138390245",
        "collision_injury_based": "0",
        "collision_ref_no": "138390245",
        "collision_severity": "3",
        "collision_year": 2021,
        "date": "09/03/2021",
        "day_of_week": "3",
        "did_police_officer_attend_scene_of_accident": "1",
        "enhanced_severity_collision": "-1",
        "first_road_class": "6",
        "first_road_number": "0",
        "junction_control": "4",
        "junction_detail": "13",
        "junction_detail_historic": "3",
        "latitude": "53.723475",
        "light_conditions": "1",
        "local_authority_district": "-1",
        "local_authority_highway": "E08000033",
        "local_authority_highway_current": "E08000033",
        "local_authority_ons_district": "E08000033",
        "location_easting_osgr": "409111",
        "location_northing_osgr": "425237",
        "longitude": "-1.863403",
        "lsoa_of_accident_location": "E01010994",
        "number_of_casualties": 1,
        "number_of_vehicles": 2,
        "pedestrian_crossing": "0",
        "pedestrian_crossing_human_control_historic": "0",
        "pedestrian_crossing_physical_facilities_historic": "0",
        "police_force": "13",
        "road_surface_conditions": "1",
        "road_type": "3",
        "second_road_class": "6",
        "second_road_number": "0",
        "special_conditions_at_site": "0",
        "speed_limit": 30,
        "time": "19:06",
        "trunk_road_flag": "2",
        "urban_or_rural_area": "1",
        "weather_conditions": "1",
        "geometry_source": "collision_location",
        "source_year": 2021,
        "date_iso": "2021-03-09"
      }
    },
    {
      "type": "Feature",
      "id": "2021131068259",
      "geometry": {
        "type": "Point",
        "coordinates": [
          -1.88108,
          53.726865
        ]
      },
      "properties": {
        "carriageway_hazards": "0",
        "carriageway_hazards_historic": "0",
        "collision_adjusted_severity_serious": "0",
        "collision_adjusted_severity_slight": "1",
        "collision_index": "2021131068259",
        "collision_injury_based": "1",
        "collision_ref_no": "131068259",
        "collision_severity": "3",
        "collision_year": 2021,
        "date": "20/07/2021",
        "day_of_week": "3",
        "did_police_officer_attend_scene_of_accident": "1",
        "enhanced_severity_collision": "3",
        "first_road_class": "6",
        "first_road_number": "0",
        "junction_control": "4",
        "junction_detail": "13",
        "junction_detail_historic": "3",
        "latitude": "53.726865",
        "light_conditions": "1",
        "local_authority_district": "-1",
        "local_authority_highway": "E08000033",
        "local_authority_highway_current": "E08000033",
        "local_authority_ons_district": "E08000033",
        "location_easting_osgr": "407944",
        "location_northing_osgr": "425612",
        "longitude": "-1.88108",
        "lsoa_of_accident_location": "E01010960",
        "number_of_casualties": 1,
        "number_of_vehicles": 2,
        "pedestrian_crossing": "0",
        "pedestrian_crossing_human_control_historic": "0",
        "pedestrian_crossing_physical_facilities_historic": "0",
        "police_force": "13",
        "road_surface_conditions": "1",
        "road_type": "6",
        "second_road_class": "6",
        "second_road_number": "0",
        "special_conditions_at_site": "0",
        "speed_limit": 30,
        "time": "19:17",
        "trunk_road_flag": "2",
        "urban_or_rural_area": "1",
        "weather_conditions": "1",
        "geometry_source": "collision_location",
        "source_year": 2021,
        "date_iso": "2021-07-20"
      }
    },
    {
      "type": "Feature",
      "id": "2021131083851",
      "geometry": {
        "type": "Point",
        "coordinates": [
          -1.849044,
          53.704269
        ]
      },
      "properties": {
        "carriageway_hazards": "0",
        "carriageway_hazards_historic": "0",
        "collision_adjusted_severity_serious": "0",
        "collision_adjusted_severity_slight": "1",
        "collision_index": "2021131083851",
        "collision_injury_based": "1",
        "collision_ref_no": "131083851",
        "collision_severity": "3",
        "collision_year": 2021,
        "date": "04/09/2021",
        "day_of_week": "7",
        "did_police_officer_attend_scene_of_accident": "1",
        "enhanced_severity_collision": "3",
        "first_road_class": "6",
        "first_road_number": "0",
        "junction_control": "4",
        "junction_detail": "13",
        "junction_detail_historic": "3",
        "latitude": "53.704269",
        "light_conditions": "1",
        "local_authority_district": "-1",
        "local_authority_highway": "E08000033",
        "local_authority_highway_current": "E08000033",
        "local_authority_ons_district": "E08000033",
        "location_easting_osgr": "410063",
        "location_northing_osgr": "423102",
        "longitude": "-1.849044",
        "lsoa_of_accident_location": "E01010993",
        "number_of_casualties": 1,
        "number_of_vehicles": 2,
        "pedestrian_crossing": "0",
        "pedestrian_crossing_human_control_historic": "0",
        "pedestrian_crossing_physical_facilities_historic": "0",
        "police_force": "13",
        "road_surface_conditions": "1",
        "road_type": "6",
        "second_road_class": "6",
        "second_road_number": "0",
        "special_conditions_at_site": "0",
        "speed_limit": 30,
        "time": "13:30",
        "trunk_road_flag": "2",
        "urban_or_rural_area": "1",
        "weather_conditions": "1",
        "geometry_source": "collision_location",
        "source_year": 2021,
        "date_iso": "2021-09-04"
      }
    },
    {
      "type": "Feature",
      "id": "2021131120483",
      "geometry": {
        "type": "Point",
        "coordinates": [
          -1.847885,
          53.702326
        ]
      },
      "properties": {
        "carriageway_hazards": "0",
        "carriageway_hazards_historic": "0",
        "collision_adjusted_severity_serious": "0",
        "collision_adjusted_severity_slight": "1",
        "collision_index": "2021131120483",
        "collision_injury_based": "1",
        "collision_ref_no": "131120483",
        "collision_severity": "3",
        "collision_year": 2021,
        "date": "09/12/2021",
        "day_of_week": "5",
        "did_police_officer_attend_scene_of_accident": "1",
        "enhanced_severity_collision": "3",
        "first_road_class": "6",
        "first_road_number": "0",
        "junction_control": "-1",
        "junction_detail": "0",
        "junction_detail_historic": "0",
        "latitude": "53.702326",
        "light_conditions": "7",
        "local_authority_district": "-1",
        "local_authority_highway": "E08000033",
        "local_authority_highway_current": "E08000033",
        "local_authority_ons_district": "E08000033",
        "location_easting_osgr": "410140",
        "location_northing_osgr": "422886",
        "longitude": "-1.847885",
        "lsoa_of_accident_location": "E01010993",
        "number_of_casualties": 2,
        "number_of_vehicles": 2,
        "pedestrian_crossing": "0",
        "pedestrian_crossing_human_control_historic": "0",
        "pedestrian_crossing_physical_facilities_historic": "0",
        "police_force": "13",
        "road_surface_conditions": "2",
        "road_type": "6",
        "second_road_class": "0",
        "second_road_number": "-1",
        "special_conditions_at_site": "0",
        "speed_limit": 30,
        "time": "19:15",
        "trunk_road_flag": "2",
        "urban_or_rural_area": "1",
        "weather_conditions": "2",
        "geometry_source": "collision_location",
        "source_year": 2021,
        "date_iso": "2021-12-09"
      }
    },
    {
      "type": "Feature",
      "id": "2021131075578",
      "geometry": {
        "type": "Point",
        "coordinates": [
          -1.745753,
          53.714035
        ]
      },
      "properties": {
        "carriageway_hazards": "0",
        "carriageway_hazards_historic": "0",
        "collision_adjusted_severity_serious": "0",
        "collision_adjusted_severity_slight": "1",
        "collision_index": "2021131075578",
        "collision_injury_based": "1",
        "collision_ref_no": "131075578",
        "collision_severity": "3",
        "collision_year": 2021,
        "date": "09/08/2021",
        "day_of_week": "2",
        "did_police_officer_attend_scene_of_accident": "2",
        "enhanced_severity_collision": "3",
        "first_road_class": "1",
        "first_road_number": "62",
        "junction_control": "-1",
        "junction_detail": "0",
        "junction_detail_historic": "0",
        "latitude": "53.714035",
        "light_conditions": "1",
        "local_authority_district": "-1",
        "local_authority_highway": "E08000033",
        "local_authority_highway_current": "E08000033",
        "local_authority_ons_district": "E08000033",
        "location_easting_osgr": "416878",
        "location_northing_osgr": "424208",
        "longitude": "-1.745753",
        "lsoa_of_accident_location": "E01010879",
        "number_of_casualties": 2,
        "number_of_vehicles": 2,
        "pedestrian_crossing": "0",
        "pedestrian_crossing_human_control_historic": "0",
        "pedestrian_crossing_physical_facilities_historic": "0",
        "police_force": "13",
        "road_surface_conditions": "1",
        "road_type": "3",
        "second_road_class": "0",
        "second_road_number": "-1",
        "special_conditions_at_site": "0",
        "speed_limit": 30,
        "time": "17:00",
        "trunk_road_flag": "1",
        "urban_or_rural_area": "2",
        "weather_conditions": "1",
        "geometry_source": "collision_location",
        "source_year": 2021,
        "date_iso": "2021-08-09"
      }
    },
    {
      "type": "Feature",
      "id": "2021131103950",
      "geometry": {
        "type": "Point",
        "coordinates": [
          -1.965023,
          53.639445
        ]
      },
      "properties": {
        "carriageway_hazards": "0",
        "carriageway_hazards_historic": "0",
        "collision_adjusted_severity_serious": "0",
        "collision_adjusted_severity_slight": "1",
        "collision_index": "2021131103950",
        "collision_injury_based": "1",
        "collision_ref_no": "131103950",
        "collision_severity": "3",
        "collision_year": 2021,
        "date": "29/10/2021",
        "day_of_week": "6",
        "did_police_officer_attend_scene_of_accident": "1",
        "enhanced_severity_collision": "3",
        "first_road_class": "1",
        "first_road_number": "62",
        "junction_control": "-1",
        "junction_detail": "0",
        "junction_detail_historic": "0",
        "latitude": "53.639445",
        "light_conditions": "4",
        "local_authority_district": "-1",
        "local_authority_highway": "E08000033",
        "local_authority_highway_current": "E08000033",
        "local_authority_ons_district": "E08000033",
        "location_easting_osgr": "402410",
        "location_northing_osgr": "415880",
        "longitude": "-1.965023",
        "lsoa_of_accident_location": "E01010955",
        "number_of_casualties": 1,
        "number_of_vehicles": 3,
        "pedestrian_crossing": "0",
        "pedestrian_crossing_human_control_historic": "0",
        "pedestrian_crossing_physical_facilities_historic": "0",
        "police_force": "13",
        "road_surface_conditions": "1",
        "road_type": "3",
        "second_road_class": "0",
        "second_road_number": "-1",
        "special_conditions_at_site": "0",
        "speed_limit": 70,
        "time": "18:15",
        "trunk_road_flag": "1",
        "urban_or_rural_area": "2",
        "weather_conditions": "1",
        "geometry_source": "collision_location",
        "source_year": 2021,
        "date_iso": "2021-10-29"
      }
    },
    {
      "type": "Feature",
      "id": "2021131039279",
      "geometry": {
        "type": "Point",
        "coordinates": [
          -1.867275,
          53.721305
        ]
      },
      "properties": {
        "carriageway_hazards": "0",
        "carriageway_hazards_historic": "0",
        "collision_adjusted_severity_serious": "0",
        "collision_adjusted_severity_slight": "1",
        "collision_index": "2021131039279",
        "collision_injury_based": "1",
        "collision_ref_no": "131039279",
        "collision_severity": "3",
        "collision_year": 2021,
        "date": "10/04/2021",
        "day_of_week": "7",
        "did_police_officer_attend_scene_of_accident": "2",
        "enhanced_severity_collision": "3",
        "first_road_class": "6",
        "first_road_number": "0",
        "junction_control": "4",
        "junction_detail": "0",
        "junction_detail_historic": "1",
        "latitude": "53.721305",
        "light_conditions": "1",
        "local_authority_district": "-1",
        "local_authority_highway": "E08000033",
        "local_authority_highway_current": "E08000033",
        "local_authority_ons_district": "E08000033",
        "location_easting_osgr": "408856",
        "location_northing_osgr": "424995",
        "longitude": "-1.867275",
        "lsoa_of_accident_location": "E01010994",
        "number_of_casualties": 1,
        "number_of_vehicles": 2,
        "pedestrian_crossing": "12",
        "pedestrian_crossing_human_control_historic": "2",
        "pedestrian_crossing_physical_facilities_historic": "0",
        "police_force": "13",
        "road_surface_conditions": "1",
        "road_type": "6",
        "second_road_class": "6",
        "second_road_number": "0",
        "special_conditions_at_site": "0",
        "speed_limit": 30,
        "time": "13:04",
        "trunk_road_flag": "2",
        "urban_or_rural_area": "1",
        "weather_conditions": "1",
        "geometry_source": "collision_location",
        "source_year": 2021,
        "date_iso": "2021-04-10"
      }
    },
    {
      "type": "Feature",
      "id": "20211381R1015",
      "geometry": {
        "type": "Point",
        "coordinates": [
          -1.884873,
          53.714231
        ]
      },
      "properties": {
        "carriageway_hazards": "0",
        "carriageway_hazards_historic": "0",
        "collision_adjusted_severity_serious": "1",
        "collision_adjusted_severity_slight": "0",
        "collision_index": "20211381R1015",
        "collision_injury_based": "0",
        "collision_ref_no": "1381R1015",
        "collision_severity": "2",
        "collision_year": 2021,
        "date": "27/01/2021",
        "day_of_week": "4",
        "did_police_officer_attend_scene_of_accident": "1",
        "enhanced_severity_collision": "-1",
        "first_road_class": "3",
        "first_road_number": "646",
        "junction_control": "2",
        "junction_detail": "19",
        "junction_detail_historic": "9",
        "latitude": "53.714231",
        "light_conditions": "1",
        "local_authority_district": "-1",
        "local_authority_highway": "E08000033",
        "local_authority_highway_current": "E08000033",
        "local_authority_ons_district": "E08000033",
        "location_easting_osgr": "407696",
        "location_northing_osgr": "424206",
        "longitude": "-1.884873",
        "lsoa_of_accident_location": "E01011003",
        "number_of_casualties": 1,
        "number_of_vehicles": 1,
        "pedestrian_crossing": "0",
        "pedestrian_crossing_human_control_historic": "0",
        "pedestrian_crossing_physical_facilities_historic": "0",
        "police_force": "13",
        "road_surface_conditions": "2",
        "road_type": "6",
        "second_road_class": "6",
        "second_road_number": "0",
        "special_conditions_at_site": "0",
        "speed_limit": 30,
        "time": "16:50",
        "trunk_road_flag": "2",
        "urban_or_rural_area": "1",
        "weather_conditions": "1",
        "geometry_source": "collision_location",
        "source_year": 2021,
        "date_iso": "2021-01-27"
      }
    },
    {
      "type": "Feature",
      "id": "2021138440999",
      "geometry": {
        "type": "Point",
        "coordinates": [
          -1.886741,
          53.729378
        ]
      },
      "properties": {
        "carriageway_hazards": "0",
        "carriageway_hazards_historic": "0",
        "collision_adjusted_severity_serious": "1",
        "collision_adjusted_severity_slight": "0",
        "collision_index": "2021138440999",
        "collision_injury_based": "0",
        "collision_ref_no": "138440999",
        "collision_severity": "2",
        "collision_year": 2021,
        "date": "04/04/2021",
        "day_of_week": "1",
        "did_police_officer_attend_scene_of_accident": "1",
        "enhanced_severity_collision": "-1",
        "first_road_class": "6",
        "first_road_number": "0",
        "junction_control": "4",
        "junction_detail": "13",
        "junction_detail_historic": "3",
        "latitude": "53.729378",
        "light_conditions": "1",
        "local_authority_district": "-1",
        "local_authority_highway": "E08000033",
        "local_authority_highway_current": "E08000033",
        "local_authority_ons_district": "E08000033",
        "location_easting_osgr": "407570",
        "location_northing_osgr": "425891",
        "longitude": "-1.886741",
        "lsoa_of_accident_location": "E01010929",
        "number_of_casualties": 3,
        "number_of_vehicles": 2,
        "pedestrian_crossing": "0",
        "pedestrian_crossing_human_control_historic": "0",
        "pedestrian_crossing_physical_facilities_historic": "0",
        "police_force": "13",
        "road_surface_conditions": "1",
        "road_type": "6",
        "second_road_class": "6",
        "second_road_number": "0",
        "special_conditions_at_site": "0",
        "speed_limit": 30,
        "time": "15:00",
        "trunk_road_flag": "2",
        "urban_or_rural_area": "1",
        "weather_conditions": "1",
        "geometry_source": "collision_location",
        "source_year": 2021,
        "date_iso": "2021-04-04"
      }
    },
    {
      "type": "Feature",
      "id": "2021131126740",
      "geometry": {
        "type": "Point",
        "coordinates": [
          -1.835167,
          53.685213
        ]
      },
      "properties": {
        "carriageway_hazards": "0",
        "carriageway_hazards_historic": "0",
        "collision_adjusted_severity_serious": "1",
        "collision_adjusted_severity_slight": "0",
        "collision_index": "2021131126740",
        "collision_injury_based": "1",
        "collision_ref_no": "131126740",
        "collision_severity": "2",
        "collision_year": 2021,
        "date": "27/12/2021",
        "day_of_week": "2",
        "did_police_officer_attend_scene_of_accident": "2",
        "enhanced_severity_collision": "7",
        "first_road_class": "6",
        "first_road_number": "0",
        "junction_control": "-1",
        "junction_detail": "0",
        "junction_detail_historic": "0",
        "latitude": "53.685213",
        "light_conditions": "7",
        "local_authority_district": "-1",
        "local_authority_highway": "E08000033",
        "local_authority_highway_current": "E08000033",
        "local_authority_ons_district": "E08000033",
        "location_easting_osgr": "410984",
        "location_northing_osgr": "420984",
        "longitude": "-1.835167",
        "lsoa_of_accident_location": "E01010890",
        "number_of_casualties": 1,
        "number_of_vehicles": 1,
        "pedestrian_crossing": "0",
        "pedestrian_crossing_human_control_historic": "0",
        "pedestrian_crossing_physical_facilities_historic": "0",
        "police_force": "13",
        "road_surface_conditions": "1",
        "road_type": "9",
        "second_road_class": "0",
        "second_road_number": "-1",
        "special_conditions_at_site": "0",
        "speed_limit": 20,
        "time": "05:30",
        "trunk_road_flag": "2",
        "urban_or_rural_area": "1",
        "weather_conditions": "9",
        "geometry_source": "collision_location",
        "source_year": 2021,
        "date_iso": "2021-12-27"
      }
    },
    {
      "type": "Feature",
      "id": "2021131044960",
      "geometry": {
        "type": "Point",
        "coordinates": [
          -1.798121,
          53.687503
        ]
      },
      "properties": {
        "carriageway_hazards": "0",
        "carriageway_hazards_historic": "0",
        "collision_adjusted_severity_serious": "0",
        "collision_adjusted_severity_slight": "1",
        "collision_index": "2021131044960",
        "collision_injury_based": "1",
        "collision_ref_no": "131044960",
        "collision_severity": "3",
        "collision_year": 2021,
        "date": "12/05/2021",
        "day_of_week": "4",
        "did_police_officer_attend_scene_of_accident": "2",
        "enhanced_severity_collision": "3",
        "first_road_class": "6",
        "first_road_number": "0",
        "junction_control": "4",
        "junction_detail": "0",
        "junction_detail_historic": "2",
        "latitude": "53.687503",
        "light_conditions": "1",
        "local_authority_district": "-1",
        "local_authority_highway": "E08000033",
        "local_authority_highway_current": "E08000033",
        "local_authority_ons_district": "E08000033",
        "location_easting_osgr": "413430",
        "location_northing_osgr": "421245",
        "longitude": "-1.798121",
        "lsoa_of_accident_location": "E01010891",
        "number_of_casualties": 1,
        "number_of_vehicles": 1,
        "pedestrian_crossing": "0",
        "pedestrian_crossing_human_control_historic": "0",
        "pedestrian_crossing_physical_facilities_historic": "0",
        "police_force": "13",
        "road_surface_conditions": "1",
        "road_type": "6",
        "second_road_class": "6",
        "second_road_number": "0",
        "special_conditions_at_site": "0",
        "speed_limit": 30,
        "time": "14:25",
        "trunk_road_flag": "2",
        "urban_or_rural_area": "2",
        "weather_conditions": "1",
        "geometry_source": "collision_location",
        "source_year": 2021,
        "date_iso": "2021-05-12"
      }
    },
    {
      "type": "Feature",
      "id": "2021131111726",
      "geometry": {
        "type": "Point",
        "coordinates": [
          -1.745915,
          53.699529
        ]
      },
      "properties": {
        "carriageway_hazards": "0",
        "carriageway_hazards_historic": "0",
        "collision_adjusted_severity_serious": "0",
        "collision_adjusted_severity_slight": "1",
        "collision_index": "2021131111726",
        "collision_injury_based": "1",
        "collision_ref_no": "131111726",
        "collision_severity": "3",
        "collision_year": 2021,
        "date": "18/11/2021",
        "day_of_week": "5",
        "did_police_officer_attend_scene_of_accident": "1",
        "enhanced_severity_collision": "3",
        "first_road_class": "1",
        "first_road_number": "62",
        "junction_control": "-1",
        "junction_detail": "0",
        "junction_detail_historic": "0",
        "latitude": "53.699529",
        "light_conditions": "4",
        "local_authority_district": "-1",
        "local_authority_highway": "E08000033",
        "local_authority_highway_current": "E08000033",
        "local_authority_ons_district": "E08000033",
        "location_easting_osgr": "416873",
        "location_northing_osgr": "422594",
        "longitude": "-1.745915",
        "lsoa_of_accident_location": "E01010879",
        "number_of_casualties": 1,
        "number_of_vehicles": 2,
        "pedestrian_crossing": "0",
        "pedestrian_crossing_human_control_historic": "0",
        "pedestrian_crossing_physical_facilities_historic": "0",
        "police_force": "13",
        "road_surface_conditions": "2",
        "road_type": "3",
        "second_road_class": "0",
        "second_road_number": "-1",
        "special_conditions_at_site": "0",
        "speed_limit": 70,
        "time": "18:17",
        "trunk_road_flag": "1",
        "urban_or_rural_area": "2",
        "weather_conditions": "1",
        "geometry_source": "collision_location",
        "source_year": 2021,
        "date_iso": "2021-11-18"
      }
    },
    {
      "type": "Feature",
      "id": "20211383M1650",
      "geometry": {
        "type": "Point",
        "coordinates": [
          -1.91222,
          53.707531
        ]
      },
      "properties": {
        "carriageway_hazards": "0",
        "carriageway_hazards_historic": "0",
        "collision_adjusted_severity_serious": "0.07086",
        "collision_adjusted_severity_slight": "0.92914",
        "collision_index": "20211383M1650",
        "collision_injury_based": "0",
        "collision_ref_no": "1383M1650",
        "collision_severity": "3",
        "collision_year": 2021,
        "date": "22/03/2021",
        "day_of_week": "2",
        "did_police_officer_attend_scene_of_accident": "1",
        "enhanced_severity_collision": "-1",
        "first_road_class": "6",
        "first_road_number": "0",
        "junction_control": "-1",
        "junction_detail": "0",
        "junction_detail_historic": "0",
        "latitude": "53.707531",
        "light_conditions": "4",
        "local_authority_district": "-1",
        "local_authority_highway": "E08000033",
        "local_authority_highway_current": "E08000033",
        "local_authority_ons_district": "E08000033",
        "location_easting_osgr": "405892",
        "location_northing_osgr": "423458",
        "longitude": "-1.91222",
        "lsoa_of_accident_location": "E01010979",
        "number_of_casualties": 1,
        "number_of_vehicles": 1,
        "pedestrian_crossing": "0",
        "pedestrian_crossing_human_control_historic": "0",
        "pedestrian_crossing_physical_facilities_historic": "0",
        "police_force": "13",
        "road_surface_conditions": "1",
        "road_type": "6",
        "second_road_class": "0",
        "second_road_number": "-1",
        "special_conditions_at_site": "0",
        "speed_limit": 30,
        "time": "19:56",
        "trunk_road_flag": "2",
        "urban_or_rural_area": "1",
        "weather_conditions": "1",
        "geometry_source": "collision_location",
        "source_year": 2021,
        "date_iso": "2021-03-22"
      }
    },
    {
      "type": "Feature",
      "id": "2021131038095",
      "geometry": {
        "type": "Point",
        "coordinates": [
          -1.87027,
          53.718126
        ]
      },
      "properties": {
        "carriageway_hazards": "0",
        "carriageway_hazards_historic": "0",
        "collision_adjusted_severity_serious": "0",
        "collision_adjusted_severity_slight": "1",
        "collision_index": "2021131038095",
        "collision_injury_based": "1",
        "collision_ref_no": "131038095",
        "collision_severity": "3",
        "collision_year": 2021,
        "date": "10/03/2021",
        "day_of_week": "4",
        "did_police_officer_attend_scene_of_accident": "2",
        "enhanced_severity_collision": "3",
        "first_road_class": "6",
        "first_road_number": "0",
        "junction_control": "-1",
        "junction_detail": "0",
        "junction_detail_historic": "0",
        "latitude": "53.718126",
        "light_conditions": "1",
        "local_authority_district": "-1",
        "local_authority_highway": "E08000033",
        "local_authority_highway_current": "E08000033",
        "local_authority_ons_district": "E08000033",
        "location_easting_osgr": "408659",
        "location_northing_osgr": "424641",
        "longitude": "-1.87027",
        "lsoa_of_accident_location": "E01010969",
        "number_of_casualties": 2,
        "number_of_vehicles": 2,
        "pedestrian_crossing": "11",
        "pedestrian_crossing_human_control_historic": "1",
        "pedestrian_crossing_physical_facilities_historic": "0",
        "police_force": "13",
        "road_surface_conditions": "2",
        "road_type": "6",
        "second_road_class": "0",
        "second_road_number": "-1",
        "special_conditions_at_site": "0",
        "speed_limit": 20,
        "time": "08:51",
        "trunk_road_flag": "2",
        "urban_or_rural_area": "1",
        "weather_conditions": "2",
        "geometry_source": "collision_location",
        "source_year": 2021,
        "date_iso": "2021-03-10"
      }
    },
    {
      "type": "Feature",
      "id": "2021131054912",
      "geometry": {
        "type": "Point",
        "coordinates": [
          -2.096892,
          53.715577
        ]
      },
      "properties": {
        "carriageway_hazards": "0",
        "carriageway_hazards_historic": "0",
        "collision_adjusted_severity_serious": "1",
        "collision_adjusted_severity_slight": "0",
        "collision_index": "2021131054912",
        "collision_injury_based": "1",
        "collision_ref_no": "131054912",
        "collision_severity": "2",
        "collision_year": 2021,
        "date": "10/06/2021",
        "day_of_week": "5",
        "did_police_officer_attend_scene_of_accident": "1",
        "enhanced_severity_collision": "7",
        "first_road_class": "6",
        "first_road_number": "0",
        "junction_control": "4",
        "junction_detail": "0",
        "junction_detail_historic": "2",
        "latitude": "53.715577",
        "light_conditions": "1",
        "local_authority_district": "-1",
        "local_authority_highway": "E08000033",
        "local_authority_highway_current": "E08000033",
        "local_authority_ons_district": "E08000033",
        "location_easting_osgr": "393703",
        "location_northing_osgr": "424354",
        "longitude": "-2.096892",
        "lsoa_of_accident_location": "E01010983",
        "number_of_casualties": 1,
        "number_of_vehicles": 2,
        "pedestrian_crossing": "0",
        "pedestrian_crossing_human_control_historic": "0",
        "pedestrian_crossing_physical_facilities_historic": "0",
        "police_force": "13",
        "road_surface_conditions": "1",
        "road_type": "6",
        "second_road_class": "6",
        "second_road_number": "0",
        "special_conditions_at_site": "0",
        "speed_limit": 30,
        "time": "20:15",
        "trunk_road_flag": "2",
        "urban_or_rural_area": "1",
        "weather_conditions": "1",
        "geometry_source": "collision_location",
        "source_year": 2021,
        "date_iso": "2021-06-10"
      }
    },
    {
      "type": "Feature",
      "id": "2021131087406",
      "geometry": {
        "type": "Point",
        "coordinates": [
          -1.752616,
          53.695948
        ]
      },
      "properties": {
        "carriageway_hazards": "0",
        "carriageway_hazards_historic": "0",
        "collision_adjusted_severity_serious": "0",
        "collision_adjusted_severity_slight": "1",
        "collision_index": "2021131087406",
        "collision_injury_based": "1",
        "collision_ref_no": "131087406",
        "collision_severity": "3",
        "collision_year": 2021,
        "date": "14/09/2021",
        "day_of_week": "3",
        "did_police_officer_attend_scene_of_accident": "1",
        "enhanced_severity_collision": "3",
        "first_road_class": "3",
        "first_road_number": "644",
        "junction_control": "-1",
        "junction_detail": "0",
        "junction_detail_historic": "0",
        "latitude": "53.695948",
        "light_conditions": "1",
        "local_authority_district": "-1",
        "local_authority_highway": "E08000033",
        "local_authority_highway_current": "E08000033",
        "local_authority_ons_district": "E08000033",
        "location_easting_osgr": "416432",
        "location_northing_osgr": "422194",
        "longitude": "-1.752616",
        "lsoa_of_accident_location": "E01010879",
        "number_of_casualties": 2,
        "number_of_vehicles": 2,
        "pedestrian_crossing": "0",
        "pedestrian_crossing_human_control_historic": "0",
        "pedestrian_crossing_physical_facilities_historic": "0",
        "police_force": "13",
        "road_surface_conditions": "2",
        "road_type": "1",
        "second_road_class": "0",
        "second_road_number": "-1",
        "special_conditions_at_site": "0",
        "speed_limit": 50,
        "time": "09:47",
        "trunk_road_flag": "2",
        "urban_or_rural_area": "2",
        "weather_conditions": "2",
        "geometry_source": "collision_location",
        "source_year": 2021,
        "date_iso": "2021-09-14"
      }
    },
    {
      "type": "Feature",
      "id": "2021131037814",
      "geometry": {
        "type": "Point",
        "coordinates": [
          -2.001473,
          53.632557
        ]
      },
      "properties": {
        "carriageway_hazards": "0",
        "carriageway_hazards_historic": "0",
        "collision_adjusted_severity_serious": "0",
        "collision_adjusted_severity_slight": "1",
        "collision_index": "2021131037814",
        "collision_injury_based": "1",
        "collision_ref_no": "131037814",
        "collision_severity": "3",
        "collision_year": 2021,
        "date": "19/04/2021",
        "day_of_week": "2",
        "did_police_officer_attend_scene_of_accident": "1",
        "enhanced_severity_collision": "3",
        "first_road_class": "1",
        "first_road_number": "62",
        "junction_control": "-1",
        "junction_detail": "0",
        "junction_detail_historic": "0",
        "latitude": "53.632557",
        "light_conditions": "1",
        "local_authority_district": "-1",
        "local_authority_highway": "E08000033",
        "local_authority_highway_current": "E08000033",
        "local_authority_ons_district": "E08000033",
        "location_easting_osgr": "400000",
        "location_northing_osgr": "415113",
        "longitude": "-2.001473",
        "lsoa_of_accident_location": "E01010955",
        "number_of_casualties": 1,
        "number_of_vehicles": 2,
        "pedestrian_crossing": "0",
        "pedestrian_crossing_human_control_historic": "0",
        "pedestrian_crossing_physical_facilities_historic": "0",
        "police_force": "13",
        "road_surface_conditions": "1",
        "road_type": "3",
        "second_road_class": "0",
        "second_road_number": "-1",
        "special_conditions_at_site": "0",
        "speed_limit": 70,
        "time": "08:25",
        "trunk_road_flag": "1",
        "urban_or_rural_area": "2",
        "weather_conditions": "1",
        "geometry_source": "collision_location",
        "source_year": 2021,
        "date_iso": "2021-04-19"
      }
    },
    {
      "type": "Feature",
      "id": "2021131043029",
      "geometry": {
        "type": "Point",
        "coordinates": [
          -1.883191,
          53.71414
        ]
      },
      "properties": {
        "carriageway_hazards": "18",
        "carriageway_hazards_historic": "3",
        "collision_adjusted_severity_serious": "0",
        "collision_adjusted_severity_slight": "1",
        "collision_index": "2021131043029",
        "collision_injury_based": "1",
        "collision_ref_no": "131043029",
        "collision_severity": "3",
        "collision_year": 2021,
        "date": "07/05/2021",
        "day_of_week": "6",
        "did_police_officer_attend_scene_of_accident": "1",
        "enhanced_severity_collision": "3",
        "first_road_class": "3",
        "first_road_number": "646",
        "junction_control": "2",
        "junction_detail": "17",
        "junction_detail_historic": "7",
        "latitude": "53.71414",
        "light_conditions": "1",
        "local_authority_district": "-1",
        "local_authority_highway": "E08000033",
        "local_authority_highway_current": "E08000033",
        "local_authority_ons_district": "E08000033",
        "location_easting_osgr": "407807",
        "location_northing_osgr": "424196",
        "longitude": "-1.883191",
        "lsoa_of_accident_location": "E01010970",
        "number_of_casualties": 1,
        "number_of_vehicles": 2,
        "pedestrian_crossing": "0",
        "pedestrian_crossing_human_control_historic": "0",
        "pedestrian_crossing_physical_facilities_historic": "0",
        "police_force": "13",
        "road_surface_conditions": "1",
        "road_type": "9",
        "second_road_class": "3",
        "second_road_number": "58",
        "special_conditions_at_site": "0",
        "speed_limit": 30,
        "time": "15:41",
        "trunk_road_flag": "2",
        "urban_or_rural_area": "1",
        "weather_conditions": "1",
        "geometry_source": "collision_location",
        "source_year": 2021,
        "date_iso": "2021-05-07"
      }
    },
    {
      "type": "Feature",
      "id": "2021131071699",
      "geometry": {
        "type": "Point",
        "coordinates": [
          -1.751831,
          53.695461
        ]
      },
      "properties": {
        "carriageway_hazards": "0",
        "carriageway_hazards_historic": "0",
        "collision_adjusted_severity_serious": "0",
        "collision_adjusted_severity_slight": "1",
        "collision_index": "2021131071699",
        "collision_injury_based": "1",
        "collision_ref_no": "131071699",
        "collision_severity": "3",
        "collision_year": 2021,
        "date": "29/07/2021",
        "day_of_week": "5",
        "did_police_officer_attend_scene_of_accident": "1",
        "enhanced_severity_collision": "3",
        "first_road_class": "1",
        "first_road_number": "62",
        "junction_control": "4",
        "junction_detail": "0",
        "junction_detail_historic": "1",
        "latitude": "53.695461",
        "light_conditions": "1",
        "local_authority_district": "-1",
        "local_authority_highway": "E08000033",
        "local_authority_highway_current": "E08000033",
        "local_authority_ons_district": "E08000033",
        "location_easting_osgr": "416484",
        "location_northing_osgr": "422140",
        "longitude": "-1.751831",
        "lsoa_of_accident_location": "E01010879",
        "number_of_casualties": 1,
        "number_of_vehicles": 2,
        "pedestrian_crossing": "0",
        "pedestrian_crossing_human_control_historic": "0",
        "pedestrian_crossing_physical_facilities_historic": "0",
        "police_force": "13",
        "road_surface_conditions": "1",
        "road_type": "1",
        "second_road_class": "3",
        "second_road_number": "644",
        "special_conditions_at_site": "0",
        "speed_limit": 50,
        "time": "20:37",
        "trunk_road_flag": "1",
        "urban_or_rural_area": "2",
        "weather_conditions": "1",
        "geometry_source": "collision_location",
        "source_year": 2021,
        "date_iso": "2021-07-29"
      }
    },
    {
      "type": "Feature",
      "id": "2021131118395",
      "geometry": {
        "type": "Point",
        "coordinates": [
          -1.892109,
          53.722633
        ]
      },
      "properties": {
        "carriageway_hazards": "0",
        "carriageway_hazards_historic": "0",
        "collision_adjusted_severity_serious": "0",
        "collision_adjusted_severity_slight": "1",
        "collision_index": "2021131118395",
        "collision_injury_based": "1",
        "collision_ref_no": "131118395",
        "collision_severity": "3",
        "collision_year": 2021,
        "date": "07/12/2021",
        "day_of_week": "3",
        "did_police_officer_attend_scene_of_accident": "1",
        "enhanced_severity_collision": "3",
        "first_road_class": "6",
        "first_road_number": "0",
        "junction_control": "4",
        "junction_detail": "16",
        "junction_detail_historic": "6",
        "latitude": "53.722633",
        "light_conditions": "1",
        "local_authority_district": "-1",
        "local_authority_highway": "E08000033",
        "local_authority_highway_current": "E08000033",
        "local_authority_ons_district": "E08000033",
        "location_easting_osgr": "407217",
        "location_northing_osgr": "425140",
        "longitude": "-1.892109",
        "lsoa_of_accident_location": "E01011000",
        "number_of_casualties": 1,
        "number_of_vehicles": 2,
        "pedestrian_crossing": "0",
        "pedestrian_crossing_human_control_historic": "0",
        "pedestrian_crossing_physical_facilities_historic": "0",
        "police_force": "13",
        "road_surface_conditions": "2",
        "road_type": "6",
        "second_road_class": "6",
        "second_road_number": "0",
        "special_conditions_at_site": "0",
        "speed_limit": 30,
        "time": "12:10",
        "trunk_road_flag": "2",
        "urban_or_rural_area": "1",
        "weather_conditions": "2",
        "geometry_source": "collision_location",
        "source_year": 2021,
        "date_iso": "2021-12-07"
      }
    },
    {
      "type": "Feature",
      "id": "2021131112244",
      "geometry": {
        "type": "Point",
        "coordinates": [
          -2.098143,
          53.71296
        ]
      },
      "properties": {
        "carriageway_hazards": "17",
        "carriageway_hazards_historic": "2",
        "collision_adjusted_severity_serious": "0",
        "collision_adjusted_severity_slight": "1",
        "collision_index": "2021131112244",
        "collision_injury_based": "1",
        "collision_ref_no": "131112244",
        "collision_severity": "3",
        "collision_year": 2021,
        "date": "20/11/2021",
        "day_of_week": "7",
        "did_police_officer_attend_scene_of_accident": "1",
        "enhanced_severity_collision": "3",
        "first_road_class": "6",
        "first_road_number": "0",
        "junction_control": "4",
        "junction_detail": "19",
        "junction_detail_historic": "9",
        "latitude": "53.71296",
        "light_conditions": "1",
        "local_authority_district": "-1",
        "local_authority_highway": "E08000033",
        "local_authority_highway_current": "E08000033",
        "local_authority_ons_district": "E08000033",
        "location_easting_osgr": "393620",
        "location_northing_osgr": "424063",
        "longitude": "-2.098143",
        "lsoa_of_accident_location": "E01010983",
        "number_of_casualties": 1,
        "number_of_vehicles": 1,
        "pedestrian_crossing": "0",
        "pedestrian_crossing_human_control_historic": "0",
        "pedestrian_crossing_physical_facilities_historic": "0",
        "police_force": "13",
        "road_surface_conditions": "1",
        "road_type": "6",
        "second_road_class": "3",
        "second_road_number": "6033",
        "special_conditions_at_site": "0",
        "speed_limit": 30,
        "time": "12:39",
        "trunk_road_flag": "2",
        "urban_or_rural_area": "1",
        "weather_conditions": "1",
        "geometry_source": "collision_location",
        "source_year": 2021,
        "date_iso": "2021-11-20"
      }
    },
    {
      "type": "Feature",
      "id": "2021131120748",
      "geometry": {
        "type": "Point",
        "coordinates": [
          -1.862697,
          53.726441
        ]
      },
      "properties": {
        "carriageway_hazards": "0",
        "carriageway_hazards_historic": "0",
        "collision_adjusted_severity_serious": "1",
        "collision_adjusted_severity_slight": "0",
        "collision_index": "2021131120748",
        "collision_injury_based": "1",
        "collision_ref_no": "131120748",
        "collision_severity": "2",
        "collision_year": 2021,
        "date": "13/12/2021",
        "day_of_week": "2",
        "did_police_officer_attend_scene_of_accident": "1",
        "enhanced_severity_collision": "7",
        "first_road_class": "3",
        "first_road_number": "58",
        "junction_control": "2",
        "junction_detail": "0",
        "junction_detail_historic": "1",
        "latitude": "53.726441",
        "light_conditions": "4",
        "local_authority_district": "-1",
        "local_authority_highway": "E08000033",
        "local_authority_highway_current": "E08000033",
        "local_authority_ons_district": "E08000033",
        "location_easting_osgr": "409157",
        "location_northing_osgr": "425567",
        "longitude": "-1.862697",
        "lsoa_of_accident_location": "E01010994",
        "number_of_casualties": 1,
        "number_of_vehicles": 1,
        "pedestrian_crossing": "0",
        "pedestrian_crossing_human_control_historic": "0",
        "pedestrian_crossing_physical_facilities_historic": "0",
        "police_force": "13",
        "road_surface_conditions": "1",
        "road_type": "1",
        "second_road_class": "3",
        "second_road_number": "629",
        "special_conditions_at_site": "0",
        "speed_limit": 30,
        "time": "23:40",
        "trunk_road_flag": "2",
        "urban_or_rural_area": "1",
        "weather_conditions": "1",
        "geometry_source": "collision_location",
        "source_year": 2021,
        "date_iso": "2021-12-13"
      }
    },
    {
      "type": "Feature",
      "id": "2021131081315",
      "geometry": {
        "type": "Point",
        "coordinates": [
          -1.860612,
          53.719877
        ]
      },
      "properties": {
        "carriageway_hazards": "0",
        "carriageway_hazards_historic": "0",
        "collision_adjusted_severity_serious": "0",
        "collision_adjusted_severity_slight": "1",
        "collision_index": "2021131081315",
        "collision_injury_based": "1",
        "collision_ref_no": "131081315",
        "collision_severity": "3",
        "collision_year": 2021,
        "date": "25/08/2021",
        "day_of_week": "4",
        "did_police_officer_attend_scene_of_accident": "1",
        "enhanced_severity_collision": "3",
        "first_road_class": "3",
        "first_road_number": "629",
        "junction_control": "4",
        "junction_detail": "16",
        "junction_detail_historic": "6",
        "latitude": "53.719877",
        "light_conditions": "1",
        "local_authority_district": "-1",
        "local_authority_highway": "E08000033",
        "local_authority_highway_current": "E08000033",
        "local_authority_ons_district": "E08000033",
        "location_easting_osgr": "409296",
        "location_northing_osgr": "424837",
        "longitude": "-1.860612",
        "lsoa_of_accident_location": "E01010994",
        "number_of_casualties": 1,
        "number_of_vehicles": 2,
        "pedestrian_crossing": "0",
        "pedestrian_crossing_human_control_historic": "0",
        "pedestrian_crossing_physical_facilities_historic": "0",
        "police_force": "13",
        "road_surface_conditions": "1",
        "road_type": "6",
        "second_road_class": "6",
        "second_road_number": "0",
        "special_conditions_at_site": "0",
        "speed_limit": 30,
        "time": "16:20",
        "trunk_road_flag": "2",
        "urban_or_rural_area": "1",
        "weather_conditions": "1",
        "geometry_source": "collision_location",
        "source_year": 2021,
        "date_iso": "2021-08-25"
      }
    },
    {
      "type": "Feature",
      "id": "2021131117201",
      "geometry": {
        "type": "Point",
        "coordinates": [
          -1.787679,
          53.695332
        ]
      },
      "properties": {
        "carriageway_hazards": "0",
        "carriageway_hazards_historic": "0",
        "collision_adjusted_severity_serious": "1",
        "collision_adjusted_severity_slight": "0",
        "collision_index": "2021131117201",
        "collision_injury_based": "1",
        "collision_ref_no": "131117201",
        "collision_severity": "2",
        "collision_year": 2021,
        "date": "03/12/2021",
        "day_of_week": "6",
        "did_police_officer_attend_scene_of_accident": "1",
        "enhanced_severity_collision": "7",
        "first_road_class": "3",
        "first_road_number": "643",
        "junction_control": "-1",
        "junction_detail": "0",
        "junction_detail_historic": "0",
        "latitude": "53.695332",
        "light_conditions": "4",
        "local_authority_district": "-1",
        "local_authority_highway": "E08000033",
        "local_authority_highway_current": "E08000033",
        "local_authority_ons_district": "E08000033",
        "location_easting_osgr": "414117",
        "location_northing_osgr": "422118",
        "longitude": "-1.787679",
        "lsoa_of_accident_location": "E01010951",
        "number_of_casualties": 1,
        "number_of_vehicles": 1,
        "pedestrian_crossing": "0",
        "pedestrian_crossing_human_control_historic": "0",
        "pedestrian_crossing_physical_facilities_historic": "0",
        "police_force": "13",
        "road_surface_conditions": "2",
        "road_type": "6",
        "second_road_class": "0",
        "second_road_number": "-1",
        "special_conditions_at_site": "0",
        "speed_limit": 30,
        "time": "17:02",
        "trunk_road_flag": "2",
        "urban_or_rural_area": "1",
        "weather_conditions": "1",
        "geometry_source": "collision_location",
        "source_year": 2021,
        "date_iso": "2021-12-03"
      }
    },
    {
      "type": "Feature",
      "id": "2021131045926",
      "geometry": {
        "type": "Point",
        "coordinates": [
          -1.784159,
          53.696629
        ]
      },
      "properties": {
        "carriageway_hazards": "0",
        "carriageway_hazards_historic": "0",
        "collision_adjusted_severity_serious": "1",
        "collision_adjusted_severity_slight": "0",
        "collision_index": "2021131045926",
        "collision_injury_based": "1",
        "collision_ref_no": "131045926",
        "collision_severity": "2",
        "collision_year": 2021,
        "date": "17/05/2021",
        "day_of_week": "2",
        "did_police_officer_attend_scene_of_accident": "1",
        "enhanced_severity_collision": "7",
        "first_road_class": "6",
        "first_road_number": "0",
        "junction_control": "2",
        "junction_detail": "16",
        "junction_detail_historic": "6",
        "latitude": "53.696629",
        "light_conditions": "1",
        "local_authority_district": "-1",
        "local_authority_highway": "E08000033",
        "local_authority_highway_current": "E08000033",
        "local_authority_ons_district": "E08000033",
        "location_easting_osgr": "414349",
        "location_northing_osgr": "422263",
        "longitude": "-1.784159",
        "lsoa_of_accident_location": "E01010951",
        "number_of_casualties": 1,
        "number_of_vehicles": 1,
        "pedestrian_crossing": "14",
        "pedestrian_crossing_human_control_historic": "0",
        "pedestrian_crossing_physical_facilities_historic": "4",
        "police_force": "13",
        "road_surface_conditions": "1",
        "road_type": "6",
        "second_road_class": "6",
        "second_road_number": "0",
        "special_conditions_at_site": "0",
        "speed_limit": 30,
        "time": "08:45",
        "trunk_road_flag": "2",
        "urban_or_rural_area": "1",
        "weather_conditions": "1",
        "geometry_source": "collision_location",
        "source_year": 2021,
        "date_iso": "2021-05-17"
      }
    },
    {
      "type": "Feature",
      "id": "2021131088533",
      "geometry": {
        "type": "Point",
        "coordinates": [
          -1.803626,
          53.71524
        ]
      },
      "properties": {
        "carriageway_hazards": "0",
        "carriageway_hazards_historic": "0",
        "collision_adjusted_severity_serious": "0",
        "collision_adjusted_severity_slight": "1",
        "collision_index": "2021131088533",
        "collision_injury_based": "1",
        "collision_ref_no": "131088533",
        "collision_severity": "3",
        "collision_year": 2021,
        "date": "16/09/2021",
        "day_of_week": "5",
        "did_police_officer_attend_scene_of_accident": "1",
        "enhanced_severity_collision": "3",
        "first_road_class": "3",
        "first_road_number": "644",
        "junction_control": "-1",
        "junction_detail": "0",
        "junction_detail_historic": "0",
        "latitude": "53.71524",
        "light_conditions": "1",
        "local_authority_district": "-1",
        "local_authority_highway": "E08000033",
        "local_authority_highway_current": "E08000033",
        "local_authority_ons_district": "E08000033",
        "location_easting_osgr": "413058",
        "location_northing_osgr": "424330",
        "longitude": "-1.803626",
        "lsoa_of_accident_location": "E01010904",
        "number_of_casualties": 1,
        "number_of_vehicles": 2,
        "pedestrian_crossing": "17",
        "pedestrian_crossing_human_control_historic": "0",
        "pedestrian_crossing_physical_facilities_historic": "8",
        "police_force": "13",
        "road_surface_conditions": "1",
        "road_type": "6",
        "second_road_class": "0",
        "second_road_number": "-1",
        "special_conditions_at_site": "0",
        "speed_limit": 30,
        "time": "18:35",
        "trunk_road_flag": "2",
        "urban_or_rural_area": "1",
        "weather_conditions": "1",
        "geometry_source": "collision_location",
        "source_year": 2021,
        "date_iso": "2021-09-16"
      }
    },
    {
      "type": "Feature",
      "id": "2021131099274",
      "geometry": {
        "type": "Point",
        "coordinates": [
          -1.86487,
          53.724412
        ]
      },
      "properties": {
        "carriageway_hazards": "0",
        "carriageway_hazards_historic": "0",
        "collision_adjusted_severity_serious": "0",
        "collision_adjusted_severity_slight": "1",
        "collision_index": "2021131099274",
        "collision_injury_based": "1",
        "collision_ref_no": "131099274",
        "collision_severity": "3",
        "collision_year": 2021,
        "date": "15/10/2021",
        "day_of_week": "6",
        "did_police_officer_attend_scene_of_accident": "2",
        "enhanced_severity_collision": "3",
        "first_road_class": "6",
        "first_road_number": "0",
        "junction_control": "4",
        "junction_detail": "19",
        "junction_detail_historic": "9",
        "latitude": "53.724412",
        "light_conditions": "1",
        "local_authority_district": "-1",
        "local_authority_highway": "E08000033",
        "local_authority_highway_current": "E08000033",
        "local_authority_ons_district": "E08000033",
        "location_easting_osgr": "409014",
        "location_northing_osgr": "425341",
        "longitude": "-1.86487",
        "lsoa_of_accident_location": "E01010994",
        "number_of_casualties": 1,
        "number_of_vehicles": 2,
        "pedestrian_crossing": "0",
        "pedestrian_crossing_human_control_historic": "0",
        "pedestrian_crossing_physical_facilities_historic": "0",
        "police_force": "13",
        "road_surface_conditions": "1",
        "road_type": "9",
        "second_road_class": "6",
        "second_road_number": "0",
        "special_conditions_at_site": "0",
        "speed_limit": 30,
        "time": "12:30",
        "trunk_road_flag": "2",
        "urban_or_rural_area": "1",
        "weather_conditions": "1",
        "geometry_source": "collision_location",
        "source_year": 2021,
        "date_iso": "2021-10-15"
      }
    },
    {
      "type": "Feature",
      "id": "2021131120198",
      "geometry": {
        "type": "Point",
        "coordinates": [
          -1.855291,
          53.698299
        ]
      },
      "properties": {
        "carriageway_hazards": "13",
        "carriageway_hazards_historic": "0",
        "collision_adjusted_severity_serious": "0",
        "collision_adjusted_severity_slight": "1",
        "collision_index": "2021131120198",
        "collision_injury_based": "1",
        "collision_ref_no": "131120198",
        "collision_severity": "3",
        "collision_year": 2021,
        "date": "11/12/2021",
        "day_of_week": "7",
        "did_police_officer_attend_scene_of_accident": "2",
        "enhanced_severity_collision": "3",
        "first_road_class": "4",
        "first_road_number": "6112",
        "junction_control": "-1",
        "junction_detail": "0",
        "junction_detail_historic": "0",
        "latitude": "53.698299",
        "light_conditions": "1",
        "local_authority_district": "-1",
        "local_authority_highway": "E08000033",
        "local_authority_highway_current": "E08000033",
        "local_authority_ons_district": "E08000033",
        "location_easting_osgr": "409652",
        "location_northing_osgr": "422437",
        "longitude": "-1.855291",
        "lsoa_of_accident_location": "E01010971",
        "number_of_casualties": 1,
        "number_of_vehicles": 2,
        "pedestrian_crossing": "0",
        "pedestrian_crossing_human_control_historic": "0",
        "pedestrian_crossing_physical_facilities_historic": "0",
        "police_force": "13",
        "road_surface_conditions": "1",
        "road_type": "7",
        "second_road_class": "0",
        "second_road_number": "-1",
        "special_conditions_at_site": "4",
        "speed_limit": 40,
        "time": "09:30",
        "trunk_road_flag": "2",
        "urban_or_rural_area": "2",
        "weather_conditions": "9",
        "geometry_source": "collision_location",
        "source_year": 2021,
        "date_iso": "2021-12-11"
      }
    },
    {
      "type": "Feature",
      "id": "20211382E0774",
      "geometry": {
        "type": "Point",
        "coordinates": [
          -1.731553,
          53.685701
        ]
      },
      "properties": {
        "carriageway_hazards": "0",
        "carriageway_hazards_historic": "0",
        "collision_adjusted_severity_serious": "0.06598",
        "collision_adjusted_severity_slight": "0.93402",
        "collision_index": "20211382E0774",
        "collision_injury_based": "0",
        "collision_ref_no": "1382E0774",
        "collision_severity": "3",
        "collision_year": 2021,
        "date": "14/02/2021",
        "day_of_week": "1",
        "did_police_officer_attend_scene_of_accident": "1",
        "enhanced_severity_collision": "-1",
        "first_road_class": "3",
        "first_road_number": "62",
        "junction_control": "2",
        "junction_detail": "0",
        "junction_detail_historic": "1",
        "latitude": "53.685701",
        "light_conditions": "1",
        "local_authority_district": "-1",
        "local_authority_highway": "E08000033",
        "local_authority_highway_current": "E08000033",
        "local_authority_ons_district": "E08000033",
        "location_easting_osgr": "417827",
        "location_northing_osgr": "421059",
        "longitude": "-1.731553",
        "lsoa_of_accident_location": "E01010879",
        "number_of_casualties": 2,
        "number_of_vehicles": 2,
        "pedestrian_crossing": "0",
        "pedestrian_crossing_human_control_historic": "0",
        "pedestrian_crossing_physical_facilities_historic": "0",
        "police_force": "13",
        "road_surface_conditions": "1",
        "road_type": "1",
        "second_road_class": "3",
        "second_road_number": "644",
        "special_conditions_at_site": "0",
        "speed_limit": 40,
        "time": "14:19",
        "trunk_road_flag": "2",
        "urban_or_rural_area": "2",
        "weather_conditions": "1",
        "geometry_source": "collision_location",
        "source_year": 2021,
        "date_iso": "2021-02-14"
      }
    },
    {
      "type": "Feature",
      "id": "2021131072192",
      "geometry": {
        "type": "Point",
        "coordinates": [
          -1.780436,
          53.701916
        ]
      },
      "properties": {
        "carriageway_hazards": "0",
        "carriageway_hazards_historic": "0",
        "collision_adjusted_severity_serious": "0",
        "collision_adjusted_severity_slight": "1",
        "collision_index": "2021131072192",
        "collision_injury_based": "1",
        "collision_ref_no": "131072192",
        "collision_severity": "3",
        "collision_year": 2021,
        "date": "31/07/2021",
        "day_of_week": "7",
        "did_police_officer_attend_scene_of_accident": "1",
        "enhanced_severity_collision": "3",
        "first_road_class": "6",
        "first_road_number": "0",
        "junction_control": "4",
        "junction_detail": "13",
        "junction_detail_historic": "3",
        "latitude": "53.701916",
        "light_conditions": "1",
        "local_authority_district": "-1",
        "local_authority_highway": "E08000033",
        "local_authority_highway_current": "E08000033",
        "local_authority_ons_district": "E08000033",
        "location_easting_osgr": "414593",
        "location_northing_osgr": "422852",
        "longitude": "-1.780436",
        "lsoa_of_accident_location": "E01010949",
        "number_of_casualties": 1,
        "number_of_vehicles": 1,
        "pedestrian_crossing": "0",
        "pedestrian_crossing_human_control_historic": "0",
        "pedestrian_crossing_physical_facilities_historic": "0",
        "police_force": "13",
        "road_surface_conditions": "1",
        "road_type": "2",
        "second_road_class": "6",
        "second_road_number": "0",
        "special_conditions_at_site": "0",
        "speed_limit": 20,
        "time": "14:36",
        "trunk_road_flag": "2",
        "urban_or_rural_area": "1",
        "weather_conditions": "1",
        "geometry_source": "collision_location",
        "source_year": 2021,
        "date_iso": "2021-07-31"
      }
    },
    {
      "type": "Feature",
      "id": "2021131078750",
      "geometry": {
        "type": "Point",
        "coordinates": [
          -1.896073,
          53.774614
        ]
      },
      "properties": {
        "carriageway_hazards": "0",
        "carriageway_hazards_historic": "0",
        "collision_adjusted_severity_serious": "0",
        "collision_adjusted_severity_slight": "1",
        "collision_index": "2021131078750",
        "collision_injury_based": "1",
        "collision_ref_no": "131078750",
        "collision_severity": "3",
        "collision_year": 2021,
        "date": "18/08/2021",
        "day_of_week": "4",
        "did_police_officer_attend_scene_of_accident": "1",
        "enhanced_severity_collision": "3",
        "first_road_class": "3",
        "first_road_number": "629",
        "junction_control": "4",
        "junction_detail": "19",
        "junction_detail_historic": "9",
        "latitude": "53.774614",
        "light_conditions": "1",
        "local_authority_district": "-1",
        "local_authority_highway": "E08000033",
        "local_authority_highway_current": "E08000033",
        "local_authority_ons_district": "E08000033",
        "location_easting_osgr": "406947",
        "location_northing_osgr": "430923",
        "longitude": "-1.896073",
        "lsoa_of_accident_location": "E01010911",
        "number_of_casualties": 1,
        "number_of_vehicles": 1,
        "pedestrian_crossing": "17",
        "pedestrian_crossing_human_control_historic": "0",
        "pedestrian_crossing_physical_facilities_historic": "8",
        "police_force": "13",
        "road_surface_conditions": "1",
        "road_type": "6",
        "second_road_class": "6",
        "second_road_number": "0",
        "special_conditions_at_site": "0",
        "speed_limit": 50,
        "time": "08:42",
        "trunk_road_flag": "2",
        "urban_or_rural_area": "2",
        "weather_conditions": "1",
        "geometry_source": "collision_location",
        "source_year": 2021,
        "date_iso": "2021-08-18"
      }
    },
    {
      "type": "Feature",
      "id": "20211383K0770",
      "geometry": {
        "type": "Point",
        "coordinates": [
          -1.914711,
          53.71164
        ]
      },
      "properties": {
        "carriageway_hazards": "0",
        "carriageway_hazards_historic": "0",
        "collision_adjusted_severity_serious": "0.15509",
        "collision_adjusted_severity_slight": "0.84491",
        "collision_index": "20211383K0770",
        "collision_injury_based": "0",
        "collision_ref_no": "1383K0770",
        "collision_severity": "3",
        "collision_year": 2021,
        "date": "20/03/2021",
        "day_of_week": "7",
        "did_police_officer_attend_scene_of_accident": "1",
        "enhanced_severity_collision": "-1",
        "first_road_class": "6",
        "first_road_number": "0",
        "junction_control": "-1",
        "junction_detail": "0",
        "junction_detail_historic": "0",
        "latitude": "53.71164",
        "light_conditions": "1",
        "local_authority_district": "-1",
        "local_authority_highway": "E08000033",
        "local_authority_highway_current": "E08000033",
        "local_authority_ons_district": "E08000033",
        "location_easting_osgr": "405727",
        "location_northing_osgr": "423915",
        "longitude": "-1.914711",
        "lsoa_of_accident_location": "E01010980",
        "number_of_casualties": 1,
        "number_of_vehicles": 2,
        "pedestrian_crossing": "0",
        "pedestrian_crossing_human_control_historic": "0",
        "pedestrian_crossing_physical_facilities_historic": "0",
        "police_force": "13",
        "road_surface_conditions": "1",
        "road_type": "6",
        "second_road_class": "0",
        "second_road_number": "-1",
        "special_conditions_at_site": "0",
        "speed_limit": 30,
        "time": "12:25",
        "trunk_road_flag": "2",
        "urban_or_rural_area": "1",
        "weather_conditions": "1",
        "geometry_source": "collision_location",
        "source_year": 2021,
        "date_iso": "2021-03-20"
      }
    },
    {
      "type": "Feature",
      "id": "2021131051519",
      "geometry": {
        "type": "Point",
        "coordinates": [
          -1.852293,
          53.680607
        ]
      },
      "properties": {
        "carriageway_hazards": "0",
        "carriageway_hazards_historic": "0",
        "collision_adjusted_severity_serious": "0",
        "collision_adjusted_severity_slight": "1",
        "collision_index": "2021131051519",
        "collision_injury_based": "1",
        "collision_ref_no": "131051519",
        "collision_severity": "3",
        "collision_year": 2021,
        "date": "02/06/2021",
        "day_of_week": "4",
        "did_police_officer_attend_scene_of_accident": "1",
        "enhanced_severity_collision": "3",
        "first_road_class": "6",
        "first_road_number": "0",
        "junction_control": "4",
        "junction_detail": "16",
        "junction_detail_historic": "6",
        "latitude": "53.680607",
        "light_conditions": "1",
        "local_authority_district": "-1",
        "local_authority_highway": "E08000033",
        "local_authority_highway_current": "E08000033",
        "local_authority_ons_district": "E08000033",
        "location_easting_osgr": "409854",
        "location_northing_osgr": "420469",
        "longitude": "-1.852293",
        "lsoa_of_accident_location": "E01010903",
        "number_of_casualties": 1,
        "number_of_vehicles": 2,
        "pedestrian_crossing": "0",
        "pedestrian_crossing_human_control_historic": "0",
        "pedestrian_crossing_physical_facilities_historic": "0",
        "police_force": "13",
        "road_surface_conditions": "1",
        "road_type": "6",
        "second_road_class": "6",
        "second_road_number": "0",
        "special_conditions_at_site": "0",
        "speed_limit": 20,
        "time": "17:02",
        "trunk_road_flag": "2",
        "urban_or_rural_area": "1",
        "weather_conditions": "1",
        "geometry_source": "collision_location",
        "source_year": 2021,
        "date_iso": "2021-06-02"
      }
    },
    {
      "type": "Feature",
      "id": "2021131088877",
      "geometry": {
        "type": "Point",
        "coordinates": [
          -1.754892,
          53.695179
        ]
      },
      "properties": {
        "carriageway_hazards": "0",
        "carriageway_hazards_historic": "0",
        "collision_adjusted_severity_serious": "0",
        "collision_adjusted_severity_slight": "1",
        "collision_index": "2021131088877",
        "collision_injury_based": "1",
        "collision_ref_no": "131088877",
        "collision_severity": "3",
        "collision_year": 2021,
        "date": "17/09/2021",
        "day_of_week": "6",
        "did_police_officer_attend_scene_of_accident": "1",
        "enhanced_severity_collision": "3",
        "first_road_class": "1",
        "first_road_number": "62",
        "junction_control": "4",
        "junction_detail": "0",
        "junction_detail_historic": "1",
        "latitude": "53.695179",
        "light_conditions": "1",
        "local_authority_district": "-1",
        "local_authority_highway": "E08000033",
        "local_authority_highway_current": "E08000033",
        "local_authority_ons_district": "E08000033",
        "location_easting_osgr": "416282",
        "location_northing_osgr": "422108",
        "longitude": "-1.754892",
        "lsoa_of_accident_location": "E01010879",
        "number_of_casualties": 1,
        "number_of_vehicles": 2,
        "pedestrian_crossing": "0",
        "pedestrian_crossing_human_control_historic": "0",
        "pedestrian_crossing_physical_facilities_historic": "0",
        "police_force": "13",
        "road_surface_conditions": "1",
        "road_type": "7",
        "second_road_class": "3",
        "second_road_number": "644",
        "special_conditions_at_site": "0",
        "speed_limit": 70,
        "time": "15:48",
        "trunk_road_flag": "1",
        "urban_or_rural_area": "2",
        "weather_conditions": "1",
        "geometry_source": "collision_location",
        "source_year": 2021,
        "date_iso": "2021-09-17"
      }
    },
    {
      "type": "Feature",
      "id": "2021131040657",
      "geometry": {
        "type": "Point",
        "coordinates": [
          -1.912115,
          53.750862
        ]
      },
      "properties": {
        "carriageway_hazards": "0",
        "carriageway_hazards_historic": "0",
        "collision_adjusted_severity_serious": "1",
        "collision_adjusted_severity_slight": "0",
        "collision_index": "2021131040657",
        "collision_injury_based": "1",
        "collision_ref_no": "131040657",
        "collision_severity": "2",
        "collision_year": 2021,
        "date": "29/04/2021",
        "day_of_week": "5",
        "did_police_officer_attend_scene_of_accident": "1",
        "enhanced_severity_collision": "7",
        "first_road_class": "6",
        "first_road_number": "0",
        "junction_control": "4",
        "junction_detail": "0",
        "junction_detail_historic": "2",
        "latitude": "53.750862",
        "light_conditions": "1",
        "local_authority_district": "-1",
        "local_authority_highway": "E08000033",
        "local_authority_highway_current": "E08000033",
        "local_authority_ons_district": "E08000033",
        "location_easting_osgr": "405893",
        "location_northing_osgr": "428279",
        "longitude": "-1.912115",
        "lsoa_of_accident_location": "E01010925",
        "number_of_casualties": 1,
        "number_of_vehicles": 1,
        "pedestrian_crossing": "0",
        "pedestrian_crossing_human_control_historic": "0",
        "pedestrian_crossing_physical_facilities_historic": "0",
        "police_force": "13",
        "road_surface_conditions": "1",
        "road_type": "6",
        "second_road_class": "6",
        "second_road_number": "0",
        "special_conditions_at_site": "0",
        "speed_limit": 20,
        "time": "15:30",
        "trunk_road_flag": "2",
        "urban_or_rural_area": "1",
        "weather_conditions": "1",
        "geometry_source": "collision_location",
        "source_year": 2021,
        "date_iso": "2021-04-29"
      }
    },
    {
      "type": "Feature",
      "id": "2021131090496",
      "geometry": {
        "type": "Point",
        "coordinates": [
          -1.912448,
          53.751438
        ]
      },
      "properties": {
        "carriageway_hazards": "0",
        "carriageway_hazards_historic": "0",
        "collision_adjusted_severity_serious": "1",
        "collision_adjusted_severity_slight": "0",
        "collision_index": "2021131090496",
        "collision_injury_based": "1",
        "collision_ref_no": "131090496",
        "collision_severity": "2",
        "collision_year": 2021,
        "date": "22/09/2021",
        "day_of_week": "4",
        "did_police_officer_attend_scene_of_accident": "2",
        "enhanced_severity_collision": "7",
        "first_road_class": "6",
        "first_road_number": "0",
        "junction_control": "-1",
        "junction_detail": "0",
        "junction_detail_historic": "0",
        "latitude": "53.751438",
        "light_conditions": "1",
        "local_authority_district": "-1",
        "local_authority_highway": "E08000033",
        "local_authority_highway_current": "E08000033",
        "local_authority_ons_district": "E08000033",
        "location_easting_osgr": "405871",
        "location_northing_osgr": "428343",
        "longitude": "-1.912448",
        "lsoa_of_accident_location": "E01010926",
        "number_of_casualties": 1,
        "number_of_vehicles": 1,
        "pedestrian_crossing": "0",
        "pedestrian_crossing_human_control_historic": "0",
        "pedestrian_crossing_physical_facilities_historic": "0",
        "police_force": "13",
        "road_surface_conditions": "1",
        "road_type": "6",
        "second_road_class": "0",
        "second_road_number": "-1",
        "special_conditions_at_site": "0",
        "speed_limit": 30,
        "time": "07:45",
        "trunk_road_flag": "2",
        "urban_or_rural_area": "1",
        "weather_conditions": "1",
        "geometry_source": "collision_location",
        "source_year": 2021,
        "date_iso": "2021-09-22"
      }
    },
    {
      "type": "Feature",
      "id": "2021131119883",
      "geometry": {
        "type": "Point",
        "coordinates": [
          -1.856081,
          53.697536
        ]
      },
      "properties": {
        "carriageway_hazards": "0",
        "carriageway_hazards_historic": "0",
        "collision_adjusted_severity_serious": "0",
        "collision_adjusted_severity_slight": "1",
        "collision_index": "2021131119883",
        "collision_injury_based": "1",
        "collision_ref_no": "131119883",
        "collision_severity": "3",
        "collision_year": 2021,
        "date": "10/12/2021",
        "day_of_week": "6",
        "did_police_officer_attend_scene_of_accident": "1",
        "enhanced_severity_collision": "3",
        "first_road_class": "4",
        "first_road_number": "6112",
        "junction_control": "4",
        "junction_detail": "0",
        "junction_detail_historic": "1",
        "latitude": "53.697536",
        "light_conditions": "4",
        "local_authority_district": "-1",
        "local_authority_highway": "E08000033",
        "local_authority_highway_current": "E08000033",
        "local_authority_ons_district": "E08000033",
        "location_easting_osgr": "409600",
        "location_northing_osgr": "422352",
        "longitude": "-1.856081",
        "lsoa_of_accident_location": "E01010971",
        "number_of_casualties": 1,
        "number_of_vehicles": 2,
        "pedestrian_crossing": "0",
        "pedestrian_crossing_human_control_historic": "0",
        "pedestrian_crossing_physical_facilities_historic": "0",
        "police_force": "13",
        "road_surface_conditions": "2",
        "road_type": "6",
        "second_road_class": "3",
        "second_road_number": "6026",
        "special_conditions_at_site": "0",
        "speed_limit": 30,
        "time": "05:45",
        "trunk_road_flag": "2",
        "urban_or_rural_area": "2",
        "weather_conditions": "1",
        "geometry_source": "collision_location",
        "source_year": 2021,
        "date_iso": "2021-12-10"
      }
    },
    {
      "type": "Feature",
      "id": "2021131100797",
      "geometry": {
        "type": "Point",
        "coordinates": [
          -2.024851,
          53.629543
        ]
      },
      "properties": {
        "carriageway_hazards": "0",
        "carriageway_hazards_historic": "0",
        "collision_adjusted_severity_serious": "1",
        "collision_adjusted_severity_slight": "0",
        "collision_index": "2021131100797",
        "collision_injury_based": "1",
        "collision_ref_no": "131100797",
        "collision_severity": "2",
        "collision_year": 2021,
        "date": "20/10/2021",
        "day_of_week": "4",
        "did_police_officer_attend_scene_of_accident": "1",
        "enhanced_severity_collision": "5",
        "first_road_class": "1",
        "first_road_number": "62",
        "junction_control": "-1",
        "junction_detail": "0",
        "junction_detail_historic": "0",
        "latitude": "53.629543",
        "light_conditions": "1",
        "local_authority_district": "-1",
        "local_authority_highway": "E08000033",
        "local_authority_highway_current": "E08000033",
        "local_authority_ons_district": "E08000033",
        "location_easting_osgr": "398454",
        "location_northing_osgr": "414778",
        "longitude": "-2.024851",
        "lsoa_of_accident_location": "E01010955",
        "number_of_casualties": 1,
        "number_of_vehicles": 2,
        "pedestrian_crossing": "0",
        "pedestrian_crossing_human_control_historic": "0",
        "pedestrian_crossing_physical_facilities_historic": "0",
        "police_force": "13",
        "road_surface_conditions": "2",
        "road_type": "3",
        "second_road_class": "0",
        "second_road_number": "-1",
        "special_conditions_at_site": "0",
        "speed_limit": 70,
        "time": "10:57",
        "trunk_road_flag": "1",
        "urban_or_rural_area": "2",
        "weather_conditions": "2",
        "geometry_source": "collision_location",
        "source_year": 2021,
        "date_iso": "2021-10-20"
      }
    },
    {
      "type": "Feature",
      "id": "20211381D1801",
      "geometry": {
        "type": "Point",
        "coordinates": [
          -1.791927,
          53.690818
        ]
      },
      "properties": {
        "carriageway_hazards": "0",
        "carriageway_hazards_historic": "0",
        "collision_adjusted_severity_serious": "1",
        "collision_adjusted_severity_slight": "0",
        "collision_index": "20211381D1801",
        "collision_injury_based": "0",
        "collision_ref_no": "1381D1801",
        "collision_severity": "2",
        "collision_year": 2021,
        "date": "13/01/2021",
        "day_of_week": "4",
        "did_police_officer_attend_scene_of_accident": "1",
        "enhanced_severity_collision": "-1",
        "first_road_class": "3",
        "first_road_number": "643",
        "junction_control": "4",
        "junction_detail": "19",
        "junction_detail_historic": "9",
        "latitude": "53.690818",
        "light_conditions": "4",
        "local_authority_district": "-1",
        "local_authority_highway": "E08000033",
        "local_authority_highway_current": "E08000033",
        "local_authority_ons_district": "E08000033",
        "location_easting_osgr": "413838",
        "location_northing_osgr": "421615",
        "longitude": "-1.791927",
        "lsoa_of_accident_location": "E01010945",
        "number_of_casualties": 3,
        "number_of_vehicles": 1,
        "pedestrian_crossing": "0",
        "pedestrian_crossing_human_control_historic": "0",
        "pedestrian_crossing_physical_facilities_historic": "0",
        "police_force": "13",
        "road_surface_conditions": "4",
        "road_type": "6",
        "second_road_class": "3",
        "second_road_number": "643",
        "special_conditions_at_site": "0",
        "speed_limit": 30,
        "time": "22:31",
        "trunk_road_flag": "2",
        "urban_or_rural_area": "1",
        "weather_conditions": "1",
        "geometry_source": "collision_location",
        "source_year": 2021,
        "date_iso": "2021-01-13"
      }
    },
    {
      "type": "Feature",
      "id": "20211383P0883",
      "geometry": {
        "type": "Point",
        "coordinates": [
          -1.877319,
          53.727706
        ]
      },
      "properties": {
        "carriageway_hazards": "0",
        "carriageway_hazards_historic": "0",
        "collision_adjusted_severity_serious": "0.13264",
        "collision_adjusted_severity_slight": "0.86736",
        "collision_index": "20211383P0883",
        "collision_injury_based": "0",
        "collision_ref_no": "1383P0883",
        "collision_severity": "3",
        "collision_year": 2021,
        "date": "25/03/2021",
        "day_of_week": "5",
        "did_police_officer_attend_scene_of_accident": "2",
        "enhanced_severity_collision": "-1",
        "first_road_class": "6",
        "first_road_number": "0",
        "junction_control": "-1",
        "junction_detail": "0",
        "junction_detail_historic": "0",
        "latitude": "53.727706",
        "light_conditions": "1",
        "local_authority_district": "-1",
        "local_authority_highway": "E08000033",
        "local_authority_highway_current": "E08000033",
        "local_authority_ons_district": "E08000033",
        "location_easting_osgr": "408192",
        "location_northing_osgr": "425706",
        "longitude": "-1.877319",
        "lsoa_of_accident_location": "E01010960",
        "number_of_casualties": 1,
        "number_of_vehicles": 1,
        "pedestrian_crossing": "0",
        "pedestrian_crossing_human_control_historic": "0",
        "pedestrian_crossing_physical_facilities_historic": "0",
        "police_force": "13",
        "road_surface_conditions": "1",
        "road_type": "6",
        "second_road_class": "0",
        "second_road_number": "-1",
        "special_conditions_at_site": "0",
        "speed_limit": 30,
        "time": "14:32",
        "trunk_road_flag": "2",
        "urban_or_rural_area": "1",
        "weather_conditions": "1",
        "geometry_source": "collision_location",
        "source_year": 2021,
        "date_iso": "2021-03-25"
      }
    },
    {
      "type": "Feature",
      "id": "2021131036313",
      "geometry": {
        "type": "Point",
        "coordinates": [
          -2.001473,
          53.632557
        ]
      },
      "properties": {
        "carriageway_hazards": "0",
        "carriageway_hazards_historic": "0",
        "collision_adjusted_severity_serious": "0",
        "collision_adjusted_severity_slight": "1",
        "collision_index": "2021131036313",
        "collision_injury_based": "1",
        "collision_ref_no": "131036313",
        "collision_severity": "3",
        "collision_year": 2021,
        "date": "16/04/2021",
        "day_of_week": "6",
        "did_police_officer_attend_scene_of_accident": "1",
        "enhanced_severity_collision": "3",
        "first_road_class": "1",
        "first_road_number": "62",
        "junction_control": "-1",
        "junction_detail": "0",
        "junction_detail_historic": "0",
        "latitude": "53.632557",
        "light_conditions": "1",
        "local_authority_district": "-1",
        "local_authority_highway": "E08000033",
        "local_authority_highway_current": "E08000033",
        "local_authority_ons_district": "E08000033",
        "location_easting_osgr": "400000",
        "location_northing_osgr": "415113",
        "longitude": "-2.001473",
        "lsoa_of_accident_location": "E01010955",
        "number_of_casualties": 1,
        "number_of_vehicles": 3,
        "pedestrian_crossing": "0",
        "pedestrian_crossing_human_control_historic": "0",
        "pedestrian_crossing_physical_facilities_historic": "0",
        "police_force": "13",
        "road_surface_conditions": "1",
        "road_type": "3",
        "second_road_class": "0",
        "second_road_number": "-1",
        "special_conditions_at_site": "0",
        "speed_limit": 70,
        "time": "17:57",
        "trunk_road_flag": "1",
        "urban_or_rural_area": "2",
        "weather_conditions": "1",
        "geometry_source": "collision_location",
        "source_year": 2021,
        "date_iso": "2021-04-16"
      }
    },
    {
      "type": "Feature",
      "id": "2021138411309",
      "geometry": {
        "type": "Point",
        "coordinates": [
          -1.886767,
          53.725306
        ]
      },
      "properties": {
        "carriageway_hazards": "0",
        "carriageway_hazards_historic": "0",
        "collision_adjusted_severity_serious": "0.01818",
        "collision_adjusted_severity_slight": "0.98182",
        "collision_index": "2021138411309",
        "collision_injury_based": "0",
        "collision_ref_no": "138411309",
        "collision_severity": "3",
        "collision_year": 2021,
        "date": "01/04/2021",
        "day_of_week": "5",
        "did_police_officer_attend_scene_of_accident": "1",
        "enhanced_severity_collision": "-1",
        "first_road_class": "6",
        "first_road_number": "0",
        "junction_control": "4",
        "junction_detail": "0",
        "junction_detail_historic": "2",
        "latitude": "53.725306",
        "light_conditions": "1",
        "local_authority_district": "-1",
        "local_authority_highway": "E08000033",
        "local_authority_highway_current": "E08000033",
        "local_authority_ons_district": "E08000033",
        "location_easting_osgr": "407569",
        "location_northing_osgr": "425438",
        "longitude": "-1.886767",
        "lsoa_of_accident_location": "E01011000",
        "number_of_casualties": 1,
        "number_of_vehicles": 2,
        "pedestrian_crossing": "0",
        "pedestrian_crossing_human_control_historic": "0",
        "pedestrian_crossing_physical_facilities_historic": "0",
        "police_force": "13",
        "road_surface_conditions": "1",
        "road_type": "1",
        "second_road_class": "6",
        "second_road_number": "0",
        "special_conditions_at_site": "0",
        "speed_limit": 30,
        "time": "16:24",
        "trunk_road_flag": "2",
        "urban_or_rural_area": "1",
        "weather_conditions": "1",
        "geometry_source": "collision_location",
        "source_year": 2021,
        "date_iso": "2021-04-01"
      }
    },
    {
      "type": "Feature",
      "id": "2021131053919",
      "geometry": {
        "type": "Point",
        "coordinates": [
          -1.88519,
          53.714483
        ]
      },
      "properties": {
        "carriageway_hazards": "0",
        "carriageway_hazards_historic": "0",
        "collision_adjusted_severity_serious": "0",
        "collision_adjusted_severity_slight": "1",
        "collision_index": "2021131053919",
        "collision_injury_based": "1",
        "collision_ref_no": "131053919",
        "collision_severity": "3",
        "collision_year": 2021,
        "date": "08/06/2021",
        "day_of_week": "3",
        "did_police_officer_attend_scene_of_accident": "2",
        "enhanced_severity_collision": "3",
        "first_road_class": "6",
        "first_road_number": "0",
        "junction_control": "4",
        "junction_detail": "0",
        "junction_detail_historic": "5",
        "latitude": "53.714483",
        "light_conditions": "1",
        "local_authority_district": "-1",
        "local_authority_highway": "E08000033",
        "local_authority_highway_current": "E08000033",
        "local_authority_ons_district": "E08000033",
        "location_easting_osgr": "407675",
        "location_northing_osgr": "424234",
        "longitude": "-1.88519",
        "lsoa_of_accident_location": "E01011003",
        "number_of_casualties": 2,
        "number_of_vehicles": 2,
        "pedestrian_crossing": "0",
        "pedestrian_crossing_human_control_historic": "0",
        "pedestrian_crossing_physical_facilities_historic": "0",
        "police_force": "13",
        "road_surface_conditions": "1",
        "road_type": "7",
        "second_road_class": "3",
        "second_road_number": "646",
        "special_conditions_at_site": "0",
        "speed_limit": 30,
        "time": "19:45",
        "trunk_road_flag": "2",
        "urban_or_rural_area": "1",
        "weather_conditions": "1",
        "geometry_source": "collision_location",
        "source_year": 2021,
        "date_iso": "2021-06-08"
      }
    },
    {
      "type": "Feature",
      "id": "2021131088126",
      "geometry": {
        "type": "Point",
        "coordinates": [
          -1.834648,
          53.686399
        ]
      },
      "properties": {
        "carriageway_hazards": "18",
        "carriageway_hazards_historic": "3",
        "collision_adjusted_severity_serious": "0",
        "collision_adjusted_severity_slight": "1",
        "collision_index": "2021131088126",
        "collision_injury_based": "1",
        "collision_ref_no": "131088126",
        "collision_severity": "3",
        "collision_year": 2021,
        "date": "15/09/2021",
        "day_of_week": "4",
        "did_police_officer_attend_scene_of_accident": "1",
        "enhanced_severity_collision": "3",
        "first_road_class": "6",
        "first_road_number": "0",
        "junction_control": "-1",
        "junction_detail": "0",
        "junction_detail_historic": "0",
        "latitude": "53.686399",
        "light_conditions": "1",
        "local_authority_district": "-1",
        "local_authority_highway": "E08000033",
        "local_authority_highway_current": "E08000033",
        "local_authority_ons_district": "E08000033",
        "location_easting_osgr": "411018",
        "location_northing_osgr": "421116",
        "longitude": "-1.834648",
        "lsoa_of_accident_location": "E01010889",
        "number_of_casualties": 1,
        "number_of_vehicles": 2,
        "pedestrian_crossing": "11",
        "pedestrian_crossing_human_control_historic": "1",
        "pedestrian_crossing_physical_facilities_historic": "1",
        "police_force": "13",
        "road_surface_conditions": "1",
        "road_type": "1",
        "second_road_class": "0",
        "second_road_number": "-1",
        "special_conditions_at_site": "0",
        "speed_limit": 30,
        "time": "13:30",
        "trunk_road_flag": "2",
        "urban_or_rural_area": "1",
        "weather_conditions": "1",
        "geometry_source": "collision_location",
        "source_year": 2021,
        "date_iso": "2021-09-15"
      }
    },
    {
      "type": "Feature",
      "id": "2021131120734",
      "geometry": {
        "type": "Point",
        "coordinates": [
          -1.777823,
          53.703538
        ]
      },
      "properties": {
        "carriageway_hazards": "0",
        "carriageway_hazards_historic": "0",
        "collision_adjusted_severity_serious": "1",
        "collision_adjusted_severity_slight": "0",
        "collision_index": "2021131120734",
        "collision_injury_based": "1",
        "collision_ref_no": "131120734",
        "collision_severity": "2",
        "collision_year": 2021,
        "date": "13/12/2021",
        "day_of_week": "2",
        "did_police_officer_attend_scene_of_accident": "1",
        "enhanced_severity_collision": "6",
        "first_road_class": "3",
        "first_road_number": "641",
        "junction_control": "4",
        "junction_detail": "0",
        "junction_detail_historic": "1",
        "latitude": "53.703538",
        "light_conditions": "4",
        "local_authority_district": "-1",
        "local_authority_highway": "E08000033",
        "local_authority_highway_current": "E08000033",
        "local_authority_ons_district": "E08000033",
        "location_easting_osgr": "414765",
        "location_northing_osgr": "423033",
        "longitude": "-1.777823",
        "lsoa_of_accident_location": "E01010878",
        "number_of_casualties": 1,
        "number_of_vehicles": 2,
        "pedestrian_crossing": "0",
        "pedestrian_crossing_human_control_historic": "0",
        "pedestrian_crossing_physical_facilities_historic": "0",
        "police_force": "13",
        "road_surface_conditions": "2",
        "road_type": "1",
        "second_road_class": "6",
        "second_road_number": "0",
        "special_conditions_at_site": "0",
        "speed_limit": 30,
        "time": "19:38",
        "trunk_road_flag": "2",
        "urban_or_rural_area": "1",
        "weather_conditions": "1",
        "geometry_source": "collision_location",
        "source_year": 2021,
        "date_iso": "2021-12-13"
      }
    },
    {
      "type": "Feature",
      "id": "20211381K0791",
      "geometry": {
        "type": "Point",
        "coordinates": [
          -1.978031,
          53.730355
        ]
      },
      "properties": {
        "carriageway_hazards": "0",
        "carriageway_hazards_historic": "0",
        "collision_adjusted_severity_serious": "0.11352",
        "collision_adjusted_severity_slight": "0.88648",
        "collision_index": "20211381K0791",
        "collision_injury_based": "0",
        "collision_ref_no": "1381K0791",
        "collision_severity": "3",
        "collision_year": 2021,
        "date": "20/01/2021",
        "day_of_week": "4",
        "did_police_officer_attend_scene_of_accident": "2",
        "enhanced_severity_collision": "-1",
        "first_road_class": "3",
        "first_road_number": "646",
        "junction_control": "-1",
        "junction_detail": "0",
        "junction_detail_historic": "0",
        "latitude": "53.730355",
        "light_conditions": "1",
        "local_authority_district": "-1",
        "local_authority_highway": "E08000033",
        "local_authority_highway_current": "E08000033",
        "local_authority_ons_district": "E08000033",
        "location_easting_osgr": "401547",
        "location_northing_osgr": "425994",
        "longitude": "-1.978031",
        "lsoa_of_accident_location": "E01010917",
        "number_of_casualties": 1,
        "number_of_vehicles": 1,
        "pedestrian_crossing": "15",
        "pedestrian_crossing_human_control_historic": "0",
        "pedestrian_crossing_physical_facilities_historic": "5",
        "police_force": "13",
        "road_surface_conditions": "2",
        "road_type": "6",
        "second_road_class": "0",
        "second_road_number": "-1",
        "special_conditions_at_site": "0",
        "speed_limit": 20,
        "time": "11:00",
        "trunk_road_flag": "2",
        "urban_or_rural_area": "2",
        "weather_conditions": "2",
        "geometry_source": "collision_location",
        "source_year": 2021,
        "date_iso": "2021-01-20"
      }
    },
    {
      "type": "Feature",
      "id": "2021131053163",
      "geometry": {
        "type": "Point",
        "coordinates": [
          -1.815716,
          53.72582
        ]
      },
      "properties": {
        "carriageway_hazards": "0",
        "carriageway_hazards_historic": "0",
        "collision_adjusted_severity_serious": "0",
        "collision_adjusted_severity_slight": "1",
        "collision_index": "2021131053163",
        "collision_injury_based": "1",
        "collision_ref_no": "131053163",
        "collision_severity": "3",
        "collision_year": 2021,
        "date": "07/06/2021",
        "day_of_week": "2",
        "did_police_officer_attend_scene_of_accident": "2",
        "enhanced_severity_collision": "3",
        "first_road_class": "3",
        "first_road_number": "58",
        "junction_control": "-1",
        "junction_detail": "0",
        "junction_detail_historic": "0",
        "latitude": "53.72582",
        "light_conditions": "1",
        "local_authority_district": "-1",
        "local_authority_highway": "E08000033",
        "local_authority_highway_current": "E08000033",
        "local_authority_ons_district": "E08000033",
        "location_easting_osgr": "412257",
        "location_northing_osgr": "425505",
        "longitude": "-1.815716",
        "lsoa_of_accident_location": "E01010909",
        "number_of_casualties": 2,
        "number_of_vehicles": 3,
        "pedestrian_crossing": "0",
        "pedestrian_crossing_human_control_historic": "0",
        "pedestrian_crossing_physical_facilities_historic": "0",
        "police_force": "13",
        "road_surface_conditions": "1",
        "road_type": "6",
        "second_road_class": "0",
        "second_road_number": "-1",
        "special_conditions_at_site": "0",
        "speed_limit": 30,
        "time": "09:30",
        "trunk_road_flag": "2",
        "urban_or_rural_area": "1",
        "weather_conditions": "1",
        "geometry_source": "collision_location",
        "source_year": 2021,
        "date_iso": "2021-06-07"
      }
    },
    {
      "type": "Feature",
      "id": "2021131058611",
      "geometry": {
        "type": "Point",
        "coordinates": [
          -2.106744,
          53.705169
        ]
      },
      "properties": {
        "carriageway_hazards": "0",
        "carriageway_hazards_historic": "0",
        "collision_adjusted_severity_serious": "0",
        "collision_adjusted_severity_slight": "1",
        "collision_index": "2021131058611",
        "collision_injury_based": "1",
        "collision_ref_no": "131058611",
        "collision_severity": "3",
        "collision_year": 2021,
        "date": "22/06/2021",
        "day_of_week": "3",
        "did_police_officer_attend_scene_of_accident": "1",
        "enhanced_severity_collision": "3",
        "first_road_class": "3",
        "first_road_number": "6033",
        "junction_control": "-1",
        "junction_detail": "0",
        "junction_detail_historic": "0",
        "latitude": "53.705169",
        "light_conditions": "1",
        "local_authority_district": "-1",
        "local_authority_highway": "E08000033",
        "local_authority_highway_current": "E08000033",
        "local_authority_ons_district": "E08000033",
        "location_easting_osgr": "393051",
        "location_northing_osgr": "423197",
        "longitude": "-2.106744",
        "lsoa_of_accident_location": "E01010985",
        "number_of_casualties": 1,
        "number_of_vehicles": 1,
        "pedestrian_crossing": "0",
        "pedestrian_crossing_human_control_historic": "0",
        "pedestrian_crossing_physical_facilities_historic": "0",
        "police_force": "13",
        "road_surface_conditions": "1",
        "road_type": "6",
        "second_road_class": "0",
        "second_road_number": "-1",
        "special_conditions_at_site": "0",
        "speed_limit": 30,
        "time": "17:17",
        "trunk_road_flag": "2",
        "urban_or_rural_area": "1",
        "weather_conditions": "1",
        "geometry_source": "collision_location",
        "source_year": 2021,
        "date_iso": "2021-06-22"
      }
    },
    {
      "type": "Feature",
      "id": "20211383C0770",
      "geometry": {
        "type": "Point",
        "coordinates": [
          -1.983321,
          53.730877
        ]
      },
      "properties": {
        "carriageway_hazards": "0",
        "carriageway_hazards_historic": "0",
        "collision_adjusted_severity_serious": "0.01354",
        "collision_adjusted_severity_slight": "0.98646",
        "collision_index": "20211383C0770",
        "collision_injury_based": "0",
        "collision_ref_no": "1383C0770",
        "collision_severity": "3",
        "collision_year": 2021,
        "date": "08/03/2021",
        "day_of_week": "2",
        "did_police_officer_attend_scene_of_accident": "2",
        "enhanced_severity_collision": "-1",
        "first_road_class": "3",
        "first_road_number": "646",
        "junction_control": "4",
        "junction_detail": "13",
        "junction_detail_historic": "3",
        "latitude": "53.730877",
        "light_conditions": "7",
        "local_authority_district": "-1",
        "local_authority_highway": "E08000033",
        "local_authority_highway_current": "E08000033",
        "local_authority_ons_district": "E08000033",
        "location_easting_osgr": "401198",
        "location_northing_osgr": "426052",
        "longitude": "-1.983321",
        "lsoa_of_accident_location": "E01010919",
        "number_of_casualties": 1,
        "number_of_vehicles": 2,
        "pedestrian_crossing": "0",
        "pedestrian_crossing_human_control_historic": "0",
        "pedestrian_crossing_physical_facilities_historic": "0",
        "police_force": "13",
        "road_surface_conditions": "1",
        "road_type": "6",
        "second_road_class": "6",
        "second_road_number": "0",
        "special_conditions_at_site": "0",
        "speed_limit": 30,
        "time": "21:40",
        "trunk_road_flag": "2",
        "urban_or_rural_area": "2",
        "weather_conditions": "1",
        "geometry_source": "collision_location",
        "source_year": 2021,
        "date_iso": "2021-03-08"
      }
    },
    {
      "type": "Feature",
      "id": "2021131084354",
      "geometry": {
        "type": "Point",
        "coordinates": [
          -1.781603,
          53.687078
        ]
      },
      "properties": {
        "carriageway_hazards": "0",
        "carriageway_hazards_historic": "0",
        "collision_adjusted_severity_serious": "1",
        "collision_adjusted_severity_slight": "0",
        "collision_index": "2021131084354",
        "collision_injury_based": "1",
        "collision_ref_no": "131084354",
        "collision_severity": "2",
        "collision_year": 2021,
        "date": "06/09/2021",
        "day_of_week": "2",
        "did_police_officer_attend_scene_of_accident": "1",
        "enhanced_severity_collision": "7",
        "first_road_class": "3",
        "first_road_number": "641",
        "junction_control": "4",
        "junction_detail": "13",
        "junction_detail_historic": "3",
        "latitude": "53.687078",
        "light_conditions": "1",
        "local_authority_district": "-1",
        "local_authority_highway": "E08000033",
        "local_authority_highway_current": "E08000033",
        "local_authority_ons_district": "E08000033",
        "location_easting_osgr": "414521",
        "location_northing_osgr": "421201",
        "longitude": "-1.781603",
        "lsoa_of_accident_location": "E01010946",
        "number_of_casualties": 1,
        "number_of_vehicles": 1,
        "pedestrian_crossing": "0",
        "pedestrian_crossing_human_control_historic": "0",
        "pedestrian_crossing_physical_facilities_historic": "0",
        "police_force": "13",
        "road_surface_conditions": "1",
        "road_type": "6",
        "second_road_class": "6",
        "second_road_number": "0",
        "special_conditions_at_site": "0",
        "speed_limit": 30,
        "time": "13:10",
        "trunk_road_flag": "2",
        "urban_or_rural_area": "1",
        "weather_conditions": "1",
        "geometry_source": "collision_location",
        "source_year": 2021,
        "date_iso": "2021-09-06"
      }
    },
    {
      "type": "Feature",
      "id": "2021131085957",
      "geometry": {
        "type": "Point",
        "coordinates": [
          -1.746131,
          53.698945
        ]
      },
      "properties": {
        "carriageway_hazards": "0",
        "carriageway_hazards_historic": "0",
        "collision_adjusted_severity_serious": "0",
        "collision_adjusted_severity_slight": "1",
        "collision_index": "2021131085957",
        "collision_injury_based": "1",
        "collision_ref_no": "131085957",
        "collision_severity": "3",
        "collision_year": 2021,
        "date": "09/09/2021",
        "day_of_week": "5",
        "did_police_officer_attend_scene_of_accident": "1",
        "enhanced_severity_collision": "3",
        "first_road_class": "1",
        "first_road_number": "62",
        "junction_control": "-1",
        "junction_detail": "0",
        "junction_detail_historic": "0",
        "latitude": "53.698945",
        "light_conditions": "1",
        "local_authority_district": "-1",
        "local_authority_highway": "E08000033",
        "local_authority_highway_current": "E08000033",
        "local_authority_ons_district": "E08000033",
        "location_easting_osgr": "416859",
        "location_northing_osgr": "422529",
        "longitude": "-1.746131",
        "lsoa_of_accident_location": "E01010879",
        "number_of_casualties": 1,
        "number_of_vehicles": 2,
        "pedestrian_crossing": "0",
        "pedestrian_crossing_human_control_historic": "0",
        "pedestrian_crossing_physical_facilities_historic": "0",
        "police_force": "13",
        "road_surface_conditions": "2",
        "road_type": "3",
        "second_road_class": "0",
        "second_road_number": "-1",
        "special_conditions_at_site": "0",
        "speed_limit": 30,
        "time": "17:35",
        "trunk_road_flag": "1",
        "urban_or_rural_area": "2",
        "weather_conditions": "2",
        "geometry_source": "collision_location",
        "source_year": 2021,
        "date_iso": "2021-09-09"
      }
    },
    {
      "type": "Feature",
      "id": "2021131090416",
      "geometry": {
        "type": "Point",
        "coordinates": [
          -1.750948,
          53.696169
        ]
      },
      "properties": {
        "carriageway_hazards": "0",
        "carriageway_hazards_historic": "0",
        "collision_adjusted_severity_serious": "0",
        "collision_adjusted_severity_slight": "1",
        "collision_index": "2021131090416",
        "collision_injury_based": "1",
        "collision_ref_no": "131090416",
        "collision_severity": "3",
        "collision_year": 2021,
        "date": "21/09/2021",
        "day_of_week": "3",
        "did_police_officer_attend_scene_of_accident": "2",
        "enhanced_severity_collision": "3",
        "first_road_class": "1",
        "first_road_number": "62",
        "junction_control": "-1",
        "junction_detail": "0",
        "junction_detail_historic": "0",
        "latitude": "53.696169",
        "light_conditions": "1",
        "local_authority_district": "-1",
        "local_authority_highway": "E08000033",
        "local_authority_highway_current": "E08000033",
        "local_authority_ons_district": "E08000033",
        "location_easting_osgr": "416542",
        "location_northing_osgr": "422219",
        "longitude": "-1.750948",
        "lsoa_of_accident_location": "E01010879",
        "number_of_casualties": 2,
        "number_of_vehicles": 2,
        "pedestrian_crossing": "0",
        "pedestrian_crossing_human_control_historic": "0",
        "pedestrian_crossing_physical_facilities_historic": "0",
        "police_force": "13",
        "road_surface_conditions": "1",
        "road_type": "7",
        "second_road_class": "0",
        "second_road_number": "-1",
        "special_conditions_at_site": "0",
        "speed_limit": 70,
        "time": "17:23",
        "trunk_road_flag": "1",
        "urban_or_rural_area": "2",
        "weather_conditions": "1",
        "geometry_source": "collision_location",
        "source_year": 2021,
        "date_iso": "2021-09-21"
      }
    },
    {
      "type": "Feature",
      "id": "2021131045825",
      "geometry": {
        "type": "Point",
        "coordinates": [
          -1.748683,
          53.69513
        ]
      },
      "properties": {
        "carriageway_hazards": "0",
        "carriageway_hazards_historic": "0",
        "collision_adjusted_severity_serious": "0",
        "collision_adjusted_severity_slight": "1",
        "collision_index": "2021131045825",
        "collision_injury_based": "1",
        "collision_ref_no": "131045825",
        "collision_severity": "3",
        "collision_year": 2021,
        "date": "16/05/2021",
        "day_of_week": "1",
        "did_police_officer_attend_scene_of_accident": "1",
        "enhanced_severity_collision": "3",
        "first_road_class": "3",
        "first_road_number": "644",
        "junction_control": "-1",
        "junction_detail": "0",
        "junction_detail_historic": "0",
        "latitude": "53.69513",
        "light_conditions": "4",
        "local_authority_district": "-1",
        "local_authority_highway": "E08000033",
        "local_authority_highway_current": "E08000033",
        "local_authority_ons_district": "E08000033",
        "location_easting_osgr": "416692",
        "location_northing_osgr": "422104",
        "longitude": "-1.748683",
        "lsoa_of_accident_location": "E01010879",
        "number_of_casualties": 2,
        "number_of_vehicles": 2,
        "pedestrian_crossing": "0",
        "pedestrian_crossing_human_control_historic": "0",
        "pedestrian_crossing_physical_facilities_historic": "0",
        "police_force": "13",
        "road_surface_conditions": "1",
        "road_type": "6",
        "second_road_class": "0",
        "second_road_number": "-1",
        "special_conditions_at_site": "0",
        "speed_limit": 40,
        "time": "22:00",
        "trunk_road_flag": "2",
        "urban_or_rural_area": "2",
        "weather_conditions": "1",
        "geometry_source": "collision_location",
        "source_year": 2021,
        "date_iso": "2021-05-16"
      }
    },
    {
      "type": "Feature",
      "id": "20211383M0372",
      "geometry": {
        "type": "Point",
        "coordinates": [
          -1.919581,
          53.740379
        ]
      },
      "properties": {
        "carriageway_hazards": "0",
        "carriageway_hazards_historic": "0",
        "collision_adjusted_severity_serious": "0.0925",
        "collision_adjusted_severity_slight": "0.9075",
        "collision_index": "20211383M0372",
        "collision_injury_based": "0",
        "collision_ref_no": "1383M0372",
        "collision_severity": "3",
        "collision_year": 2021,
        "date": "22/03/2021",
        "day_of_week": "2",
        "did_police_officer_attend_scene_of_accident": "2",
        "enhanced_severity_collision": "-1",
        "first_road_class": "6",
        "first_road_number": "0",
        "junction_control": "-1",
        "junction_detail": "0",
        "junction_detail_historic": "0",
        "latitude": "53.740379",
        "light_conditions": "1",
        "local_authority_district": "-1",
        "local_authority_highway": "E08000033",
        "local_authority_highway_current": "E08000033",
        "local_authority_ons_district": "E08000033",
        "location_easting_osgr": "405402",
        "location_northing_osgr": "427112",
        "longitude": "-1.919581",
        "lsoa_of_accident_location": "E01010927",
        "number_of_casualties": 1,
        "number_of_vehicles": 2,
        "pedestrian_crossing": "0",
        "pedestrian_crossing_human_control_historic": "0",
        "pedestrian_crossing_physical_facilities_historic": "0",
        "police_force": "13",
        "road_surface_conditions": "1",
        "road_type": "6",
        "second_road_class": "0",
        "second_road_number": "-1",
        "special_conditions_at_site": "0",
        "speed_limit": 30,
        "time": "10:12",
        "trunk_road_flag": "2",
        "urban_or_rural_area": "2",
        "weather_conditions": "1",
        "geometry_source": "collision_location",
        "source_year": 2021,
        "date_iso": "2021-03-22"
      }
    },
    {
      "type": "Feature",
      "id": "2021138291528",
      "geometry": {
        "type": "Point",
        "coordinates": [
          -1.887681,
          53.660484
        ]
      },
      "properties": {
        "carriageway_hazards": "0",
        "carriageway_hazards_historic": "0",
        "collision_adjusted_severity_serious": "0.04362",
        "collision_adjusted_severity_slight": "0.95638",
        "collision_index": "2021138291528",
        "collision_injury_based": "0",
        "collision_ref_no": "138291528",
        "collision_severity": "3",
        "collision_year": 2021,
        "date": "09/02/2021",
        "day_of_week": "3",
        "did_police_officer_attend_scene_of_accident": "1",
        "enhanced_severity_collision": "-1",
        "first_road_class": "6",
        "first_road_number": "0",
        "junction_control": "4",
        "junction_detail": "16",
        "junction_detail_historic": "6",
        "latitude": "53.660484",
        "light_conditions": "4",
        "local_authority_district": "-1",
        "local_authority_highway": "E08000033",
        "local_authority_highway_current": "E08000033",
        "local_authority_ons_district": "E08000033",
        "location_easting_osgr": "407520",
        "location_northing_osgr": "418226",
        "longitude": "-1.887681",
        "lsoa_of_accident_location": "E01010896",
        "number_of_casualties": 1,
        "number_of_vehicles": 2,
        "pedestrian_crossing": "0",
        "pedestrian_crossing_human_control_historic": "0",
        "pedestrian_crossing_physical_facilities_historic": "0",
        "police_force": "13",
        "road_surface_conditions": "4",
        "road_type": "6",
        "second_road_class": "6",
        "second_road_number": "0",
        "special_conditions_at_site": "0",
        "speed_limit": 60,
        "time": "20:00",
        "trunk_road_flag": "2",
        "urban_or_rural_area": "2",
        "weather_conditions": "3",
        "geometry_source": "collision_location",
        "source_year": 2021,
        "date_iso": "2021-02-09"
      }
    },
    {
      "type": "Feature",
      "id": "2021131052760",
      "geometry": {
        "type": "Point",
        "coordinates": [
          -2.152936,
          53.731661
        ]
      },
      "properties": {
        "carriageway_hazards": "0",
        "carriageway_hazards_historic": "0",
        "collision_adjusted_severity_serious": "1",
        "collision_adjusted_severity_slight": "0",
        "collision_index": "2021131052760",
        "collision_injury_based": "1",
        "collision_ref_no": "131052760",
        "collision_severity": "2",
        "collision_year": 2021,
        "date": "06/06/2021",
        "day_of_week": "1",
        "did_police_officer_attend_scene_of_accident": "1",
        "enhanced_severity_collision": "7",
        "first_road_class": "6",
        "first_road_number": "0",
        "junction_control": "4",
        "junction_detail": "13",
        "junction_detail_historic": "3",
        "latitude": "53.731661",
        "light_conditions": "1",
        "local_authority_district": "-1",
        "local_authority_highway": "E08000033",
        "local_authority_highway_current": "E08000033",
        "local_authority_ons_district": "E08000033",
        "location_easting_osgr": "390008",
        "location_northing_osgr": "426150",
        "longitude": "-2.152936",
        "lsoa_of_accident_location": "E01010986",
        "number_of_casualties": 1,
        "number_of_vehicles": 1,
        "pedestrian_crossing": "0",
        "pedestrian_crossing_human_control_historic": "0",
        "pedestrian_crossing_physical_facilities_historic": "0",
        "police_force": "13",
        "road_surface_conditions": "1",
        "road_type": "6",
        "second_road_class": "6",
        "second_road_number": "0",
        "special_conditions_at_site": "0",
        "speed_limit": 30,
        "time": "17:40",
        "trunk_road_flag": "2",
        "urban_or_rural_area": "2",
        "weather_conditions": "1",
        "geometry_source": "collision_location",
        "source_year": 2021,
        "date_iso": "2021-06-06"
      }
    },
    {
      "type": "Feature",
      "id": "2021131093625",
      "geometry": {
        "type": "Point",
        "coordinates": [
          -1.853774,
          53.703268
        ]
      },
      "properties": {
        "carriageway_hazards": "0",
        "carriageway_hazards_historic": "0",
        "collision_adjusted_severity_serious": "0",
        "collision_adjusted_severity_slight": "1",
        "collision_index": "2021131093625",
        "collision_injury_based": "1",
        "collision_ref_no": "131093625",
        "collision_severity": "3",
        "collision_year": 2021,
        "date": "30/09/2021",
        "day_of_week": "5",
        "did_police_officer_attend_scene_of_accident": "1",
        "enhanced_severity_collision": "3",
        "first_road_class": "3",
        "first_road_number": "629",
        "junction_control": "4",
        "junction_detail": "13",
        "junction_detail_historic": "3",
        "latitude": "53.703268",
        "light_conditions": "4",
        "local_authority_district": "-1",
        "local_authority_highway": "E08000033",
        "local_authority_highway_current": "E08000033",
        "local_authority_ons_district": "E08000033",
        "location_easting_osgr": "409751",
        "location_northing_osgr": "422990",
        "longitude": "-1.853774",
        "lsoa_of_accident_location": "E01010971",
        "number_of_casualties": 1,
        "number_of_vehicles": 2,
        "pedestrian_crossing": "0",
        "pedestrian_crossing_human_control_historic": "0",
        "pedestrian_crossing_physical_facilities_historic": "0",
        "police_force": "13",
        "road_surface_conditions": "2",
        "road_type": "6",
        "second_road_class": "6",
        "second_road_number": "0",
        "special_conditions_at_site": "0",
        "speed_limit": 30,
        "time": "22:05",
        "trunk_road_flag": "2",
        "urban_or_rural_area": "1",
        "weather_conditions": "8",
        "geometry_source": "collision_location",
        "source_year": 2021,
        "date_iso": "2021-09-30"
      }
    },
    {
      "type": "Feature",
      "id": "20211383M0917",
      "geometry": {
        "type": "Point",
        "coordinates": [
          -1.929494,
          53.750784
        ]
      },
      "properties": {
        "carriageway_hazards": "20",
        "carriageway_hazards_historic": "7",
        "collision_adjusted_severity_serious": "1",
        "collision_adjusted_severity_slight": "0",
        "collision_index": "20211383M0917",
        "collision_injury_based": "0",
        "collision_ref_no": "1383M0917",
        "collision_severity": "2",
        "collision_year": 2021,
        "date": "22/03/2021",
        "day_of_week": "2",
        "did_police_officer_attend_scene_of_accident": "1",
        "enhanced_severity_collision": "-1",
        "first_road_class": "6",
        "first_road_number": "0",
        "junction_control": "4",
        "junction_detail": "13",
        "junction_detail_historic": "3",
        "latitude": "53.750784",
        "light_conditions": "1",
        "local_authority_district": "-1",
        "local_authority_highway": "E08000033",
        "local_authority_highway_current": "E08000033",
        "local_authority_ons_district": "E08000033",
        "location_easting_osgr": "404747",
        "location_northing_osgr": "428269",
        "longitude": "-1.929494",
        "lsoa_of_accident_location": "E01010920",
        "number_of_casualties": 1,
        "number_of_vehicles": 1,
        "pedestrian_crossing": "0",
        "pedestrian_crossing_human_control_historic": "0",
        "pedestrian_crossing_physical_facilities_historic": "0",
        "police_force": "13",
        "road_surface_conditions": "1",
        "road_type": "6",
        "second_road_class": "6",
        "second_road_number": "0",
        "special_conditions_at_site": "0",
        "speed_limit": 30,
        "time": "14:55",
        "trunk_road_flag": "2",
        "urban_or_rural_area": "2",
        "weather_conditions": "4",
        "geometry_source": "collision_location",
        "source_year": 2021,
        "date_iso": "2021-03-22"
      }
    },
    {
      "type": "Feature",
      "id": "2021131041277",
      "geometry": {
        "type": "Point",
        "coordinates": [
          -1.811141,
          53.725364
        ]
      },
      "properties": {
        "carriageway_hazards": "0",
        "carriageway_hazards_historic": "0",
        "collision_adjusted_severity_serious": "0",
        "collision_adjusted_severity_slight": "1",
        "collision_index": "2021131041277",
        "collision_injury_based": "1",
        "collision_ref_no": "131041277",
        "collision_severity": "3",
        "collision_year": 2021,
        "date": "02/05/2021",
        "day_of_week": "1",
        "did_police_officer_attend_scene_of_accident": "1",
        "enhanced_severity_collision": "3",
        "first_road_class": "3",
        "first_road_number": "649",
        "junction_control": "4",
        "junction_detail": "0",
        "junction_detail_historic": "1",
        "latitude": "53.725364",
        "light_conditions": "1",
        "local_authority_district": "-1",
        "local_authority_highway": "E08000033",
        "local_authority_highway_current": "E08000033",
        "local_authority_ons_district": "E08000033",
        "location_easting_osgr": "412559",
        "location_northing_osgr": "425455",
        "longitude": "-1.811141",
        "lsoa_of_accident_location": "E01010909",
        "number_of_casualties": 3,
        "number_of_vehicles": 2,
        "pedestrian_crossing": "0",
        "pedestrian_crossing_human_control_historic": "0",
        "pedestrian_crossing_physical_facilities_historic": "0",
        "police_force": "13",
        "road_surface_conditions": "1",
        "road_type": "3",
        "second_road_class": "6",
        "second_road_number": "0",
        "special_conditions_at_site": "0",
        "speed_limit": 30,
        "time": "12:27",
        "trunk_road_flag": "2",
        "urban_or_rural_area": "1",
        "weather_conditions": "1",
        "geometry_source": "collision_location",
        "source_year": 2021,
        "date_iso": "2021-05-02"
      }
    },
    {
      "type": "Feature",
      "id": "2021131067768",
      "geometry": {
        "type": "Point",
        "coordinates": [
          -2.110547,
          53.722513
        ]
      },
      "properties": {
        "carriageway_hazards": "0",
        "carriageway_hazards_historic": "0",
        "collision_adjusted_severity_serious": "0",
        "collision_adjusted_severity_slight": "1",
        "collision_index": "2021131067768",
        "collision_injury_based": "1",
        "collision_ref_no": "131067768",
        "collision_severity": "3",
        "collision_year": 2021,
        "date": "19/07/2021",
        "day_of_week": "2",
        "did_police_officer_attend_scene_of_accident": "1",
        "enhanced_severity_collision": "3",
        "first_road_class": "3",
        "first_road_number": "646",
        "junction_control": "-1",
        "junction_detail": "0",
        "junction_detail_historic": "0",
        "latitude": "53.722513",
        "light_conditions": "1",
        "local_authority_district": "-1",
        "local_authority_highway": "E08000033",
        "local_authority_highway_current": "E08000033",
        "local_authority_ons_district": "E08000033",
        "location_easting_osgr": "392803",
        "location_northing_osgr": "425127",
        "longitude": "-2.110547",
        "lsoa_of_accident_location": "E01010987",
        "number_of_casualties": 1,
        "number_of_vehicles": 3,
        "pedestrian_crossing": "0",
        "pedestrian_crossing_human_control_historic": "0",
        "pedestrian_crossing_physical_facilities_historic": "0",
        "police_force": "13",
        "road_surface_conditions": "1",
        "road_type": "6",
        "second_road_class": "0",
        "second_road_number": "-1",
        "special_conditions_at_site": "0",
        "speed_limit": 40,
        "time": "18:59",
        "trunk_road_flag": "2",
        "urban_or_rural_area": "1",
        "weather_conditions": "1",
        "geometry_source": "collision_location",
        "source_year": 2021,
        "date_iso": "2021-07-19"
      }
    },
    {
      "type": "Feature",
      "id": "2021131056854",
      "geometry": {
        "type": "Point",
        "coordinates": [
          -1.879246,
          53.742781
        ]
      },
      "properties": {
        "carriageway_hazards": "0",
        "carriageway_hazards_historic": "0",
        "collision_adjusted_severity_serious": "1",
        "collision_adjusted_severity_slight": "0",
        "collision_index": "2021131056854",
        "collision_injury_based": "1",
        "collision_ref_no": "131056854",
        "collision_severity": "2",
        "collision_year": 2021,
        "date": "15/06/2021",
        "day_of_week": "3",
        "did_police_officer_attend_scene_of_accident": "1",
        "enhanced_severity_collision": "5",
        "first_road_class": "3",
        "first_road_number": "629",
        "junction_control": "4",
        "junction_detail": "16",
        "junction_detail_historic": "6",
        "latitude": "53.742781",
        "light_conditions": "1",
        "local_authority_district": "-1",
        "local_authority_highway": "E08000033",
        "local_authority_highway_current": "E08000033",
        "local_authority_ons_district": "E08000033",
        "location_easting_osgr": "408062",
        "location_northing_osgr": "427383",
        "longitude": "-1.879246",
        "lsoa_of_accident_location": "E01010942",
        "number_of_casualties": 1,
        "number_of_vehicles": 2,
        "pedestrian_crossing": "14",
        "pedestrian_crossing_human_control_historic": "0",
        "pedestrian_crossing_physical_facilities_historic": "4",
        "police_force": "13",
        "road_surface_conditions": "1",
        "road_type": "6",
        "second_road_class": "6",
        "second_road_number": "0",
        "special_conditions_at_site": "0",
        "speed_limit": 30,
        "time": "13:56",
        "trunk_road_flag": "2",
        "urban_or_rural_area": "1",
        "weather_conditions": "1",
        "geometry_source": "collision_location",
        "source_year": 2021,
        "date_iso": "2021-06-15"
      }
    },
    {
      "type": "Feature",
      "id": "2021131121551",
      "geometry": {
        "type": "Point",
        "coordinates": [
          -1.732134,
          53.684866
        ]
      },
      "properties": {
        "carriageway_hazards": "0",
        "carriageway_hazards_historic": "0",
        "collision_adjusted_severity_serious": "0",
        "collision_adjusted_severity_slight": "1",
        "collision_index": "2021131121551",
        "collision_injury_based": "1",
        "collision_ref_no": "131121551",
        "collision_severity": "3",
        "collision_year": 2021,
        "date": "14/12/2021",
        "day_of_week": "3",
        "did_police_officer_attend_scene_of_accident": "1",
        "enhanced_severity_collision": "3",
        "first_road_class": "3",
        "first_road_number": "62",
        "junction_control": "-1",
        "junction_detail": "0",
        "junction_detail_historic": "0",
        "latitude": "53.684866",
        "light_conditions": "4",
        "local_authority_district": "-1",
        "local_authority_highway": "E08000033",
        "local_authority_highway_current": "E08000033",
        "local_authority_ons_district": "E08000033",
        "location_easting_osgr": "417789",
        "location_northing_osgr": "420966",
        "longitude": "-1.732134",
        "lsoa_of_accident_location": "E01010879",
        "number_of_casualties": 2,
        "number_of_vehicles": 3,
        "pedestrian_crossing": "0",
        "pedestrian_crossing_human_control_historic": "0",
        "pedestrian_crossing_physical_facilities_historic": "0",
        "police_force": "13",
        "road_surface_conditions": "2",
        "road_type": "6",
        "second_road_class": "0",
        "second_road_number": "-1",
        "special_conditions_at_site": "0",
        "speed_limit": 40,
        "time": "15:35",
        "trunk_road_flag": "2",
        "urban_or_rural_area": "2",
        "weather_conditions": "1",
        "geometry_source": "collision_location",
        "source_year": 2021,
        "date_iso": "2021-12-14"
      }
    },
    {
      "type": "Feature",
      "id": "2021138432204",
      "geometry": {
        "type": "Point",
        "coordinates": [
          -1.871882,
          53.716294
        ]
      },
      "properties": {
        "carriageway_hazards": "0",
        "carriageway_hazards_historic": "0",
        "collision_adjusted_severity_serious": "0.03935",
        "collision_adjusted_severity_slight": "0.96065",
        "collision_index": "2021138432204",
        "collision_injury_based": "0",
        "collision_ref_no": "138432204",
        "collision_severity": "3",
        "collision_year": 2021,
        "date": "03/04/2021",
        "day_of_week": "7",
        "did_police_officer_attend_scene_of_accident": "1",
        "enhanced_severity_collision": "-1",
        "first_road_class": "6",
        "first_road_number": "0",
        "junction_control": "4",
        "junction_detail": "0",
        "junction_detail_historic": "1",
        "latitude": "53.716294",
        "light_conditions": "1",
        "local_authority_district": "-1",
        "local_authority_highway": "E08000033",
        "local_authority_highway_current": "E08000033",
        "local_authority_ons_district": "E08000033",
        "location_easting_osgr": "408553",
        "location_northing_osgr": "424437",
        "longitude": "-1.871882",
        "lsoa_of_accident_location": "E01010974",
        "number_of_casualties": 1,
        "number_of_vehicles": 2,
        "pedestrian_crossing": "0",
        "pedestrian_crossing_human_control_historic": "0",
        "pedestrian_crossing_physical_facilities_historic": "0",
        "police_force": "13",
        "road_surface_conditions": "1",
        "road_type": "1",
        "second_road_class": "6",
        "second_road_number": "0",
        "special_conditions_at_site": "0",
        "speed_limit": 30,
        "time": "22:25",
        "trunk_road_flag": "2",
        "urban_or_rural_area": "1",
        "weather_conditions": "1",
        "geometry_source": "collision_location",
        "source_year": 2021,
        "date_iso": "2021-04-03"
      }
    },
    {
      "type": "Feature",
      "id": "2021131064967",
      "geometry": {
        "type": "Point",
        "coordinates": [
          -2.099866,
          53.71757
        ]
      },
      "properties": {
        "carriageway_hazards": "0",
        "carriageway_hazards_historic": "0",
        "collision_adjusted_severity_serious": "0",
        "collision_adjusted_severity_slight": "1",
        "collision_index": "2021131064967",
        "collision_injury_based": "1",
        "collision_ref_no": "131064967",
        "collision_severity": "3",
        "collision_year": 2021,
        "date": "11/07/2021",
        "day_of_week": "1",
        "did_police_officer_attend_scene_of_accident": "1",
        "enhanced_severity_collision": "3",
        "first_road_class": "3",
        "first_road_number": "646",
        "junction_control": "4",
        "junction_detail": "17",
        "junction_detail_historic": "7",
        "latitude": "53.71757",
        "light_conditions": "1",
        "local_authority_district": "-1",
        "local_authority_highway": "E08000033",
        "local_authority_highway_current": "E08000033",
        "local_authority_ons_district": "E08000033",
        "location_easting_osgr": "393507",
        "location_northing_osgr": "424576",
        "longitude": "-2.099866",
        "lsoa_of_accident_location": "E01010983",
        "number_of_casualties": 1,
        "number_of_vehicles": 1,
        "pedestrian_crossing": "0",
        "pedestrian_crossing_human_control_historic": "0",
        "pedestrian_crossing_physical_facilities_historic": "0",
        "police_force": "13",
        "road_surface_conditions": "2",
        "road_type": "6",
        "second_road_class": "6",
        "second_road_number": "0",
        "special_conditions_at_site": "0",
        "speed_limit": 30,
        "time": "10:30",
        "trunk_road_flag": "2",
        "urban_or_rural_area": "1",
        "weather_conditions": "1",
        "geometry_source": "collision_location",
        "source_year": 2021,
        "date_iso": "2021-07-11"
      }
    },
    {
      "type": "Feature",
      "id": "2021131104085",
      "geometry": {
        "type": "Point",
        "coordinates": [
          -1.853729,
          53.703241
        ]
      },
      "properties": {
        "carriageway_hazards": "0",
        "carriageway_hazards_historic": "0",
        "collision_adjusted_severity_serious": "1",
        "collision_adjusted_severity_slight": "0",
        "collision_index": "2021131104085",
        "collision_injury_based": "1",
        "collision_ref_no": "131104085",
        "collision_severity": "2",
        "collision_year": 2021,
        "date": "14/10/2021",
        "day_of_week": "5",
        "did_police_officer_attend_scene_of_accident": "1",
        "enhanced_severity_collision": "7",
        "first_road_class": "3",
        "first_road_number": "629",
        "junction_control": "4",
        "junction_detail": "16",
        "junction_detail_historic": "6",
        "latitude": "53.703241",
        "light_conditions": "4",
        "local_authority_district": "-1",
        "local_authority_highway": "E08000033",
        "local_authority_highway_current": "E08000033",
        "local_authority_ons_district": "E08000033",
        "location_easting_osgr": "409754",
        "location_northing_osgr": "422987",
        "longitude": "-1.853729",
        "lsoa_of_accident_location": "E01010993",
        "number_of_casualties": 1,
        "number_of_vehicles": 1,
        "pedestrian_crossing": "0",
        "pedestrian_crossing_human_control_historic": "0",
        "pedestrian_crossing_physical_facilities_historic": "0",
        "police_force": "13",
        "road_surface_conditions": "2",
        "road_type": "6",
        "second_road_class": "6",
        "second_road_number": "0",
        "special_conditions_at_site": "0",
        "speed_limit": 30,
        "time": "22:30",
        "trunk_road_flag": "2",
        "urban_or_rural_area": "1",
        "weather_conditions": "2",
        "geometry_source": "collision_location",
        "source_year": 2021,
        "date_iso": "2021-10-14"
      }
    },
    {
      "type": "Feature",
      "id": "2021131058135",
      "geometry": {
        "type": "Point",
        "coordinates": [
          -1.805625,
          53.689016
        ]
      },
      "properties": {
        "carriageway_hazards": "0",
        "carriageway_hazards_historic": "0",
        "collision_adjusted_severity_serious": "0",
        "collision_adjusted_severity_slight": "1",
        "collision_index": "2021131058135",
        "collision_injury_based": "1",
        "collision_ref_no": "131058135",
        "collision_severity": "3",
        "collision_year": 2021,
        "date": "21/06/2021",
        "day_of_week": "2",
        "did_police_officer_attend_scene_of_accident": "1",
        "enhanced_severity_collision": "3",
        "first_road_class": "6",
        "first_road_number": "0",
        "junction_control": "4",
        "junction_detail": "13",
        "junction_detail_historic": "3",
        "latitude": "53.689016",
        "light_conditions": "1",
        "local_authority_district": "-1",
        "local_authority_highway": "E08000033",
        "local_authority_highway_current": "E08000033",
        "local_authority_ons_district": "E08000033",
        "location_easting_osgr": "412934",
        "location_northing_osgr": "421412",
        "longitude": "-1.805625",
        "lsoa_of_accident_location": "E01010895",
        "number_of_casualties": 1,
        "number_of_vehicles": 2,
        "pedestrian_crossing": "0",
        "pedestrian_crossing_human_control_historic": "0",
        "pedestrian_crossing_physical_facilities_historic": "0",
        "police_force": "13",
        "road_surface_conditions": "1",
        "road_type": "6",
        "second_road_class": "6",
        "second_road_number": "0",
        "special_conditions_at_site": "0",
        "speed_limit": 30,
        "time": "11:40",
        "trunk_road_flag": "2",
        "urban_or_rural_area": "1",
        "weather_conditions": "1",
        "geometry_source": "collision_location",
        "source_year": 2021,
        "date_iso": "2021-06-21"
      }
    },
    {
      "type": "Feature",
      "id": "2021131124338",
      "geometry": {
        "type": "Point",
        "coordinates": [
          -1.902572,
          53.719945
        ]
      },
      "properties": {
        "carriageway_hazards": "0",
        "carriageway_hazards_historic": "0",
        "collision_adjusted_severity_serious": "1",
        "collision_adjusted_severity_slight": "0",
        "collision_index": "2021131124338",
        "collision_injury_based": "1",
        "collision_ref_no": "131124338",
        "collision_severity": "2",
        "collision_year": 2021,
        "date": "19/12/2021",
        "day_of_week": "1",
        "did_police_officer_attend_scene_of_accident": "1",
        "enhanced_severity_collision": "7",
        "first_road_class": "3",
        "first_road_number": "646",
        "junction_control": "4",
        "junction_detail": "13",
        "junction_detail_historic": "3",
        "latitude": "53.719945",
        "light_conditions": "1",
        "local_authority_district": "-1",
        "local_authority_highway": "E08000033",
        "local_authority_highway_current": "E08000033",
        "local_authority_ons_district": "E08000033",
        "location_easting_osgr": "406527",
        "location_northing_osgr": "424840",
        "longitude": "-1.902572",
        "lsoa_of_accident_location": "E01010998",
        "number_of_casualties": 1,
        "number_of_vehicles": 2,
        "pedestrian_crossing": "0",
        "pedestrian_crossing_human_control_historic": "0",
        "pedestrian_crossing_physical_facilities_historic": "0",
        "police_force": "13",
        "road_surface_conditions": "2",
        "road_type": "6",
        "second_road_class": "6",
        "second_road_number": "0",
        "special_conditions_at_site": "0",
        "speed_limit": 30,
        "time": "14:09",
        "trunk_road_flag": "2",
        "urban_or_rural_area": "1",
        "weather_conditions": "7",
        "geometry_source": "collision_location",
        "source_year": 2021,
        "date_iso": "2021-12-19"
      }
    },
    {
      "type": "Feature",
      "id": "2021138331057",
      "geometry": {
        "type": "Point",
        "coordinates": [
          -1.897653,
          53.73008
        ]
      },
      "properties": {
        "carriageway_hazards": "0",
        "carriageway_hazards_historic": "0",
        "collision_adjusted_severity_serious": "0.19924",
        "collision_adjusted_severity_slight": "0.80076",
        "collision_index": "2021138331057",
        "collision_injury_based": "0",
        "collision_ref_no": "138331057",
        "collision_severity": "3",
        "collision_year": 2021,
        "date": "03/03/2021",
        "day_of_week": "4",
        "did_police_officer_attend_scene_of_accident": "1",
        "enhanced_severity_collision": "-1",
        "first_road_class": "6",
        "first_road_number": "0",
        "junction_control": "-1",
        "junction_detail": "0",
        "junction_detail_historic": "0",
        "latitude": "53.73008",
        "light_conditions": "1",
        "local_authority_district": "-1",
        "local_authority_highway": "E08000033",
        "local_authority_highway_current": "E08000033",
        "local_authority_ons_district": "E08000033",
        "location_easting_osgr": "406850",
        "location_northing_osgr": "425968",
        "longitude": "-1.897653",
        "lsoa_of_accident_location": "E01010930",
        "number_of_casualties": 1,
        "number_of_vehicles": 2,
        "pedestrian_crossing": "0",
        "pedestrian_crossing_human_control_historic": "0",
        "pedestrian_crossing_physical_facilities_historic": "0",
        "police_force": "13",
        "road_surface_conditions": "1",
        "road_type": "6",
        "second_road_class": "0",
        "second_road_number": "-1",
        "special_conditions_at_site": "0",
        "speed_limit": 30,
        "time": "16:30",
        "trunk_road_flag": "2",
        "urban_or_rural_area": "1",
        "weather_conditions": "1",
        "geometry_source": "collision_location",
        "source_year": 2021,
        "date_iso": "2021-03-03"
      }
    },
    {
      "type": "Feature",
      "id": "2021131088395",
      "geometry": {
        "type": "Point",
        "coordinates": [
          -1.891514,
          53.71803
        ]
      },
      "properties": {
        "carriageway_hazards": "0",
        "carriageway_hazards_historic": "0",
        "collision_adjusted_severity_serious": "0",
        "collision_adjusted_severity_slight": "1",
        "collision_index": "2021131088395",
        "collision_injury_based": "1",
        "collision_ref_no": "131088395",
        "collision_severity": "3",
        "collision_year": 2021,
        "date": "16/09/2021",
        "day_of_week": "5",
        "did_police_officer_attend_scene_of_accident": "1",
        "enhanced_severity_collision": "3",
        "first_road_class": "6",
        "first_road_number": "0",
        "junction_control": "4",
        "junction_detail": "13",
        "junction_detail_historic": "3",
        "latitude": "53.71803",
        "light_conditions": "1",
        "local_authority_district": "-1",
        "local_authority_highway": "E08000033",
        "local_authority_highway_current": "E08000033",
        "local_authority_ons_district": "E08000033",
        "location_easting_osgr": "407257",
        "location_northing_osgr": "424628",
        "longitude": "-1.891514",
        "lsoa_of_accident_location": "E01011002",
        "number_of_casualties": 1,
        "number_of_vehicles": 2,
        "pedestrian_crossing": "13",
        "pedestrian_crossing_human_control_historic": "0",
        "pedestrian_crossing_physical_facilities_historic": "1",
        "police_force": "13",
        "road_surface_conditions": "1",
        "road_type": "6",
        "second_road_class": "6",
        "second_road_number": "0",
        "special_conditions_at_site": "0",
        "speed_limit": 20,
        "time": "12:20",
        "trunk_road_flag": "2",
        "urban_or_rural_area": "1",
        "weather_conditions": "1",
        "geometry_source": "collision_location",
        "source_year": 2021,
        "date_iso": "2021-09-16"
      }
    },
    {
      "type": "Feature",
      "id": "2021131089054",
      "geometry": {
        "type": "Point",
        "coordinates": [
          -1.935145,
          53.694153
        ]
      },
      "properties": {
        "carriageway_hazards": "17",
        "carriageway_hazards_historic": "2",
        "collision_adjusted_severity_serious": "1",
        "collision_adjusted_severity_slight": "0",
        "collision_index": "2021131089054",
        "collision_injury_based": "1",
        "collision_ref_no": "131089054",
        "collision_severity": "2",
        "collision_year": 2021,
        "date": "18/09/2021",
        "day_of_week": "7",
        "did_police_officer_attend_scene_of_accident": "1",
        "enhanced_severity_collision": "7",
        "first_road_class": "3",
        "first_road_number": "58",
        "junction_control": "-1",
        "junction_detail": "0",
        "junction_detail_historic": "0",
        "latitude": "53.694153",
        "light_conditions": "7",
        "local_authority_district": "-1",
        "local_authority_highway": "E08000033",
        "local_authority_highway_current": "E08000033",
        "local_authority_ons_district": "E08000033",
        "location_easting_osgr": "404380",
        "location_northing_osgr": "421968",
        "longitude": "-1.935145",
        "lsoa_of_accident_location": "E01010956",
        "number_of_casualties": 1,
        "number_of_vehicles": 1,
        "pedestrian_crossing": "0",
        "pedestrian_crossing_human_control_historic": "0",
        "pedestrian_crossing_physical_facilities_historic": "0",
        "police_force": "13",
        "road_surface_conditions": "1",
        "road_type": "6",
        "second_road_class": "0",
        "second_road_number": "-1",
        "special_conditions_at_site": "0",
        "speed_limit": 30,
        "time": "06:15",
        "trunk_road_flag": "2",
        "urban_or_rural_area": "2",
        "weather_conditions": "1",
        "geometry_source": "collision_location",
        "source_year": 2021,
        "date_iso": "2021-09-18"
      }
    },
    {
      "type": "Feature",
      "id": "20211383Q0401",
      "geometry": {
        "type": "Point",
        "coordinates": [
          -1.935072,
          53.672536
        ]
      },
      "properties": {
        "carriageway_hazards": "0",
        "carriageway_hazards_historic": "0",
        "collision_adjusted_severity_serious": "1",
        "collision_adjusted_severity_slight": "0",
        "collision_index": "20211383Q0401",
        "collision_injury_based": "0",
        "collision_ref_no": "1383Q0401",
        "collision_severity": "2",
        "collision_year": 2021,
        "date": "26/03/2021",
        "day_of_week": "6",
        "did_police_officer_attend_scene_of_accident": "1",
        "enhanced_severity_collision": "-1",
        "first_road_class": "4",
        "first_road_number": "6113",
        "junction_control": "-1",
        "junction_detail": "0",
        "junction_detail_historic": "0",
        "latitude": "53.672536",
        "light_conditions": "1",
        "local_authority_district": "-1",
        "local_authority_highway": "E08000033",
        "local_authority_highway_current": "E08000033",
        "local_authority_ons_district": "E08000033",
        "location_easting_osgr": "404387",
        "location_northing_osgr": "419563",
        "longitude": "-1.935072",
        "lsoa_of_accident_location": "E01010952",
        "number_of_casualties": 1,
        "number_of_vehicles": 2,
        "pedestrian_crossing": "0",
        "pedestrian_crossing_human_control_historic": "0",
        "pedestrian_crossing_physical_facilities_historic": "0",
        "police_force": "13",
        "road_surface_conditions": "1",
        "road_type": "6",
        "second_road_class": "0",
        "second_road_number": "-1",
        "special_conditions_at_site": "0",
        "speed_limit": 30,
        "time": "09:30",
        "trunk_road_flag": "2",
        "urban_or_rural_area": "2",
        "weather_conditions": "1",
        "geometry_source": "collision_location",
        "source_year": 2021,
        "date_iso": "2021-03-26"
      }
    },
    {
      "type": "Feature",
      "id": "2021131069759",
      "geometry": {
        "type": "Point",
        "coordinates": [
          -1.860854,
          53.710709
        ]
      },
      "properties": {
        "carriageway_hazards": "0",
        "carriageway_hazards_historic": "0",
        "collision_adjusted_severity_serious": "0",
        "collision_adjusted_severity_slight": "1",
        "collision_index": "2021131069759",
        "collision_injury_based": "1",
        "collision_ref_no": "131069759",
        "collision_severity": "3",
        "collision_year": 2021,
        "date": "24/07/2021",
        "day_of_week": "7",
        "did_police_officer_attend_scene_of_accident": "2",
        "enhanced_severity_collision": "3",
        "first_road_class": "6",
        "first_road_number": "0",
        "junction_control": "-1",
        "junction_detail": "0",
        "junction_detail_historic": "0",
        "latitude": "53.710709",
        "light_conditions": "1",
        "local_authority_district": "-1",
        "local_authority_highway": "E08000033",
        "local_authority_highway_current": "E08000033",
        "local_authority_ons_district": "E08000033",
        "location_easting_osgr": "409282",
        "location_northing_osgr": "423817",
        "longitude": "-1.860854",
        "lsoa_of_accident_location": "E01010968",
        "number_of_casualties": 1,
        "number_of_vehicles": 1,
        "pedestrian_crossing": "0",
        "pedestrian_crossing_human_control_historic": "0",
        "pedestrian_crossing_physical_facilities_historic": "0",
        "police_force": "13",
        "road_surface_conditions": "1",
        "road_type": "6",
        "second_road_class": "0",
        "second_road_number": "-1",
        "special_conditions_at_site": "0",
        "speed_limit": 20,
        "time": "09:00",
        "trunk_road_flag": "2",
        "urban_or_rural_area": "1",
        "weather_conditions": "1",
        "geometry_source": "collision_location",
        "source_year": 2021,
        "date_iso": "2021-07-24"
      }
    },
    {
      "type": "Feature",
      "id": "2021138421703",
      "geometry": {
        "type": "Point",
        "coordinates": [
          -1.863201,
          53.706461
        ]
      },
      "properties": {
        "carriageway_hazards": "0",
        "carriageway_hazards_historic": "0",
        "collision_adjusted_severity_serious": "0.01488",
        "collision_adjusted_severity_slight": "0.98512",
        "collision_index": "2021138421703",
        "collision_injury_based": "0",
        "collision_ref_no": "138421703",
        "collision_severity": "3",
        "collision_year": 2021,
        "date": "02/04/2021",
        "day_of_week": "6",
        "did_police_officer_attend_scene_of_accident": "1",
        "enhanced_severity_collision": "-1",
        "first_road_class": "6",
        "first_road_number": "0",
        "junction_control": "2",
        "junction_detail": "16",
        "junction_detail_historic": "6",
        "latitude": "53.706461",
        "light_conditions": "1",
        "local_authority_district": "-1",
        "local_authority_highway": "E08000033",
        "local_authority_highway_current": "E08000033",
        "local_authority_ons_district": "E08000033",
        "location_easting_osgr": "409128",
        "location_northing_osgr": "423344",
        "longitude": "-1.863201",
        "lsoa_of_accident_location": "E01010972",
        "number_of_casualties": 1,
        "number_of_vehicles": 2,
        "pedestrian_crossing": "0",
        "pedestrian_crossing_human_control_historic": "0",
        "pedestrian_crossing_physical_facilities_historic": "0",
        "police_force": "13",
        "road_surface_conditions": "1",
        "road_type": "6",
        "second_road_class": "3",
        "second_road_number": "646",
        "special_conditions_at_site": "0",
        "speed_limit": 30,
        "time": "19:45",
        "trunk_road_flag": "2",
        "urban_or_rural_area": "1",
        "weather_conditions": "1",
        "geometry_source": "collision_location",
        "source_year": 2021,
        "date_iso": "2021-04-02"
      }
    },
    {
      "type": "Feature",
      "id": "2021131045595",
      "geometry": {
        "type": "Point",
        "coordinates": [
          -1.94257,
          53.645665
        ]
      },
      "properties": {
        "carriageway_hazards": "18",
        "carriageway_hazards_historic": "3",
        "collision_adjusted_severity_serious": "0",
        "collision_adjusted_severity_slight": "1",
        "collision_index": "2021131045595",
        "collision_injury_based": "1",
        "collision_ref_no": "131045595",
        "collision_severity": "3",
        "collision_year": 2021,
        "date": "14/05/2021",
        "day_of_week": "6",
        "did_police_officer_attend_scene_of_accident": "2",
        "enhanced_severity_collision": "3",
        "first_road_class": "1",
        "first_road_number": "62",
        "junction_control": "-1",
        "junction_detail": "0",
        "junction_detail_historic": "0",
        "latitude": "53.645665",
        "light_conditions": "1",
        "local_authority_district": "-1",
        "local_authority_highway": "E08000033",
        "local_authority_highway_current": "E08000033",
        "local_authority_ons_district": "E08000033",
        "location_easting_osgr": "403894",
        "location_northing_osgr": "416573",
        "longitude": "-1.94257",
        "lsoa_of_accident_location": "E01010955",
        "number_of_casualties": 1,
        "number_of_vehicles": 2,
        "pedestrian_crossing": "0",
        "pedestrian_crossing_human_control_historic": "0",
        "pedestrian_crossing_physical_facilities_historic": "0",
        "police_force": "13",
        "road_surface_conditions": "1",
        "road_type": "9",
        "second_road_class": "0",
        "second_road_number": "-1",
        "special_conditions_at_site": "0",
        "speed_limit": 70,
        "time": "14:30",
        "trunk_road_flag": "1",
        "urban_or_rural_area": "2",
        "weather_conditions": "1",
        "geometry_source": "collision_location",
        "source_year": 2021,
        "date_iso": "2021-05-14"
      }
    },
    {
      "type": "Feature",
      "id": "2021131040984",
      "geometry": {
        "type": "Point",
        "coordinates": [
          -2.014169,
          53.73911
        ]
      },
      "properties": {
        "carriageway_hazards": "0",
        "carriageway_hazards_historic": "0",
        "collision_adjusted_severity_serious": "1",
        "collision_adjusted_severity_slight": "0",
        "collision_index": "2021131040984",
        "collision_injury_based": "1",
        "collision_ref_no": "131040984",
        "collision_severity": "2",
        "collision_year": 2021,
        "date": "30/04/2021",
        "day_of_week": "6",
        "did_police_officer_attend_scene_of_accident": "1",
        "enhanced_severity_collision": "7",
        "first_road_class": "6",
        "first_road_number": "0",
        "junction_control": "4",
        "junction_detail": "13",
        "junction_detail_historic": "3",
        "latitude": "53.73911",
        "light_conditions": "1",
        "local_authority_district": "-1",
        "local_authority_highway": "E08000033",
        "local_authority_highway_current": "E08000033",
        "local_authority_ons_district": "E08000033",
        "location_easting_osgr": "399163",
        "location_northing_osgr": "426968",
        "longitude": "-2.014169",
        "lsoa_of_accident_location": "E01010923",
        "number_of_casualties": 1,
        "number_of_vehicles": 1,
        "pedestrian_crossing": "0",
        "pedestrian_crossing_human_control_historic": "0",
        "pedestrian_crossing_physical_facilities_historic": "0",
        "police_force": "13",
        "road_surface_conditions": "2",
        "road_type": "6",
        "second_road_class": "6",
        "second_road_number": "0",
        "special_conditions_at_site": "0",
        "speed_limit": 30,
        "time": "16:22",
        "trunk_road_flag": "2",
        "urban_or_rural_area": "2",
        "weather_conditions": "2",
        "geometry_source": "collision_location",
        "source_year": 2021,
        "date_iso": "2021-04-30"
      }
    },
    {
      "type": "Feature",
      "id": "2021131101308",
      "geometry": {
        "type": "Point",
        "coordinates": [
          -2.084983,
          53.716296
        ]
      },
      "properties": {
        "carriageway_hazards": "0",
        "carriageway_hazards_historic": "0",
        "collision_adjusted_severity_serious": "0",
        "collision_adjusted_severity_slight": "1",
        "collision_index": "2021131101308",
        "collision_injury_based": "1",
        "collision_ref_no": "131101308",
        "collision_severity": "3",
        "collision_year": 2021,
        "date": "21/10/2021",
        "day_of_week": "5",
        "did_police_officer_attend_scene_of_accident": "1",
        "enhanced_severity_collision": "3",
        "first_road_class": "3",
        "first_road_number": "646",
        "junction_control": "4",
        "junction_detail": "13",
        "junction_detail_historic": "3",
        "latitude": "53.716296",
        "light_conditions": "1",
        "local_authority_district": "-1",
        "local_authority_highway": "E08000033",
        "local_authority_highway_current": "E08000033",
        "local_authority_ons_district": "E08000033",
        "location_easting_osgr": "394489",
        "location_northing_osgr": "424433",
        "longitude": "-2.084983",
        "lsoa_of_accident_location": "E01010884",
        "number_of_casualties": 1,
        "number_of_vehicles": 2,
        "pedestrian_crossing": "0",
        "pedestrian_crossing_human_control_historic": "0",
        "pedestrian_crossing_physical_facilities_historic": "0",
        "police_force": "13",
        "road_surface_conditions": "1",
        "road_type": "6",
        "second_road_class": "6",
        "second_road_number": "0",
        "special_conditions_at_site": "0",
        "speed_limit": 30,
        "time": "17:47",
        "trunk_road_flag": "2",
        "urban_or_rural_area": "1",
        "weather_conditions": "8",
        "geometry_source": "collision_location",
        "source_year": 2021,
        "date_iso": "2021-10-21"
      }
    },
    {
      "type": "Feature",
      "id": "2021131117263",
      "geometry": {
        "type": "Point",
        "coordinates": [
          -1.779221,
          53.702543
        ]
      },
      "properties": {
        "carriageway_hazards": "0",
        "carriageway_hazards_historic": "0",
        "collision_adjusted_severity_serious": "0",
        "collision_adjusted_severity_slight": "1",
        "collision_index": "2021131117263",
        "collision_injury_based": "1",
        "collision_ref_no": "131117263",
        "collision_severity": "3",
        "collision_year": 2021,
        "date": "02/12/2021",
        "day_of_week": "5",
        "did_police_officer_attend_scene_of_accident": "1",
        "enhanced_severity_collision": "3",
        "first_road_class": "6",
        "first_road_number": "0",
        "junction_control": "4",
        "junction_detail": "19",
        "junction_detail_historic": "9",
        "latitude": "53.702543",
        "light_conditions": "1",
        "local_authority_district": "-1",
        "local_authority_highway": "E08000033",
        "local_authority_highway_current": "E08000033",
        "local_authority_ons_district": "E08000033",
        "location_easting_osgr": "414673",
        "location_northing_osgr": "422922",
        "longitude": "-1.779221",
        "lsoa_of_accident_location": "E01010949",
        "number_of_casualties": 1,
        "number_of_vehicles": 1,
        "pedestrian_crossing": "13",
        "pedestrian_crossing_human_control_historic": "0",
        "pedestrian_crossing_physical_facilities_historic": "1",
        "police_force": "13",
        "road_surface_conditions": "1",
        "road_type": "2",
        "second_road_class": "6",
        "second_road_number": "0",
        "special_conditions_at_site": "0",
        "speed_limit": 30,
        "time": "11:02",
        "trunk_road_flag": "2",
        "urban_or_rural_area": "1",
        "weather_conditions": "1",
        "geometry_source": "collision_location",
        "source_year": 2021,
        "date_iso": "2021-12-02"
      }
    },
    {
      "type": "Feature",
      "id": "2021131126199",
      "geometry": {
        "type": "Point",
        "coordinates": [
          -1.857135,
          53.717392
        ]
      },
      "properties": {
        "carriageway_hazards": "0",
        "carriageway_hazards_historic": "0",
        "collision_adjusted_severity_serious": "0",
        "collision_adjusted_severity_slight": "1",
        "collision_index": "2021131126199",
        "collision_injury_based": "1",
        "collision_ref_no": "131126199",
        "collision_severity": "3",
        "collision_year": 2021,
        "date": "24/12/2021",
        "day_of_week": "6",
        "did_police_officer_attend_scene_of_accident": "2",
        "enhanced_severity_collision": "3",
        "first_road_class": "6",
        "first_road_number": "0",
        "junction_control": "4",
        "junction_detail": "0",
        "junction_detail_historic": "2",
        "latitude": "53.717392",
        "light_conditions": "4",
        "local_authority_district": "-1",
        "local_authority_highway": "E08000033",
        "local_authority_highway_current": "E08000033",
        "local_authority_ons_district": "E08000033",
        "location_easting_osgr": "409526",
        "location_northing_osgr": "424561",
        "longitude": "-1.857135",
        "lsoa_of_accident_location": "E01010989",
        "number_of_casualties": 1,
        "number_of_vehicles": 1,
        "pedestrian_crossing": "0",
        "pedestrian_crossing_human_control_historic": "0",
        "pedestrian_crossing_physical_facilities_historic": "0",
        "police_force": "13",
        "road_surface_conditions": "2",
        "road_type": "1",
        "second_road_class": "6",
        "second_road_number": "0",
        "special_conditions_at_site": "0",
        "speed_limit": 30,
        "time": "07:07",
        "trunk_road_flag": "2",
        "urban_or_rural_area": "1",
        "weather_conditions": "2",
        "geometry_source": "collision_location",
        "source_year": 2021,
        "date_iso": "2021-12-24"
      }
    },
    {
      "type": "Feature",
      "id": "2021131078322",
      "geometry": {
        "type": "Point",
        "coordinates": [
          -1.828024,
          53.673006
        ]
      },
      "properties": {
        "carriageway_hazards": "0",
        "carriageway_hazards_historic": "0",
        "collision_adjusted_severity_serious": "0",
        "collision_adjusted_severity_slight": "1",
        "collision_index": "2021131078322",
        "collision_injury_based": "1",
        "collision_ref_no": "131078322",
        "collision_severity": "3",
        "collision_year": 2021,
        "date": "18/08/2021",
        "day_of_week": "4",
        "did_police_officer_attend_scene_of_accident": "2",
        "enhanced_severity_collision": "3",
        "first_road_class": "1",
        "first_road_number": "62",
        "junction_control": "-1",
        "junction_detail": "0",
        "junction_detail_historic": "0",
        "latitude": "53.673006",
        "light_conditions": "1",
        "local_authority_district": "-1",
        "local_authority_highway": "E08000033",
        "local_authority_highway_current": "E08000033",
        "local_authority_ons_district": "E08000033",
        "location_easting_osgr": "411459",
        "location_northing_osgr": "419627",
        "longitude": "-1.828024",
        "lsoa_of_accident_location": "E01010901",
        "number_of_casualties": 2,
        "number_of_vehicles": 2,
        "pedestrian_crossing": "0",
        "pedestrian_crossing_human_control_historic": "0",
        "pedestrian_crossing_physical_facilities_historic": "0",
        "police_force": "13",
        "road_surface_conditions": "2",
        "road_type": "3",
        "second_road_class": "0",
        "second_road_number": "-1",
        "special_conditions_at_site": "0",
        "speed_limit": 70,
        "time": "12:00",
        "trunk_road_flag": "1",
        "urban_or_rural_area": "1",
        "weather_conditions": "2",
        "geometry_source": "collision_location",
        "source_year": 2021,
        "date_iso": "2021-08-18"
      }
    },
    {
      "type": "Feature",
      "id": "20211382I0337",
      "geometry": {
        "type": "Point",
        "coordinates": [
          -2.020687,
          53.678188
        ]
      },
      "properties": {
        "carriageway_hazards": "0",
        "carriageway_hazards_historic": "0",
        "collision_adjusted_severity_serious": "0.03068",
        "collision_adjusted_severity_slight": "0.96932",
        "collision_index": "20211382I0337",
        "collision_injury_based": "0",
        "collision_ref_no": "1382I0337",
        "collision_severity": "3",
        "collision_year": 2021,
        "date": "17/02/2021",
        "day_of_week": "4",
        "did_police_officer_attend_scene_of_accident": "2",
        "enhanced_severity_collision": "-1",
        "first_road_class": "4",
        "first_road_number": "6138",
        "junction_control": "-1",
        "junction_detail": "0",
        "junction_detail_historic": "0",
        "latitude": "53.678188",
        "light_conditions": "1",
        "local_authority_district": "-1",
        "local_authority_highway": "E08000033",
        "local_authority_highway_current": "E08000033",
        "local_authority_ons_district": "E08000033",
        "location_easting_osgr": "398731",
        "location_northing_osgr": "420190",
        "longitude": "-2.020687",
        "lsoa_of_accident_location": "E01010918",
        "number_of_casualties": 1,
        "number_of_vehicles": 2,
        "pedestrian_crossing": "0",
        "pedestrian_crossing_human_control_historic": "0",
        "pedestrian_crossing_physical_facilities_historic": "0",
        "police_force": "13",
        "road_surface_conditions": "2",
        "road_type": "3",
        "second_road_class": "0",
        "second_road_number": "-1",
        "special_conditions_at_site": "0",
        "speed_limit": 50,
        "time": "07:51",
        "trunk_road_flag": "2",
        "urban_or_rural_area": "2",
        "weather_conditions": "2",
        "geometry_source": "collision_location",
        "source_year": 2021,
        "date_iso": "2021-02-17"
      }
    },
    {
      "type": "Feature",
      "id": "2021131061592",
      "geometry": {
        "type": "Point",
        "coordinates": [
          -2.009864,
          53.740144
        ]
      },
      "properties": {
        "carriageway_hazards": "0",
        "carriageway_hazards_historic": "0",
        "collision_adjusted_severity_serious": "1",
        "collision_adjusted_severity_slight": "0",
        "collision_index": "2021131061592",
        "collision_injury_based": "1",
        "collision_ref_no": "131061592",
        "collision_severity": "2",
        "collision_year": 2021,
        "date": "30/06/2021",
        "day_of_week": "4",
        "did_police_officer_attend_scene_of_accident": "1",
        "enhanced_severity_collision": "7",
        "first_road_class": "3",
        "first_road_number": "646",
        "junction_control": "4",
        "junction_detail": "13",
        "junction_detail_historic": "3",
        "latitude": "53.740144",
        "light_conditions": "1",
        "local_authority_district": "-1",
        "local_authority_highway": "E08000033",
        "local_authority_highway_current": "E08000033",
        "local_authority_ons_district": "E08000033",
        "location_easting_osgr": "399447",
        "location_northing_osgr": "427083",
        "longitude": "-2.009864",
        "lsoa_of_accident_location": "E01010923",
        "number_of_casualties": 1,
        "number_of_vehicles": 1,
        "pedestrian_crossing": "0",
        "pedestrian_crossing_human_control_historic": "0",
        "pedestrian_crossing_physical_facilities_historic": "0",
        "police_force": "13",
        "road_surface_conditions": "1",
        "road_type": "6",
        "second_road_class": "3",
        "second_road_number": "6033",
        "special_conditions_at_site": "0",
        "speed_limit": 20,
        "time": "15:24",
        "trunk_road_flag": "2",
        "urban_or_rural_area": "2",
        "weather_conditions": "1",
        "geometry_source": "collision_location",
        "source_year": 2021,
        "date_iso": "2021-06-30"
      }
    },
    {
      "type": "Feature",
      "id": "2021131077462",
      "geometry": {
        "type": "Point",
        "coordinates": [
          -1.880945,
          53.715333
        ]
      },
      "properties": {
        "carriageway_hazards": "0",
        "carriageway_hazards_historic": "0",
        "collision_adjusted_severity_serious": "1",
        "collision_adjusted_severity_slight": "0",
        "collision_index": "2021131077462",
        "collision_injury_based": "1",
        "collision_ref_no": "131077462",
        "collision_severity": "2",
        "collision_year": 2021,
        "date": "15/08/2021",
        "day_of_week": "1",
        "did_police_officer_attend_scene_of_accident": "1",
        "enhanced_severity_collision": "7",
        "first_road_class": "6",
        "first_road_number": "0",
        "junction_control": "-1",
        "junction_detail": "0",
        "junction_detail_historic": "0",
        "latitude": "53.715333",
        "light_conditions": "1",
        "local_authority_district": "-1",
        "local_authority_highway": "E08000033",
        "local_authority_highway_current": "E08000033",
        "local_authority_ons_district": "E08000033",
        "location_easting_osgr": "407955",
        "location_northing_osgr": "424329",
        "longitude": "-1.880945",
        "lsoa_of_accident_location": "E01010974",
        "number_of_casualties": 1,
        "number_of_vehicles": 2,
        "pedestrian_crossing": "13",
        "pedestrian_crossing_human_control_historic": "0",
        "pedestrian_crossing_physical_facilities_historic": "1",
        "police_force": "13",
        "road_surface_conditions": "1",
        "road_type": "6",
        "second_road_class": "0",
        "second_road_number": "-1",
        "special_conditions_at_site": "0",
        "speed_limit": 20,
        "time": "19:10",
        "trunk_road_flag": "2",
        "urban_or_rural_area": "1",
        "weather_conditions": "1",
        "geometry_source": "collision_location",
        "source_year": 2021,
        "date_iso": "2021-08-15"
      }
    },
    {
      "type": "Feature",
      "id": "2021131089727",
      "geometry": {
        "type": "Point",
        "coordinates": [
          -1.751009,
          53.69616
        ]
      },
      "properties": {
        "carriageway_hazards": "0",
        "carriageway_hazards_historic": "0",
        "collision_adjusted_severity_serious": "0",
        "collision_adjusted_severity_slight": "1",
        "collision_index": "2021131089727",
        "collision_injury_based": "1",
        "collision_ref_no": "131089727",
        "collision_severity": "3",
        "collision_year": 2021,
        "date": "20/09/2021",
        "day_of_week": "2",
        "did_police_officer_attend_scene_of_accident": "1",
        "enhanced_severity_collision": "3",
        "first_road_class": "1",
        "first_road_number": "62",
        "junction_control": "-1",
        "junction_detail": "0",
        "junction_detail_historic": "0",
        "latitude": "53.69616",
        "light_conditions": "1",
        "local_authority_district": "-1",
        "local_authority_highway": "E08000033",
        "local_authority_highway_current": "E08000033",
        "local_authority_ons_district": "E08000033",
        "location_easting_osgr": "416538",
        "location_northing_osgr": "422218",
        "longitude": "-1.751009",
        "lsoa_of_accident_location": "E01010879",
        "number_of_casualties": 1,
        "number_of_vehicles": 2,
        "pedestrian_crossing": "0",
        "pedestrian_crossing_human_control_historic": "0",
        "pedestrian_crossing_physical_facilities_historic": "0",
        "police_force": "13",
        "road_surface_conditions": "1",
        "road_type": "3",
        "second_road_class": "0",
        "second_road_number": "-1",
        "special_conditions_at_site": "0",
        "speed_limit": 70,
        "time": "17:25",
        "trunk_road_flag": "1",
        "urban_or_rural_area": "2",
        "weather_conditions": "1",
        "geometry_source": "collision_location",
        "source_year": 2021,
        "date_iso": "2021-09-20"
      }
    },
    {
      "type": "Feature",
      "id": "2021131108509",
      "geometry": {
        "type": "Point",
        "coordinates": [
          -1.838412,
          53.684094
        ]
      },
      "properties": {
        "carriageway_hazards": "0",
        "carriageway_hazards_historic": "0",
        "collision_adjusted_severity_serious": "0",
        "collision_adjusted_severity_slight": "1",
        "collision_index": "2021131108509",
        "collision_injury_based": "1",
        "collision_ref_no": "131108509",
        "collision_severity": "3",
        "collision_year": 2021,
        "date": "10/11/2021",
        "day_of_week": "4",
        "did_police_officer_attend_scene_of_accident": "2",
        "enhanced_severity_collision": "3",
        "first_road_class": "6",
        "first_road_number": "0",
        "junction_control": "-1",
        "junction_detail": "0",
        "junction_detail_historic": "0",
        "latitude": "53.684094",
        "light_conditions": "5",
        "local_authority_district": "-1",
        "local_authority_highway": "E08000033",
        "local_authority_highway_current": "E08000033",
        "local_authority_ons_district": "E08000033",
        "location_easting_osgr": "410770",
        "location_northing_osgr": "420859",
        "longitude": "-1.838412",
        "lsoa_of_accident_location": "E01010889",
        "number_of_casualties": 1,
        "number_of_vehicles": 1,
        "pedestrian_crossing": "13",
        "pedestrian_crossing_human_control_historic": "0",
        "pedestrian_crossing_physical_facilities_historic": "1",
        "police_force": "13",
        "road_surface_conditions": "1",
        "road_type": "6",
        "second_road_class": "0",
        "second_road_number": "-1",
        "special_conditions_at_site": "0",
        "speed_limit": 30,
        "time": "08:32",
        "trunk_road_flag": "2",
        "urban_or_rural_area": "1",
        "weather_conditions": "1",
        "geometry_source": "collision_location",
        "source_year": 2021,
        "date_iso": "2021-11-10"
      }
    },
    {
      "type": "Feature",
      "id": "20211381K0657",
      "geometry": {
        "type": "Point",
        "coordinates": [
          -1.862838,
          53.720104
        ]
      },
      "properties": {
        "carriageway_hazards": "0",
        "carriageway_hazards_historic": "0",
        "collision_adjusted_severity_serious": "0.07318",
        "collision_adjusted_severity_slight": "0.92682",
        "collision_index": "20211381K0657",
        "collision_injury_based": "0",
        "collision_ref_no": "1381K0657",
        "collision_severity": "3",
        "collision_year": 2021,
        "date": "20/01/2021",
        "day_of_week": "4",
        "did_police_officer_attend_scene_of_accident": "2",
        "enhanced_severity_collision": "-1",
        "first_road_class": "6",
        "first_road_number": "0",
        "junction_control": "4",
        "junction_detail": "13",
        "junction_detail_historic": "3",
        "latitude": "53.720104",
        "light_conditions": "1",
        "local_authority_district": "-1",
        "local_authority_highway": "E08000033",
        "local_authority_highway_current": "E08000033",
        "local_authority_ons_district": "E08000033",
        "location_easting_osgr": "409149",
        "location_northing_osgr": "424862",
        "longitude": "-1.862838",
        "lsoa_of_accident_location": "E01010994",
        "number_of_casualties": 1,
        "number_of_vehicles": 1,
        "pedestrian_crossing": "0",
        "pedestrian_crossing_human_control_historic": "0",
        "pedestrian_crossing_physical_facilities_historic": "0",
        "police_force": "13",
        "road_surface_conditions": "2",
        "road_type": "6",
        "second_road_class": "6",
        "second_road_number": "0",
        "special_conditions_at_site": "0",
        "speed_limit": 20,
        "time": "08:30",
        "trunk_road_flag": "2",
        "urban_or_rural_area": "1",
        "weather_conditions": "2",
        "geometry_source": "collision_location",
        "source_year": 2021,
        "date_iso": "2021-01-20"
      }
    },
    {
      "type": "Feature",
      "id": "2021131086758",
      "geometry": {
        "type": "Point",
        "coordinates": [
          -1.880628,
          53.736706
        ]
      },
      "properties": {
        "carriageway_hazards": "0",
        "carriageway_hazards_historic": "0",
        "collision_adjusted_severity_serious": "1",
        "collision_adjusted_severity_slight": "0",
        "collision_index": "2021131086758",
        "collision_injury_based": "1",
        "collision_ref_no": "131086758",
        "collision_severity": "2",
        "collision_year": 2021,
        "date": "11/09/2021",
        "day_of_week": "7",
        "did_police_officer_attend_scene_of_accident": "1",
        "enhanced_severity_collision": "5",
        "first_road_class": "6",
        "first_road_number": "0",
        "junction_control": "4",
        "junction_detail": "19",
        "junction_detail_historic": "9",
        "latitude": "53.736706",
        "light_conditions": "1",
        "local_authority_district": "-1",
        "local_authority_highway": "E08000033",
        "local_authority_highway_current": "E08000033",
        "local_authority_ons_district": "E08000033",
        "location_easting_osgr": "407972",
        "location_northing_osgr": "426707",
        "longitude": "-1.880628",
        "lsoa_of_accident_location": "E01010938",
        "number_of_casualties": 1,
        "number_of_vehicles": 2,
        "pedestrian_crossing": "0",
        "pedestrian_crossing_human_control_historic": "0",
        "pedestrian_crossing_physical_facilities_historic": "0",
        "police_force": "13",
        "road_surface_conditions": "1",
        "road_type": "3",
        "second_road_class": "6",
        "second_road_number": "0",
        "special_conditions_at_site": "0",
        "speed_limit": 20,
        "time": "13:35",
        "trunk_road_flag": "2",
        "urban_or_rural_area": "1",
        "weather_conditions": "1",
        "geometry_source": "collision_location",
        "source_year": 2021,
        "date_iso": "2021-09-11"
      }
    },
    {
      "type": "Feature",
      "id": "2021131047351",
      "geometry": {
        "type": "Point",
        "coordinates": [
          -1.941351,
          53.674742
        ]
      },
      "properties": {
        "carriageway_hazards": "0",
        "carriageway_hazards_historic": "0",
        "collision_adjusted_severity_serious": "0",
        "collision_adjusted_severity_slight": "1",
        "collision_index": "2021131047351",
        "collision_injury_based": "1",
        "collision_ref_no": "131047351",
        "collision_severity": "3",
        "collision_year": 2021,
        "date": "20/05/2021",
        "day_of_week": "5",
        "did_police_officer_attend_scene_of_accident": "1",
        "enhanced_severity_collision": "3",
        "first_road_class": "3",
        "first_road_number": "58",
        "junction_control": "4",
        "junction_detail": "19",
        "junction_detail_historic": "9",
        "latitude": "53.674742",
        "light_conditions": "1",
        "local_authority_district": "-1",
        "local_authority_highway": "E08000033",
        "local_authority_highway_current": "E08000033",
        "local_authority_ons_district": "E08000033",
        "location_easting_osgr": "403972",
        "location_northing_osgr": "419808",
        "longitude": "-1.941351",
        "lsoa_of_accident_location": "E01010952",
        "number_of_casualties": 1,
        "number_of_vehicles": 2,
        "pedestrian_crossing": "0",
        "pedestrian_crossing_human_control_historic": "0",
        "pedestrian_crossing_physical_facilities_historic": "0",
        "police_force": "13",
        "road_surface_conditions": "2",
        "road_type": "3",
        "second_road_class": "4",
        "second_road_number": "6113",
        "special_conditions_at_site": "0",
        "speed_limit": 30,
        "time": "14:57",
        "trunk_road_flag": "2",
        "urban_or_rural_area": "2",
        "weather_conditions": "1",
        "geometry_source": "collision_location",
        "source_year": 2021,
        "date_iso": "2021-05-20"
      }
    },
    {
      "type": "Feature",
      "id": "2021131067101",
      "geometry": {
        "type": "Point",
        "coordinates": [
          -1.934663,
          53.682423
        ]
      },
      "properties": {
        "carriageway_hazards": "0",
        "carriageway_hazards_historic": "0",
        "collision_adjusted_severity_serious": "1",
        "collision_adjusted_severity_slight": "0",
        "collision_index": "2021131067101",
        "collision_injury_based": "1",
        "collision_ref_no": "131067101",
        "collision_severity": "2",
        "collision_year": 2021,
        "date": "16/07/2021",
        "day_of_week": "6",
        "did_police_officer_attend_scene_of_accident": "1",
        "enhanced_severity_collision": "5",
        "first_road_class": "3",
        "first_road_number": "58",
        "junction_control": "-1",
        "junction_detail": "0",
        "junction_detail_historic": "0",
        "latitude": "53.682423",
        "light_conditions": "1",
        "local_authority_district": "-1",
        "local_authority_highway": "E08000033",
        "local_authority_highway_current": "E08000033",
        "local_authority_ons_district": "E08000033",
        "location_easting_osgr": "404413",
        "location_northing_osgr": "420663",
        "longitude": "-1.934663",
        "lsoa_of_accident_location": "E01010957",
        "number_of_casualties": 5,
        "number_of_vehicles": 4,
        "pedestrian_crossing": "17",
        "pedestrian_crossing_human_control_historic": "0",
        "pedestrian_crossing_physical_facilities_historic": "8",
        "police_force": "13",
        "road_surface_conditions": "1",
        "road_type": "6",
        "second_road_class": "0",
        "second_road_number": "-1",
        "special_conditions_at_site": "0",
        "speed_limit": 40,
        "time": "18:02",
        "trunk_road_flag": "2",
        "urban_or_rural_area": "2",
        "weather_conditions": "1",
        "geometry_source": "collision_location",
        "source_year": 2021,
        "date_iso": "2021-07-16"
      }
    },
    {
      "type": "Feature",
      "id": "2021131072415",
      "geometry": {
        "type": "Point",
        "coordinates": [
          -1.745467,
          53.711096
        ]
      },
      "properties": {
        "carriageway_hazards": "0",
        "carriageway_hazards_historic": "0",
        "collision_adjusted_severity_serious": "0",
        "collision_adjusted_severity_slight": "1",
        "collision_index": "2021131072415",
        "collision_injury_based": "1",
        "collision_ref_no": "131072415",
        "collision_severity": "3",
        "collision_year": 2021,
        "date": "01/08/2021",
        "day_of_week": "1",
        "did_police_officer_attend_scene_of_accident": "1",
        "enhanced_severity_collision": "3",
        "first_road_class": "6",
        "first_road_number": "0",
        "junction_control": "-1",
        "junction_detail": "0",
        "junction_detail_historic": "0",
        "latitude": "53.711096",
        "light_conditions": "1",
        "local_authority_district": "-1",
        "local_authority_highway": "E08000033",
        "local_authority_highway_current": "E08000033",
        "local_authority_ons_district": "E08000033",
        "location_easting_osgr": "416898",
        "location_northing_osgr": "423881",
        "longitude": "-1.745467",
        "lsoa_of_accident_location": "E01010879",
        "number_of_casualties": 4,
        "number_of_vehicles": 2,
        "pedestrian_crossing": "0",
        "pedestrian_crossing_human_control_historic": "0",
        "pedestrian_crossing_physical_facilities_historic": "0",
        "police_force": "13",
        "road_surface_conditions": "1",
        "road_type": "7",
        "second_road_class": "0",
        "second_road_number": "-1",
        "special_conditions_at_site": "0",
        "speed_limit": 70,
        "time": "19:25",
        "trunk_road_flag": "2",
        "urban_or_rural_area": "2",
        "weather_conditions": "1",
        "geometry_source": "collision_location",
        "source_year": 2021,
        "date_iso": "2021-08-01"
      }
    },
    {
      "type": "Feature",
      "id": "2021131109002",
      "geometry": {
        "type": "Point",
        "coordinates": [
          -2.087785,
          53.715485
        ]
      },
      "properties": {
        "carriageway_hazards": "0",
        "carriageway_hazards_historic": "0",
        "collision_adjusted_severity_serious": "0",
        "collision_adjusted_severity_slight": "1",
        "collision_index": "2021131109002",
        "collision_injury_based": "1",
        "collision_ref_no": "131109002",
        "collision_severity": "3",
        "collision_year": 2021,
        "date": "11/11/2021",
        "day_of_week": "5",
        "did_police_officer_attend_scene_of_accident": "2",
        "enhanced_severity_collision": "3",
        "first_road_class": "3",
        "first_road_number": "646",
        "junction_control": "4",
        "junction_detail": "13",
        "junction_detail_historic": "3",
        "latitude": "53.715485",
        "light_conditions": "4",
        "local_authority_district": "-1",
        "local_authority_highway": "E08000033",
        "local_authority_highway_current": "E08000033",
        "local_authority_ons_district": "E08000033",
        "location_easting_osgr": "394304",
        "location_northing_osgr": "424343",
        "longitude": "-2.087785",
        "lsoa_of_accident_location": "E01010884",
        "number_of_casualties": 1,
        "number_of_vehicles": 2,
        "pedestrian_crossing": "0",
        "pedestrian_crossing_human_control_historic": "0",
        "pedestrian_crossing_physical_facilities_historic": "0",
        "police_force": "13",
        "road_surface_conditions": "1",
        "road_type": "6",
        "second_road_class": "6",
        "second_road_number": "0",
        "special_conditions_at_site": "0",
        "speed_limit": 30,
        "time": "16:30",
        "trunk_road_flag": "2",
        "urban_or_rural_area": "1",
        "weather_conditions": "1",
        "geometry_source": "collision_location",
        "source_year": 2021,
        "date_iso": "2021-11-11"
      }
    },
    {
      "type": "Feature",
      "id": "2021131085677",
      "geometry": {
        "type": "Point",
        "coordinates": [
          -2.006716,
          53.6884
        ]
      },
      "properties": {
        "carriageway_hazards": "0",
        "carriageway_hazards_historic": "0",
        "collision_adjusted_severity_serious": "0",
        "collision_adjusted_severity_slight": "1",
        "collision_index": "2021131085677",
        "collision_injury_based": "1",
        "collision_ref_no": "131085677",
        "collision_severity": "3",
        "collision_year": 2021,
        "date": "07/09/2021",
        "day_of_week": "3",
        "did_police_officer_attend_scene_of_accident": "2",
        "enhanced_severity_collision": "3",
        "first_road_class": "4",
        "first_road_number": "6138",
        "junction_control": "-1",
        "junction_detail": "0",
        "junction_detail_historic": "0",
        "latitude": "53.6884",
        "light_conditions": "1",
        "local_authority_district": "-1",
        "local_authority_highway": "E08000033",
        "local_authority_highway_current": "E08000033",
        "local_authority_ons_district": "E08000033",
        "location_easting_osgr": "399654",
        "location_northing_osgr": "421326",
        "longitude": "-2.006716",
        "lsoa_of_accident_location": "E01010918",
        "number_of_casualties": 1,
        "number_of_vehicles": 2,
        "pedestrian_crossing": "0",
        "pedestrian_crossing_human_control_historic": "0",
        "pedestrian_crossing_physical_facilities_historic": "0",
        "police_force": "13",
        "road_surface_conditions": "1",
        "road_type": "6",
        "second_road_class": "0",
        "second_road_number": "-1",
        "special_conditions_at_site": "0",
        "speed_limit": 30,
        "time": "13:40",
        "trunk_road_flag": "2",
        "urban_or_rural_area": "2",
        "weather_conditions": "1",
        "geometry_source": "collision_location",
        "source_year": 2021,
        "date_iso": "2021-09-07"
      }
    },
    {
      "type": "Feature",
      "id": "2021131115620",
      "geometry": {
        "type": "Point",
        "coordinates": [
          -1.743305,
          53.702876
        ]
      },
      "properties": {
        "carriageway_hazards": "14",
        "carriageway_hazards_historic": "0",
        "collision_adjusted_severity_serious": "0",
        "collision_adjusted_severity_slight": "1",
        "collision_index": "2021131115620",
        "collision_injury_based": "1",
        "collision_ref_no": "131115620",
        "collision_severity": "3",
        "collision_year": 2021,
        "date": "27/11/2021",
        "day_of_week": "7",
        "did_police_officer_attend_scene_of_accident": "2",
        "enhanced_severity_collision": "3",
        "first_road_class": "1",
        "first_road_number": "62",
        "junction_control": "-1",
        "junction_detail": "0",
        "junction_detail_historic": "0",
        "latitude": "53.702876",
        "light_conditions": "1",
        "local_authority_district": "-1",
        "local_authority_highway": "E08000033",
        "local_authority_highway_current": "E08000033",
        "local_authority_ons_district": "E08000033",
        "location_easting_osgr": "417044",
        "location_northing_osgr": "422967",
        "longitude": "-1.743305",
        "lsoa_of_accident_location": "E01010879",
        "number_of_casualties": 1,
        "number_of_vehicles": 1,
        "pedestrian_crossing": "0",
        "pedestrian_crossing_human_control_historic": "0",
        "pedestrian_crossing_physical_facilities_historic": "0",
        "police_force": "13",
        "road_surface_conditions": "2",
        "road_type": "3",
        "second_road_class": "0",
        "second_road_number": "-1",
        "special_conditions_at_site": "6",
        "speed_limit": 70,
        "time": "12:20",
        "trunk_road_flag": "1",
        "urban_or_rural_area": "2",
        "weather_conditions": "9",
        "geometry_source": "collision_location",
        "source_year": 2021,
        "date_iso": "2021-11-27"
      }
    },
    {
      "type": "Feature",
      "id": "20211381K1252",
      "geometry": {
        "type": "Point",
        "coordinates": [
          -1.852826,
          53.727732
        ]
      },
      "properties": {
        "carriageway_hazards": "0",
        "carriageway_hazards_historic": "0",
        "collision_adjusted_severity_serious": "0.09587",
        "collision_adjusted_severity_slight": "0.90413",
        "collision_index": "20211381K1252",
        "collision_injury_based": "0",
        "collision_ref_no": "1381K1252",
        "collision_severity": "3",
        "collision_year": 2021,
        "date": "20/01/2021",
        "day_of_week": "4",
        "did_police_officer_attend_scene_of_accident": "1",
        "enhanced_severity_collision": "-1",
        "first_road_class": "6",
        "first_road_number": "0",
        "junction_control": "-1",
        "junction_detail": "0",
        "junction_detail_historic": "0",
        "latitude": "53.727732",
        "light_conditions": "4",
        "local_authority_district": "-1",
        "local_authority_highway": "E08000033",
        "local_authority_highway_current": "E08000033",
        "local_authority_ons_district": "E08000033",
        "location_easting_osgr": "409808",
        "location_northing_osgr": "425712",
        "longitude": "-1.852826",
        "lsoa_of_accident_location": "E01010934",
        "number_of_casualties": 2,
        "number_of_vehicles": 2,
        "pedestrian_crossing": "0",
        "pedestrian_crossing_human_control_historic": "0",
        "pedestrian_crossing_physical_facilities_historic": "0",
        "police_force": "13",
        "road_surface_conditions": "2",
        "road_type": "3",
        "second_road_class": "0",
        "second_road_number": "-1",
        "special_conditions_at_site": "0",
        "speed_limit": 40,
        "time": "17:30",
        "trunk_road_flag": "2",
        "urban_or_rural_area": "1",
        "weather_conditions": "2",
        "geometry_source": "collision_location",
        "source_year": 2021,
        "date_iso": "2021-01-20"
      }
    },
    {
      "type": "Feature",
      "id": "2021131063387",
      "geometry": {
        "type": "Point",
        "coordinates": [
          -1.881281,
          53.725328
        ]
      },
      "properties": {
        "carriageway_hazards": "0",
        "carriageway_hazards_historic": "0",
        "collision_adjusted_severity_serious": "0",
        "collision_adjusted_severity_slight": "0",
        "collision_index": "2021131063387",
        "collision_injury_based": "1",
        "collision_ref_no": "131063387",
        "collision_severity": "1",
        "collision_year": 2021,
        "date": "06/07/2021",
        "day_of_week": "3",
        "did_police_officer_attend_scene_of_accident": "1",
        "enhanced_severity_collision": "1",
        "first_road_class": "6",
        "first_road_number": "0",
        "junction_control": "2",
        "junction_detail": "16",
        "junction_detail_historic": "6",
        "latitude": "53.725328",
        "light_conditions": "5",
        "local_authority_district": "-1",
        "local_authority_highway": "E08000033",
        "local_authority_highway_current": "E08000033",
        "local_authority_ons_district": "E08000033",
        "location_easting_osgr": "407931",
        "location_northing_osgr": "425441",
        "longitude": "-1.881281",
        "lsoa_of_accident_location": "E01010964",
        "number_of_casualties": 1,
        "number_of_vehicles": 1,
        "pedestrian_crossing": "13",
        "pedestrian_crossing_human_control_historic": "0",
        "pedestrian_crossing_physical_facilities_historic": "1",
        "police_force": "13",
        "road_surface_conditions": "2",
        "road_type": "6",
        "second_road_class": "6",
        "second_road_number": "0",
        "special_conditions_at_site": "0",
        "speed_limit": 30,
        "time": "08:32",
        "trunk_road_flag": "2",
        "urban_or_rural_area": "1",
        "weather_conditions": "1",
        "geometry_source": "collision_location",
        "source_year": 2021,
        "date_iso": "2021-07-06"
      }
    },
    {
      "type": "Feature",
      "id": "2021131069678",
      "geometry": {
        "type": "Point",
        "coordinates": [
          -1.891038,
          53.744419
        ]
      },
      "properties": {
        "carriageway_hazards": "0",
        "carriageway_hazards_historic": "0",
        "collision_adjusted_severity_serious": "1",
        "collision_adjusted_severity_slight": "0",
        "collision_index": "2021131069678",
        "collision_injury_based": "1",
        "collision_ref_no": "131069678",
        "collision_severity": "2",
        "collision_year": 2021,
        "date": "23/07/2021",
        "day_of_week": "6",
        "did_police_officer_attend_scene_of_accident": "1",
        "enhanced_severity_collision": "7",
        "first_road_class": "6",
        "first_road_number": "0",
        "junction_control": "-1",
        "junction_detail": "0",
        "junction_detail_historic": "0",
        "latitude": "53.744419",
        "light_conditions": "1",
        "local_authority_district": "-1",
        "local_authority_highway": "E08000033",
        "local_authority_highway_current": "E08000033",
        "local_authority_ons_district": "E08000033",
        "location_easting_osgr": "407284",
        "location_northing_osgr": "427564",
        "longitude": "-1.891038",
        "lsoa_of_accident_location": "E01010941",
        "number_of_casualties": 1,
        "number_of_vehicles": 1,
        "pedestrian_crossing": "0",
        "pedestrian_crossing_human_control_historic": "0",
        "pedestrian_crossing_physical_facilities_historic": "0",
        "police_force": "13",
        "road_surface_conditions": "1",
        "road_type": "6",
        "second_road_class": "0",
        "second_road_number": "-1",
        "special_conditions_at_site": "0",
        "speed_limit": 20,
        "time": "12:05",
        "trunk_road_flag": "2",
        "urban_or_rural_area": "1",
        "weather_conditions": "1",
        "geometry_source": "collision_location",
        "source_year": 2021,
        "date_iso": "2021-07-23"
      }
    },
    {
      "type": "Feature",
      "id": "2021131118918",
      "geometry": {
        "type": "Point",
        "coordinates": [
          -1.893639,
          53.759179
        ]
      },
      "properties": {
        "carriageway_hazards": "0",
        "carriageway_hazards_historic": "0",
        "collision_adjusted_severity_serious": "0",
        "collision_adjusted_severity_slight": "1",
        "collision_index": "2021131118918",
        "collision_injury_based": "1",
        "collision_ref_no": "131118918",
        "collision_severity": "3",
        "collision_year": 2021,
        "date": "08/12/2021",
        "day_of_week": "4",
        "did_police_officer_attend_scene_of_accident": "1",
        "enhanced_severity_collision": "3",
        "first_road_class": "3",
        "first_road_number": "629",
        "junction_control": "4",
        "junction_detail": "13",
        "junction_detail_historic": "3",
        "latitude": "53.759179",
        "light_conditions": "1",
        "local_authority_district": "-1",
        "local_authority_highway": "E08000033",
        "local_authority_highway_current": "E08000033",
        "local_authority_ons_district": "E08000033",
        "location_easting_osgr": "407110",
        "location_northing_osgr": "429206",
        "longitude": "-1.893639",
        "lsoa_of_accident_location": "E01010911",
        "number_of_casualties": 4,
        "number_of_vehicles": 2,
        "pedestrian_crossing": "0",
        "pedestrian_crossing_human_control_historic": "0",
        "pedestrian_crossing_physical_facilities_historic": "0",
        "police_force": "13",
        "road_surface_conditions": "2",
        "road_type": "6",
        "second_road_class": "6",
        "second_road_number": "0",
        "special_conditions_at_site": "0",
        "speed_limit": 30,
        "time": "14:05",
        "trunk_road_flag": "2",
        "urban_or_rural_area": "1",
        "weather_conditions": "5",
        "geometry_source": "collision_location",
        "source_year": 2021,
        "date_iso": "2021-12-08"
      }
    },
    {
      "type": "Feature",
      "id": "2021131125474",
      "geometry": {
        "type": "Point",
        "coordinates": [
          -2.147241,
          53.732791
        ]
      },
      "properties": {
        "carriageway_hazards": "0",
        "carriageway_hazards_historic": "0",
        "collision_adjusted_severity_serious": "0",
        "collision_adjusted_severity_slight": "1",
        "collision_index": "2021131125474",
        "collision_injury_based": "1",
        "collision_ref_no": "131125474",
        "collision_severity": "3",
        "collision_year": 2021,
        "date": "22/12/2021",
        "day_of_week": "4",
        "did_police_officer_attend_scene_of_accident": "1",
        "enhanced_severity_collision": "3",
        "first_road_class": "3",
        "first_road_number": "646",
        "junction_control": "-1",
        "junction_detail": "0",
        "junction_detail_historic": "0",
        "latitude": "53.732791",
        "light_conditions": "5",
        "local_authority_district": "-1",
        "local_authority_highway": "E08000033",
        "local_authority_highway_current": "E08000033",
        "local_authority_ons_district": "E08000033",
        "location_easting_osgr": "390384",
        "location_northing_osgr": "426275",
        "longitude": "-2.147241",
        "lsoa_of_accident_location": "E01010986",
        "number_of_casualties": 1,
        "number_of_vehicles": 1,
        "pedestrian_crossing": "0",
        "pedestrian_crossing_human_control_historic": "0",
        "pedestrian_crossing_physical_facilities_historic": "0",
        "police_force": "13",
        "road_surface_conditions": "2",
        "road_type": "6",
        "second_road_class": "0",
        "second_road_number": "-1",
        "special_conditions_at_site": "0",
        "speed_limit": 30,
        "time": "15:40",
        "trunk_road_flag": "2",
        "urban_or_rural_area": "2",
        "weather_conditions": "4",
        "geometry_source": "collision_location",
        "source_year": 2021,
        "date_iso": "2021-12-22"
      }
    },
    {
      "type": "Feature",
      "id": "2021131036980",
      "geometry": {
        "type": "Point",
        "coordinates": [
          -1.788776,
          53.694039
        ]
      },
      "properties": {
        "carriageway_hazards": "0",
        "carriageway_hazards_historic": "0",
        "collision_adjusted_severity_serious": "0",
        "collision_adjusted_severity_slight": "1",
        "collision_index": "2021131036980",
        "collision_injury_based": "1",
        "collision_ref_no": "131036980",
        "collision_severity": "3",
        "collision_year": 2021,
        "date": "19/04/2021",
        "day_of_week": "2",
        "did_police_officer_attend_scene_of_accident": "1",
        "enhanced_severity_collision": "3",
        "first_road_class": "3",
        "first_road_number": "643",
        "junction_control": "-1",
        "junction_detail": "0",
        "junction_detail_historic": "0",
        "latitude": "53.694039",
        "light_conditions": "1",
        "local_authority_district": "-1",
        "local_authority_highway": "E08000033",
        "local_authority_highway_current": "E08000033",
        "local_authority_ons_district": "E08000033",
        "location_easting_osgr": "414045",
        "location_northing_osgr": "421974",
        "longitude": "-1.788776",
        "lsoa_of_accident_location": "E01010951",
        "number_of_casualties": 2,
        "number_of_vehicles": 3,
        "pedestrian_crossing": "0",
        "pedestrian_crossing_human_control_historic": "0",
        "pedestrian_crossing_physical_facilities_historic": "0",
        "police_force": "13",
        "road_surface_conditions": "1",
        "road_type": "6",
        "second_road_class": "0",
        "second_road_number": "-1",
        "special_conditions_at_site": "0",
        "speed_limit": 30,
        "time": "12:24",
        "trunk_road_flag": "2",
        "urban_or_rural_area": "1",
        "weather_conditions": "1",
        "geometry_source": "collision_location",
        "source_year": 2021,
        "date_iso": "2021-04-19"
      }
    },
    {
      "type": "Feature",
      "id": "2021131045603",
      "geometry": {
        "type": "Point",
        "coordinates": [
          -1.862533,
          53.725551
        ]
      },
      "properties": {
        "carriageway_hazards": "0",
        "carriageway_hazards_historic": "0",
        "collision_adjusted_severity_serious": "0",
        "collision_adjusted_severity_slight": "1",
        "collision_index": "2021131045603",
        "collision_injury_based": "1",
        "collision_ref_no": "131045603",
        "collision_severity": "3",
        "collision_year": 2021,
        "date": "15/05/2021",
        "day_of_week": "7",
        "did_police_officer_attend_scene_of_accident": "1",
        "enhanced_severity_collision": "3",
        "first_road_class": "3",
        "first_road_number": "629",
        "junction_control": "2",
        "junction_detail": "0",
        "junction_detail_historic": "1",
        "latitude": "53.725551",
        "light_conditions": "1",
        "local_authority_district": "-1",
        "local_authority_highway": "E08000033",
        "local_authority_highway_current": "E08000033",
        "local_authority_ons_district": "E08000033",
        "location_easting_osgr": "409168",
        "location_northing_osgr": "425468",
        "longitude": "-1.862533",
        "lsoa_of_accident_location": "E01010994",
        "number_of_casualties": 1,
        "number_of_vehicles": 2,
        "pedestrian_crossing": "0",
        "pedestrian_crossing_human_control_historic": "0",
        "pedestrian_crossing_physical_facilities_historic": "0",
        "police_force": "13",
        "road_surface_conditions": "2",
        "road_type": "1",
        "second_road_class": "3",
        "second_road_number": "58",
        "special_conditions_at_site": "0",
        "speed_limit": 30,
        "time": "14:32",
        "trunk_road_flag": "2",
        "urban_or_rural_area": "1",
        "weather_conditions": "2",
        "geometry_source": "collision_location",
        "source_year": 2021,
        "date_iso": "2021-05-15"
      }
    },
    {
      "type": "Feature",
      "id": "2021131061848",
      "geometry": {
        "type": "Point",
        "coordinates": [
          -1.986852,
          53.732343
        ]
      },
      "properties": {
        "carriageway_hazards": "0",
        "carriageway_hazards_historic": "0",
        "collision_adjusted_severity_serious": "1",
        "collision_adjusted_severity_slight": "0",
        "collision_index": "2021131061848",
        "collision_injury_based": "1",
        "collision_ref_no": "131061848",
        "collision_severity": "2",
        "collision_year": 2021,
        "date": "01/07/2021",
        "day_of_week": "5",
        "did_police_officer_attend_scene_of_accident": "1",
        "enhanced_severity_collision": "7",
        "first_road_class": "3",
        "first_road_number": "646",
        "junction_control": "-1",
        "junction_detail": "0",
        "junction_detail_historic": "0",
        "latitude": "53.732343",
        "light_conditions": "1",
        "local_authority_district": "-1",
        "local_authority_highway": "E08000033",
        "local_authority_highway_current": "E08000033",
        "local_authority_ons_district": "E08000033",
        "location_easting_osgr": "400965",
        "location_northing_osgr": "426215",
        "longitude": "-1.986852",
        "lsoa_of_accident_location": "E01010918",
        "number_of_casualties": 1,
        "number_of_vehicles": 2,
        "pedestrian_crossing": "0",
        "pedestrian_crossing_human_control_historic": "0",
        "pedestrian_crossing_physical_facilities_historic": "0",
        "police_force": "13",
        "road_surface_conditions": "1",
        "road_type": "6",
        "second_road_class": "0",
        "second_road_number": "-1",
        "special_conditions_at_site": "0",
        "speed_limit": 20,
        "time": "05:40",
        "trunk_road_flag": "2",
        "urban_or_rural_area": "2",
        "weather_conditions": "1",
        "geometry_source": "collision_location",
        "source_year": 2021,
        "date_iso": "2021-07-01"
      }
    },
    {
      "type": "Feature",
      "id": "2021131048076",
      "geometry": {
        "type": "Point",
        "coordinates": [
          -1.892389,
          53.749678
        ]
      },
      "properties": {
        "carriageway_hazards": "0",
        "carriageway_hazards_historic": "0",
        "collision_adjusted_severity_serious": "1",
        "collision_adjusted_severity_slight": "0",
        "collision_index": "2021131048076",
        "collision_injury_based": "1",
        "collision_ref_no": "131048076",
        "collision_severity": "2",
        "collision_year": 2021,
        "date": "23/05/2021",
        "day_of_week": "1",
        "did_police_officer_attend_scene_of_accident": "1",
        "enhanced_severity_collision": "5",
        "first_road_class": "3",
        "first_road_number": "629",
        "junction_control": "4",
        "junction_detail": "13",
        "junction_detail_historic": "3",
        "latitude": "53.749678",
        "light_conditions": "1",
        "local_authority_district": "-1",
        "local_authority_highway": "E08000033",
        "local_authority_highway_current": "E08000033",
        "local_authority_ons_district": "E08000033",
        "location_easting_osgr": "407194",
        "location_northing_osgr": "428149",
        "longitude": "-1.892389",
        "lsoa_of_accident_location": "E01010916",
        "number_of_casualties": 1,
        "number_of_vehicles": 3,
        "pedestrian_crossing": "0",
        "pedestrian_crossing_human_control_historic": "0",
        "pedestrian_crossing_physical_facilities_historic": "0",
        "police_force": "13",
        "road_surface_conditions": "1",
        "road_type": "6",
        "second_road_class": "6",
        "second_road_number": "0",
        "special_conditions_at_site": "0",
        "speed_limit": 20,
        "time": "12:20",
        "trunk_road_flag": "2",
        "urban_or_rural_area": "1",
        "weather_conditions": "1",
        "geometry_source": "collision_location",
        "source_year": 2021,
        "date_iso": "2021-05-23"
      }
    },
    {
      "type": "Feature",
      "id": "2021131052470",
      "geometry": {
        "type": "Point",
        "coordinates": [
          -1.943078,
          53.673547
        ]
      },
      "properties": {
        "carriageway_hazards": "0",
        "carriageway_hazards_historic": "0",
        "collision_adjusted_severity_serious": "1",
        "collision_adjusted_severity_slight": "0",
        "collision_index": "2021131052470",
        "collision_injury_based": "1",
        "collision_ref_no": "131052470",
        "collision_severity": "2",
        "collision_year": 2021,
        "date": "05/06/2021",
        "day_of_week": "7",
        "did_police_officer_attend_scene_of_accident": "1",
        "enhanced_severity_collision": "6",
        "first_road_class": "3",
        "first_road_number": "672",
        "junction_control": "4",
        "junction_detail": "19",
        "junction_detail_historic": "9",
        "latitude": "53.673547",
        "light_conditions": "1",
        "local_authority_district": "-1",
        "local_authority_highway": "E08000033",
        "local_authority_highway_current": "E08000033",
        "local_authority_ons_district": "E08000033",
        "location_easting_osgr": "403858",
        "location_northing_osgr": "419675",
        "longitude": "-1.943078",
        "lsoa_of_accident_location": "E01010952",
        "number_of_casualties": 1,
        "number_of_vehicles": 1,
        "pedestrian_crossing": "0",
        "pedestrian_crossing_human_control_historic": "0",
        "pedestrian_crossing_physical_facilities_historic": "0",
        "police_force": "13",
        "road_surface_conditions": "1",
        "road_type": "9",
        "second_road_class": "6",
        "second_road_number": "0",
        "special_conditions_at_site": "0",
        "speed_limit": 30,
        "time": "08:10",
        "trunk_road_flag": "2",
        "urban_or_rural_area": "2",
        "weather_conditions": "1",
        "geometry_source": "collision_location",
        "source_year": 2021,
        "date_iso": "2021-06-05"
      }
    },
    {
      "type": "Feature",
      "id": "2021131067204",
      "geometry": {
        "type": "Point",
        "coordinates": [
          -1.881216,
          53.705392
        ]
      },
      "properties": {
        "carriageway_hazards": "0",
        "carriageway_hazards_historic": "0",
        "collision_adjusted_severity_serious": "0",
        "collision_adjusted_severity_slight": "1",
        "collision_index": "2021131067204",
        "collision_injury_based": "1",
        "collision_ref_no": "131067204",
        "collision_severity": "3",
        "collision_year": 2021,
        "date": "17/07/2021",
        "day_of_week": "7",
        "did_police_officer_attend_scene_of_accident": "1",
        "enhanced_severity_collision": "3",
        "first_road_class": "3",
        "first_road_number": "6026",
        "junction_control": "-1",
        "junction_detail": "0",
        "junction_detail_historic": "0",
        "latitude": "53.705392",
        "light_conditions": "1",
        "local_authority_district": "-1",
        "local_authority_highway": "E08000033",
        "local_authority_highway_current": "E08000033",
        "local_authority_ons_district": "E08000033",
        "location_easting_osgr": "407939",
        "location_northing_osgr": "423223",
        "longitude": "-1.881216",
        "lsoa_of_accident_location": "E01010977",
        "number_of_casualties": 3,
        "number_of_vehicles": 2,
        "pedestrian_crossing": "0",
        "pedestrian_crossing_human_control_historic": "0",
        "pedestrian_crossing_physical_facilities_historic": "0",
        "police_force": "13",
        "road_surface_conditions": "1",
        "road_type": "6",
        "second_road_class": "0",
        "second_road_number": "-1",
        "special_conditions_at_site": "0",
        "speed_limit": 30,
        "time": "20:27",
        "trunk_road_flag": "2",
        "urban_or_rural_area": "2",
        "weather_conditions": "1",
        "geometry_source": "collision_location",
        "source_year": 2021,
        "date_iso": "2021-07-17"
      }
    },
    {
      "type": "Feature",
      "id": "2021131052474",
      "geometry": {
        "type": "Point",
        "coordinates": [
          -1.86668,
          53.737006
        ]
      },
      "properties": {
        "carriageway_hazards": "0",
        "carriageway_hazards_historic": "0",
        "collision_adjusted_severity_serious": "0",
        "collision_adjusted_severity_slight": "1",
        "collision_index": "2021131052474",
        "collision_injury_based": "1",
        "collision_ref_no": "131052474",
        "collision_severity": "3",
        "collision_year": 2021,
        "date": "04/06/2021",
        "day_of_week": "6",
        "did_police_officer_attend_scene_of_accident": "2",
        "enhanced_severity_collision": "3",
        "first_road_class": "6",
        "first_road_number": "0",
        "junction_control": "4",
        "junction_detail": "16",
        "junction_detail_historic": "6",
        "latitude": "53.737006",
        "light_conditions": "4",
        "local_authority_district": "-1",
        "local_authority_highway": "E08000033",
        "local_authority_highway_current": "E08000033",
        "local_authority_ons_district": "E08000033",
        "location_easting_osgr": "408892",
        "location_northing_osgr": "426742",
        "longitude": "-1.86668",
        "lsoa_of_accident_location": "E01010967",
        "number_of_casualties": 1,
        "number_of_vehicles": 1,
        "pedestrian_crossing": "0",
        "pedestrian_crossing_human_control_historic": "0",
        "pedestrian_crossing_physical_facilities_historic": "0",
        "police_force": "13",
        "road_surface_conditions": "1",
        "road_type": "6",
        "second_road_class": "3",
        "second_road_number": "647",
        "special_conditions_at_site": "0",
        "speed_limit": 30,
        "time": "23:23",
        "trunk_road_flag": "2",
        "urban_or_rural_area": "1",
        "weather_conditions": "9",
        "geometry_source": "collision_location",
        "source_year": 2021,
        "date_iso": "2021-06-04"
      }
    },
    {
      "type": "Feature",
      "id": "2021131047043",
      "geometry": {
        "type": "Point",
        "coordinates": [
          -1.90692,
          53.734348
        ]
      },
      "properties": {
        "carriageway_hazards": "0",
        "carriageway_hazards_historic": "0",
        "collision_adjusted_severity_serious": "1",
        "collision_adjusted_severity_slight": "0",
        "collision_index": "2021131047043",
        "collision_injury_based": "1",
        "collision_ref_no": "131047043",
        "collision_severity": "2",
        "collision_year": 2021,
        "date": "19/05/2021",
        "day_of_week": "4",
        "did_police_officer_attend_scene_of_accident": "1",
        "enhanced_severity_collision": "7",
        "first_road_class": "6",
        "first_road_number": "0",
        "junction_control": "-1",
        "junction_detail": "0",
        "junction_detail_historic": "0",
        "latitude": "53.734348",
        "light_conditions": "1",
        "local_authority_district": "-1",
        "local_authority_highway": "E08000033",
        "local_authority_highway_current": "E08000033",
        "local_authority_ons_district": "E08000033",
        "location_easting_osgr": "406238",
        "location_northing_osgr": "426442",
        "longitude": "-1.90692",
        "lsoa_of_accident_location": "E01010927",
        "number_of_casualties": 1,
        "number_of_vehicles": 2,
        "pedestrian_crossing": "0",
        "pedestrian_crossing_human_control_historic": "0",
        "pedestrian_crossing_physical_facilities_historic": "0",
        "police_force": "13",
        "road_surface_conditions": "1",
        "road_type": "6",
        "second_road_class": "0",
        "second_road_number": "-1",
        "special_conditions_at_site": "0",
        "speed_limit": 30,
        "time": "18:03",
        "trunk_road_flag": "2",
        "urban_or_rural_area": "1",
        "weather_conditions": "1",
        "geometry_source": "collision_location",
        "source_year": 2021,
        "date_iso": "2021-05-19"
      }
    },
    {
      "type": "Feature",
      "id": "2021131124144",
      "geometry": {
        "type": "Point",
        "coordinates": [
          -1.943865,
          53.777674
        ]
      },
      "properties": {
        "carriageway_hazards": "0",
        "carriageway_hazards_historic": "0",
        "collision_adjusted_severity_serious": "0",
        "collision_adjusted_severity_slight": "1",
        "collision_index": "2021131124144",
        "collision_injury_based": "1",
        "collision_ref_no": "131124144",
        "collision_severity": "3",
        "collision_year": 2021,
        "date": "20/12/2021",
        "day_of_week": "2",
        "did_police_officer_attend_scene_of_accident": "1",
        "enhanced_severity_collision": "3",
        "first_road_class": "6",
        "first_road_number": "0",
        "junction_control": "-1",
        "junction_detail": "0",
        "junction_detail_historic": "0",
        "latitude": "53.777674",
        "light_conditions": "6",
        "local_authority_district": "-1",
        "local_authority_highway": "E08000033",
        "local_authority_highway_current": "E08000033",
        "local_authority_ons_district": "E08000033",
        "location_easting_osgr": "403797",
        "location_northing_osgr": "431260",
        "longitude": "-1.943865",
        "lsoa_of_accident_location": "E01010911",
        "number_of_casualties": 1,
        "number_of_vehicles": 1,
        "pedestrian_crossing": "0",
        "pedestrian_crossing_human_control_historic": "0",
        "pedestrian_crossing_physical_facilities_historic": "0",
        "police_force": "13",
        "road_surface_conditions": "2",
        "road_type": "6",
        "second_road_class": "0",
        "second_road_number": "-1",
        "special_conditions_at_site": "0",
        "speed_limit": 60,
        "time": "22:15",
        "trunk_road_flag": "2",
        "urban_or_rural_area": "2",
        "weather_conditions": "1",
        "geometry_source": "collision_location",
        "source_year": 2021,
        "date_iso": "2021-12-20"
      }
    },
    {
      "type": "Feature",
      "id": "2021131038843",
      "geometry": {
        "type": "Point",
        "coordinates": [
          -1.894178,
          53.737743
        ]
      },
      "properties": {
        "carriageway_hazards": "0",
        "carriageway_hazards_historic": "0",
        "collision_adjusted_severity_serious": "0",
        "collision_adjusted_severity_slight": "1",
        "collision_index": "2021131038843",
        "collision_injury_based": "1",
        "collision_ref_no": "131038843",
        "collision_severity": "3",
        "collision_year": 2021,
        "date": "24/04/2021",
        "day_of_week": "7",
        "did_police_officer_attend_scene_of_accident": "1",
        "enhanced_severity_collision": "3",
        "first_road_class": "6",
        "first_road_number": "0",
        "junction_control": "4",
        "junction_detail": "16",
        "junction_detail_historic": "6",
        "latitude": "53.737743",
        "light_conditions": "1",
        "local_authority_district": "-1",
        "local_authority_highway": "E08000033",
        "local_authority_highway_current": "E08000033",
        "local_authority_ons_district": "E08000033",
        "location_easting_osgr": "407078",
        "location_northing_osgr": "426821",
        "longitude": "-1.894178",
        "lsoa_of_accident_location": "E01010939",
        "number_of_casualties": 1,
        "number_of_vehicles": 3,
        "pedestrian_crossing": "0",
        "pedestrian_crossing_human_control_historic": "0",
        "pedestrian_crossing_physical_facilities_historic": "0",
        "police_force": "13",
        "road_surface_conditions": "1",
        "road_type": "6",
        "second_road_class": "6",
        "second_road_number": "0",
        "special_conditions_at_site": "0",
        "speed_limit": 30,
        "time": "20:02",
        "trunk_road_flag": "2",
        "urban_or_rural_area": "1",
        "weather_conditions": "1",
        "geometry_source": "collision_location",
        "source_year": 2021,
        "date_iso": "2021-04-24"
      }
    },
    {
      "type": "Feature",
      "id": "2021131108026",
      "geometry": {
        "type": "Point",
        "coordinates": [
          -1.941897,
          53.718272
        ]
      },
      "properties": {
        "carriageway_hazards": "0",
        "carriageway_hazards_historic": "0",
        "collision_adjusted_severity_serious": "1",
        "collision_adjusted_severity_slight": "0",
        "collision_index": "2021131108026",
        "collision_injury_based": "1",
        "collision_ref_no": "131108026",
        "collision_severity": "2",
        "collision_year": 2021,
        "date": "29/10/2021",
        "day_of_week": "6",
        "did_police_officer_attend_scene_of_accident": "1",
        "enhanced_severity_collision": "7",
        "first_road_class": "3",
        "first_road_number": "646",
        "junction_control": "-1",
        "junction_detail": "0",
        "junction_detail_historic": "0",
        "latitude": "53.718272",
        "light_conditions": "4",
        "local_authority_district": "-1",
        "local_authority_highway": "E08000033",
        "local_authority_highway_current": "E08000033",
        "local_authority_ons_district": "E08000033",
        "location_easting_osgr": "403932",
        "location_northing_osgr": "424651",
        "longitude": "-1.941897",
        "lsoa_of_accident_location": "E01010922",
        "number_of_casualties": 1,
        "number_of_vehicles": 1,
        "pedestrian_crossing": "13",
        "pedestrian_crossing_human_control_historic": "0",
        "pedestrian_crossing_physical_facilities_historic": "1",
        "police_force": "13",
        "road_surface_conditions": "1",
        "road_type": "6",
        "second_road_class": "0",
        "second_road_number": "-1",
        "special_conditions_at_site": "0",
        "speed_limit": 20,
        "time": "18:31",
        "trunk_road_flag": "2",
        "urban_or_rural_area": "2",
        "weather_conditions": "8",
        "geometry_source": "collision_location",
        "source_year": 2021,
        "date_iso": "2021-10-29"
      }
    },
    {
      "type": "Feature",
      "id": "2021131072164",
      "geometry": {
        "type": "Point",
        "coordinates": [
          -1.875662,
          53.739613
        ]
      },
      "properties": {
        "carriageway_hazards": "0",
        "carriageway_hazards_historic": "0",
        "collision_adjusted_severity_serious": "0",
        "collision_adjusted_severity_slight": "1",
        "collision_index": "2021131072164",
        "collision_injury_based": "1",
        "collision_ref_no": "131072164",
        "collision_severity": "3",
        "collision_year": 2021,
        "date": "31/07/2021",
        "day_of_week": "7",
        "did_police_officer_attend_scene_of_accident": "1",
        "enhanced_severity_collision": "3",
        "first_road_class": "3",
        "first_road_number": "629",
        "junction_control": "-1",
        "junction_detail": "0",
        "junction_detail_historic": "0",
        "latitude": "53.739613",
        "light_conditions": "1",
        "local_authority_district": "-1",
        "local_authority_highway": "E08000033",
        "local_authority_highway_current": "E08000033",
        "local_authority_ons_district": "E08000033",
        "location_easting_osgr": "408299",
        "location_northing_osgr": "427031",
        "longitude": "-1.875662",
        "lsoa_of_accident_location": "E01010940",
        "number_of_casualties": 2,
        "number_of_vehicles": 2,
        "pedestrian_crossing": "13",
        "pedestrian_crossing_human_control_historic": "0",
        "pedestrian_crossing_physical_facilities_historic": "1",
        "police_force": "13",
        "road_surface_conditions": "1",
        "road_type": "6",
        "second_road_class": "0",
        "second_road_number": "-1",
        "special_conditions_at_site": "0",
        "speed_limit": 30,
        "time": "12:07",
        "trunk_road_flag": "2",
        "urban_or_rural_area": "1",
        "weather_conditions": "1",
        "geometry_source": "collision_location",
        "source_year": 2021,
        "date_iso": "2021-07-31"
      }
    },
    {
      "type": "Feature",
      "id": "2021131050533",
      "geometry": {
        "type": "Point",
        "coordinates": [
          -1.86488,
          53.721338
        ]
      },
      "properties": {
        "carriageway_hazards": "0",
        "carriageway_hazards_historic": "0",
        "collision_adjusted_severity_serious": "0",
        "collision_adjusted_severity_slight": "1",
        "collision_index": "2021131050533",
        "collision_injury_based": "1",
        "collision_ref_no": "131050533",
        "collision_severity": "3",
        "collision_year": 2021,
        "date": "29/05/2021",
        "day_of_week": "7",
        "did_police_officer_attend_scene_of_accident": "1",
        "enhanced_severity_collision": "3",
        "first_road_class": "6",
        "first_road_number": "0",
        "junction_control": "4",
        "junction_detail": "0",
        "junction_detail_historic": "1",
        "latitude": "53.721338",
        "light_conditions": "1",
        "local_authority_district": "-1",
        "local_authority_highway": "E08000033",
        "local_authority_highway_current": "E08000033",
        "local_authority_ons_district": "E08000033",
        "location_easting_osgr": "409014",
        "location_northing_osgr": "424999",
        "longitude": "-1.86488",
        "lsoa_of_accident_location": "E01010994",
        "number_of_casualties": 2,
        "number_of_vehicles": 2,
        "pedestrian_crossing": "0",
        "pedestrian_crossing_human_control_historic": "0",
        "pedestrian_crossing_physical_facilities_historic": "0",
        "police_force": "13",
        "road_surface_conditions": "1",
        "road_type": "6",
        "second_road_class": "6",
        "second_road_number": "0",
        "special_conditions_at_site": "0",
        "speed_limit": 30,
        "time": "15:45",
        "trunk_road_flag": "2",
        "urban_or_rural_area": "1",
        "weather_conditions": "1",
        "geometry_source": "collision_location",
        "source_year": 2021,
        "date_iso": "2021-05-29"
      }
    },
    {
      "type": "Feature",
      "id": "2021131093758",
      "geometry": {
        "type": "Point",
        "coordinates": [
          -1.789808,
          53.724295
        ]
      },
      "properties": {
        "carriageway_hazards": "0",
        "carriageway_hazards_historic": "0",
        "collision_adjusted_severity_serious": "0",
        "collision_adjusted_severity_slight": "1",
        "collision_index": "2021131093758",
        "collision_injury_based": "1",
        "collision_ref_no": "131093758",
        "collision_severity": "3",
        "collision_year": 2021,
        "date": "29/09/2021",
        "day_of_week": "4",
        "did_police_officer_attend_scene_of_accident": "2",
        "enhanced_severity_collision": "3",
        "first_road_class": "3",
        "first_road_number": "649",
        "junction_control": "-1",
        "junction_detail": "0",
        "junction_detail_historic": "0",
        "latitude": "53.724295",
        "light_conditions": "1",
        "local_authority_district": "-1",
        "local_authority_highway": "E08000033",
        "local_authority_highway_current": "E08000033",
        "local_authority_ons_district": "E08000033",
        "location_easting_osgr": "413967",
        "location_northing_osgr": "425340",
        "longitude": "-1.789808",
        "lsoa_of_accident_location": "E01010905",
        "number_of_casualties": 1,
        "number_of_vehicles": 1,
        "pedestrian_crossing": "0",
        "pedestrian_crossing_human_control_historic": "0",
        "pedestrian_crossing_physical_facilities_historic": "0",
        "police_force": "13",
        "road_surface_conditions": "2",
        "road_type": "6",
        "second_road_class": "0",
        "second_road_number": "-1",
        "special_conditions_at_site": "0",
        "speed_limit": 30,
        "time": "08:30",
        "trunk_road_flag": "2",
        "urban_or_rural_area": "1",
        "weather_conditions": "1",
        "geometry_source": "collision_location",
        "source_year": 2021,
        "date_iso": "2021-09-29"
      }
    },
    {
      "type": "Feature",
      "id": "2021131100861",
      "geometry": {
        "type": "Point",
        "coordinates": [
          -1.90118,
          53.732105
        ]
      },
      "properties": {
        "carriageway_hazards": "0",
        "carriageway_hazards_historic": "0",
        "collision_adjusted_severity_serious": "0",
        "collision_adjusted_severity_slight": "1",
        "collision_index": "2021131100861",
        "collision_injury_based": "1",
        "collision_ref_no": "131100861",
        "collision_severity": "3",
        "collision_year": 2021,
        "date": "20/10/2021",
        "day_of_week": "4",
        "did_police_officer_attend_scene_of_accident": "1",
        "enhanced_severity_collision": "3",
        "first_road_class": "6",
        "first_road_number": "0",
        "junction_control": "-1",
        "junction_detail": "0",
        "junction_detail_historic": "0",
        "latitude": "53.732105",
        "light_conditions": "1",
        "local_authority_district": "-1",
        "local_authority_highway": "E08000033",
        "local_authority_highway_current": "E08000033",
        "local_authority_ons_district": "E08000033",
        "location_easting_osgr": "406617",
        "location_northing_osgr": "426193",
        "longitude": "-1.90118",
        "lsoa_of_accident_location": "E01010928",
        "number_of_casualties": 1,
        "number_of_vehicles": 2,
        "pedestrian_crossing": "17",
        "pedestrian_crossing_human_control_historic": "0",
        "pedestrian_crossing_physical_facilities_historic": "8",
        "police_force": "13",
        "road_surface_conditions": "2",
        "road_type": "6",
        "second_road_class": "0",
        "second_road_number": "-1",
        "special_conditions_at_site": "0",
        "speed_limit": 30,
        "time": "16:19",
        "trunk_road_flag": "2",
        "urban_or_rural_area": "1",
        "weather_conditions": "1",
        "geometry_source": "collision_location",
        "source_year": 2021,
        "date_iso": "2021-10-20"
      }
    },
    {
      "type": "Feature",
      "id": "2021131042467",
      "geometry": {
        "type": "Point",
        "coordinates": [
          -1.817307,
          53.726003
        ]
      },
      "properties": {
        "carriageway_hazards": "0",
        "carriageway_hazards_historic": "0",
        "collision_adjusted_severity_serious": "0",
        "collision_adjusted_severity_slight": "1",
        "collision_index": "2021131042467",
        "collision_injury_based": "1",
        "collision_ref_no": "131042467",
        "collision_severity": "3",
        "collision_year": 2021,
        "date": "06/05/2021",
        "day_of_week": "5",
        "did_police_officer_attend_scene_of_accident": "1",
        "enhanced_severity_collision": "3",
        "first_road_class": "6",
        "first_road_number": "0",
        "junction_control": "3",
        "junction_detail": "19",
        "junction_detail_historic": "9",
        "latitude": "53.726003",
        "light_conditions": "1",
        "local_authority_district": "-1",
        "local_authority_highway": "E08000033",
        "local_authority_highway_current": "E08000033",
        "local_authority_ons_district": "E08000033",
        "location_easting_osgr": "412152",
        "location_northing_osgr": "425525",
        "longitude": "-1.817307",
        "lsoa_of_accident_location": "E01010909",
        "number_of_casualties": 1,
        "number_of_vehicles": 3,
        "pedestrian_crossing": "0",
        "pedestrian_crossing_human_control_historic": "0",
        "pedestrian_crossing_physical_facilities_historic": "0",
        "police_force": "13",
        "road_surface_conditions": "2",
        "road_type": "6",
        "second_road_class": "3",
        "second_road_number": "58",
        "special_conditions_at_site": "0",
        "speed_limit": 30,
        "time": "08:03",
        "trunk_road_flag": "2",
        "urban_or_rural_area": "1",
        "weather_conditions": "1",
        "geometry_source": "collision_location",
        "source_year": 2021,
        "date_iso": "2021-05-06"
      }
    },
    {
      "type": "Feature",
      "id": "2021131101923",
      "geometry": {
        "type": "Point",
        "coordinates": [
          -1.760014,
          53.697302
        ]
      },
      "properties": {
        "carriageway_hazards": "0",
        "carriageway_hazards_historic": "0",
        "collision_adjusted_severity_serious": "0",
        "collision_adjusted_severity_slight": "1",
        "collision_index": "2021131101923",
        "collision_injury_based": "1",
        "collision_ref_no": "131101923",
        "collision_severity": "3",
        "collision_year": 2021,
        "date": "24/10/2021",
        "day_of_week": "1",
        "did_police_officer_attend_scene_of_accident": "1",
        "enhanced_severity_collision": "3",
        "first_road_class": "3",
        "first_road_number": "644",
        "junction_control": "-1",
        "junction_detail": "0",
        "junction_detail_historic": "0",
        "latitude": "53.697302",
        "light_conditions": "1",
        "local_authority_district": "-1",
        "local_authority_highway": "E08000033",
        "local_authority_highway_current": "E08000033",
        "local_authority_ons_district": "E08000033",
        "location_easting_osgr": "415943",
        "location_northing_osgr": "422343",
        "longitude": "-1.760014",
        "lsoa_of_accident_location": "E01010879",
        "number_of_casualties": 1,
        "number_of_vehicles": 2,
        "pedestrian_crossing": "0",
        "pedestrian_crossing_human_control_historic": "0",
        "pedestrian_crossing_physical_facilities_historic": "0",
        "police_force": "13",
        "road_surface_conditions": "2",
        "road_type": "6",
        "second_road_class": "0",
        "second_road_number": "-1",
        "special_conditions_at_site": "0",
        "speed_limit": 30,
        "time": "11:35",
        "trunk_road_flag": "2",
        "urban_or_rural_area": "1",
        "weather_conditions": "2",
        "geometry_source": "collision_location",
        "source_year": 2021,
        "date_iso": "2021-10-24"
      }
    },
    {
      "type": "Feature",
      "id": "2021131051862",
      "geometry": {
        "type": "Point",
        "coordinates": [
          -1.779189,
          53.700107
        ]
      },
      "properties": {
        "carriageway_hazards": "0",
        "carriageway_hazards_historic": "0",
        "collision_adjusted_severity_serious": "1",
        "collision_adjusted_severity_slight": "0",
        "collision_index": "2021131051862",
        "collision_injury_based": "1",
        "collision_ref_no": "131051862",
        "collision_severity": "2",
        "collision_year": 2021,
        "date": "03/06/2021",
        "day_of_week": "5",
        "did_police_officer_attend_scene_of_accident": "1",
        "enhanced_severity_collision": "7",
        "first_road_class": "3",
        "first_road_number": "641",
        "junction_control": "2",
        "junction_detail": "16",
        "junction_detail_historic": "6",
        "latitude": "53.700107",
        "light_conditions": "1",
        "local_authority_district": "-1",
        "local_authority_highway": "E08000033",
        "local_authority_highway_current": "E08000033",
        "local_authority_ons_district": "E08000033",
        "location_easting_osgr": "414676",
        "location_northing_osgr": "422651",
        "longitude": "-1.779189",
        "lsoa_of_accident_location": "E01010878",
        "number_of_casualties": 1,
        "number_of_vehicles": 1,
        "pedestrian_crossing": "15",
        "pedestrian_crossing_human_control_historic": "0",
        "pedestrian_crossing_physical_facilities_historic": "5",
        "police_force": "13",
        "road_surface_conditions": "1",
        "road_type": "6",
        "second_road_class": "6",
        "second_road_number": "0",
        "special_conditions_at_site": "0",
        "speed_limit": 30,
        "time": "12:12",
        "trunk_road_flag": "2",
        "urban_or_rural_area": "1",
        "weather_conditions": "1",
        "geometry_source": "collision_location",
        "source_year": 2021,
        "date_iso": "2021-06-03"
      }
    },
    {
      "type": "Feature",
      "id": "2021131067008",
      "geometry": {
        "type": "Point",
        "coordinates": [
          -1.812876,
          53.727272
        ]
      },
      "properties": {
        "carriageway_hazards": "0",
        "carriageway_hazards_historic": "0",
        "collision_adjusted_severity_serious": "1",
        "collision_adjusted_severity_slight": "0",
        "collision_index": "2021131067008",
        "collision_injury_based": "1",
        "collision_ref_no": "131067008",
        "collision_severity": "2",
        "collision_year": 2021,
        "date": "16/07/2021",
        "day_of_week": "6",
        "did_police_officer_attend_scene_of_accident": "1",
        "enhanced_severity_collision": "6",
        "first_road_class": "3",
        "first_road_number": "644",
        "junction_control": "-1",
        "junction_detail": "0",
        "junction_detail_historic": "0",
        "latitude": "53.727272",
        "light_conditions": "1",
        "local_authority_district": "-1",
        "local_authority_highway": "E08000033",
        "local_authority_highway_current": "E08000033",
        "local_authority_ons_district": "E08000033",
        "location_easting_osgr": "412444",
        "location_northing_osgr": "425667",
        "longitude": "-1.812876",
        "lsoa_of_accident_location": "E01010907",
        "number_of_casualties": 2,
        "number_of_vehicles": 2,
        "pedestrian_crossing": "0",
        "pedestrian_crossing_human_control_historic": "0",
        "pedestrian_crossing_physical_facilities_historic": "0",
        "police_force": "13",
        "road_surface_conditions": "1",
        "road_type": "6",
        "second_road_class": "0",
        "second_road_number": "-1",
        "special_conditions_at_site": "0",
        "speed_limit": 30,
        "time": "16:45",
        "trunk_road_flag": "2",
        "urban_or_rural_area": "1",
        "weather_conditions": "1",
        "geometry_source": "collision_location",
        "source_year": 2021,
        "date_iso": "2021-07-16"
      }
    },
    {
      "type": "Feature",
      "id": "2021138281080",
      "geometry": {
        "type": "Point",
        "coordinates": [
          -1.900985,
          53.750656
        ]
      },
      "properties": {
        "carriageway_hazards": "0",
        "carriageway_hazards_historic": "0",
        "collision_adjusted_severity_serious": "0.08736",
        "collision_adjusted_severity_slight": "0.91264",
        "collision_index": "2021138281080",
        "collision_injury_based": "0",
        "collision_ref_no": "138281080",
        "collision_severity": "3",
        "collision_year": 2021,
        "date": "08/02/2021",
        "day_of_week": "2",
        "did_police_officer_attend_scene_of_accident": "1",
        "enhanced_severity_collision": "-1",
        "first_road_class": "6",
        "first_road_number": "0",
        "junction_control": "-1",
        "junction_detail": "0",
        "junction_detail_historic": "0",
        "latitude": "53.750656",
        "light_conditions": "4",
        "local_authority_district": "-1",
        "local_authority_highway": "E08000033",
        "local_authority_highway_current": "E08000033",
        "local_authority_ons_district": "E08000033",
        "location_easting_osgr": "406627",
        "location_northing_osgr": "428257",
        "longitude": "-1.900985",
        "lsoa_of_accident_location": "E01010924",
        "number_of_casualties": 1,
        "number_of_vehicles": 1,
        "pedestrian_crossing": "0",
        "pedestrian_crossing_human_control_historic": "0",
        "pedestrian_crossing_physical_facilities_historic": "0",
        "police_force": "13",
        "road_surface_conditions": "2",
        "road_type": "6",
        "second_road_class": "0",
        "second_road_number": "-1",
        "special_conditions_at_site": "0",
        "speed_limit": 30,
        "time": "16:30",
        "trunk_road_flag": "2",
        "urban_or_rural_area": "2",
        "weather_conditions": "1",
        "geometry_source": "collision_location",
        "source_year": 2021,
        "date_iso": "2021-02-08"
      }
    },
    {
      "type": "Feature",
      "id": "2021131081641",
      "geometry": {
        "type": "Point",
        "coordinates": [
          -1.853827,
          53.701102
        ]
      },
      "properties": {
        "carriageway_hazards": "0",
        "carriageway_hazards_historic": "0",
        "collision_adjusted_severity_serious": "1",
        "collision_adjusted_severity_slight": "0",
        "collision_index": "2021131081641",
        "collision_injury_based": "1",
        "collision_ref_no": "131081641",
        "collision_severity": "2",
        "collision_year": 2021,
        "date": "26/08/2021",
        "day_of_week": "5",
        "did_police_officer_attend_scene_of_accident": "1",
        "enhanced_severity_collision": "7",
        "first_road_class": "6",
        "first_road_number": "0",
        "junction_control": "4",
        "junction_detail": "13",
        "junction_detail_historic": "3",
        "latitude": "53.701102",
        "light_conditions": "1",
        "local_authority_district": "-1",
        "local_authority_highway": "E08000033",
        "local_authority_highway_current": "E08000033",
        "local_authority_ons_district": "E08000033",
        "location_easting_osgr": "409748",
        "location_northing_osgr": "422749",
        "longitude": "-1.853827",
        "lsoa_of_accident_location": "E01010971",
        "number_of_casualties": 1,
        "number_of_vehicles": 2,
        "pedestrian_crossing": "0",
        "pedestrian_crossing_human_control_historic": "0",
        "pedestrian_crossing_physical_facilities_historic": "0",
        "police_force": "13",
        "road_surface_conditions": "1",
        "road_type": "6",
        "second_road_class": "3",
        "second_road_number": "629",
        "special_conditions_at_site": "0",
        "speed_limit": 30,
        "time": "09:32",
        "trunk_road_flag": "2",
        "urban_or_rural_area": "1",
        "weather_conditions": "1",
        "geometry_source": "collision_location",
        "source_year": 2021,
        "date_iso": "2021-08-26"
      }
    },
    {
      "type": "Feature",
      "id": "2021131090515",
      "geometry": {
        "type": "Point",
        "coordinates": [
          -1.879867,
          53.742844
        ]
      },
      "properties": {
        "carriageway_hazards": "0",
        "carriageway_hazards_historic": "0",
        "collision_adjusted_severity_serious": "1",
        "collision_adjusted_severity_slight": "0",
        "collision_index": "2021131090515",
        "collision_injury_based": "1",
        "collision_ref_no": "131090515",
        "collision_severity": "2",
        "collision_year": 2021,
        "date": "21/09/2021",
        "day_of_week": "3",
        "did_police_officer_attend_scene_of_accident": "2",
        "enhanced_severity_collision": "6",
        "first_road_class": "3",
        "first_road_number": "629",
        "junction_control": "2",
        "junction_detail": "19",
        "junction_detail_historic": "9",
        "latitude": "53.742844",
        "light_conditions": "1",
        "local_authority_district": "-1",
        "local_authority_highway": "E08000033",
        "local_authority_highway_current": "E08000033",
        "local_authority_ons_district": "E08000033",
        "location_easting_osgr": "408021",
        "location_northing_osgr": "427390",
        "longitude": "-1.879867",
        "lsoa_of_accident_location": "E01010942",
        "number_of_casualties": 1,
        "number_of_vehicles": 2,
        "pedestrian_crossing": "0",
        "pedestrian_crossing_human_control_historic": "0",
        "pedestrian_crossing_physical_facilities_historic": "0",
        "police_force": "13",
        "road_surface_conditions": "1",
        "road_type": "6",
        "second_road_class": "6",
        "second_road_number": "0",
        "special_conditions_at_site": "0",
        "speed_limit": 30,
        "time": "06:45",
        "trunk_road_flag": "2",
        "urban_or_rural_area": "1",
        "weather_conditions": "1",
        "geometry_source": "collision_location",
        "source_year": 2021,
        "date_iso": "2021-09-21"
      }
    },
    {
      "type": "Feature",
      "id": "2021138391361",
      "geometry": {
        "type": "Point",
        "coordinates": [
          -1.887595,
          53.739005
        ]
      },
      "properties": {
        "carriageway_hazards": "0",
        "carriageway_hazards_historic": "0",
        "collision_adjusted_severity_serious": "1",
        "collision_adjusted_severity_slight": "0",
        "collision_index": "2021138391361",
        "collision_injury_based": "0",
        "collision_ref_no": "138391361",
        "collision_severity": "2",
        "collision_year": 2021,
        "date": "09/03/2021",
        "day_of_week": "3",
        "did_police_officer_attend_scene_of_accident": "1",
        "enhanced_severity_collision": "-1",
        "first_road_class": "6",
        "first_road_number": "0",
        "junction_control": "4",
        "junction_detail": "13",
        "junction_detail_historic": "3",
        "latitude": "53.739005",
        "light_conditions": "1",
        "local_authority_district": "-1",
        "local_authority_highway": "E08000033",
        "local_authority_highway_current": "E08000033",
        "local_authority_ons_district": "E08000033",
        "location_easting_osgr": "407512",
        "location_northing_osgr": "426962",
        "longitude": "-1.887595",
        "lsoa_of_accident_location": "E01010944",
        "number_of_casualties": 1,
        "number_of_vehicles": 1,
        "pedestrian_crossing": "0",
        "pedestrian_crossing_human_control_historic": "0",
        "pedestrian_crossing_physical_facilities_historic": "0",
        "police_force": "13",
        "road_surface_conditions": "1",
        "road_type": "6",
        "second_road_class": "6",
        "second_road_number": "0",
        "special_conditions_at_site": "0",
        "speed_limit": 30,
        "time": "17:30",
        "trunk_road_flag": "2",
        "urban_or_rural_area": "1",
        "weather_conditions": "1",
        "geometry_source": "collision_location",
        "source_year": 2021,
        "date_iso": "2021-03-09"
      }
    },
    {
      "type": "Feature",
      "id": "20211383C1597",
      "geometry": {
        "type": "Point",
        "coordinates": [
          -1.910806,
          53.709714
        ]
      },
      "properties": {
        "carriageway_hazards": "0",
        "carriageway_hazards_historic": "0",
        "collision_adjusted_severity_serious": "0.13218",
        "collision_adjusted_severity_slight": "0.86782",
        "collision_index": "20211383C1597",
        "collision_injury_based": "0",
        "collision_ref_no": "1383C1597",
        "collision_severity": "3",
        "collision_year": 2021,
        "date": "12/03/2021",
        "day_of_week": "6",
        "did_police_officer_attend_scene_of_accident": "1",
        "enhanced_severity_collision": "-1",
        "first_road_class": "6",
        "first_road_number": "0",
        "junction_control": "-1",
        "junction_detail": "0",
        "junction_detail_historic": "0",
        "latitude": "53.709714",
        "light_conditions": "4",
        "local_authority_district": "-1",
        "local_authority_highway": "E08000033",
        "local_authority_highway_current": "E08000033",
        "local_authority_ons_district": "E08000033",
        "location_easting_osgr": "405985",
        "location_northing_osgr": "423701",
        "longitude": "-1.910806",
        "lsoa_of_accident_location": "E01010979",
        "number_of_casualties": 1,
        "number_of_vehicles": 1,
        "pedestrian_crossing": "0",
        "pedestrian_crossing_human_control_historic": "0",
        "pedestrian_crossing_physical_facilities_historic": "0",
        "police_force": "13",
        "road_surface_conditions": "2",
        "road_type": "6",
        "second_road_class": "0",
        "second_road_number": "-1",
        "special_conditions_at_site": "0",
        "speed_limit": 30,
        "time": "19:35",
        "trunk_road_flag": "2",
        "urban_or_rural_area": "1",
        "weather_conditions": "1",
        "geometry_source": "collision_location",
        "source_year": 2021,
        "date_iso": "2021-03-12"
      }
    },
    {
      "type": "Feature",
      "id": "2021131067104",
      "geometry": {
        "type": "Point",
        "coordinates": [
          -1.84321,
          53.688415
        ]
      },
      "properties": {
        "carriageway_hazards": "0",
        "carriageway_hazards_historic": "0",
        "collision_adjusted_severity_serious": "0",
        "collision_adjusted_severity_slight": "1",
        "collision_index": "2021131067104",
        "collision_injury_based": "1",
        "collision_ref_no": "131067104",
        "collision_severity": "3",
        "collision_year": 2021,
        "date": "16/07/2021",
        "day_of_week": "6",
        "did_police_officer_attend_scene_of_accident": "1",
        "enhanced_severity_collision": "3",
        "first_road_class": "3",
        "first_road_number": "629",
        "junction_control": "-1",
        "junction_detail": "0",
        "junction_detail_historic": "0",
        "latitude": "53.688415",
        "light_conditions": "1",
        "local_authority_district": "-1",
        "local_authority_highway": "E08000033",
        "local_authority_highway_current": "E08000033",
        "local_authority_ons_district": "E08000033",
        "location_easting_osgr": "410452",
        "location_northing_osgr": "421339",
        "longitude": "-1.84321",
        "lsoa_of_accident_location": "E01010889",
        "number_of_casualties": 1,
        "number_of_vehicles": 1,
        "pedestrian_crossing": "0",
        "pedestrian_crossing_human_control_historic": "0",
        "pedestrian_crossing_physical_facilities_historic": "0",
        "police_force": "13",
        "road_surface_conditions": "1",
        "road_type": "3",
        "second_road_class": "0",
        "second_road_number": "-1",
        "special_conditions_at_site": "0",
        "speed_limit": 50,
        "time": "17:48",
        "trunk_road_flag": "2",
        "urban_or_rural_area": "1",
        "weather_conditions": "1",
        "geometry_source": "collision_location",
        "source_year": 2021,
        "date_iso": "2021-07-16"
      }
    },
    {
      "type": "Feature",
      "id": "2021131034495",
      "geometry": {
        "type": "Point",
        "coordinates": [
          -1.834466,
          53.678651
        ]
      },
      "properties": {
        "carriageway_hazards": "0",
        "carriageway_hazards_historic": "0",
        "collision_adjusted_severity_serious": "0",
        "collision_adjusted_severity_slight": "1",
        "collision_index": "2021131034495",
        "collision_injury_based": "1",
        "collision_ref_no": "131034495",
        "collision_severity": "3",
        "collision_year": 2021,
        "date": "11/04/2021",
        "day_of_week": "1",
        "did_police_officer_attend_scene_of_accident": "1",
        "enhanced_severity_collision": "3",
        "first_road_class": "6",
        "first_road_number": "0",
        "junction_control": "-1",
        "junction_detail": "0",
        "junction_detail_historic": "0",
        "latitude": "53.678651",
        "light_conditions": "1",
        "local_authority_district": "-1",
        "local_authority_highway": "E08000033",
        "local_authority_highway_current": "E08000033",
        "local_authority_ons_district": "E08000033",
        "location_easting_osgr": "411032",
        "location_northing_osgr": "420254",
        "longitude": "-1.834466",
        "lsoa_of_accident_location": "E01010894",
        "number_of_casualties": 1,
        "number_of_vehicles": 2,
        "pedestrian_crossing": "0",
        "pedestrian_crossing_human_control_historic": "0",
        "pedestrian_crossing_physical_facilities_historic": "0",
        "police_force": "13",
        "road_surface_conditions": "2",
        "road_type": "6",
        "second_road_class": "0",
        "second_road_number": "-1",
        "special_conditions_at_site": "0",
        "speed_limit": 30,
        "time": "17:04",
        "trunk_road_flag": "2",
        "urban_or_rural_area": "1",
        "weather_conditions": "1",
        "geometry_source": "collision_location",
        "source_year": 2021,
        "date_iso": "2021-04-11"
      }
    },
    {
      "type": "Feature",
      "id": "20211382A1061",
      "geometry": {
        "type": "Point",
        "coordinates": [
          -1.777822,
          53.703592
        ]
      },
      "properties": {
        "carriageway_hazards": "0",
        "carriageway_hazards_historic": "0",
        "collision_adjusted_severity_serious": "0.01359",
        "collision_adjusted_severity_slight": "0.98641",
        "collision_index": "20211382A1061",
        "collision_injury_based": "0",
        "collision_ref_no": "1382A1061",
        "collision_severity": "3",
        "collision_year": 2021,
        "date": "10/02/2021",
        "day_of_week": "4",
        "did_police_officer_attend_scene_of_accident": "2",
        "enhanced_severity_collision": "-1",
        "first_road_class": "6",
        "first_road_number": "0",
        "junction_control": "1",
        "junction_detail": "0",
        "junction_detail_historic": "1",
        "latitude": "53.703592",
        "light_conditions": "1",
        "local_authority_district": "-1",
        "local_authority_highway": "E08000033",
        "local_authority_highway_current": "E08000033",
        "local_authority_ons_district": "E08000033",
        "location_easting_osgr": "414765",
        "location_northing_osgr": "423039",
        "longitude": "-1.777822",
        "lsoa_of_accident_location": "E01010878",
        "number_of_casualties": 1,
        "number_of_vehicles": 2,
        "pedestrian_crossing": "13",
        "pedestrian_crossing_human_control_historic": "0",
        "pedestrian_crossing_physical_facilities_historic": "1",
        "police_force": "13",
        "road_surface_conditions": "2",
        "road_type": "1",
        "second_road_class": "6",
        "second_road_number": "0",
        "special_conditions_at_site": "0",
        "speed_limit": 30,
        "time": "16:18",
        "trunk_road_flag": "2",
        "urban_or_rural_area": "1",
        "weather_conditions": "1",
        "geometry_source": "collision_location",
        "source_year": 2021,
        "date_iso": "2021-02-10"
      }
    },
    {
      "type": "Feature",
      "id": "2021131038240",
      "geometry": {
        "type": "Point",
        "coordinates": [
          -1.850342,
          53.727226
        ]
      },
      "properties": {
        "carriageway_hazards": "0",
        "carriageway_hazards_historic": "0",
        "collision_adjusted_severity_serious": "0",
        "collision_adjusted_severity_slight": "1",
        "collision_index": "2021131038240",
        "collision_injury_based": "1",
        "collision_ref_no": "131038240",
        "collision_severity": "3",
        "collision_year": 2021,
        "date": "22/04/2021",
        "day_of_week": "5",
        "did_police_officer_attend_scene_of_accident": "1",
        "enhanced_severity_collision": "3",
        "first_road_class": "3",
        "first_road_number": "58",
        "junction_control": "4",
        "junction_detail": "13",
        "junction_detail_historic": "3",
        "latitude": "53.727226",
        "light_conditions": "1",
        "local_authority_district": "-1",
        "local_authority_highway": "E08000033",
        "local_authority_highway_current": "E08000033",
        "local_authority_ons_district": "E08000033",
        "location_easting_osgr": "409972",
        "location_northing_osgr": "425656",
        "longitude": "-1.850342",
        "lsoa_of_accident_location": "E01010934",
        "number_of_casualties": 1,
        "number_of_vehicles": 2,
        "pedestrian_crossing": "15",
        "pedestrian_crossing_human_control_historic": "0",
        "pedestrian_crossing_physical_facilities_historic": "5",
        "police_force": "13",
        "road_surface_conditions": "1",
        "road_type": "6",
        "second_road_class": "6",
        "second_road_number": "0",
        "special_conditions_at_site": "0",
        "speed_limit": 40,
        "time": "17:32",
        "trunk_road_flag": "2",
        "urban_or_rural_area": "1",
        "weather_conditions": "1",
        "geometry_source": "collision_location",
        "source_year": 2021,
        "date_iso": "2021-04-22"
      }
    },
    {
      "type": "Feature",
      "id": "2021131121527",
      "geometry": {
        "type": "Point",
        "coordinates": [
          -1.84764,
          53.681868
        ]
      },
      "properties": {
        "carriageway_hazards": "0",
        "carriageway_hazards_historic": "0",
        "collision_adjusted_severity_serious": "0",
        "collision_adjusted_severity_slight": "1",
        "collision_index": "2021131121527",
        "collision_injury_based": "1",
        "collision_ref_no": "131121527",
        "collision_severity": "3",
        "collision_year": 2021,
        "date": "15/12/2021",
        "day_of_week": "4",
        "did_police_officer_attend_scene_of_accident": "1",
        "enhanced_severity_collision": "3",
        "first_road_class": "6",
        "first_road_number": "0",
        "junction_control": "4",
        "junction_detail": "0",
        "junction_detail_historic": "1",
        "latitude": "53.681868",
        "light_conditions": "1",
        "local_authority_district": "-1",
        "local_authority_highway": "E08000033",
        "local_authority_highway_current": "E08000033",
        "local_authority_ons_district": "E08000033",
        "location_easting_osgr": "410161",
        "location_northing_osgr": "420610",
        "longitude": "-1.84764",
        "lsoa_of_accident_location": "E01010903",
        "number_of_casualties": 1,
        "number_of_vehicles": 1,
        "pedestrian_crossing": "0",
        "pedestrian_crossing_human_control_historic": "0",
        "pedestrian_crossing_physical_facilities_historic": "0",
        "police_force": "13",
        "road_surface_conditions": "1",
        "road_type": "6",
        "second_road_class": "6",
        "second_road_number": "0",
        "special_conditions_at_site": "0",
        "speed_limit": 20,
        "time": "08:55",
        "trunk_road_flag": "2",
        "urban_or_rural_area": "1",
        "weather_conditions": "1",
        "geometry_source": "collision_location",
        "source_year": 2021,
        "date_iso": "2021-12-15"
      }
    },
    {
      "type": "Feature",
      "id": "2021131046355",
      "geometry": {
        "type": "Point",
        "coordinates": [
          -1.806504,
          53.725329
        ]
      },
      "properties": {
        "carriageway_hazards": "0",
        "carriageway_hazards_historic": "0",
        "collision_adjusted_severity_serious": "1",
        "collision_adjusted_severity_slight": "0",
        "collision_index": "2021131046355",
        "collision_injury_based": "1",
        "collision_ref_no": "131046355",
        "collision_severity": "2",
        "collision_year": 2021,
        "date": "18/05/2021",
        "day_of_week": "3",
        "did_police_officer_attend_scene_of_accident": "1",
        "enhanced_severity_collision": "7",
        "first_road_class": "6",
        "first_road_number": "0",
        "junction_control": "-1",
        "junction_detail": "0",
        "junction_detail_historic": "0",
        "latitude": "53.725329",
        "light_conditions": "1",
        "local_authority_district": "-1",
        "local_authority_highway": "E08000033",
        "local_authority_highway_current": "E08000033",
        "local_authority_ons_district": "E08000033",
        "location_easting_osgr": "412865",
        "location_northing_osgr": "425452",
        "longitude": "-1.806504",
        "lsoa_of_accident_location": "E01010906",
        "number_of_casualties": 1,
        "number_of_vehicles": 1,
        "pedestrian_crossing": "0",
        "pedestrian_crossing_human_control_historic": "0",
        "pedestrian_crossing_physical_facilities_historic": "0",
        "police_force": "13",
        "road_surface_conditions": "1",
        "road_type": "6",
        "second_road_class": "0",
        "second_road_number": "-1",
        "special_conditions_at_site": "0",
        "speed_limit": 30,
        "time": "09:31",
        "trunk_road_flag": "2",
        "urban_or_rural_area": "1",
        "weather_conditions": "1",
        "geometry_source": "collision_location",
        "source_year": 2021,
        "date_iso": "2021-05-18"
      }
    },
    {
      "type": "Feature",
      "id": "2021131074803",
      "geometry": {
        "type": "Point",
        "coordinates": [
          -1.863333,
          53.721929
        ]
      },
      "properties": {
        "carriageway_hazards": "0",
        "carriageway_hazards_historic": "0",
        "collision_adjusted_severity_serious": "0",
        "collision_adjusted_severity_slight": "1",
        "collision_index": "2021131074803",
        "collision_injury_based": "1",
        "collision_ref_no": "131074803",
        "collision_severity": "3",
        "collision_year": 2021,
        "date": "07/08/2021",
        "day_of_week": "7",
        "did_police_officer_attend_scene_of_accident": "2",
        "enhanced_severity_collision": "3",
        "first_road_class": "3",
        "first_road_number": "629",
        "junction_control": "4",
        "junction_detail": "0",
        "junction_detail_historic": "2",
        "latitude": "53.721929",
        "light_conditions": "4",
        "local_authority_district": "-1",
        "local_authority_highway": "E08000033",
        "local_authority_highway_current": "E08000033",
        "local_authority_ons_district": "E08000033",
        "location_easting_osgr": "409116",
        "location_northing_osgr": "425065",
        "longitude": "-1.863333",
        "lsoa_of_accident_location": "E01010994",
        "number_of_casualties": 1,
        "number_of_vehicles": 1,
        "pedestrian_crossing": "0",
        "pedestrian_crossing_human_control_historic": "0",
        "pedestrian_crossing_physical_facilities_historic": "0",
        "police_force": "13",
        "road_surface_conditions": "1",
        "road_type": "1",
        "second_road_class": "3",
        "second_road_number": "629",
        "special_conditions_at_site": "0",
        "speed_limit": 20,
        "time": "22:30",
        "trunk_road_flag": "2",
        "urban_or_rural_area": "1",
        "weather_conditions": "1",
        "geometry_source": "collision_location",
        "source_year": 2021,
        "date_iso": "2021-08-07"
      }
    },
    {
      "type": "Feature",
      "id": "20211381D0218",
      "geometry": {
        "type": "Point",
        "coordinates": [
          -1.917754,
          53.712667
        ]
      },
      "properties": {
        "carriageway_hazards": "0",
        "carriageway_hazards_historic": "0",
        "collision_adjusted_severity_serious": "0.10613",
        "collision_adjusted_severity_slight": "0.89387",
        "collision_index": "20211381D0218",
        "collision_injury_based": "0",
        "collision_ref_no": "1381D0218",
        "collision_severity": "3",
        "collision_year": 2021,
        "date": "12/01/2021",
        "day_of_week": "3",
        "did_police_officer_attend_scene_of_accident": "2",
        "enhanced_severity_collision": "-1",
        "first_road_class": "6",
        "first_road_number": "0",
        "junction_control": "-1",
        "junction_detail": "0",
        "junction_detail_historic": "0",
        "latitude": "53.712667",
        "light_conditions": "4",
        "local_authority_district": "-1",
        "local_authority_highway": "E08000033",
        "local_authority_highway_current": "E08000033",
        "local_authority_ons_district": "E08000033",
        "location_easting_osgr": "405526",
        "location_northing_osgr": "424029",
        "longitude": "-1.917754",
        "lsoa_of_accident_location": "E01010978",
        "number_of_casualties": 1,
        "number_of_vehicles": 2,
        "pedestrian_crossing": "0",
        "pedestrian_crossing_human_control_historic": "0",
        "pedestrian_crossing_physical_facilities_historic": "0",
        "police_force": "13",
        "road_surface_conditions": "1",
        "road_type": "6",
        "second_road_class": "0",
        "second_road_number": "-1",
        "special_conditions_at_site": "0",
        "speed_limit": 30,
        "time": "17:30",
        "trunk_road_flag": "2",
        "urban_or_rural_area": "1",
        "weather_conditions": "1",
        "geometry_source": "collision_location",
        "source_year": 2021,
        "date_iso": "2021-01-12"
      }
    },
    {
      "type": "Feature",
      "id": "2021131057500",
      "geometry": {
        "type": "Point",
        "coordinates": [
          -1.86482,
          53.721365
        ]
      },
      "properties": {
        "carriageway_hazards": "0",
        "carriageway_hazards_historic": "0",
        "collision_adjusted_severity_serious": "0",
        "collision_adjusted_severity_slight": "1",
        "collision_index": "2021131057500",
        "collision_injury_based": "1",
        "collision_ref_no": "131057500",
        "collision_severity": "3",
        "collision_year": 2021,
        "date": "19/06/2021",
        "day_of_week": "7",
        "did_police_officer_attend_scene_of_accident": "1",
        "enhanced_severity_collision": "3",
        "first_road_class": "6",
        "first_road_number": "0",
        "junction_control": "4",
        "junction_detail": "16",
        "junction_detail_historic": "6",
        "latitude": "53.721365",
        "light_conditions": "1",
        "local_authority_district": "-1",
        "local_authority_highway": "E08000033",
        "local_authority_highway_current": "E08000033",
        "local_authority_ons_district": "E08000033",
        "location_easting_osgr": "409018",
        "location_northing_osgr": "425002",
        "longitude": "-1.86482",
        "lsoa_of_accident_location": "E01010994",
        "number_of_casualties": 1,
        "number_of_vehicles": 3,
        "pedestrian_crossing": "0",
        "pedestrian_crossing_human_control_historic": "0",
        "pedestrian_crossing_physical_facilities_historic": "0",
        "police_force": "13",
        "road_surface_conditions": "1",
        "road_type": "6",
        "second_road_class": "6",
        "second_road_number": "0",
        "special_conditions_at_site": "0",
        "speed_limit": 20,
        "time": "14:10",
        "trunk_road_flag": "2",
        "urban_or_rural_area": "1",
        "weather_conditions": "1",
        "geometry_source": "collision_location",
        "source_year": 2021,
        "date_iso": "2021-06-19"
      }
    },
    {
      "type": "Feature",
      "id": "2021138370936",
      "geometry": {
        "type": "Point",
        "coordinates": [
          -2.097736,
          53.713958
        ]
      },
      "properties": {
        "carriageway_hazards": "0",
        "carriageway_hazards_historic": "0",
        "collision_adjusted_severity_serious": "0.07907",
        "collision_adjusted_severity_slight": "0.92093",
        "collision_index": "2021138370936",
        "collision_injury_based": "0",
        "collision_ref_no": "138370936",
        "collision_severity": "3",
        "collision_year": 2021,
        "date": "07/03/2021",
        "day_of_week": "1",
        "did_police_officer_attend_scene_of_accident": "2",
        "enhanced_severity_collision": "-1",
        "first_road_class": "6",
        "first_road_number": "0",
        "junction_control": "-1",
        "junction_detail": "0",
        "junction_detail_historic": "0",
        "latitude": "53.713958",
        "light_conditions": "1",
        "local_authority_district": "-1",
        "local_authority_highway": "E08000033",
        "local_authority_highway_current": "E08000033",
        "local_authority_ons_district": "E08000033",
        "location_easting_osgr": "393647",
        "location_northing_osgr": "424174",
        "longitude": "-2.097736",
        "lsoa_of_accident_location": "E01010983",
        "number_of_casualties": 1,
        "number_of_vehicles": 2,
        "pedestrian_crossing": "0",
        "pedestrian_crossing_human_control_historic": "0",
        "pedestrian_crossing_physical_facilities_historic": "0",
        "police_force": "13",
        "road_surface_conditions": "1",
        "road_type": "6",
        "second_road_class": "0",
        "second_road_number": "-1",
        "special_conditions_at_site": "0",
        "speed_limit": 30,
        "time": "14:11",
        "trunk_road_flag": "2",
        "urban_or_rural_area": "1",
        "weather_conditions": "1",
        "geometry_source": "collision_location",
        "source_year": 2021,
        "date_iso": "2021-03-07"
      }
    },
    {
      "type": "Feature",
      "id": "2021131098709",
      "geometry": {
        "type": "Point",
        "coordinates": [
          -1.78902,
          53.69377
        ]
      },
      "properties": {
        "carriageway_hazards": "0",
        "carriageway_hazards_historic": "0",
        "collision_adjusted_severity_serious": "0",
        "collision_adjusted_severity_slight": "1",
        "collision_index": "2021131098709",
        "collision_injury_based": "1",
        "collision_ref_no": "131098709",
        "collision_severity": "3",
        "collision_year": 2021,
        "date": "13/10/2021",
        "day_of_week": "4",
        "did_police_officer_attend_scene_of_accident": "1",
        "enhanced_severity_collision": "3",
        "first_road_class": "3",
        "first_road_number": "643",
        "junction_control": "4",
        "junction_detail": "19",
        "junction_detail_historic": "9",
        "latitude": "53.69377",
        "light_conditions": "1",
        "local_authority_district": "-1",
        "local_authority_highway": "E08000033",
        "local_authority_highway_current": "E08000033",
        "local_authority_ons_district": "E08000033",
        "location_easting_osgr": "414029",
        "location_northing_osgr": "421944",
        "longitude": "-1.78902",
        "lsoa_of_accident_location": "E01010951",
        "number_of_casualties": 1,
        "number_of_vehicles": 2,
        "pedestrian_crossing": "0",
        "pedestrian_crossing_human_control_historic": "0",
        "pedestrian_crossing_physical_facilities_historic": "0",
        "police_force": "13",
        "road_surface_conditions": "1",
        "road_type": "6",
        "second_road_class": "6",
        "second_road_number": "0",
        "special_conditions_at_site": "0",
        "speed_limit": 30,
        "time": "11:08",
        "trunk_road_flag": "2",
        "urban_or_rural_area": "1",
        "weather_conditions": "1",
        "geometry_source": "collision_location",
        "source_year": 2021,
        "date_iso": "2021-10-13"
      }
    },
    {
      "type": "Feature",
      "id": "2021131122411",
      "geometry": {
        "type": "Point",
        "coordinates": [
          -1.875273,
          53.722293
        ]
      },
      "properties": {
        "carriageway_hazards": "0",
        "carriageway_hazards_historic": "0",
        "collision_adjusted_severity_serious": "0",
        "collision_adjusted_severity_slight": "1",
        "collision_index": "2021131122411",
        "collision_injury_based": "1",
        "collision_ref_no": "131122411",
        "collision_severity": "3",
        "collision_year": 2021,
        "date": "17/12/2021",
        "day_of_week": "6",
        "did_police_officer_attend_scene_of_accident": "1",
        "enhanced_severity_collision": "3",
        "first_road_class": "6",
        "first_road_number": "0",
        "junction_control": "4",
        "junction_detail": "16",
        "junction_detail_historic": "6",
        "latitude": "53.722293",
        "light_conditions": "1",
        "local_authority_district": "-1",
        "local_authority_highway": "E08000033",
        "local_authority_highway_current": "E08000033",
        "local_authority_ons_district": "E08000033",
        "location_easting_osgr": "408328",
        "location_northing_osgr": "425104",
        "longitude": "-1.875273",
        "lsoa_of_accident_location": "E01010966",
        "number_of_casualties": 1,
        "number_of_vehicles": 2,
        "pedestrian_crossing": "0",
        "pedestrian_crossing_human_control_historic": "0",
        "pedestrian_crossing_physical_facilities_historic": "0",
        "police_force": "13",
        "road_surface_conditions": "2",
        "road_type": "6",
        "second_road_class": "6",
        "second_road_number": "0",
        "special_conditions_at_site": "0",
        "speed_limit": 30,
        "time": "11:32",
        "trunk_road_flag": "2",
        "urban_or_rural_area": "1",
        "weather_conditions": "8",
        "geometry_source": "collision_location",
        "source_year": 2021,
        "date_iso": "2021-12-17"
      }
    },
    {
      "type": "Feature",
      "id": "2021131044613",
      "geometry": {
        "type": "Point",
        "coordinates": [
          -1.924961,
          53.758592
        ]
      },
      "properties": {
        "carriageway_hazards": "0",
        "carriageway_hazards_historic": "0",
        "collision_adjusted_severity_serious": "0",
        "collision_adjusted_severity_slight": "1",
        "collision_index": "2021131044613",
        "collision_injury_based": "1",
        "collision_ref_no": "131044613",
        "collision_severity": "3",
        "collision_year": 2021,
        "date": "12/05/2021",
        "day_of_week": "4",
        "did_police_officer_attend_scene_of_accident": "1",
        "enhanced_severity_collision": "3",
        "first_road_class": "6",
        "first_road_number": "0",
        "junction_control": "-1",
        "junction_detail": "0",
        "junction_detail_historic": "0",
        "latitude": "53.758592",
        "light_conditions": "6",
        "local_authority_district": "-1",
        "local_authority_highway": "E08000033",
        "local_authority_highway_current": "E08000033",
        "local_authority_ons_district": "E08000033",
        "location_easting_osgr": "405045",
        "location_northing_osgr": "429138",
        "longitude": "-1.924961",
        "lsoa_of_accident_location": "E01010925",
        "number_of_casualties": 1,
        "number_of_vehicles": 1,
        "pedestrian_crossing": "0",
        "pedestrian_crossing_human_control_historic": "0",
        "pedestrian_crossing_physical_facilities_historic": "0",
        "police_force": "13",
        "road_surface_conditions": "2",
        "road_type": "9",
        "second_road_class": "0",
        "second_road_number": "-1",
        "special_conditions_at_site": "0",
        "speed_limit": 60,
        "time": "21:56",
        "trunk_road_flag": "2",
        "urban_or_rural_area": "2",
        "weather_conditions": "8",
        "geometry_source": "collision_location",
        "source_year": 2021,
        "date_iso": "2021-05-12"
      }
    },
    {
      "type": "Feature",
      "id": "2021131095502",
      "geometry": {
        "type": "Point",
        "coordinates": [
          -1.869132,
          53.723536
        ]
      },
      "properties": {
        "carriageway_hazards": "0",
        "carriageway_hazards_historic": "0",
        "collision_adjusted_severity_serious": "0",
        "collision_adjusted_severity_slight": "1",
        "collision_index": "2021131095502",
        "collision_injury_based": "1",
        "collision_ref_no": "131095502",
        "collision_severity": "3",
        "collision_year": 2021,
        "date": "05/10/2021",
        "day_of_week": "3",
        "did_police_officer_attend_scene_of_accident": "2",
        "enhanced_severity_collision": "3",
        "first_road_class": "6",
        "first_road_number": "0",
        "junction_control": "4",
        "junction_detail": "13",
        "junction_detail_historic": "3",
        "latitude": "53.723536",
        "light_conditions": "4",
        "local_authority_district": "-1",
        "local_authority_highway": "E08000033",
        "local_authority_highway_current": "E08000033",
        "local_authority_ons_district": "E08000033",
        "location_easting_osgr": "408733",
        "location_northing_osgr": "425243",
        "longitude": "-1.869132",
        "lsoa_of_accident_location": "E01010965",
        "number_of_casualties": 1,
        "number_of_vehicles": 1,
        "pedestrian_crossing": "0",
        "pedestrian_crossing_human_control_historic": "0",
        "pedestrian_crossing_physical_facilities_historic": "0",
        "police_force": "13",
        "road_surface_conditions": "2",
        "road_type": "6",
        "second_road_class": "6",
        "second_road_number": "0",
        "special_conditions_at_site": "0",
        "speed_limit": 20,
        "time": "19:45",
        "trunk_road_flag": "2",
        "urban_or_rural_area": "1",
        "weather_conditions": "5",
        "geometry_source": "collision_location",
        "source_year": 2021,
        "date_iso": "2021-10-05"
      }
    },
    {
      "type": "Feature",
      "id": "2021131121871",
      "geometry": {
        "type": "Point",
        "coordinates": [
          -1.91413,
          53.706984
        ]
      },
      "properties": {
        "carriageway_hazards": "0",
        "carriageway_hazards_historic": "0",
        "collision_adjusted_severity_serious": "0",
        "collision_adjusted_severity_slight": "1",
        "collision_index": "2021131121871",
        "collision_injury_based": "1",
        "collision_ref_no": "131121871",
        "collision_severity": "3",
        "collision_year": 2021,
        "date": "13/12/2021",
        "day_of_week": "2",
        "did_police_officer_attend_scene_of_accident": "2",
        "enhanced_severity_collision": "3",
        "first_road_class": "6",
        "first_road_number": "0",
        "junction_control": "-1",
        "junction_detail": "0",
        "junction_detail_historic": "0",
        "latitude": "53.706984",
        "light_conditions": "4",
        "local_authority_district": "-1",
        "local_authority_highway": "E08000033",
        "local_authority_highway_current": "E08000033",
        "local_authority_ons_district": "E08000033",
        "location_easting_osgr": "405766",
        "location_northing_osgr": "423397",
        "longitude": "-1.91413",
        "lsoa_of_accident_location": "E01010979",
        "number_of_casualties": 1,
        "number_of_vehicles": 1,
        "pedestrian_crossing": "13",
        "pedestrian_crossing_human_control_historic": "0",
        "pedestrian_crossing_physical_facilities_historic": "1",
        "police_force": "13",
        "road_surface_conditions": "1",
        "road_type": "3",
        "second_road_class": "0",
        "second_road_number": "-1",
        "special_conditions_at_site": "0",
        "speed_limit": 30,
        "time": "18:30",
        "trunk_road_flag": "2",
        "urban_or_rural_area": "1",
        "weather_conditions": "1",
        "geometry_source": "collision_location",
        "source_year": 2021,
        "date_iso": "2021-12-13"
      }
    },
    {
      "type": "Feature",
      "id": "2021131103856",
      "geometry": {
        "type": "Point",
        "coordinates": [
          -1.788446,
          53.732984
        ]
      },
      "properties": {
        "carriageway_hazards": "0",
        "carriageway_hazards_historic": "0",
        "collision_adjusted_severity_serious": "0",
        "collision_adjusted_severity_slight": "1",
        "collision_index": "2021131103856",
        "collision_injury_based": "1",
        "collision_ref_no": "131103856",
        "collision_severity": "3",
        "collision_year": 2021,
        "date": "29/10/2021",
        "day_of_week": "6",
        "did_police_officer_attend_scene_of_accident": "1",
        "enhanced_severity_collision": "3",
        "first_road_class": "6",
        "first_road_number": "0",
        "junction_control": "-1",
        "junction_detail": "0",
        "junction_detail_historic": "0",
        "latitude": "53.732984",
        "light_conditions": "1",
        "local_authority_district": "-1",
        "local_authority_highway": "E08000033",
        "local_authority_highway_current": "E08000033",
        "local_authority_ons_district": "E08000033",
        "location_easting_osgr": "414054",
        "location_northing_osgr": "426307",
        "longitude": "-1.788446",
        "lsoa_of_accident_location": "E01010905",
        "number_of_casualties": 1,
        "number_of_vehicles": 2,
        "pedestrian_crossing": "0",
        "pedestrian_crossing_human_control_historic": "0",
        "pedestrian_crossing_physical_facilities_historic": "0",
        "police_force": "13",
        "road_surface_conditions": "2",
        "road_type": "6",
        "second_road_class": "0",
        "second_road_number": "-1",
        "special_conditions_at_site": "0",
        "speed_limit": 50,
        "time": "13:08",
        "trunk_road_flag": "2",
        "urban_or_rural_area": "1",
        "weather_conditions": "2",
        "geometry_source": "collision_location",
        "source_year": 2021,
        "date_iso": "2021-10-29"
      }
    },
    {
      "type": "Feature",
      "id": "2021131109409",
      "geometry": {
        "type": "Point",
        "coordinates": [
          -1.998236,
          53.701208
        ]
      },
      "properties": {
        "carriageway_hazards": "0",
        "carriageway_hazards_historic": "0",
        "collision_adjusted_severity_serious": "0",
        "collision_adjusted_severity_slight": "1",
        "collision_index": "2021131109409",
        "collision_injury_based": "1",
        "collision_ref_no": "131109409",
        "collision_severity": "3",
        "collision_year": 2021,
        "date": "11/11/2021",
        "day_of_week": "5",
        "did_police_officer_attend_scene_of_accident": "1",
        "enhanced_severity_collision": "3",
        "first_road_class": "4",
        "first_road_number": "6138",
        "junction_control": "-1",
        "junction_detail": "0",
        "junction_detail_historic": "0",
        "latitude": "53.701208",
        "light_conditions": "1",
        "local_authority_district": "-1",
        "local_authority_highway": "E08000033",
        "local_authority_highway_current": "E08000033",
        "local_authority_ons_district": "E08000033",
        "location_easting_osgr": "400214",
        "location_northing_osgr": "422751",
        "longitude": "-1.998236",
        "lsoa_of_accident_location": "E01010918",
        "number_of_casualties": 1,
        "number_of_vehicles": 2,
        "pedestrian_crossing": "0",
        "pedestrian_crossing_human_control_historic": "0",
        "pedestrian_crossing_physical_facilities_historic": "0",
        "police_force": "13",
        "road_surface_conditions": "1",
        "road_type": "6",
        "second_road_class": "0",
        "second_road_number": "-1",
        "special_conditions_at_site": "0",
        "speed_limit": 30,
        "time": "15:03",
        "trunk_road_flag": "2",
        "urban_or_rural_area": "2",
        "weather_conditions": "1",
        "geometry_source": "collision_location",
        "source_year": 2021,
        "date_iso": "2021-11-11"
      }
    },
    {
      "type": "Feature",
      "id": "2021131050333",
      "geometry": {
        "type": "Point",
        "coordinates": [
          -1.859342,
          53.723354
        ]
      },
      "properties": {
        "carriageway_hazards": "0",
        "carriageway_hazards_historic": "0",
        "collision_adjusted_severity_serious": "0",
        "collision_adjusted_severity_slight": "1",
        "collision_index": "2021131050333",
        "collision_injury_based": "1",
        "collision_ref_no": "131050333",
        "collision_severity": "3",
        "collision_year": 2021,
        "date": "28/05/2021",
        "day_of_week": "6",
        "did_police_officer_attend_scene_of_accident": "1",
        "enhanced_severity_collision": "3",
        "first_road_class": "6",
        "first_road_number": "0",
        "junction_control": "-1",
        "junction_detail": "0",
        "junction_detail_historic": "0",
        "latitude": "53.723354",
        "light_conditions": "1",
        "local_authority_district": "-1",
        "local_authority_highway": "E08000033",
        "local_authority_highway_current": "E08000033",
        "local_authority_ons_district": "E08000033",
        "location_easting_osgr": "409379",
        "location_northing_osgr": "425224",
        "longitude": "-1.859342",
        "lsoa_of_accident_location": "E01010994",
        "number_of_casualties": 1,
        "number_of_vehicles": 2,
        "pedestrian_crossing": "0",
        "pedestrian_crossing_human_control_historic": "0",
        "pedestrian_crossing_physical_facilities_historic": "0",
        "police_force": "13",
        "road_surface_conditions": "2",
        "road_type": "6",
        "second_road_class": "0",
        "second_road_number": "-1",
        "special_conditions_at_site": "0",
        "speed_limit": 20,
        "time": "14:20",
        "trunk_road_flag": "2",
        "urban_or_rural_area": "1",
        "weather_conditions": "2",
        "geometry_source": "collision_location",
        "source_year": 2021,
        "date_iso": "2021-05-28"
      }
    },
    {
      "type": "Feature",
      "id": "20211383T0362",
      "geometry": {
        "type": "Point",
        "coordinates": [
          -1.828539,
          53.672989
        ]
      },
      "properties": {
        "carriageway_hazards": "0",
        "carriageway_hazards_historic": "0",
        "collision_adjusted_severity_serious": "0.05652",
        "collision_adjusted_severity_slight": "0.94348",
        "collision_index": "20211383T0362",
        "collision_injury_based": "0",
        "collision_ref_no": "1383T0362",
        "collision_severity": "3",
        "collision_year": 2021,
        "date": "29/03/2021",
        "day_of_week": "2",
        "did_police_officer_attend_scene_of_accident": "1",
        "enhanced_severity_collision": "-1",
        "first_road_class": "1",
        "first_road_number": "62",
        "junction_control": "-1",
        "junction_detail": "0",
        "junction_detail_historic": "0",
        "latitude": "53.672989",
        "light_conditions": "1",
        "local_authority_district": "-1",
        "local_authority_highway": "E08000033",
        "local_authority_highway_current": "E08000033",
        "local_authority_ons_district": "E08000033",
        "location_easting_osgr": "411425",
        "location_northing_osgr": "419625",
        "longitude": "-1.828539",
        "lsoa_of_accident_location": "E01010901",
        "number_of_casualties": 1,
        "number_of_vehicles": 1,
        "pedestrian_crossing": "0",
        "pedestrian_crossing_human_control_historic": "0",
        "pedestrian_crossing_physical_facilities_historic": "0",
        "police_force": "13",
        "road_surface_conditions": "1",
        "road_type": "3",
        "second_road_class": "0",
        "second_road_number": "-1",
        "special_conditions_at_site": "0",
        "speed_limit": 70,
        "time": "09:00",
        "trunk_road_flag": "1",
        "urban_or_rural_area": "1",
        "weather_conditions": "4",
        "geometry_source": "collision_location",
        "source_year": 2021,
        "date_iso": "2021-03-29"
      }
    },
    {
      "type": "Feature",
      "id": "2021131045642",
      "geometry": {
        "type": "Point",
        "coordinates": [
          -1.897234,
          53.727742
        ]
      },
      "properties": {
        "carriageway_hazards": "0",
        "carriageway_hazards_historic": "0",
        "collision_adjusted_severity_serious": "0",
        "collision_adjusted_severity_slight": "1",
        "collision_index": "2021131045642",
        "collision_injury_based": "1",
        "collision_ref_no": "131045642",
        "collision_severity": "3",
        "collision_year": 2021,
        "date": "15/05/2021",
        "day_of_week": "7",
        "did_police_officer_attend_scene_of_accident": "1",
        "enhanced_severity_collision": "3",
        "first_road_class": "6",
        "first_road_number": "0",
        "junction_control": "4",
        "junction_detail": "13",
        "junction_detail_historic": "3",
        "latitude": "53.727742",
        "light_conditions": "1",
        "local_authority_district": "-1",
        "local_authority_highway": "E08000033",
        "local_authority_highway_current": "E08000033",
        "local_authority_ons_district": "E08000033",
        "location_easting_osgr": "406878",
        "location_northing_osgr": "425708",
        "longitude": "-1.897234",
        "lsoa_of_accident_location": "E01010930",
        "number_of_casualties": 1,
        "number_of_vehicles": 2,
        "pedestrian_crossing": "0",
        "pedestrian_crossing_human_control_historic": "0",
        "pedestrian_crossing_physical_facilities_historic": "0",
        "police_force": "13",
        "road_surface_conditions": "2",
        "road_type": "6",
        "second_road_class": "6",
        "second_road_number": "0",
        "special_conditions_at_site": "0",
        "speed_limit": 20,
        "time": "18:45",
        "trunk_road_flag": "2",
        "urban_or_rural_area": "1",
        "weather_conditions": "2",
        "geometry_source": "collision_location",
        "source_year": 2021,
        "date_iso": "2021-05-15"
      }
    },
    {
      "type": "Feature",
      "id": "2021131078067",
      "geometry": {
        "type": "Point",
        "coordinates": [
          -1.812571,
          53.683158
        ]
      },
      "properties": {
        "carriageway_hazards": "0",
        "carriageway_hazards_historic": "0",
        "collision_adjusted_severity_serious": "0",
        "collision_adjusted_severity_slight": "1",
        "collision_index": "2021131078067",
        "collision_injury_based": "1",
        "collision_ref_no": "131078067",
        "collision_severity": "3",
        "collision_year": 2021,
        "date": "18/08/2021",
        "day_of_week": "4",
        "did_police_officer_attend_scene_of_accident": "1",
        "enhanced_severity_collision": "3",
        "first_road_class": "6",
        "first_road_number": "0",
        "junction_control": "4",
        "junction_detail": "13",
        "junction_detail_historic": "3",
        "latitude": "53.683158",
        "light_conditions": "1",
        "local_authority_district": "-1",
        "local_authority_highway": "E08000033",
        "local_authority_highway_current": "E08000033",
        "local_authority_ons_district": "E08000033",
        "location_easting_osgr": "412477",
        "location_northing_osgr": "420759",
        "longitude": "-1.812571",
        "lsoa_of_accident_location": "E01010892",
        "number_of_casualties": 1,
        "number_of_vehicles": 2,
        "pedestrian_crossing": "0",
        "pedestrian_crossing_human_control_historic": "0",
        "pedestrian_crossing_physical_facilities_historic": "0",
        "police_force": "13",
        "road_surface_conditions": "1",
        "road_type": "6",
        "second_road_class": "4",
        "second_road_number": "6114",
        "special_conditions_at_site": "0",
        "speed_limit": 30,
        "time": "08:30",
        "trunk_road_flag": "2",
        "urban_or_rural_area": "2",
        "weather_conditions": "1",
        "geometry_source": "collision_location",
        "source_year": 2021,
        "date_iso": "2021-08-18"
      }
    },
    {
      "type": "Feature",
      "id": "2021131042336",
      "geometry": {
        "type": "Point",
        "coordinates": [
          -1.838696,
          53.73272
        ]
      },
      "properties": {
        "carriageway_hazards": "11",
        "carriageway_hazards_historic": "0",
        "collision_adjusted_severity_serious": "1",
        "collision_adjusted_severity_slight": "0",
        "collision_index": "2021131042336",
        "collision_injury_based": "1",
        "collision_ref_no": "131042336",
        "collision_severity": "2",
        "collision_year": 2021,
        "date": "05/05/2021",
        "day_of_week": "4",
        "did_police_officer_attend_scene_of_accident": "1",
        "enhanced_severity_collision": "7",
        "first_road_class": "3",
        "first_road_number": "58",
        "junction_control": "2",
        "junction_detail": "16",
        "junction_detail_historic": "6",
        "latitude": "53.73272",
        "light_conditions": "1",
        "local_authority_district": "-1",
        "local_authority_highway": "E08000033",
        "local_authority_highway_current": "E08000033",
        "local_authority_ons_district": "E08000033",
        "location_easting_osgr": "410739",
        "location_northing_osgr": "426269",
        "longitude": "-1.838696",
        "lsoa_of_accident_location": "E01010937",
        "number_of_casualties": 1,
        "number_of_vehicles": 1,
        "pedestrian_crossing": "15",
        "pedestrian_crossing_human_control_historic": "0",
        "pedestrian_crossing_physical_facilities_historic": "5",
        "police_force": "13",
        "road_surface_conditions": "1",
        "road_type": "6",
        "second_road_class": "6",
        "second_road_number": "0",
        "special_conditions_at_site": "2",
        "speed_limit": 30,
        "time": "18:45",
        "trunk_road_flag": "2",
        "urban_or_rural_area": "1",
        "weather_conditions": "1",
        "geometry_source": "collision_location",
        "source_year": 2021,
        "date_iso": "2021-05-05"
      }
    },
    {
      "type": "Feature",
      "id": "2021131050665",
      "geometry": {
        "type": "Point",
        "coordinates": [
          -2.020889,
          53.62976
        ]
      },
      "properties": {
        "carriageway_hazards": "0",
        "carriageway_hazards_historic": "0",
        "collision_adjusted_severity_serious": "1",
        "collision_adjusted_severity_slight": "0",
        "collision_index": "2021131050665",
        "collision_injury_based": "1",
        "collision_ref_no": "131050665",
        "collision_severity": "2",
        "collision_year": 2021,
        "date": "31/05/2021",
        "day_of_week": "2",
        "did_police_officer_attend_scene_of_accident": "1",
        "enhanced_severity_collision": "6",
        "first_road_class": "1",
        "first_road_number": "62",
        "junction_control": "-1",
        "junction_detail": "0",
        "junction_detail_historic": "0",
        "latitude": "53.62976",
        "light_conditions": "1",
        "local_authority_district": "-1",
        "local_authority_highway": "E08000033",
        "local_authority_highway_current": "E08000033",
        "local_authority_ons_district": "E08000033",
        "location_easting_osgr": "398716",
        "location_northing_osgr": "414802",
        "longitude": "-2.020889",
        "lsoa_of_accident_location": "E01010955",
        "number_of_casualties": 1,
        "number_of_vehicles": 4,
        "pedestrian_crossing": "0",
        "pedestrian_crossing_human_control_historic": "0",
        "pedestrian_crossing_physical_facilities_historic": "0",
        "police_force": "13",
        "road_surface_conditions": "1",
        "road_type": "3",
        "second_road_class": "0",
        "second_road_number": "-1",
        "special_conditions_at_site": "0",
        "speed_limit": 70,
        "time": "16:46",
        "trunk_road_flag": "1",
        "urban_or_rural_area": "2",
        "weather_conditions": "1",
        "geometry_source": "collision_location",
        "source_year": 2021,
        "date_iso": "2021-05-31"
      }
    },
    {
      "type": "Feature",
      "id": "2021131047994",
      "geometry": {
        "type": "Point",
        "coordinates": [
          -2.001473,
          53.632557
        ]
      },
      "properties": {
        "carriageway_hazards": "0",
        "carriageway_hazards_historic": "0",
        "collision_adjusted_severity_serious": "0",
        "collision_adjusted_severity_slight": "1",
        "collision_index": "2021131047994",
        "collision_injury_based": "1",
        "collision_ref_no": "131047994",
        "collision_severity": "3",
        "collision_year": 2021,
        "date": "22/05/2021",
        "day_of_week": "7",
        "did_police_officer_attend_scene_of_accident": "1",
        "enhanced_severity_collision": "3",
        "first_road_class": "1",
        "first_road_number": "62",
        "junction_control": "-1",
        "junction_detail": "0",
        "junction_detail_historic": "0",
        "latitude": "53.632557",
        "light_conditions": "1",
        "local_authority_district": "-1",
        "local_authority_highway": "E08000033",
        "local_authority_highway_current": "E08000033",
        "local_authority_ons_district": "E08000033",
        "location_easting_osgr": "400000",
        "location_northing_osgr": "415113",
        "longitude": "-2.001473",
        "lsoa_of_accident_location": "E01010955",
        "number_of_casualties": 2,
        "number_of_vehicles": 2,
        "pedestrian_crossing": "0",
        "pedestrian_crossing_human_control_historic": "0",
        "pedestrian_crossing_physical_facilities_historic": "0",
        "police_force": "13",
        "road_surface_conditions": "1",
        "road_type": "3",
        "second_road_class": "0",
        "second_road_number": "-1",
        "special_conditions_at_site": "0",
        "speed_limit": 70,
        "time": "17:55",
        "trunk_road_flag": "1",
        "urban_or_rural_area": "2",
        "weather_conditions": "1",
        "geometry_source": "collision_location",
        "source_year": 2021,
        "date_iso": "2021-05-22"
      }
    },
    {
      "type": "Feature",
      "id": "2021131048088",
      "geometry": {
        "type": "Point",
        "coordinates": [
          -1.891414,
          53.745417
        ]
      },
      "properties": {
        "carriageway_hazards": "0",
        "carriageway_hazards_historic": "0",
        "collision_adjusted_severity_serious": "1",
        "collision_adjusted_severity_slight": "0",
        "collision_index": "2021131048088",
        "collision_injury_based": "1",
        "collision_ref_no": "131048088",
        "collision_severity": "2",
        "collision_year": 2021,
        "date": "23/05/2021",
        "day_of_week": "1",
        "did_police_officer_attend_scene_of_accident": "1",
        "enhanced_severity_collision": "5",
        "first_road_class": "6",
        "first_road_number": "0",
        "junction_control": "4",
        "junction_detail": "13",
        "junction_detail_historic": "3",
        "latitude": "53.745417",
        "light_conditions": "1",
        "local_authority_district": "-1",
        "local_authority_highway": "E08000033",
        "local_authority_highway_current": "E08000033",
        "local_authority_ons_district": "E08000033",
        "location_easting_osgr": "407259",
        "location_northing_osgr": "427675",
        "longitude": "-1.891414",
        "lsoa_of_accident_location": "E01010941",
        "number_of_casualties": 1,
        "number_of_vehicles": 3,
        "pedestrian_crossing": "0",
        "pedestrian_crossing_human_control_historic": "0",
        "pedestrian_crossing_physical_facilities_historic": "0",
        "police_force": "13",
        "road_surface_conditions": "1",
        "road_type": "6",
        "second_road_class": "6",
        "second_road_number": "0",
        "special_conditions_at_site": "0",
        "speed_limit": 20,
        "time": "12:20",
        "trunk_road_flag": "2",
        "urban_or_rural_area": "1",
        "weather_conditions": "1",
        "geometry_source": "collision_location",
        "source_year": 2021,
        "date_iso": "2021-05-23"
      }
    },
    {
      "type": "Feature",
      "id": "2021131080457",
      "geometry": {
        "type": "Point",
        "coordinates": [
          -1.829252,
          53.672613
        ]
      },
      "properties": {
        "carriageway_hazards": "0",
        "carriageway_hazards_historic": "0",
        "collision_adjusted_severity_serious": "0",
        "collision_adjusted_severity_slight": "1",
        "collision_index": "2021131080457",
        "collision_injury_based": "1",
        "collision_ref_no": "131080457",
        "collision_severity": "3",
        "collision_year": 2021,
        "date": "24/08/2021",
        "day_of_week": "3",
        "did_police_officer_attend_scene_of_accident": "1",
        "enhanced_severity_collision": "3",
        "first_road_class": "1",
        "first_road_number": "62",
        "junction_control": "-1",
        "junction_detail": "0",
        "junction_detail_historic": "0",
        "latitude": "53.672613",
        "light_conditions": "1",
        "local_authority_district": "-1",
        "local_authority_highway": "E08000033",
        "local_authority_highway_current": "E08000033",
        "local_authority_ons_district": "E08000033",
        "location_easting_osgr": "411378",
        "location_northing_osgr": "419583",
        "longitude": "-1.829252",
        "lsoa_of_accident_location": "E01010901",
        "number_of_casualties": 2,
        "number_of_vehicles": 3,
        "pedestrian_crossing": "0",
        "pedestrian_crossing_human_control_historic": "0",
        "pedestrian_crossing_physical_facilities_historic": "0",
        "police_force": "13",
        "road_surface_conditions": "1",
        "road_type": "7",
        "second_road_class": "0",
        "second_road_number": "-1",
        "special_conditions_at_site": "0",
        "speed_limit": 70,
        "time": "16:50",
        "trunk_road_flag": "1",
        "urban_or_rural_area": "1",
        "weather_conditions": "1",
        "geometry_source": "collision_location",
        "source_year": 2021,
        "date_iso": "2021-08-24"
      }
    },
    {
      "type": "Feature",
      "id": "2021131120095",
      "geometry": {
        "type": "Point",
        "coordinates": [
          -1.834122,
          53.68523
        ]
      },
      "properties": {
        "carriageway_hazards": "0",
        "carriageway_hazards_historic": "0",
        "collision_adjusted_severity_serious": "0",
        "collision_adjusted_severity_slight": "1",
        "collision_index": "2021131120095",
        "collision_injury_based": "1",
        "collision_ref_no": "131120095",
        "collision_severity": "3",
        "collision_year": 2021,
        "date": "11/12/2021",
        "day_of_week": "7",
        "did_police_officer_attend_scene_of_accident": "1",
        "enhanced_severity_collision": "3",
        "first_road_class": "4",
        "first_road_number": "6114",
        "junction_control": "-1",
        "junction_detail": "0",
        "junction_detail_historic": "0",
        "latitude": "53.68523",
        "light_conditions": "4",
        "local_authority_district": "-1",
        "local_authority_highway": "E08000033",
        "local_authority_highway_current": "E08000033",
        "local_authority_ons_district": "E08000033",
        "location_easting_osgr": "411053",
        "location_northing_osgr": "420986",
        "longitude": "-1.834122",
        "lsoa_of_accident_location": "E01010890",
        "number_of_casualties": 1,
        "number_of_vehicles": 1,
        "pedestrian_crossing": "13",
        "pedestrian_crossing_human_control_historic": "0",
        "pedestrian_crossing_physical_facilities_historic": "1",
        "police_force": "13",
        "road_surface_conditions": "2",
        "road_type": "6",
        "second_road_class": "0",
        "second_road_number": "-1",
        "special_conditions_at_site": "0",
        "speed_limit": 30,
        "time": "16:01",
        "trunk_road_flag": "2",
        "urban_or_rural_area": "1",
        "weather_conditions": "2",
        "geometry_source": "collision_location",
        "source_year": 2021,
        "date_iso": "2021-12-11"
      }
    },
    {
      "type": "Feature",
      "id": "2021131052374",
      "geometry": {
        "type": "Point",
        "coordinates": [
          -1.886369,
          53.715707
        ]
      },
      "properties": {
        "carriageway_hazards": "0",
        "carriageway_hazards_historic": "0",
        "collision_adjusted_severity_serious": "0",
        "collision_adjusted_severity_slight": "1",
        "collision_index": "2021131052374",
        "collision_injury_based": "1",
        "collision_ref_no": "131052374",
        "collision_severity": "3",
        "collision_year": 2021,
        "date": "04/06/2021",
        "day_of_week": "6",
        "did_police_officer_attend_scene_of_accident": "1",
        "enhanced_severity_collision": "3",
        "first_road_class": "6",
        "first_road_number": "0",
        "junction_control": "4",
        "junction_detail": "16",
        "junction_detail_historic": "6",
        "latitude": "53.715707",
        "light_conditions": "1",
        "local_authority_district": "-1",
        "local_authority_highway": "E08000033",
        "local_authority_highway_current": "E08000033",
        "local_authority_ons_district": "E08000033",
        "location_easting_osgr": "407597",
        "location_northing_osgr": "424370",
        "longitude": "-1.886369",
        "lsoa_of_accident_location": "E01011003",
        "number_of_casualties": 1,
        "number_of_vehicles": 2,
        "pedestrian_crossing": "0",
        "pedestrian_crossing_human_control_historic": "0",
        "pedestrian_crossing_physical_facilities_historic": "0",
        "police_force": "13",
        "road_surface_conditions": "1",
        "road_type": "6",
        "second_road_class": "6",
        "second_road_number": "0",
        "special_conditions_at_site": "0",
        "speed_limit": 20,
        "time": "20:45",
        "trunk_road_flag": "2",
        "urban_or_rural_area": "1",
        "weather_conditions": "1",
        "geometry_source": "collision_location",
        "source_year": 2021,
        "date_iso": "2021-06-04"
      }
    },
    {
      "type": "Feature",
      "id": "2021131075497",
      "geometry": {
        "type": "Point",
        "coordinates": [
          -1.745687,
          53.699627
        ]
      },
      "properties": {
        "carriageway_hazards": "0",
        "carriageway_hazards_historic": "0",
        "collision_adjusted_severity_serious": "0",
        "collision_adjusted_severity_slight": "1",
        "collision_index": "2021131075497",
        "collision_injury_based": "1",
        "collision_ref_no": "131075497",
        "collision_severity": "3",
        "collision_year": 2021,
        "date": "09/08/2021",
        "day_of_week": "2",
        "did_police_officer_attend_scene_of_accident": "1",
        "enhanced_severity_collision": "3",
        "first_road_class": "1",
        "first_road_number": "62",
        "junction_control": "-1",
        "junction_detail": "0",
        "junction_detail_historic": "0",
        "latitude": "53.699627",
        "light_conditions": "4",
        "local_authority_district": "-1",
        "local_authority_highway": "E08000033",
        "local_authority_highway_current": "E08000033",
        "local_authority_ons_district": "E08000033",
        "location_easting_osgr": "416888",
        "location_northing_osgr": "422605",
        "longitude": "-1.745687",
        "lsoa_of_accident_location": "E01010879",
        "number_of_casualties": 1,
        "number_of_vehicles": 1,
        "pedestrian_crossing": "0",
        "pedestrian_crossing_human_control_historic": "0",
        "pedestrian_crossing_physical_facilities_historic": "0",
        "police_force": "13",
        "road_surface_conditions": "1",
        "road_type": "3",
        "second_road_class": "0",
        "second_road_number": "-1",
        "special_conditions_at_site": "0",
        "speed_limit": 70,
        "time": "20:53",
        "trunk_road_flag": "1",
        "urban_or_rural_area": "2",
        "weather_conditions": "1",
        "geometry_source": "collision_location",
        "source_year": 2021,
        "date_iso": "2021-08-09"
      }
    },
    {
      "type": "Feature",
      "id": "2021131081907",
      "geometry": {
        "type": "Point",
        "coordinates": [
          -2.015143,
          53.630282
        ]
      },
      "properties": {
        "carriageway_hazards": "0",
        "carriageway_hazards_historic": "0",
        "collision_adjusted_severity_serious": "0",
        "collision_adjusted_severity_slight": "1",
        "collision_index": "2021131081907",
        "collision_injury_based": "1",
        "collision_ref_no": "131081907",
        "collision_severity": "3",
        "collision_year": 2021,
        "date": "28/08/2021",
        "day_of_week": "7",
        "did_police_officer_attend_scene_of_accident": "1",
        "enhanced_severity_collision": "3",
        "first_road_class": "1",
        "first_road_number": "62",
        "junction_control": "-1",
        "junction_detail": "0",
        "junction_detail_historic": "0",
        "latitude": "53.630282",
        "light_conditions": "4",
        "local_authority_district": "-1",
        "local_authority_highway": "E08000033",
        "local_authority_highway_current": "E08000033",
        "local_authority_ons_district": "E08000033",
        "location_easting_osgr": "399096",
        "location_northing_osgr": "414860",
        "longitude": "-2.015143",
        "lsoa_of_accident_location": "E01010955",
        "number_of_casualties": 1,
        "number_of_vehicles": 2,
        "pedestrian_crossing": "0",
        "pedestrian_crossing_human_control_historic": "0",
        "pedestrian_crossing_physical_facilities_historic": "0",
        "police_force": "13",
        "road_surface_conditions": "1",
        "road_type": "3",
        "second_road_class": "0",
        "second_road_number": "-1",
        "special_conditions_at_site": "0",
        "speed_limit": 70,
        "time": "05:22",
        "trunk_road_flag": "1",
        "urban_or_rural_area": "2",
        "weather_conditions": "1",
        "geometry_source": "collision_location",
        "source_year": 2021,
        "date_iso": "2021-08-28"
      }
    },
    {
      "type": "Feature",
      "id": "2021131045429",
      "geometry": {
        "type": "Point",
        "coordinates": [
          -1.878219,
          53.725388
        ]
      },
      "properties": {
        "carriageway_hazards": "18",
        "carriageway_hazards_historic": "3",
        "collision_adjusted_severity_serious": "0",
        "collision_adjusted_severity_slight": "1",
        "collision_index": "2021131045429",
        "collision_injury_based": "1",
        "collision_ref_no": "131045429",
        "collision_severity": "3",
        "collision_year": 2021,
        "date": "14/05/2021",
        "day_of_week": "6",
        "did_police_officer_attend_scene_of_accident": "1",
        "enhanced_severity_collision": "3",
        "first_road_class": "6",
        "first_road_number": "0",
        "junction_control": "-1",
        "junction_detail": "0",
        "junction_detail_historic": "0",
        "latitude": "53.725388",
        "light_conditions": "1",
        "local_authority_district": "-1",
        "local_authority_highway": "E08000033",
        "local_authority_highway_current": "E08000033",
        "local_authority_ons_district": "E08000033",
        "location_easting_osgr": "408133",
        "location_northing_osgr": "425448",
        "longitude": "-1.878219",
        "lsoa_of_accident_location": "E01010960",
        "number_of_casualties": 1,
        "number_of_vehicles": 1,
        "pedestrian_crossing": "0",
        "pedestrian_crossing_human_control_historic": "0",
        "pedestrian_crossing_physical_facilities_historic": "0",
        "police_force": "13",
        "road_surface_conditions": "1",
        "road_type": "6",
        "second_road_class": "0",
        "second_road_number": "-1",
        "special_conditions_at_site": "0",
        "speed_limit": 20,
        "time": "19:11",
        "trunk_road_flag": "2",
        "urban_or_rural_area": "1",
        "weather_conditions": "1",
        "geometry_source": "collision_location",
        "source_year": 2021,
        "date_iso": "2021-05-14"
      }
    },
    {
      "type": "Feature",
      "id": "2021131052626",
      "geometry": {
        "type": "Point",
        "coordinates": [
          -1.731539,
          53.685575
        ]
      },
      "properties": {
        "carriageway_hazards": "0",
        "carriageway_hazards_historic": "0",
        "collision_adjusted_severity_serious": "0",
        "collision_adjusted_severity_slight": "1",
        "collision_index": "2021131052626",
        "collision_injury_based": "1",
        "collision_ref_no": "131052626",
        "collision_severity": "3",
        "collision_year": 2021,
        "date": "05/06/2021",
        "day_of_week": "7",
        "did_police_officer_attend_scene_of_accident": "1",
        "enhanced_severity_collision": "3",
        "first_road_class": "3",
        "first_road_number": "62",
        "junction_control": "2",
        "junction_detail": "0",
        "junction_detail_historic": "2",
        "latitude": "53.685575",
        "light_conditions": "4",
        "local_authority_district": "-1",
        "local_authority_highway": "E08000033",
        "local_authority_highway_current": "E08000033",
        "local_authority_ons_district": "E08000033",
        "location_easting_osgr": "417828",
        "location_northing_osgr": "421045",
        "longitude": "-1.731539",
        "lsoa_of_accident_location": "E01010879",
        "number_of_casualties": 3,
        "number_of_vehicles": 2,
        "pedestrian_crossing": "0",
        "pedestrian_crossing_human_control_historic": "0",
        "pedestrian_crossing_physical_facilities_historic": "0",
        "police_force": "13",
        "road_surface_conditions": "1",
        "road_type": "6",
        "second_road_class": "3",
        "second_road_number": "62",
        "special_conditions_at_site": "0",
        "speed_limit": 30,
        "time": "23:47",
        "trunk_road_flag": "2",
        "urban_or_rural_area": "1",
        "weather_conditions": "1",
        "geometry_source": "collision_location",
        "source_year": 2021,
        "date_iso": "2021-06-05"
      }
    },
    {
      "type": "Feature",
      "id": "2021131085934",
      "geometry": {
        "type": "Point",
        "coordinates": [
          -1.909687,
          53.708958
        ]
      },
      "properties": {
        "carriageway_hazards": "0",
        "carriageway_hazards_historic": "0",
        "collision_adjusted_severity_serious": "0",
        "collision_adjusted_severity_slight": "1",
        "collision_index": "2021131085934",
        "collision_injury_based": "1",
        "collision_ref_no": "131085934",
        "collision_severity": "3",
        "collision_year": 2021,
        "date": "09/09/2021",
        "day_of_week": "5",
        "did_police_officer_attend_scene_of_accident": "1",
        "enhanced_severity_collision": "3",
        "first_road_class": "3",
        "first_road_number": "58",
        "junction_control": "-1",
        "junction_detail": "0",
        "junction_detail_historic": "0",
        "latitude": "53.708958",
        "light_conditions": "1",
        "local_authority_district": "-1",
        "local_authority_highway": "E08000033",
        "local_authority_highway_current": "E08000033",
        "local_authority_ons_district": "E08000033",
        "location_easting_osgr": "406059",
        "location_northing_osgr": "423617",
        "longitude": "-1.909687",
        "lsoa_of_accident_location": "E01010979",
        "number_of_casualties": 1,
        "number_of_vehicles": 1,
        "pedestrian_crossing": "14",
        "pedestrian_crossing_human_control_historic": "0",
        "pedestrian_crossing_physical_facilities_historic": "4",
        "police_force": "13",
        "road_surface_conditions": "1",
        "road_type": "6",
        "second_road_class": "0",
        "second_road_number": "-1",
        "special_conditions_at_site": "0",
        "speed_limit": 20,
        "time": "12:45",
        "trunk_road_flag": "2",
        "urban_or_rural_area": "1",
        "weather_conditions": "8",
        "geometry_source": "collision_location",
        "source_year": 2021,
        "date_iso": "2021-09-09"
      }
    },
    {
      "type": "Feature",
      "id": "2021131111042",
      "geometry": {
        "type": "Point",
        "coordinates": [
          -1.864879,
          53.72656
        ]
      },
      "properties": {
        "carriageway_hazards": "0",
        "carriageway_hazards_historic": "0",
        "collision_adjusted_severity_serious": "1",
        "collision_adjusted_severity_slight": "0",
        "collision_index": "2021131111042",
        "collision_injury_based": "1",
        "collision_ref_no": "131111042",
        "collision_severity": "2",
        "collision_year": 2021,
        "date": "10/11/2021",
        "day_of_week": "4",
        "did_police_officer_attend_scene_of_accident": "1",
        "enhanced_severity_collision": "7",
        "first_road_class": "6",
        "first_road_number": "0",
        "junction_control": "-1",
        "junction_detail": "0",
        "junction_detail_historic": "0",
        "latitude": "53.72656",
        "light_conditions": "4",
        "local_authority_district": "-1",
        "local_authority_highway": "E08000033",
        "local_authority_highway_current": "E08000033",
        "local_authority_ons_district": "E08000033",
        "location_easting_osgr": "409013",
        "location_northing_osgr": "425580",
        "longitude": "-1.864879",
        "lsoa_of_accident_location": "E01010994",
        "number_of_casualties": 1,
        "number_of_vehicles": 2,
        "pedestrian_crossing": "0",
        "pedestrian_crossing_human_control_historic": "0",
        "pedestrian_crossing_physical_facilities_historic": "0",
        "police_force": "13",
        "road_surface_conditions": "2",
        "road_type": "6",
        "second_road_class": "0",
        "second_road_number": "-1",
        "special_conditions_at_site": "0",
        "speed_limit": 30,
        "time": "18:55",
        "trunk_road_flag": "2",
        "urban_or_rural_area": "1",
        "weather_conditions": "2",
        "geometry_source": "collision_location",
        "source_year": 2021,
        "date_iso": "2021-11-10"
      }
    },
    {
      "type": "Feature",
      "id": "2021131080481",
      "geometry": {
        "type": "Point",
        "coordinates": [
          -1.785915,
          53.702923
        ]
      },
      "properties": {
        "carriageway_hazards": "0",
        "carriageway_hazards_historic": "0",
        "collision_adjusted_severity_serious": "1",
        "collision_adjusted_severity_slight": "0",
        "collision_index": "2021131080481",
        "collision_injury_based": "1",
        "collision_ref_no": "131080481",
        "collision_severity": "2",
        "collision_year": 2021,
        "date": "24/08/2021",
        "day_of_week": "3",
        "did_police_officer_attend_scene_of_accident": "1",
        "enhanced_severity_collision": "6",
        "first_road_class": "3",
        "first_road_number": "644",
        "junction_control": "4",
        "junction_detail": "13",
        "junction_detail_historic": "3",
        "latitude": "53.702923",
        "light_conditions": "1",
        "local_authority_district": "-1",
        "local_authority_highway": "E08000033",
        "local_authority_highway_current": "E08000033",
        "local_authority_ons_district": "E08000033",
        "location_easting_osgr": "414231",
        "location_northing_osgr": "422963",
        "longitude": "-1.785915",
        "lsoa_of_accident_location": "E01010949",
        "number_of_casualties": 1,
        "number_of_vehicles": 3,
        "pedestrian_crossing": "0",
        "pedestrian_crossing_human_control_historic": "0",
        "pedestrian_crossing_physical_facilities_historic": "0",
        "police_force": "13",
        "road_surface_conditions": "1",
        "road_type": "6",
        "second_road_class": "6",
        "second_road_number": "0",
        "special_conditions_at_site": "0",
        "speed_limit": 30,
        "time": "18:20",
        "trunk_road_flag": "2",
        "urban_or_rural_area": "1",
        "weather_conditions": "1",
        "geometry_source": "collision_location",
        "source_year": 2021,
        "date_iso": "2021-08-24"
      }
    },
    {
      "type": "Feature",
      "id": "2021131118977",
      "geometry": {
        "type": "Point",
        "coordinates": [
          -1.852812,
          53.722879
        ]
      },
      "properties": {
        "carriageway_hazards": "0",
        "carriageway_hazards_historic": "0",
        "collision_adjusted_severity_serious": "0",
        "collision_adjusted_severity_slight": "1",
        "collision_index": "2021131118977",
        "collision_injury_based": "1",
        "collision_ref_no": "131118977",
        "collision_severity": "3",
        "collision_year": 2021,
        "date": "08/12/2021",
        "day_of_week": "4",
        "did_police_officer_attend_scene_of_accident": "1",
        "enhanced_severity_collision": "3",
        "first_road_class": "6",
        "first_road_number": "0",
        "junction_control": "4",
        "junction_detail": "0",
        "junction_detail_historic": "2",
        "latitude": "53.722879",
        "light_conditions": "4",
        "local_authority_district": "-1",
        "local_authority_highway": "E08000033",
        "local_authority_highway_current": "E08000033",
        "local_authority_ons_district": "E08000033",
        "location_easting_osgr": "409810",
        "location_northing_osgr": "425172",
        "longitude": "-1.852812",
        "lsoa_of_accident_location": "E01010994",
        "number_of_casualties": 1,
        "number_of_vehicles": 1,
        "pedestrian_crossing": "0",
        "pedestrian_crossing_human_control_historic": "0",
        "pedestrian_crossing_physical_facilities_historic": "0",
        "police_force": "13",
        "road_surface_conditions": "2",
        "road_type": "1",
        "second_road_class": "6",
        "second_road_number": "0",
        "special_conditions_at_site": "0",
        "speed_limit": 30,
        "time": "17:13",
        "trunk_road_flag": "2",
        "urban_or_rural_area": "1",
        "weather_conditions": "5",
        "geometry_source": "collision_location",
        "source_year": 2021,
        "date_iso": "2021-12-08"
      }
    },
    {
      "type": "Feature",
      "id": "2021131043063",
      "geometry": {
        "type": "Point",
        "coordinates": [
          -1.881298,
          53.719297
        ]
      },
      "properties": {
        "carriageway_hazards": "0",
        "carriageway_hazards_historic": "0",
        "collision_adjusted_severity_serious": "0",
        "collision_adjusted_severity_slight": "1",
        "collision_index": "2021131043063",
        "collision_injury_based": "1",
        "collision_ref_no": "131043063",
        "collision_severity": "3",
        "collision_year": 2021,
        "date": "05/05/2021",
        "day_of_week": "4",
        "did_police_officer_attend_scene_of_accident": "2",
        "enhanced_severity_collision": "3",
        "first_road_class": "6",
        "first_road_number": "0",
        "junction_control": "4",
        "junction_detail": "13",
        "junction_detail_historic": "3",
        "latitude": "53.719297",
        "light_conditions": "1",
        "local_authority_district": "-1",
        "local_authority_highway": "E08000033",
        "local_authority_highway_current": "E08000033",
        "local_authority_ons_district": "E08000033",
        "location_easting_osgr": "407931",
        "location_northing_osgr": "424770",
        "longitude": "-1.881298",
        "lsoa_of_accident_location": "E01010996",
        "number_of_casualties": 1,
        "number_of_vehicles": 1,
        "pedestrian_crossing": "0",
        "pedestrian_crossing_human_control_historic": "0",
        "pedestrian_crossing_physical_facilities_historic": "0",
        "police_force": "13",
        "road_surface_conditions": "1",
        "road_type": "6",
        "second_road_class": "6",
        "second_road_number": "0",
        "special_conditions_at_site": "0",
        "speed_limit": 30,
        "time": "18:10",
        "trunk_road_flag": "2",
        "urban_or_rural_area": "1",
        "weather_conditions": "1",
        "geometry_source": "collision_location",
        "source_year": 2021,
        "date_iso": "2021-05-05"
      }
    },
    {
      "type": "Feature",
      "id": "2021131120139",
      "geometry": {
        "type": "Point",
        "coordinates": [
          -1.861672,
          53.724606
        ]
      },
      "properties": {
        "carriageway_hazards": "0",
        "carriageway_hazards_historic": "0",
        "collision_adjusted_severity_serious": "0",
        "collision_adjusted_severity_slight": "1",
        "collision_index": "2021131120139",
        "collision_injury_based": "1",
        "collision_ref_no": "131120139",
        "collision_severity": "3",
        "collision_year": 2021,
        "date": "12/12/2021",
        "day_of_week": "1",
        "did_police_officer_attend_scene_of_accident": "1",
        "enhanced_severity_collision": "3",
        "first_road_class": "3",
        "first_road_number": "629",
        "junction_control": "2",
        "junction_detail": "16",
        "junction_detail_historic": "6",
        "latitude": "53.724606",
        "light_conditions": "4",
        "local_authority_district": "-1",
        "local_authority_highway": "E08000033",
        "local_authority_highway_current": "E08000033",
        "local_authority_ons_district": "E08000033",
        "location_easting_osgr": "409225",
        "location_northing_osgr": "425363",
        "longitude": "-1.861672",
        "lsoa_of_accident_location": "E01010994",
        "number_of_casualties": 1,
        "number_of_vehicles": 1,
        "pedestrian_crossing": "17",
        "pedestrian_crossing_human_control_historic": "0",
        "pedestrian_crossing_physical_facilities_historic": "8",
        "police_force": "13",
        "road_surface_conditions": "2",
        "road_type": "6",
        "second_road_class": "6",
        "second_road_number": "0",
        "special_conditions_at_site": "0",
        "speed_limit": 30,
        "time": "00:10",
        "trunk_road_flag": "2",
        "urban_or_rural_area": "1",
        "weather_conditions": "2",
        "geometry_source": "collision_location",
        "source_year": 2021,
        "date_iso": "2021-12-12"
      }
    },
    {
      "type": "Feature",
      "id": "2021131126582",
      "geometry": {
        "type": "Point",
        "coordinates": [
          -1.918571,
          53.705387
        ]
      },
      "properties": {
        "carriageway_hazards": "0",
        "carriageway_hazards_historic": "0",
        "collision_adjusted_severity_serious": "0",
        "collision_adjusted_severity_slight": "1",
        "collision_index": "2021131126582",
        "collision_injury_based": "1",
        "collision_ref_no": "131126582",
        "collision_severity": "3",
        "collision_year": 2021,
        "date": "28/12/2021",
        "day_of_week": "3",
        "did_police_officer_attend_scene_of_accident": "1",
        "enhanced_severity_collision": "3",
        "first_road_class": "6",
        "first_road_number": "0",
        "junction_control": "4",
        "junction_detail": "13",
        "junction_detail_historic": "3",
        "latitude": "53.705387",
        "light_conditions": "4",
        "local_authority_district": "-1",
        "local_authority_highway": "E08000033",
        "local_authority_highway_current": "E08000033",
        "local_authority_ons_district": "E08000033",
        "location_easting_osgr": "405473",
        "location_northing_osgr": "423219",
        "longitude": "-1.918571",
        "lsoa_of_accident_location": "E01010959",
        "number_of_casualties": 2,
        "number_of_vehicles": 1,
        "pedestrian_crossing": "0",
        "pedestrian_crossing_human_control_historic": "0",
        "pedestrian_crossing_physical_facilities_historic": "0",
        "police_force": "13",
        "road_surface_conditions": "2",
        "road_type": "6",
        "second_road_class": "6",
        "second_road_number": "0",
        "special_conditions_at_site": "0",
        "speed_limit": 30,
        "time": "03:52",
        "trunk_road_flag": "2",
        "urban_or_rural_area": "1",
        "weather_conditions": "2",
        "geometry_source": "collision_location",
        "source_year": 2021,
        "date_iso": "2021-12-28"
      }
    },
    {
      "type": "Feature",
      "id": "2021131104376",
      "geometry": {
        "type": "Point",
        "coordinates": [
          -1.862015,
          53.721829
        ]
      },
      "properties": {
        "carriageway_hazards": "0",
        "carriageway_hazards_historic": "0",
        "collision_adjusted_severity_serious": "0",
        "collision_adjusted_severity_slight": "1",
        "collision_index": "2021131104376",
        "collision_injury_based": "1",
        "collision_ref_no": "131104376",
        "collision_severity": "3",
        "collision_year": 2021,
        "date": "30/10/2021",
        "day_of_week": "7",
        "did_police_officer_attend_scene_of_accident": "2",
        "enhanced_severity_collision": "3",
        "first_road_class": "6",
        "first_road_number": "0",
        "junction_control": "4",
        "junction_detail": "13",
        "junction_detail_historic": "3",
        "latitude": "53.721829",
        "light_conditions": "4",
        "local_authority_district": "-1",
        "local_authority_highway": "E08000033",
        "local_authority_highway_current": "E08000033",
        "local_authority_ons_district": "E08000033",
        "location_easting_osgr": "409203",
        "location_northing_osgr": "425054",
        "longitude": "-1.862015",
        "lsoa_of_accident_location": "E01010994",
        "number_of_casualties": 1,
        "number_of_vehicles": 1,
        "pedestrian_crossing": "0",
        "pedestrian_crossing_human_control_historic": "0",
        "pedestrian_crossing_physical_facilities_historic": "0",
        "police_force": "13",
        "road_surface_conditions": "1",
        "road_type": "2",
        "second_road_class": "6",
        "second_road_number": "0",
        "special_conditions_at_site": "0",
        "speed_limit": 20,
        "time": "20:39",
        "trunk_road_flag": "2",
        "urban_or_rural_area": "1",
        "weather_conditions": "8",
        "geometry_source": "collision_location",
        "source_year": 2021,
        "date_iso": "2021-10-30"
      }
    },
    {
      "type": "Feature",
      "id": "2021131126546",
      "geometry": {
        "type": "Point",
        "coordinates": [
          -1.778879,
          53.704268
        ]
      },
      "properties": {
        "carriageway_hazards": "0",
        "carriageway_hazards_historic": "0",
        "collision_adjusted_severity_serious": "1",
        "collision_adjusted_severity_slight": "0",
        "collision_index": "2021131126546",
        "collision_injury_based": "1",
        "collision_ref_no": "131126546",
        "collision_severity": "2",
        "collision_year": 2021,
        "date": "27/12/2021",
        "day_of_week": "2",
        "did_police_officer_attend_scene_of_accident": "2",
        "enhanced_severity_collision": "7",
        "first_road_class": "3",
        "first_road_number": "641",
        "junction_control": "4",
        "junction_detail": "13",
        "junction_detail_historic": "3",
        "latitude": "53.704268",
        "light_conditions": "7",
        "local_authority_district": "-1",
        "local_authority_highway": "E08000033",
        "local_authority_highway_current": "E08000033",
        "local_authority_ons_district": "E08000033",
        "location_easting_osgr": "414695",
        "location_northing_osgr": "423114",
        "longitude": "-1.778879",
        "lsoa_of_accident_location": "E01010878",
        "number_of_casualties": 1,
        "number_of_vehicles": 1,
        "pedestrian_crossing": "14",
        "pedestrian_crossing_human_control_historic": "0",
        "pedestrian_crossing_physical_facilities_historic": "4",
        "police_force": "13",
        "road_surface_conditions": "2",
        "road_type": "6",
        "second_road_class": "6",
        "second_road_number": "0",
        "special_conditions_at_site": "0",
        "speed_limit": 30,
        "time": "16:25",
        "trunk_road_flag": "2",
        "urban_or_rural_area": "1",
        "weather_conditions": "2",
        "geometry_source": "collision_location",
        "source_year": 2021,
        "date_iso": "2021-12-27"
      }
    },
    {
      "type": "Feature",
      "id": "2021131075937",
      "geometry": {
        "type": "Point",
        "coordinates": [
          -1.875931,
          53.751271
        ]
      },
      "properties": {
        "carriageway_hazards": "0",
        "carriageway_hazards_historic": "0",
        "collision_adjusted_severity_serious": "0",
        "collision_adjusted_severity_slight": "1",
        "collision_index": "2021131075937",
        "collision_injury_based": "1",
        "collision_ref_no": "131075937",
        "collision_severity": "3",
        "collision_year": 2021,
        "date": "11/08/2021",
        "day_of_week": "4",
        "did_police_officer_attend_scene_of_accident": "1",
        "enhanced_severity_collision": "3",
        "first_road_class": "6",
        "first_road_number": "0",
        "junction_control": "4",
        "junction_detail": "13",
        "junction_detail_historic": "3",
        "latitude": "53.751271",
        "light_conditions": "1",
        "local_authority_district": "-1",
        "local_authority_highway": "E08000033",
        "local_authority_highway_current": "E08000033",
        "local_authority_ons_district": "E08000033",
        "location_easting_osgr": "408279",
        "location_northing_osgr": "428328",
        "longitude": "-1.875931",
        "lsoa_of_accident_location": "E01010915",
        "number_of_casualties": 3,
        "number_of_vehicles": 2,
        "pedestrian_crossing": "0",
        "pedestrian_crossing_human_control_historic": "0",
        "pedestrian_crossing_physical_facilities_historic": "0",
        "police_force": "13",
        "road_surface_conditions": "1",
        "road_type": "6",
        "second_road_class": "6",
        "second_road_number": "0",
        "special_conditions_at_site": "0",
        "speed_limit": 20,
        "time": "12:48",
        "trunk_road_flag": "2",
        "urban_or_rural_area": "1",
        "weather_conditions": "1",
        "geometry_source": "collision_location",
        "source_year": 2021,
        "date_iso": "2021-08-11"
      }
    },
    {
      "type": "Feature",
      "id": "2021131095699",
      "geometry": {
        "type": "Point",
        "coordinates": [
          -1.86333,
          53.746179
        ]
      },
      "properties": {
        "carriageway_hazards": "0",
        "carriageway_hazards_historic": "0",
        "collision_adjusted_severity_serious": "1",
        "collision_adjusted_severity_slight": "0",
        "collision_index": "2021131095699",
        "collision_injury_based": "1",
        "collision_ref_no": "131095699",
        "collision_severity": "2",
        "collision_year": 2021,
        "date": "15/09/2021",
        "day_of_week": "4",
        "did_police_officer_attend_scene_of_accident": "1",
        "enhanced_severity_collision": "5",
        "first_road_class": "6",
        "first_road_number": "0",
        "junction_control": "-1",
        "junction_detail": "0",
        "junction_detail_historic": "0",
        "latitude": "53.746179",
        "light_conditions": "1",
        "local_authority_district": "-1",
        "local_authority_highway": "E08000033",
        "local_authority_highway_current": "E08000033",
        "local_authority_ons_district": "E08000033",
        "location_easting_osgr": "409111",
        "location_northing_osgr": "427763",
        "longitude": "-1.86333",
        "lsoa_of_accident_location": "E01010934",
        "number_of_casualties": 1,
        "number_of_vehicles": 1,
        "pedestrian_crossing": "0",
        "pedestrian_crossing_human_control_historic": "0",
        "pedestrian_crossing_physical_facilities_historic": "0",
        "police_force": "13",
        "road_surface_conditions": "1",
        "road_type": "6",
        "second_road_class": "0",
        "second_road_number": "-1",
        "special_conditions_at_site": "0",
        "speed_limit": 50,
        "time": "17:24",
        "trunk_road_flag": "2",
        "urban_or_rural_area": "2",
        "weather_conditions": "1",
        "geometry_source": "collision_location",
        "source_year": 2021,
        "date_iso": "2021-09-15"
      }
    },
    {
      "type": "Feature",
      "id": "2021131041888",
      "geometry": {
        "type": "Point",
        "coordinates": [
          -1.865574,
          53.722471
        ]
      },
      "properties": {
        "carriageway_hazards": "0",
        "carriageway_hazards_historic": "0",
        "collision_adjusted_severity_serious": "0",
        "collision_adjusted_severity_slight": "1",
        "collision_index": "2021131041888",
        "collision_injury_based": "1",
        "collision_ref_no": "131041888",
        "collision_severity": "3",
        "collision_year": 2021,
        "date": "01/05/2021",
        "day_of_week": "7",
        "did_police_officer_attend_scene_of_accident": "2",
        "enhanced_severity_collision": "3",
        "first_road_class": "6",
        "first_road_number": "0",
        "junction_control": "1",
        "junction_detail": "19",
        "junction_detail_historic": "9",
        "latitude": "53.722471",
        "light_conditions": "1",
        "local_authority_district": "-1",
        "local_authority_highway": "E08000033",
        "local_authority_highway_current": "E08000033",
        "local_authority_ons_district": "E08000033",
        "location_easting_osgr": "408968",
        "location_northing_osgr": "425125",
        "longitude": "-1.865574",
        "lsoa_of_accident_location": "E01010994",
        "number_of_casualties": 1,
        "number_of_vehicles": 2,
        "pedestrian_crossing": "0",
        "pedestrian_crossing_human_control_historic": "0",
        "pedestrian_crossing_physical_facilities_historic": "0",
        "police_force": "13",
        "road_surface_conditions": "2",
        "road_type": "6",
        "second_road_class": "6",
        "second_road_number": "0",
        "special_conditions_at_site": "0",
        "speed_limit": 30,
        "time": "12:40",
        "trunk_road_flag": "2",
        "urban_or_rural_area": "1",
        "weather_conditions": "2",
        "geometry_source": "collision_location",
        "source_year": 2021,
        "date_iso": "2021-05-01"
      }
    },
    {
      "type": "Feature",
      "id": "2021131077561",
      "geometry": {
        "type": "Point",
        "coordinates": [
          -2.050468,
          53.730211
        ]
      },
      "properties": {
        "carriageway_hazards": "0",
        "carriageway_hazards_historic": "0",
        "collision_adjusted_severity_serious": "0",
        "collision_adjusted_severity_slight": "1",
        "collision_index": "2021131077561",
        "collision_injury_based": "1",
        "collision_ref_no": "131077561",
        "collision_severity": "3",
        "collision_year": 2021,
        "date": "16/08/2021",
        "day_of_week": "2",
        "did_police_officer_attend_scene_of_accident": "1",
        "enhanced_severity_collision": "3",
        "first_road_class": "3",
        "first_road_number": "646",
        "junction_control": "-1",
        "junction_detail": "0",
        "junction_detail_historic": "0",
        "latitude": "53.730211",
        "light_conditions": "4",
        "local_authority_district": "-1",
        "local_authority_highway": "E08000033",
        "local_authority_highway_current": "E08000033",
        "local_authority_ons_district": "E08000033",
        "location_easting_osgr": "396768",
        "location_northing_osgr": "425979",
        "longitude": "-2.050468",
        "lsoa_of_accident_location": "E01010883",
        "number_of_casualties": 2,
        "number_of_vehicles": 2,
        "pedestrian_crossing": "0",
        "pedestrian_crossing_human_control_historic": "0",
        "pedestrian_crossing_physical_facilities_historic": "0",
        "police_force": "13",
        "road_surface_conditions": "1",
        "road_type": "6",
        "second_road_class": "0",
        "second_road_number": "-1",
        "special_conditions_at_site": "0",
        "speed_limit": 30,
        "time": "22:20",
        "trunk_road_flag": "2",
        "urban_or_rural_area": "2",
        "weather_conditions": "1",
        "geometry_source": "collision_location",
        "source_year": 2021,
        "date_iso": "2021-08-16"
      }
    }
  ]
}