{
  "type": "FeatureCollection",
  "features": [
    {
      "type": "Feature",
      "id": "2025131680901:1",
      "geometry": {
        "type": "Point",
        "coordinates": [
          -1.91062,
          53.70881
        ]
      },
      "properties": {
        "age_band_of_casualty": "7",
        "age_of_casualty": 37,
        "bus_or_coach_passenger": "0",
        "car_passenger": "0",
        "casualty_adjusted_severity_serious": "0",
        "casualty_adjusted_severity_slight": "1",
        "casualty_class": "3",
        "casualty_distance_banding": "1",
        "casualty_imd_decile": "3",
        "casualty_injury_based": "1",
        "casualty_reference": 1,
        "casualty_severity": "3",
        "casualty_type": "0",
        "collision_index": "2025131680901",
        "collision_ref_no": "131680901",
        "collision_year": 2025,
        "enhanced_casualty_severity": "3",
        "lsoa_of_casualty": "E01010981",
        "pedestrian_location": "8",
        "pedestrian_movement": "7",
        "pedestrian_road_maintenance_worker": "-1",
        "sex_of_casualty": "2",
        "vehicle_reference": 1,
        "geometry_source": "inherited_from_linked_collision",
        "source_year": 2025
      }
    },
    {
      "type": "Feature",
      "id": "2025131670801:1",
      "geometry": {
        "type": "Point",
        "coordinates": [
          -1.77497,
          53.70085
        ]
      },
      "properties": {
        "age_band_of_casualty": "4",
        "age_of_casualty": 18,
        "bus_or_coach_passenger": "0",
        "car_passenger": "0",
        "casualty_adjusted_severity_serious": "0",
        "casualty_adjusted_severity_slight": "1",
        "casualty_class": "1",
        "casualty_distance_banding": "3",
        "casualty_imd_decile": "6",
        "casualty_injury_based": "1",
        "casualty_reference": 1,
        "casualty_severity": "3",
        "casualty_type": "3",
        "collision_index": "2025131670801",
        "collision_ref_no": "131670801",
        "collision_year": 2025,
        "enhanced_casualty_severity": "3",
        "lsoa_of_casualty": "E01011074",
        "pedestrian_location": "0",
        "pedestrian_movement": "0",
        "pedestrian_road_maintenance_worker": "0",
        "sex_of_casualty": "1",
        "vehicle_reference": 2,
        "geometry_source": "inherited_from_linked_collision",
        "source_year": 2025
      }
    },
    {
      "type": "Feature",
      "id": "2025131650290:2",
      "geometry": {
        "type": "Point",
        "coordinates": [
          -1.90924,
          53.71761
        ]
      },
      "properties": {
        "age_band_of_casualty": "3",
        "age_of_casualty": 12,
        "bus_or_coach_passenger": "0",
        "car_passenger": "2",
        "casualty_adjusted_severity_serious": "0",
        "casualty_adjusted_severity_slight": "1",
        "casualty_class": "2",
        "casualty_distance_banding": "3",
        "casualty_imd_decile": "2",
        "casualty_injury_based": "1",
        "casualty_reference": 2,
        "casualty_severity": "3",
        "casualty_type": "9",
        "collision_index": "2025131650290",
        "collision_ref_no": "131650290",
        "collision_year": 2025,
        "enhanced_casualty_severity": "3",
        "lsoa_of_casualty": "E01010673",
        "pedestrian_location": "0",
        "pedestrian_movement": "0",
        "pedestrian_road_maintenance_worker": "0",
        "sex_of_casualty": "1",
        "vehicle_reference": 1,
        "geometry_source": "inherited_from_linked_collision",
        "source_year": 2025
      }
    },
    {
      "type": "Feature",
      "id": "2025131658539:1",
      "geometry": {
        "type": "Point",
        "coordinates": [
          -2.06447,
          53.71887
        ]
      },
      "properties": {
        "age_band_of_casualty": "5",
        "age_of_casualty": 21,
        "bus_or_coach_passenger": "0",
        "car_passenger": "1",
        "casualty_adjusted_severity_serious": "0",
        "casualty_adjusted_severity_slight": "1",
        "casualty_class": "2",
        "casualty_distance_banding": "3",
        "casualty_imd_decile": "1",
        "casualty_injury_based": "1",
        "casualty_reference": 1,
        "casualty_severity": "3",
        "casualty_type": "9",
        "collision_index": "2025131658539",
        "collision_ref_no": "131658539",
        "collision_year": 2025,
        "enhanced_casualty_severity": "3",
        "lsoa_of_casualty": "E01034582",
        "pedestrian_location": "0",
        "pedestrian_movement": "0",
        "pedestrian_road_maintenance_worker": "0",
        "sex_of_casualty": "2",
        "vehicle_reference": 1,
        "geometry_source": "inherited_from_linked_collision",
        "source_year": 2025
      }
    },
    {
      "type": "Feature",
      "id": "2025131569165:2",
      "geometry": {
        "type": "Point",
        "coordinates": [
          -2.05987,
          53.72108
        ]
      },
      "properties": {
        "age_band_of_casualty": "11",
        "age_of_casualty": 81,
        "bus_or_coach_passenger": "0",
        "car_passenger": "1",
        "casualty_adjusted_severity_serious": "0",
        "casualty_adjusted_severity_slight": "0",
        "casualty_class": "2",
        "casualty_distance_banding": "1",
        "casualty_imd_decile": "2",
        "casualty_injury_based": "1",
        "casualty_reference": 2,
        "casualty_severity": "1",
        "casualty_type": "9",
        "collision_index": "2025131569165",
        "collision_ref_no": "131569165",
        "collision_year": 2025,
        "enhanced_casualty_severity": "1",
        "lsoa_of_casualty": "E01010983",
        "pedestrian_location": "0",
        "pedestrian_movement": "0",
        "pedestrian_road_maintenance_worker": "0",
        "sex_of_casualty": "1",
        "vehicle_reference": 1,
        "geometry_source": "inherited_from_linked_collision",
        "source_year": 2025
      }
    },
    {
      "type": "Feature",
      "id": "2025131570802:1",
      "geometry": {
        "type": "Point",
        "coordinates": [
          -1.86505,
          53.72808
        ]
      },
      "properties": {
        "age_band_of_casualty": "5",
        "age_of_casualty": 22,
        "bus_or_coach_passenger": "0",
        "car_passenger": "0",
        "casualty_adjusted_severity_serious": "1",
        "casualty_adjusted_severity_slight": "0",
        "casualty_class": "1",
        "casualty_distance_banding": "1",
        "casualty_imd_decile": "6",
        "casualty_injury_based": "1",
        "casualty_reference": 1,
        "casualty_severity": "2",
        "casualty_type": "9",
        "collision_index": "2025131570802",
        "collision_ref_no": "131570802",
        "collision_year": 2025,
        "enhanced_casualty_severity": "7",
        "lsoa_of_casualty": "E01010915",
        "pedestrian_location": "0",
        "pedestrian_movement": "0",
        "pedestrian_road_maintenance_worker": "0",
        "sex_of_casualty": "2",
        "vehicle_reference": 2,
        "geometry_source": "inherited_from_linked_collision",
        "source_year": 2025
      }
    },
    {
      "type": "Feature",
      "id": "2025131575902:1",
      "geometry": {
        "type": "Point",
        "coordinates": [
          -1.88261,
          53.70611
        ]
      },
      "properties": {
        "age_band_of_casualty": "7",
        "age_of_casualty": 38,
        "bus_or_coach_passenger": "0",
        "car_passenger": "0",
        "casualty_adjusted_severity_serious": "0",
        "casualty_adjusted_severity_slight": "1",
        "casualty_class": "1",
        "casualty_distance_banding": "1",
        "casualty_imd_decile": "6",
        "casualty_injury_based": "1",
        "casualty_reference": 1,
        "casualty_severity": "3",
        "casualty_type": "9",
        "collision_index": "2025131575902",
        "collision_ref_no": "131575902",
        "collision_year": 2025,
        "enhanced_casualty_severity": "3",
        "lsoa_of_casualty": "E01010922",
        "pedestrian_location": "0",
        "pedestrian_movement": "0",
        "pedestrian_road_maintenance_worker": "0",
        "sex_of_casualty": "1",
        "vehicle_reference": 3,
        "geometry_source": "inherited_from_linked_collision",
        "source_year": 2025
      }
    },
    {
      "type": "Feature",
      "id": "2025131580688:1",
      "geometry": {
        "type": "Point",
        "coordinates": [
          -1.89084,
          53.74409
        ]
      },
      "properties": {
        "age_band_of_casualty": "5",
        "age_of_casualty": 21,
        "bus_or_coach_passenger": "0",
        "car_passenger": "1",
        "casualty_adjusted_severity_serious": "0",
        "casualty_adjusted_severity_slight": "1",
        "casualty_class": "2",
        "casualty_distance_banding": "1",
        "casualty_imd_decile": "2",
        "casualty_injury_based": "1",
        "casualty_reference": 1,
        "casualty_severity": "3",
        "casualty_type": "9",
        "collision_index": "2025131580688",
        "collision_ref_no": "131580688",
        "collision_year": 2025,
        "enhanced_casualty_severity": "3",
        "lsoa_of_casualty": "E01010930",
        "pedestrian_location": "0",
        "pedestrian_movement": "0",
        "pedestrian_road_maintenance_worker": "0",
        "sex_of_casualty": "1",
        "vehicle_reference": 1,
        "geometry_source": "inherited_from_linked_collision",
        "source_year": 2025
      }
    },
    {
      "type": "Feature",
      "id": "2025131583519:1",
      "geometry": {
        "type": "Point",
        "coordinates": [
          -1.87428,
          53.7178
        ]
      },
      "properties": {
        "age_band_of_casualty": "4",
        "age_of_casualty": 19,
        "bus_or_coach_passenger": "0",
        "car_passenger": "1",
        "casualty_adjusted_severity_serious": "1",
        "casualty_adjusted_severity_slight": "0",
        "casualty_class": "2",
        "casualty_distance_banding": "1",
        "casualty_imd_decile": "2",
        "casualty_injury_based": "1",
        "casualty_reference": 1,
        "casualty_severity": "2",
        "casualty_type": "9",
        "collision_index": "2025131583519",
        "collision_ref_no": "131583519",
        "collision_year": 2025,
        "enhanced_casualty_severity": "7",
        "lsoa_of_casualty": "E01010974",
        "pedestrian_location": "0",
        "pedestrian_movement": "0",
        "pedestrian_road_maintenance_worker": "0",
        "sex_of_casualty": "1",
        "vehicle_reference": 1,
        "geometry_source": "inherited_from_linked_collision",
        "source_year": 2025
      }
    },
    {
      "type": "Feature",
      "id": "2025131689445:1",
      "geometry": {
        "type": "Point",
        "coordinates": [
          -1.87095,
          53.73157
        ]
      },
      "properties": {
        "age_band_of_casualty": "7",
        "age_of_casualty": 36,
        "bus_or_coach_passenger": "0",
        "car_passenger": "0",
        "casualty_adjusted_severity_serious": "0",
        "casualty_adjusted_severity_slight": "1",
        "casualty_class": "1",
        "casualty_distance_banding": "1",
        "casualty_imd_decile": "1",
        "casualty_injury_based": "1",
        "casualty_reference": 1,
        "casualty_severity": "3",
        "casualty_type": "9",
        "collision_index": "2025131689445",
        "collision_ref_no": "131689445",
        "collision_year": 2025,
        "enhanced_casualty_severity": "3",
        "lsoa_of_casualty": "E01010943",
        "pedestrian_location": "0",
        "pedestrian_movement": "0",
        "pedestrian_road_maintenance_worker": "0",
        "sex_of_casualty": "1",
        "vehicle_reference": 2,
        "geometry_source": "inherited_from_linked_collision",
        "source_year": 2025
      }
    },
    {
      "type": "Feature",
      "id": "2025131548612:1",
      "geometry": {
        "type": "Point",
        "coordinates": [
          -1.74473,
          53.71506
        ]
      },
      "properties": {
        "age_band_of_casualty": "6",
        "age_of_casualty": 32,
        "bus_or_coach_passenger": "0",
        "car_passenger": "0",
        "casualty_adjusted_severity_serious": "1",
        "casualty_adjusted_severity_slight": "0",
        "casualty_class": "1",
        "casualty_distance_banding": "3",
        "casualty_imd_decile": "6",
        "casualty_injury_based": "1",
        "casualty_reference": 1,
        "casualty_severity": "2",
        "casualty_type": "9",
        "collision_index": "2025131548612",
        "collision_ref_no": "131548612",
        "collision_year": 2025,
        "enhanced_casualty_severity": "7",
        "lsoa_of_casualty": "E01033033",
        "pedestrian_location": "0",
        "pedestrian_movement": "0",
        "pedestrian_road_maintenance_worker": "0",
        "sex_of_casualty": "1",
        "vehicle_reference": 1,
        "geometry_source": "inherited_from_linked_collision",
        "source_year": 2025
      }
    },
    {
      "type": "Feature",
      "id": "2025131557115:1",
      "geometry": {
        "type": "Point",
        "coordinates": [
          -2.11607,
          53.72532
        ]
      },
      "properties": {
        "age_band_of_casualty": "9",
        "age_of_casualty": 63,
        "bus_or_coach_passenger": "0",
        "car_passenger": "0",
        "casualty_adjusted_severity_serious": "1",
        "casualty_adjusted_severity_slight": "0",
        "casualty_class": "1",
        "casualty_distance_banding": "1",
        "casualty_imd_decile": "4",
        "casualty_injury_based": "1",
        "casualty_reference": 1,
        "casualty_severity": "2",
        "casualty_type": "9",
        "collision_index": "2025131557115",
        "collision_ref_no": "131557115",
        "collision_year": 2025,
        "enhanced_casualty_severity": "5",
        "lsoa_of_casualty": "E01010884",
        "pedestrian_location": "0",
        "pedestrian_movement": "0",
        "pedestrian_road_maintenance_worker": "0",
        "sex_of_casualty": "1",
        "vehicle_reference": 1,
        "geometry_source": "inherited_from_linked_collision",
        "source_year": 2025
      }
    },
    {
      "type": "Feature",
      "id": "2025131674974:1",
      "geometry": {
        "type": "Point",
        "coordinates": [
          -1.77865,
          53.70382
        ]
      },
      "properties": {
        "age_band_of_casualty": "5",
        "age_of_casualty": 23,
        "bus_or_coach_passenger": "0",
        "car_passenger": "0",
        "casualty_adjusted_severity_serious": "0",
        "casualty_adjusted_severity_slight": "1",
        "casualty_class": "1",
        "casualty_distance_banding": "2",
        "casualty_imd_decile": "1",
        "casualty_injury_based": "1",
        "casualty_reference": 1,
        "casualty_severity": "3",
        "casualty_type": "9",
        "collision_index": "2025131674974",
        "collision_ref_no": "131674974",
        "collision_year": 2025,
        "enhanced_casualty_severity": "3",
        "lsoa_of_casualty": "E01010731",
        "pedestrian_location": "0",
        "pedestrian_movement": "0",
        "pedestrian_road_maintenance_worker": "0",
        "sex_of_casualty": "1",
        "vehicle_reference": 1,
        "geometry_source": "inherited_from_linked_collision",
        "source_year": 2025
      }
    },
    {
      "type": "Feature",
      "id": "2025131684981:1",
      "geometry": {
        "type": "Point",
        "coordinates": [
          -1.85233,
          53.68655
        ]
      },
      "properties": {
        "age_band_of_casualty": "10",
        "age_of_casualty": 75,
        "bus_or_coach_passenger": "0",
        "car_passenger": "0",
        "casualty_adjusted_severity_serious": "0",
        "casualty_adjusted_severity_slight": "1",
        "casualty_class": "1",
        "casualty_distance_banding": "1",
        "casualty_imd_decile": "7",
        "casualty_injury_based": "1",
        "casualty_reference": 1,
        "casualty_severity": "3",
        "casualty_type": "9",
        "collision_index": "2025131684981",
        "collision_ref_no": "131684981",
        "collision_year": 2025,
        "enhanced_casualty_severity": "3",
        "lsoa_of_casualty": "E01010897",
        "pedestrian_location": "0",
        "pedestrian_movement": "0",
        "pedestrian_road_maintenance_worker": "0",
        "sex_of_casualty": "2",
        "vehicle_reference": 1,
        "geometry_source": "inherited_from_linked_collision",
        "source_year": 2025
      }
    },
    {
      "type": "Feature",
      "id": "2025131571831:1",
      "geometry": {
        "type": "Point",
        "coordinates": [
          -1.8924,
          53.74849
        ]
      },
      "properties": {
        "age_band_of_casualty": "1",
        "age_of_casualty": 5,
        "bus_or_coach_passenger": "0",
        "car_passenger": "0",
        "casualty_adjusted_severity_serious": "0",
        "casualty_adjusted_severity_slight": "1",
        "casualty_class": "3",
        "casualty_distance_banding": "1",
        "casualty_imd_decile": "2",
        "casualty_injury_based": "1",
        "casualty_reference": 1,
        "casualty_severity": "3",
        "casualty_type": "0",
        "collision_index": "2025131571831",
        "collision_ref_no": "131571831",
        "collision_year": 2025,
        "enhanced_casualty_severity": "3",
        "lsoa_of_casualty": "E01010916",
        "pedestrian_location": "5",
        "pedestrian_movement": "1",
        "pedestrian_road_maintenance_worker": "-1",
        "sex_of_casualty": "1",
        "vehicle_reference": 1,
        "geometry_source": "inherited_from_linked_collision",
        "source_year": 2025
      }
    },
    {
      "type": "Feature",
      "id": "2025131658683:1",
      "geometry": {
        "type": "Point",
        "coordinates": [
          -2.01599,
          53.74141
        ]
      },
      "properties": {
        "age_band_of_casualty": "9",
        "age_of_casualty": 61,
        "bus_or_coach_passenger": "0",
        "car_passenger": "0",
        "casualty_adjusted_severity_serious": "0",
        "casualty_adjusted_severity_slight": "1",
        "casualty_class": "3",
        "casualty_distance_banding": "3",
        "casualty_imd_decile": "3",
        "casualty_injury_based": "1",
        "casualty_reference": 1,
        "casualty_severity": "3",
        "casualty_type": "0",
        "collision_index": "2025131658683",
        "collision_ref_no": "131658683",
        "collision_year": 2025,
        "enhanced_casualty_severity": "3",
        "lsoa_of_casualty": "E01005465",
        "pedestrian_location": "1",
        "pedestrian_movement": "9",
        "pedestrian_road_maintenance_worker": "-1",
        "sex_of_casualty": "2",
        "vehicle_reference": 1,
        "geometry_source": "inherited_from_linked_collision",
        "source_year": 2025
      }
    },
    {
      "type": "Feature",
      "id": "2025131591383:1",
      "geometry": {
        "type": "Point",
        "coordinates": [
          -1.87118,
          53.72646
        ]
      },
      "properties": {
        "age_band_of_casualty": "6",
        "age_of_casualty": 27,
        "bus_or_coach_passenger": "0",
        "car_passenger": "0",
        "casualty_adjusted_severity_serious": "1",
        "casualty_adjusted_severity_slight": "0",
        "casualty_class": "1",
        "casualty_distance_banding": "1",
        "casualty_imd_decile": "1",
        "casualty_injury_based": "1",
        "casualty_reference": 1,
        "casualty_severity": "2",
        "casualty_type": "9",
        "collision_index": "2025131591383",
        "collision_ref_no": "131591383",
        "collision_year": 2025,
        "enhanced_casualty_severity": "7",
        "lsoa_of_casualty": "E01010965",
        "pedestrian_location": "0",
        "pedestrian_movement": "0",
        "pedestrian_road_maintenance_worker": "0",
        "sex_of_casualty": "1",
        "vehicle_reference": 2,
        "geometry_source": "inherited_from_linked_collision",
        "source_year": 2025
      }
    },
    {
      "type": "Feature",
      "id": "2025131595713:1",
      "geometry": {
        "type": "Point",
        "coordinates": [
          -1.82136,
          53.76007
        ]
      },
      "properties": {
        "age_band_of_casualty": "4",
        "age_of_casualty": 17,
        "bus_or_coach_passenger": "0",
        "car_passenger": "0",
        "casualty_adjusted_severity_serious": "0",
        "casualty_adjusted_severity_slight": "1",
        "casualty_class": "1",
        "casualty_distance_banding": "1",
        "casualty_imd_decile": "7",
        "casualty_injury_based": "1",
        "casualty_reference": 1,
        "casualty_severity": "3",
        "casualty_type": "9",
        "collision_index": "2025131595713",
        "collision_ref_no": "131595713",
        "collision_year": 2025,
        "enhanced_casualty_severity": "3",
        "lsoa_of_casualty": "E01010760",
        "pedestrian_location": "0",
        "pedestrian_movement": "0",
        "pedestrian_road_maintenance_worker": "0",
        "sex_of_casualty": "1",
        "vehicle_reference": 1,
        "geometry_source": "inherited_from_linked_collision",
        "source_year": 2025
      }
    },
    {
      "type": "Feature",
      "id": "2025131571835:2",
      "geometry": {
        "type": "Point",
        "coordinates": [
          -1.85282,
          53.72306
        ]
      },
      "properties": {
        "age_band_of_casualty": "3",
        "age_of_casualty": 12,
        "bus_or_coach_passenger": "4",
        "car_passenger": "0",
        "casualty_adjusted_severity_serious": "0",
        "casualty_adjusted_severity_slight": "1",
        "casualty_class": "2",
        "casualty_distance_banding": "2",
        "casualty_imd_decile": "1",
        "casualty_injury_based": "1",
        "casualty_reference": 2,
        "casualty_severity": "3",
        "casualty_type": "11",
        "collision_index": "2025131571835",
        "collision_ref_no": "131571835",
        "collision_year": 2025,
        "enhanced_casualty_severity": "3",
        "lsoa_of_casualty": "E01010926",
        "pedestrian_location": "0",
        "pedestrian_movement": "0",
        "pedestrian_road_maintenance_worker": "0",
        "sex_of_casualty": "2",
        "vehicle_reference": 2,
        "geometry_source": "inherited_from_linked_collision",
        "source_year": 2025
      }
    },
    {
      "type": "Feature",
      "id": "2025131588459:1",
      "geometry": {
        "type": "Point",
        "coordinates": [
          -1.88214,
          53.74147
        ]
      },
      "properties": {
        "age_band_of_casualty": "4",
        "age_of_casualty": 19,
        "bus_or_coach_passenger": "0",
        "car_passenger": "0",
        "casualty_adjusted_severity_serious": "1",
        "casualty_adjusted_severity_slight": "0",
        "casualty_class": "1",
        "casualty_distance_banding": "1",
        "casualty_imd_decile": "7",
        "casualty_injury_based": "1",
        "casualty_reference": 1,
        "casualty_severity": "2",
        "casualty_type": "97",
        "collision_index": "2025131588459",
        "collision_ref_no": "131588459",
        "collision_year": 2025,
        "enhanced_casualty_severity": "6",
        "lsoa_of_casualty": "E01010760",
        "pedestrian_location": "0",
        "pedestrian_movement": "0",
        "pedestrian_road_maintenance_worker": "0",
        "sex_of_casualty": "1",
        "vehicle_reference": 2,
        "geometry_source": "inherited_from_linked_collision",
        "source_year": 2025
      }
    },
    {
      "type": "Feature",
      "id": "2025131565038:1",
      "geometry": {
        "type": "Point",
        "coordinates": [
          -1.79555,
          53.71091
        ]
      },
      "properties": {
        "age_band_of_casualty": "11",
        "age_of_casualty": 82,
        "bus_or_coach_passenger": "0",
        "car_passenger": "0",
        "casualty_adjusted_severity_serious": "0",
        "casualty_adjusted_severity_slight": "1",
        "casualty_class": "1",
        "casualty_distance_banding": "1",
        "casualty_imd_decile": "4",
        "casualty_injury_based": "1",
        "casualty_reference": 1,
        "casualty_severity": "3",
        "casualty_type": "9",
        "collision_index": "2025131565038",
        "collision_ref_no": "131565038",
        "collision_year": 2025,
        "enhanced_casualty_severity": "3",
        "lsoa_of_casualty": "E01010878",
        "pedestrian_location": "0",
        "pedestrian_movement": "0",
        "pedestrian_road_maintenance_worker": "0",
        "sex_of_casualty": "1",
        "vehicle_reference": 1,
        "geometry_source": "inherited_from_linked_collision",
        "source_year": 2025
      }
    },
    {
      "type": "Feature",
      "id": "2025131672919:1",
      "geometry": {
        "type": "Point",
        "coordinates": [
          -1.87465,
          53.73757
        ]
      },
      "properties": {
        "age_band_of_casualty": "4",
        "age_of_casualty": 17,
        "bus_or_coach_passenger": "0",
        "car_passenger": "0",
        "casualty_adjusted_severity_serious": "0",
        "casualty_adjusted_severity_slight": "1",
        "casualty_class": "1",
        "casualty_distance_banding": "1",
        "casualty_imd_decile": "3",
        "casualty_injury_based": "1",
        "casualty_reference": 1,
        "casualty_severity": "3",
        "casualty_type": "3",
        "collision_index": "2025131672919",
        "collision_ref_no": "131672919",
        "collision_year": 2025,
        "enhanced_casualty_severity": "3",
        "lsoa_of_casualty": "E01010914",
        "pedestrian_location": "0",
        "pedestrian_movement": "0",
        "pedestrian_road_maintenance_worker": "0",
        "sex_of_casualty": "1",
        "vehicle_reference": 2,
        "geometry_source": "inherited_from_linked_collision",
        "source_year": 2025
      }
    },
    {
      "type": "Feature",
      "id": "2025131684180:1",
      "geometry": {
        "type": "Point",
        "coordinates": [
          -1.84352,
          53.68262
        ]
      },
      "properties": {
        "age_band_of_casualty": "3",
        "age_of_casualty": 15,
        "bus_or_coach_passenger": "0",
        "car_passenger": "0",
        "casualty_adjusted_severity_serious": "0",
        "casualty_adjusted_severity_slight": "1",
        "casualty_class": "3",
        "casualty_distance_banding": "1",
        "casualty_imd_decile": "4",
        "casualty_injury_based": "1",
        "casualty_reference": 1,
        "casualty_severity": "3",
        "casualty_type": "0",
        "collision_index": "2025131684180",
        "collision_ref_no": "131684180",
        "collision_year": 2025,
        "enhanced_casualty_severity": "3",
        "lsoa_of_casualty": "E01010989",
        "pedestrian_location": "1",
        "pedestrian_movement": "9",
        "pedestrian_road_maintenance_worker": "-1",
        "sex_of_casualty": "1",
        "vehicle_reference": 1,
        "geometry_source": "inherited_from_linked_collision",
        "source_year": 2025
      }
    },
    {
      "type": "Feature",
      "id": "2025131545114:1",
      "geometry": {
        "type": "Point",
        "coordinates": [
          -1.82904,
          53.75092
        ]
      },
      "properties": {
        "age_band_of_casualty": "8",
        "age_of_casualty": 53,
        "bus_or_coach_passenger": "0",
        "car_passenger": "0",
        "casualty_adjusted_severity_serious": "0",
        "casualty_adjusted_severity_slight": "1",
        "casualty_class": "1",
        "casualty_distance_banding": "1",
        "casualty_imd_decile": "4",
        "casualty_injury_based": "1",
        "casualty_reference": 1,
        "casualty_severity": "3",
        "casualty_type": "9",
        "collision_index": "2025131545114",
        "collision_ref_no": "131545114",
        "collision_year": 2025,
        "enhanced_casualty_severity": "3",
        "lsoa_of_casualty": "E01010750",
        "pedestrian_location": "0",
        "pedestrian_movement": "0",
        "pedestrian_road_maintenance_worker": "0",
        "sex_of_casualty": "1",
        "vehicle_reference": 1,
        "geometry_source": "inherited_from_linked_collision",
        "source_year": 2025
      }
    },
    {
      "type": "Feature",
      "id": "2025131568299:1",
      "geometry": {
        "type": "Point",
        "coordinates": [
          -1.91973,
          53.71419
        ]
      },
      "properties": {
        "age_band_of_casualty": "8",
        "age_of_casualty": 49,
        "bus_or_coach_passenger": "0",
        "car_passenger": "0",
        "casualty_adjusted_severity_serious": "0",
        "casualty_adjusted_severity_slight": "1",
        "casualty_class": "1",
        "casualty_distance_banding": "2",
        "casualty_imd_decile": "6",
        "casualty_injury_based": "1",
        "casualty_reference": 1,
        "casualty_severity": "3",
        "casualty_type": "9",
        "collision_index": "2025131568299",
        "collision_ref_no": "131568299",
        "collision_year": 2025,
        "enhanced_casualty_severity": "3",
        "lsoa_of_casualty": "E01010918",
        "pedestrian_location": "0",
        "pedestrian_movement": "0",
        "pedestrian_road_maintenance_worker": "0",
        "sex_of_casualty": "1",
        "vehicle_reference": 1,
        "geometry_source": "inherited_from_linked_collision",
        "source_year": 2025
      }
    },
    {
      "type": "Feature",
      "id": "2025131574405:1",
      "geometry": {
        "type": "Point",
        "coordinates": [
          -1.86732,
          53.72956
        ]
      },
      "properties": {
        "age_band_of_casualty": "10",
        "age_of_casualty": 66,
        "bus_or_coach_passenger": "0",
        "car_passenger": "0",
        "casualty_adjusted_severity_serious": "0",
        "casualty_adjusted_severity_slight": "0",
        "casualty_class": "1",
        "casualty_distance_banding": "3",
        "casualty_imd_decile": "6",
        "casualty_injury_based": "1",
        "casualty_reference": 1,
        "casualty_severity": "1",
        "casualty_type": "9",
        "collision_index": "2025131574405",
        "collision_ref_no": "131574405",
        "collision_year": 2025,
        "enhanced_casualty_severity": "1",
        "lsoa_of_casualty": "E01010705",
        "pedestrian_location": "0",
        "pedestrian_movement": "0",
        "pedestrian_road_maintenance_worker": "0",
        "sex_of_casualty": "1",
        "vehicle_reference": 1,
        "geometry_source": "inherited_from_linked_collision",
        "source_year": 2025
      }
    },
    {
      "type": "Feature",
      "id": "2025131637065:3",
      "geometry": {
        "type": "Point",
        "coordinates": [
          -1.85589,
          53.72275
        ]
      },
      "properties": {
        "age_band_of_casualty": "10",
        "age_of_casualty": 72,
        "bus_or_coach_passenger": "0",
        "car_passenger": "0",
        "casualty_adjusted_severity_serious": "0",
        "casualty_adjusted_severity_slight": "1",
        "casualty_class": "1",
        "casualty_distance_banding": "1",
        "casualty_imd_decile": "6",
        "casualty_injury_based": "1",
        "casualty_reference": 3,
        "casualty_severity": "3",
        "casualty_type": "9",
        "collision_index": "2025131637065",
        "collision_ref_no": "131637065",
        "collision_year": 2025,
        "enhanced_casualty_severity": "3",
        "lsoa_of_casualty": "E01010915",
        "pedestrian_location": "0",
        "pedestrian_movement": "0",
        "pedestrian_road_maintenance_worker": "0",
        "sex_of_casualty": "2",
        "vehicle_reference": 3,
        "geometry_source": "inherited_from_linked_collision",
        "source_year": 2025
      }
    },
    {
      "type": "Feature",
      "id": "2025131681765:1",
      "geometry": {
        "type": "Point",
        "coordinates": [
          -1.85899,
          53.71357
        ]
      },
      "properties": {
        "age_band_of_casualty": "11",
        "age_of_casualty": 78,
        "bus_or_coach_passenger": "0",
        "car_passenger": "0",
        "casualty_adjusted_severity_serious": "0",
        "casualty_adjusted_severity_slight": "1",
        "casualty_class": "3",
        "casualty_distance_banding": "1",
        "casualty_imd_decile": "4",
        "casualty_injury_based": "1",
        "casualty_reference": 1,
        "casualty_severity": "3",
        "casualty_type": "0",
        "collision_index": "2025131681765",
        "collision_ref_no": "131681765",
        "collision_year": 2025,
        "enhanced_casualty_severity": "3",
        "lsoa_of_casualty": "E01010989",
        "pedestrian_location": "8",
        "pedestrian_movement": "8",
        "pedestrian_road_maintenance_worker": "-1",
        "sex_of_casualty": "2",
        "vehicle_reference": 1,
        "geometry_source": "inherited_from_linked_collision",
        "source_year": 2025
      }
    },
    {
      "type": "Feature",
      "id": "2025131556626:1",
      "geometry": {
        "type": "Point",
        "coordinates": [
          -1.90018,
          53.71143
        ]
      },
      "properties": {
        "age_band_of_casualty": "4",
        "age_of_casualty": 18,
        "bus_or_coach_passenger": "0",
        "car_passenger": "0",
        "casualty_adjusted_severity_serious": "0",
        "casualty_adjusted_severity_slight": "1",
        "casualty_class": "1",
        "casualty_distance_banding": "1",
        "casualty_imd_decile": "2",
        "casualty_injury_based": "1",
        "casualty_reference": 1,
        "casualty_severity": "3",
        "casualty_type": "3",
        "collision_index": "2025131556626",
        "collision_ref_no": "131556626",
        "collision_year": 2025,
        "enhanced_casualty_severity": "3",
        "lsoa_of_casualty": "E01010974",
        "pedestrian_location": "0",
        "pedestrian_movement": "0",
        "pedestrian_road_maintenance_worker": "0",
        "sex_of_casualty": "1",
        "vehicle_reference": 2,
        "geometry_source": "inherited_from_linked_collision",
        "source_year": 2025
      }
    },
    {
      "type": "Feature",
      "id": "2025131576661:1",
      "geometry": {
        "type": "Point",
        "coordinates": [
          -1.75181,
          53.69542
        ]
      },
      "properties": {
        "age_band_of_casualty": "5",
        "age_of_casualty": 21,
        "bus_or_coach_passenger": "0",
        "car_passenger": "0",
        "casualty_adjusted_severity_serious": "0",
        "casualty_adjusted_severity_slight": "1",
        "casualty_class": "1",
        "casualty_distance_banding": "2",
        "casualty_imd_decile": "4",
        "casualty_injury_based": "1",
        "casualty_reference": 1,
        "casualty_severity": "3",
        "casualty_type": "9",
        "collision_index": "2025131576661",
        "collision_ref_no": "131576661",
        "collision_year": 2025,
        "enhanced_casualty_severity": "3",
        "lsoa_of_casualty": "E01011206",
        "pedestrian_location": "0",
        "pedestrian_movement": "0",
        "pedestrian_road_maintenance_worker": "0",
        "sex_of_casualty": "2",
        "vehicle_reference": 2,
        "geometry_source": "inherited_from_linked_collision",
        "source_year": 2025
      }
    },
    {
      "type": "Feature",
      "id": "2025131544545:1",
      "geometry": {
        "type": "Point",
        "coordinates": [
          -1.91413,
          53.7063
        ]
      },
      "properties": {
        "age_band_of_casualty": "8",
        "age_of_casualty": 49,
        "bus_or_coach_passenger": "0",
        "car_passenger": "0",
        "casualty_adjusted_severity_serious": "0",
        "casualty_adjusted_severity_slight": "1",
        "casualty_class": "1",
        "casualty_distance_banding": "2",
        "casualty_imd_decile": "7",
        "casualty_injury_based": "1",
        "casualty_reference": 1,
        "casualty_severity": "3",
        "casualty_type": "9",
        "collision_index": "2025131544545",
        "collision_ref_no": "131544545",
        "collision_year": 2025,
        "enhanced_casualty_severity": "3",
        "lsoa_of_casualty": "E01010881",
        "pedestrian_location": "0",
        "pedestrian_movement": "0",
        "pedestrian_road_maintenance_worker": "0",
        "sex_of_casualty": "2",
        "vehicle_reference": 1,
        "geometry_source": "inherited_from_linked_collision",
        "source_year": 2025
      }
    },
    {
      "type": "Feature",
      "id": "2025131647049:2",
      "geometry": {
        "type": "Point",
        "coordinates": [
          -1.92085,
          53.73629
        ]
      },
      "properties": {
        "age_band_of_casualty": "11",
        "age_of_casualty": 76,
        "bus_or_coach_passenger": "0",
        "car_passenger": "1",
        "casualty_adjusted_severity_serious": "0",
        "casualty_adjusted_severity_slight": "1",
        "casualty_class": "2",
        "casualty_distance_banding": "1",
        "casualty_imd_decile": "6",
        "casualty_injury_based": "1",
        "casualty_reference": 2,
        "casualty_severity": "3",
        "casualty_type": "9",
        "collision_index": "2025131647049",
        "collision_ref_no": "131647049",
        "collision_year": 2025,
        "enhanced_casualty_severity": "3",
        "lsoa_of_casualty": "E01010915",
        "pedestrian_location": "0",
        "pedestrian_movement": "0",
        "pedestrian_road_maintenance_worker": "0",
        "sex_of_casualty": "2",
        "vehicle_reference": 1,
        "geometry_source": "inherited_from_linked_collision",
        "source_year": 2025
      }
    },
    {
      "type": "Feature",
      "id": "2025131615314:1",
      "geometry": {
        "type": "Point",
        "coordinates": [
          -1.92069,
          53.73242
        ]
      },
      "properties": {
        "age_band_of_casualty": "6",
        "age_of_casualty": 35,
        "bus_or_coach_passenger": "0",
        "car_passenger": "0",
        "casualty_adjusted_severity_serious": "0",
        "casualty_adjusted_severity_slight": "1",
        "casualty_class": "1",
        "casualty_distance_banding": "4",
        "casualty_imd_decile": "8",
        "casualty_injury_based": "1",
        "casualty_reference": 1,
        "casualty_severity": "3",
        "casualty_type": "19",
        "collision_index": "2025131615314",
        "collision_ref_no": "131615314",
        "collision_year": 2025,
        "enhanced_casualty_severity": "3",
        "lsoa_of_casualty": "E01027771",
        "pedestrian_location": "0",
        "pedestrian_movement": "0",
        "pedestrian_road_maintenance_worker": "0",
        "sex_of_casualty": "1",
        "vehicle_reference": 1,
        "geometry_source": "inherited_from_linked_collision",
        "source_year": 2025
      }
    },
    {
      "type": "Feature",
      "id": "2025131568605:1",
      "geometry": {
        "type": "Point",
        "coordinates": [
          -2.09025,
          53.71435
        ]
      },
      "properties": {
        "age_band_of_casualty": "11",
        "age_of_casualty": 77,
        "bus_or_coach_passenger": "0",
        "car_passenger": "0",
        "casualty_adjusted_severity_serious": "0",
        "casualty_adjusted_severity_slight": "1",
        "casualty_class": "3",
        "casualty_distance_banding": "1",
        "casualty_imd_decile": "4",
        "casualty_injury_based": "1",
        "casualty_reference": 1,
        "casualty_severity": "3",
        "casualty_type": "0",
        "collision_index": "2025131568605",
        "collision_ref_no": "131568605",
        "collision_year": 2025,
        "enhanced_casualty_severity": "3",
        "lsoa_of_casualty": "E01010982",
        "pedestrian_location": "6",
        "pedestrian_movement": "9",
        "pedestrian_road_maintenance_worker": "-1",
        "sex_of_casualty": "2",
        "vehicle_reference": 1,
        "geometry_source": "inherited_from_linked_collision",
        "source_year": 2025
      }
    },
    {
      "type": "Feature",
      "id": "2025131572442:2",
      "geometry": {
        "type": "Point",
        "coordinates": [
          -1.87282,
          53.72954
        ]
      },
      "properties": {
        "age_band_of_casualty": "11",
        "age_of_casualty": 86,
        "bus_or_coach_passenger": "0",
        "car_passenger": "2",
        "casualty_adjusted_severity_serious": "1",
        "casualty_adjusted_severity_slight": "0",
        "casualty_class": "2",
        "casualty_distance_banding": "1",
        "casualty_imd_decile": "2",
        "casualty_injury_based": "1",
        "casualty_reference": 2,
        "casualty_severity": "2",
        "casualty_type": "9",
        "collision_index": "2025131572442",
        "collision_ref_no": "131572442",
        "collision_year": 2025,
        "enhanced_casualty_severity": "7",
        "lsoa_of_casualty": "E01010912",
        "pedestrian_location": "0",
        "pedestrian_movement": "0",
        "pedestrian_road_maintenance_worker": "0",
        "sex_of_casualty": "1",
        "vehicle_reference": 1,
        "geometry_source": "inherited_from_linked_collision",
        "source_year": 2025
      }
    },
    {
      "type": "Feature",
      "id": "2025131588357:2",
      "geometry": {
        "type": "Point",
        "coordinates": [
          -1.74549,
          53.69471
        ]
      },
      "properties": {
        "age_band_of_casualty": "9",
        "age_of_casualty": 56,
        "bus_or_coach_passenger": "0",
        "car_passenger": "0",
        "casualty_adjusted_severity_serious": "0",
        "casualty_adjusted_severity_slight": "1",
        "casualty_class": "1",
        "casualty_distance_banding": "2",
        "casualty_imd_decile": "2",
        "casualty_injury_based": "1",
        "casualty_reference": 2,
        "casualty_severity": "3",
        "casualty_type": "9",
        "collision_index": "2025131588357",
        "collision_ref_no": "131588357",
        "collision_year": 2025,
        "enhanced_casualty_severity": "3",
        "lsoa_of_casualty": "E01011043",
        "pedestrian_location": "0",
        "pedestrian_movement": "0",
        "pedestrian_road_maintenance_worker": "0",
        "sex_of_casualty": "1",
        "vehicle_reference": 1,
        "geometry_source": "inherited_from_linked_collision",
        "source_year": 2025
      }
    },
    {
      "type": "Feature",
      "id": "2025131606313:1",
      "geometry": {
        "type": "Point",
        "coordinates": [
          -1.88188,
          53.73708
        ]
      },
      "properties": {
        "age_band_of_casualty": "4",
        "age_of_casualty": 19,
        "bus_or_coach_passenger": "0",
        "car_passenger": "1",
        "casualty_adjusted_severity_serious": "1",
        "casualty_adjusted_severity_slight": "0",
        "casualty_class": "2",
        "casualty_distance_banding": "1",
        "casualty_imd_decile": "1",
        "casualty_injury_based": "1",
        "casualty_reference": 1,
        "casualty_severity": "2",
        "casualty_type": "9",
        "collision_index": "2025131606313",
        "collision_ref_no": "131606313",
        "collision_year": 2025,
        "enhanced_casualty_severity": "5",
        "lsoa_of_casualty": "E01010941",
        "pedestrian_location": "0",
        "pedestrian_movement": "0",
        "pedestrian_road_maintenance_worker": "0",
        "sex_of_casualty": "1",
        "vehicle_reference": 1,
        "geometry_source": "inherited_from_linked_collision",
        "source_year": 2025
      }
    },
    {
      "type": "Feature",
      "id": "2025131571835:4",
      "geometry": {
        "type": "Point",
        "coordinates": [
          -1.85282,
          53.72306
        ]
      },
      "properties": {
        "age_band_of_casualty": "3",
        "age_of_casualty": 13,
        "bus_or_coach_passenger": "4",
        "car_passenger": "0",
        "casualty_adjusted_severity_serious": "0",
        "casualty_adjusted_severity_slight": "1",
        "casualty_class": "2",
        "casualty_distance_banding": "1",
        "casualty_imd_decile": "2",
        "casualty_injury_based": "1",
        "casualty_reference": 4,
        "casualty_severity": "3",
        "casualty_type": "11",
        "collision_index": "2025131571835",
        "collision_ref_no": "131571835",
        "collision_year": 2025,
        "enhanced_casualty_severity": "3",
        "lsoa_of_casualty": "E01010940",
        "pedestrian_location": "0",
        "pedestrian_movement": "0",
        "pedestrian_road_maintenance_worker": "0",
        "sex_of_casualty": "2",
        "vehicle_reference": 2,
        "geometry_source": "inherited_from_linked_collision",
        "source_year": 2025
      }
    },
    {
      "type": "Feature",
      "id": "2025131685444:1",
      "geometry": {
        "type": "Point",
        "coordinates": [
          -1.9918,
          53.78502
        ]
      },
      "properties": {
        "age_band_of_casualty": "9",
        "age_of_casualty": 56,
        "bus_or_coach_passenger": "0",
        "car_passenger": "0",
        "casualty_adjusted_severity_serious": "1",
        "casualty_adjusted_severity_slight": "0",
        "casualty_class": "1",
        "casualty_distance_banding": "2",
        "casualty_imd_decile": "6",
        "casualty_injury_based": "1",
        "casualty_reference": 1,
        "casualty_severity": "2",
        "casualty_type": "1",
        "collision_index": "2025131685444",
        "collision_ref_no": "131685444",
        "collision_year": 2025,
        "enhanced_casualty_severity": "7",
        "lsoa_of_casualty": "E01010915",
        "pedestrian_location": "0",
        "pedestrian_movement": "0",
        "pedestrian_road_maintenance_worker": "0",
        "sex_of_casualty": "1",
        "vehicle_reference": 2,
        "geometry_source": "inherited_from_linked_collision",
        "source_year": 2025
      }
    },
    {
      "type": "Feature",
      "id": "2025131585856:4",
      "geometry": {
        "type": "Point",
        "coordinates": [
          -1.90007,
          53.74669
        ]
      },
      "properties": {
        "age_band_of_casualty": "4",
        "age_of_casualty": 17,
        "bus_or_coach_passenger": "0",
        "car_passenger": "2",
        "casualty_adjusted_severity_serious": "1",
        "casualty_adjusted_severity_slight": "0",
        "casualty_class": "2",
        "casualty_distance_banding": "-1",
        "casualty_imd_decile": "-1",
        "casualty_injury_based": "1",
        "casualty_reference": 4,
        "casualty_severity": "2",
        "casualty_type": "9",
        "collision_index": "2025131585856",
        "collision_ref_no": "131585856",
        "collision_year": 2025,
        "enhanced_casualty_severity": "7",
        "lsoa_of_casualty": "-1",
        "pedestrian_location": "0",
        "pedestrian_movement": "0",
        "pedestrian_road_maintenance_worker": "0",
        "sex_of_casualty": "1",
        "vehicle_reference": 1,
        "geometry_source": "inherited_from_linked_collision",
        "source_year": 2025
      }
    },
    {
      "type": "Feature",
      "id": "2025131581645:1",
      "geometry": {
        "type": "Point",
        "coordinates": [
          -1.8555,
          53.72537
        ]
      },
      "properties": {
        "age_band_of_casualty": "8",
        "age_of_casualty": 49,
        "bus_or_coach_passenger": "0",
        "car_passenger": "0",
        "casualty_adjusted_severity_serious": "1",
        "casualty_adjusted_severity_slight": "0",
        "casualty_class": "3",
        "casualty_distance_banding": "1",
        "casualty_imd_decile": "2",
        "casualty_injury_based": "1",
        "casualty_reference": 1,
        "casualty_severity": "2",
        "casualty_type": "0",
        "collision_index": "2025131581645",
        "collision_ref_no": "131581645",
        "collision_year": 2025,
        "enhanced_casualty_severity": "7",
        "lsoa_of_casualty": "E01010940",
        "pedestrian_location": "8",
        "pedestrian_movement": "9",
        "pedestrian_road_maintenance_worker": "-1",
        "sex_of_casualty": "2",
        "vehicle_reference": 1,
        "geometry_source": "inherited_from_linked_collision",
        "source_year": 2025
      }
    },
    {
      "type": "Feature",
      "id": "2025131574113:1",
      "geometry": {
        "type": "Point",
        "coordinates": [
          -1.9485,
          53.73258
        ]
      },
      "properties": {
        "age_band_of_casualty": "8",
        "age_of_casualty": 54,
        "bus_or_coach_passenger": "0",
        "car_passenger": "0",
        "casualty_adjusted_severity_serious": "0",
        "casualty_adjusted_severity_slight": "1",
        "casualty_class": "1",
        "casualty_distance_banding": "3",
        "casualty_imd_decile": "4",
        "casualty_injury_based": "1",
        "casualty_reference": 1,
        "casualty_severity": "3",
        "casualty_type": "4",
        "collision_index": "2025131574113",
        "collision_ref_no": "131574113",
        "collision_year": 2025,
        "enhanced_casualty_severity": "3",
        "lsoa_of_casualty": "E01011201",
        "pedestrian_location": "0",
        "pedestrian_movement": "0",
        "pedestrian_road_maintenance_worker": "0",
        "sex_of_casualty": "1",
        "vehicle_reference": 2,
        "geometry_source": "inherited_from_linked_collision",
        "source_year": 2025
      }
    },
    {
      "type": "Feature",
      "id": "2025131610884:1",
      "geometry": {
        "type": "Point",
        "coordinates": [
          -1.82843,
          53.67282
        ]
      },
      "properties": {
        "age_band_of_casualty": "8",
        "age_of_casualty": 48,
        "bus_or_coach_passenger": "0",
        "car_passenger": "0",
        "casualty_adjusted_severity_serious": "0",
        "casualty_adjusted_severity_slight": "1",
        "casualty_class": "1",
        "casualty_distance_banding": "2",
        "casualty_imd_decile": "5",
        "casualty_injury_based": "1",
        "casualty_reference": 1,
        "casualty_severity": "3",
        "casualty_type": "5",
        "collision_index": "2025131610884",
        "collision_ref_no": "131610884",
        "collision_year": 2025,
        "enhanced_casualty_severity": "3",
        "lsoa_of_casualty": "E01011007",
        "pedestrian_location": "0",
        "pedestrian_movement": "0",
        "pedestrian_road_maintenance_worker": "0",
        "sex_of_casualty": "1",
        "vehicle_reference": 1,
        "geometry_source": "inherited_from_linked_collision",
        "source_year": 2025
      }
    },
    {
      "type": "Feature",
      "id": "2025131582275:2",
      "geometry": {
        "type": "Point",
        "coordinates": [
          -1.85498,
          53.68664
        ]
      },
      "properties": {
        "age_band_of_casualty": "3",
        "age_of_casualty": 13,
        "bus_or_coach_passenger": "0",
        "car_passenger": "0",
        "casualty_adjusted_severity_serious": "0",
        "casualty_adjusted_severity_slight": "1",
        "casualty_class": "1",
        "casualty_distance_banding": "1",
        "casualty_imd_decile": "2",
        "casualty_injury_based": "1",
        "casualty_reference": 2,
        "casualty_severity": "3",
        "casualty_type": "90",
        "collision_index": "2025131582275",
        "collision_ref_no": "131582275",
        "collision_year": 2025,
        "enhanced_casualty_severity": "3",
        "lsoa_of_casualty": "E01010894",
        "pedestrian_location": "0",
        "pedestrian_movement": "0",
        "pedestrian_road_maintenance_worker": "0",
        "sex_of_casualty": "1",
        "vehicle_reference": 2,
        "geometry_source": "inherited_from_linked_collision",
        "source_year": 2025
      }
    },
    {
      "type": "Feature",
      "id": "2025131630973:2",
      "geometry": {
        "type": "Point",
        "coordinates": [
          -1.88865,
          53.72728
        ]
      },
      "properties": {
        "age_band_of_casualty": "6",
        "age_of_casualty": 28,
        "bus_or_coach_passenger": "0",
        "car_passenger": "1",
        "casualty_adjusted_severity_serious": "0",
        "casualty_adjusted_severity_slight": "1",
        "casualty_class": "2",
        "casualty_distance_banding": "1",
        "casualty_imd_decile": "1",
        "casualty_injury_based": "1",
        "casualty_reference": 2,
        "casualty_severity": "3",
        "casualty_type": "9",
        "collision_index": "2025131630973",
        "collision_ref_no": "131630973",
        "collision_year": 2025,
        "enhanced_casualty_severity": "3",
        "lsoa_of_casualty": "E01010926",
        "pedestrian_location": "0",
        "pedestrian_movement": "0",
        "pedestrian_road_maintenance_worker": "0",
        "sex_of_casualty": "1",
        "vehicle_reference": 1,
        "geometry_source": "inherited_from_linked_collision",
        "source_year": 2025
      }
    },
    {
      "type": "Feature",
      "id": "2025131655960:1",
      "geometry": {
        "type": "Point",
        "coordinates": [
          -1.86228,
          53.72925
        ]
      },
      "properties": {
        "age_band_of_casualty": "5",
        "age_of_casualty": 21,
        "bus_or_coach_passenger": "0",
        "car_passenger": "0",
        "casualty_adjusted_severity_serious": "0",
        "casualty_adjusted_severity_slight": "1",
        "casualty_class": "3",
        "casualty_distance_banding": "-1",
        "casualty_imd_decile": "-1",
        "casualty_injury_based": "1",
        "casualty_reference": 1,
        "casualty_severity": "3",
        "casualty_type": "0",
        "collision_index": "2025131655960",
        "collision_ref_no": "131655960",
        "collision_year": 2025,
        "enhanced_casualty_severity": "3",
        "lsoa_of_casualty": "-1",
        "pedestrian_location": "10",
        "pedestrian_movement": "9",
        "pedestrian_road_maintenance_worker": "-1",
        "sex_of_casualty": "1",
        "vehicle_reference": 1,
        "geometry_source": "inherited_from_linked_collision",
        "source_year": 2025
      }
    },
    {
      "type": "Feature",
      "id": "2025131547616:1",
      "geometry": {
        "type": "Point",
        "coordinates": [
          -1.83122,
          53.6953
        ]
      },
      "properties": {
        "age_band_of_casualty": "5",
        "age_of_casualty": 24,
        "bus_or_coach_passenger": "0",
        "car_passenger": "0",
        "casualty_adjusted_severity_serious": "1",
        "casualty_adjusted_severity_slight": "0",
        "casualty_class": "1",
        "casualty_distance_banding": "1",
        "casualty_imd_decile": "1",
        "casualty_injury_based": "1",
        "casualty_reference": 1,
        "casualty_severity": "2",
        "casualty_type": "3",
        "collision_index": "2025131547616",
        "collision_ref_no": "131547616",
        "collision_year": 2025,
        "enhanced_casualty_severity": "6",
        "lsoa_of_casualty": "E01010880",
        "pedestrian_location": "0",
        "pedestrian_movement": "0",
        "pedestrian_road_maintenance_worker": "0",
        "sex_of_casualty": "1",
        "vehicle_reference": 1,
        "geometry_source": "inherited_from_linked_collision",
        "source_year": 2025
      }
    },
    {
      "type": "Feature",
      "id": "2025131587669:1",
      "geometry": {
        "type": "Point",
        "coordinates": [
          -1.87976,
          53.7318
        ]
      },
      "properties": {
        "age_band_of_casualty": "10",
        "age_of_casualty": 73,
        "bus_or_coach_passenger": "0",
        "car_passenger": "0",
        "casualty_adjusted_severity_serious": "0",
        "casualty_adjusted_severity_slight": "1",
        "casualty_class": "1",
        "casualty_distance_banding": "1",
        "casualty_imd_decile": "2",
        "casualty_injury_based": "1",
        "casualty_reference": 1,
        "casualty_severity": "3",
        "casualty_type": "9",
        "collision_index": "2025131587669",
        "collision_ref_no": "131587669",
        "collision_year": 2025,
        "enhanced_casualty_severity": "3",
        "lsoa_of_casualty": "E01010942",
        "pedestrian_location": "0",
        "pedestrian_movement": "0",
        "pedestrian_road_maintenance_worker": "0",
        "sex_of_casualty": "1",
        "vehicle_reference": 1,
        "geometry_source": "inherited_from_linked_collision",
        "source_year": 2025
      }
    },
    {
      "type": "Feature",
      "id": "2025131639361:2",
      "geometry": {
        "type": "Point",
        "coordinates": [
          -1.83502,
          53.67197
        ]
      },
      "properties": {
        "age_band_of_casualty": "6",
        "age_of_casualty": 26,
        "bus_or_coach_passenger": "0",
        "car_passenger": "1",
        "casualty_adjusted_severity_serious": "0",
        "casualty_adjusted_severity_slight": "1",
        "casualty_class": "2",
        "casualty_distance_banding": "4",
        "casualty_imd_decile": "5",
        "casualty_injury_based": "1",
        "casualty_reference": 2,
        "casualty_severity": "3",
        "casualty_type": "9",
        "collision_index": "2025131639361",
        "collision_ref_no": "131639361",
        "collision_year": 2025,
        "enhanced_casualty_severity": "3",
        "lsoa_of_casualty": "E01005420",
        "pedestrian_location": "0",
        "pedestrian_movement": "0",
        "pedestrian_road_maintenance_worker": "0",
        "sex_of_casualty": "1",
        "vehicle_reference": 1,
        "geometry_source": "inherited_from_linked_collision",
        "source_year": 2025
      }
    },
    {
      "type": "Feature",
      "id": "2025131556371:1",
      "geometry": {
        "type": "Point",
        "coordinates": [
          -1.85897,
          53.71041
        ]
      },
      "properties": {
        "age_band_of_casualty": "4",
        "age_of_casualty": 20,
        "bus_or_coach_passenger": "0",
        "car_passenger": "0",
        "casualty_adjusted_severity_serious": "0",
        "casualty_adjusted_severity_slight": "1",
        "casualty_class": "1",
        "casualty_distance_banding": "1",
        "casualty_imd_decile": "4",
        "casualty_injury_based": "1",
        "casualty_reference": 1,
        "casualty_severity": "3",
        "casualty_type": "9",
        "collision_index": "2025131556371",
        "collision_ref_no": "131556371",
        "collision_year": 2025,
        "enhanced_casualty_severity": "3",
        "lsoa_of_casualty": "E01010890",
        "pedestrian_location": "0",
        "pedestrian_movement": "0",
        "pedestrian_road_maintenance_worker": "0",
        "sex_of_casualty": "2",
        "vehicle_reference": 2,
        "geometry_source": "inherited_from_linked_collision",
        "source_year": 2025
      }
    },
    {
      "type": "Feature",
      "id": "2025131579493:1",
      "geometry": {
        "type": "Point",
        "coordinates": [
          -1.89285,
          53.72274
        ]
      },
      "properties": {
        "age_band_of_casualty": "6",
        "age_of_casualty": 27,
        "bus_or_coach_passenger": "0",
        "car_passenger": "0",
        "casualty_adjusted_severity_serious": "0",
        "casualty_adjusted_severity_slight": "1",
        "casualty_class": "1",
        "casualty_distance_banding": "1",
        "casualty_imd_decile": "3",
        "casualty_injury_based": "1",
        "casualty_reference": 1,
        "casualty_severity": "3",
        "casualty_type": "9",
        "collision_index": "2025131579493",
        "collision_ref_no": "131579493",
        "collision_year": 2025,
        "enhanced_casualty_severity": "3",
        "lsoa_of_casualty": "E01010998",
        "pedestrian_location": "0",
        "pedestrian_movement": "0",
        "pedestrian_road_maintenance_worker": "0",
        "sex_of_casualty": "1",
        "vehicle_reference": 2,
        "geometry_source": "inherited_from_linked_collision",
        "source_year": 2025
      }
    },
    {
      "type": "Feature",
      "id": "2025131657696:1",
      "geometry": {
        "type": "Point",
        "coordinates": [
          -1.98243,
          53.73066
        ]
      },
      "properties": {
        "age_band_of_casualty": "5",
        "age_of_casualty": 25,
        "bus_or_coach_passenger": "0",
        "car_passenger": "0",
        "casualty_adjusted_severity_serious": "0",
        "casualty_adjusted_severity_slight": "1",
        "casualty_class": "1",
        "casualty_distance_banding": "1",
        "casualty_imd_decile": "3",
        "casualty_injury_based": "1",
        "casualty_reference": 1,
        "casualty_severity": "3",
        "casualty_type": "9",
        "collision_index": "2025131657696",
        "collision_ref_no": "131657696",
        "collision_year": 2025,
        "enhanced_casualty_severity": "3",
        "lsoa_of_casualty": "E01010919",
        "pedestrian_location": "0",
        "pedestrian_movement": "0",
        "pedestrian_road_maintenance_worker": "0",
        "sex_of_casualty": "2",
        "vehicle_reference": 2,
        "geometry_source": "inherited_from_linked_collision",
        "source_year": 2025
      }
    },
    {
      "type": "Feature",
      "id": "2025131587669:3",
      "geometry": {
        "type": "Point",
        "coordinates": [
          -1.87976,
          53.7318
        ]
      },
      "properties": {
        "age_band_of_casualty": "5",
        "age_of_casualty": 22,
        "bus_or_coach_passenger": "0",
        "car_passenger": "0",
        "casualty_adjusted_severity_serious": "0",
        "casualty_adjusted_severity_slight": "1",
        "casualty_class": "1",
        "casualty_distance_banding": "1",
        "casualty_imd_decile": "5",
        "casualty_injury_based": "1",
        "casualty_reference": 3,
        "casualty_severity": "3",
        "casualty_type": "9",
        "collision_index": "2025131587669",
        "collision_ref_no": "131587669",
        "collision_year": 2025,
        "enhanced_casualty_severity": "3",
        "lsoa_of_casualty": "E01010939",
        "pedestrian_location": "0",
        "pedestrian_movement": "0",
        "pedestrian_road_maintenance_worker": "0",
        "sex_of_casualty": "1",
        "vehicle_reference": 2,
        "geometry_source": "inherited_from_linked_collision",
        "source_year": 2025
      }
    },
    {
      "type": "Feature",
      "id": "2025131673010:1",
      "geometry": {
        "type": "Point",
        "coordinates": [
          -1.87038,
          53.74958
        ]
      },
      "properties": {
        "age_band_of_casualty": "5",
        "age_of_casualty": 21,
        "bus_or_coach_passenger": "0",
        "car_passenger": "0",
        "casualty_adjusted_severity_serious": "0",
        "casualty_adjusted_severity_slight": "1",
        "casualty_class": "1",
        "casualty_distance_banding": "1",
        "casualty_imd_decile": "2",
        "casualty_injury_based": "1",
        "casualty_reference": 1,
        "casualty_severity": "3",
        "casualty_type": "9",
        "collision_index": "2025131673010",
        "collision_ref_no": "131673010",
        "collision_year": 2025,
        "enhanced_casualty_severity": "3",
        "lsoa_of_casualty": "E01010940",
        "pedestrian_location": "0",
        "pedestrian_movement": "0",
        "pedestrian_road_maintenance_worker": "0",
        "sex_of_casualty": "1",
        "vehicle_reference": 1,
        "geometry_source": "inherited_from_linked_collision",
        "source_year": 2025
      }
    },
    {
      "type": "Feature",
      "id": "2025131680318:1",
      "geometry": {
        "type": "Point",
        "coordinates": [
          -1.74503,
          53.71236
        ]
      },
      "properties": {
        "age_band_of_casualty": "5",
        "age_of_casualty": 22,
        "bus_or_coach_passenger": "0",
        "car_passenger": "0",
        "casualty_adjusted_severity_serious": "0",
        "casualty_adjusted_severity_slight": "1",
        "casualty_class": "1",
        "casualty_distance_banding": "3",
        "casualty_imd_decile": "1",
        "casualty_injury_based": "1",
        "casualty_reference": 1,
        "casualty_severity": "3",
        "casualty_type": "9",
        "collision_index": "2025131680318",
        "collision_ref_no": "131680318",
        "collision_year": 2025,
        "enhanced_casualty_severity": "3",
        "lsoa_of_casualty": "E01010679",
        "pedestrian_location": "0",
        "pedestrian_movement": "0",
        "pedestrian_road_maintenance_worker": "0",
        "sex_of_casualty": "2",
        "vehicle_reference": 2,
        "geometry_source": "inherited_from_linked_collision",
        "source_year": 2025
      }
    },
    {
      "type": "Feature",
      "id": "2025131689445:3",
      "geometry": {
        "type": "Point",
        "coordinates": [
          -1.87095,
          53.73157
        ]
      },
      "properties": {
        "age_band_of_casualty": "6",
        "age_of_casualty": 35,
        "bus_or_coach_passenger": "0",
        "car_passenger": "0",
        "casualty_adjusted_severity_serious": "0",
        "casualty_adjusted_severity_slight": "1",
        "casualty_class": "1",
        "casualty_distance_banding": "1",
        "casualty_imd_decile": "2",
        "casualty_injury_based": "1",
        "casualty_reference": 3,
        "casualty_severity": "3",
        "casualty_type": "9",
        "collision_index": "2025131689445",
        "collision_ref_no": "131689445",
        "collision_year": 2025,
        "enhanced_casualty_severity": "3",
        "lsoa_of_casualty": "E01010912",
        "pedestrian_location": "0",
        "pedestrian_movement": "0",
        "pedestrian_road_maintenance_worker": "0",
        "sex_of_casualty": "2",
        "vehicle_reference": 1,
        "geometry_source": "inherited_from_linked_collision",
        "source_year": 2025
      }
    },
    {
      "type": "Feature",
      "id": "2025131645628:1",
      "geometry": {
        "type": "Point",
        "coordinates": [
          -1.89327,
          53.73765
        ]
      },
      "properties": {
        "age_band_of_casualty": "6",
        "age_of_casualty": 26,
        "bus_or_coach_passenger": "0",
        "car_passenger": "0",
        "casualty_adjusted_severity_serious": "1",
        "casualty_adjusted_severity_slight": "0",
        "casualty_class": "1",
        "casualty_distance_banding": "1",
        "casualty_imd_decile": "1",
        "casualty_injury_based": "1",
        "casualty_reference": 1,
        "casualty_severity": "2",
        "casualty_type": "3",
        "collision_index": "2025131645628",
        "collision_ref_no": "131645628",
        "collision_year": 2025,
        "enhanced_casualty_severity": "7",
        "lsoa_of_casualty": "E01010925",
        "pedestrian_location": "0",
        "pedestrian_movement": "0",
        "pedestrian_road_maintenance_worker": "0",
        "sex_of_casualty": "1",
        "vehicle_reference": 2,
        "geometry_source": "inherited_from_linked_collision",
        "source_year": 2025
      }
    },
    {
      "type": "Feature",
      "id": "2025131556129:1",
      "geometry": {
        "type": "Point",
        "coordinates": [
          -1.87925,
          53.73108
        ]
      },
      "properties": {
        "age_band_of_casualty": "5",
        "age_of_casualty": 23,
        "bus_or_coach_passenger": "0",
        "car_passenger": "0",
        "casualty_adjusted_severity_serious": "1",
        "casualty_adjusted_severity_slight": "0",
        "casualty_class": "2",
        "casualty_distance_banding": "1",
        "casualty_imd_decile": "1",
        "casualty_injury_based": "1",
        "casualty_reference": 1,
        "casualty_severity": "2",
        "casualty_type": "9",
        "collision_index": "2025131556129",
        "collision_ref_no": "131556129",
        "collision_year": 2025,
        "enhanced_casualty_severity": "5",
        "lsoa_of_casualty": "E01010925",
        "pedestrian_location": "0",
        "pedestrian_movement": "0",
        "pedestrian_road_maintenance_worker": "0",
        "sex_of_casualty": "1",
        "vehicle_reference": 1,
        "geometry_source": "inherited_from_linked_collision",
        "source_year": 2025
      }
    },
    {
      "type": "Feature",
      "id": "2025131617148:1",
      "geometry": {
        "type": "Point",
        "coordinates": [
          -1.94928,
          53.66644
        ]
      },
      "properties": {
        "age_band_of_casualty": "6",
        "age_of_casualty": 35,
        "bus_or_coach_passenger": "0",
        "car_passenger": "1",
        "casualty_adjusted_severity_serious": "0",
        "casualty_adjusted_severity_slight": "1",
        "casualty_class": "2",
        "casualty_distance_banding": "3",
        "casualty_imd_decile": "8",
        "casualty_injury_based": "1",
        "casualty_reference": 1,
        "casualty_severity": "3",
        "casualty_type": "9",
        "collision_index": "2025131617148",
        "collision_ref_no": "131617148",
        "collision_year": 2025,
        "enhanced_casualty_severity": "3",
        "lsoa_of_casualty": "E01005411",
        "pedestrian_location": "0",
        "pedestrian_movement": "0",
        "pedestrian_road_maintenance_worker": "0",
        "sex_of_casualty": "2",
        "vehicle_reference": 1,
        "geometry_source": "inherited_from_linked_collision",
        "source_year": 2025
      }
    },
    {
      "type": "Feature",
      "id": "2025131674332:1",
      "geometry": {
        "type": "Point",
        "coordinates": [
          -1.81536,
          53.73024
        ]
      },
      "properties": {
        "age_band_of_casualty": "11",
        "age_of_casualty": 78,
        "bus_or_coach_passenger": "0",
        "car_passenger": "1",
        "casualty_adjusted_severity_serious": "1",
        "casualty_adjusted_severity_slight": "0",
        "casualty_class": "2",
        "casualty_distance_banding": "1",
        "casualty_imd_decile": "1",
        "casualty_injury_based": "1",
        "casualty_reference": 1,
        "casualty_severity": "2",
        "casualty_type": "9",
        "collision_index": "2025131674332",
        "collision_ref_no": "131674332",
        "collision_year": 2025,
        "enhanced_casualty_severity": "5",
        "lsoa_of_casualty": "E01010845",
        "pedestrian_location": "0",
        "pedestrian_movement": "0",
        "pedestrian_road_maintenance_worker": "0",
        "sex_of_casualty": "2",
        "vehicle_reference": 2,
        "geometry_source": "inherited_from_linked_collision",
        "source_year": 2025
      }
    },
    {
      "type": "Feature",
      "id": "2025131592546:1",
      "geometry": {
        "type": "Point",
        "coordinates": [
          -1.899,
          53.72333
        ]
      },
      "properties": {
        "age_band_of_casualty": "7",
        "age_of_casualty": 41,
        "bus_or_coach_passenger": "0",
        "car_passenger": "0",
        "casualty_adjusted_severity_serious": "0",
        "casualty_adjusted_severity_slight": "1",
        "casualty_class": "1",
        "casualty_distance_banding": "1",
        "casualty_imd_decile": "1",
        "casualty_injury_based": "1",
        "casualty_reference": 1,
        "casualty_severity": "3",
        "casualty_type": "9",
        "collision_index": "2025131592546",
        "collision_ref_no": "131592546",
        "collision_year": 2025,
        "enhanced_casualty_severity": "3",
        "lsoa_of_casualty": "E01010966",
        "pedestrian_location": "0",
        "pedestrian_movement": "0",
        "pedestrian_road_maintenance_worker": "0",
        "sex_of_casualty": "1",
        "vehicle_reference": 1,
        "geometry_source": "inherited_from_linked_collision",
        "source_year": 2025
      }
    },
    {
      "type": "Feature",
      "id": "2025131610347:1",
      "geometry": {
        "type": "Point",
        "coordinates": [
          -1.85794,
          53.7074
        ]
      },
      "properties": {
        "age_band_of_casualty": "11",
        "age_of_casualty": 79,
        "bus_or_coach_passenger": "0",
        "car_passenger": "1",
        "casualty_adjusted_severity_serious": "0",
        "casualty_adjusted_severity_slight": "1",
        "casualty_class": "2",
        "casualty_distance_banding": "1",
        "casualty_imd_decile": "9",
        "casualty_injury_based": "1",
        "casualty_reference": 1,
        "casualty_severity": "3",
        "casualty_type": "9",
        "collision_index": "2025131610347",
        "collision_ref_no": "131610347",
        "collision_year": 2025,
        "enhanced_casualty_severity": "3",
        "lsoa_of_casualty": "E01010953",
        "pedestrian_location": "0",
        "pedestrian_movement": "0",
        "pedestrian_road_maintenance_worker": "0",
        "sex_of_casualty": "2",
        "vehicle_reference": 1,
        "geometry_source": "inherited_from_linked_collision",
        "source_year": 2025
      }
    },
    {
      "type": "Feature",
      "id": "2025131650290:4",
      "geometry": {
        "type": "Point",
        "coordinates": [
          -1.90924,
          53.71761
        ]
      },
      "properties": {
        "age_band_of_casualty": "3",
        "age_of_casualty": 14,
        "bus_or_coach_passenger": "0",
        "car_passenger": "2",
        "casualty_adjusted_severity_serious": "0",
        "casualty_adjusted_severity_slight": "1",
        "casualty_class": "2",
        "casualty_distance_banding": "-1",
        "casualty_imd_decile": "-1",
        "casualty_injury_based": "1",
        "casualty_reference": 4,
        "casualty_severity": "3",
        "casualty_type": "9",
        "collision_index": "2025131650290",
        "collision_ref_no": "131650290",
        "collision_year": 2025,
        "enhanced_casualty_severity": "3",
        "lsoa_of_casualty": "-1",
        "pedestrian_location": "0",
        "pedestrian_movement": "0",
        "pedestrian_road_maintenance_worker": "0",
        "sex_of_casualty": "1",
        "vehicle_reference": 1,
        "geometry_source": "inherited_from_linked_collision",
        "source_year": 2025
      }
    },
    {
      "type": "Feature",
      "id": "2025131677155:1",
      "geometry": {
        "type": "Point",
        "coordinates": [
          -1.88418,
          53.72266
        ]
      },
      "properties": {
        "age_band_of_casualty": "3",
        "age_of_casualty": 14,
        "bus_or_coach_passenger": "0",
        "car_passenger": "0",
        "casualty_adjusted_severity_serious": "0",
        "casualty_adjusted_severity_slight": "1",
        "casualty_class": "3",
        "casualty_distance_banding": "1",
        "casualty_imd_decile": "1",
        "casualty_injury_based": "1",
        "casualty_reference": 1,
        "casualty_severity": "3",
        "casualty_type": "0",
        "collision_index": "2025131677155",
        "collision_ref_no": "131677155",
        "collision_year": 2025,
        "enhanced_casualty_severity": "3",
        "lsoa_of_casualty": "E01010966",
        "pedestrian_location": "8",
        "pedestrian_movement": "7",
        "pedestrian_road_maintenance_worker": "-1",
        "sex_of_casualty": "2",
        "vehicle_reference": 1,
        "geometry_source": "inherited_from_linked_collision",
        "source_year": 2025
      }
    },
    {
      "type": "Feature",
      "id": "2025131556371:2",
      "geometry": {
        "type": "Point",
        "coordinates": [
          -1.85897,
          53.71041
        ]
      },
      "properties": {
        "age_band_of_casualty": "11",
        "age_of_casualty": 76,
        "bus_or_coach_passenger": "0",
        "car_passenger": "1",
        "casualty_adjusted_severity_serious": "0",
        "casualty_adjusted_severity_slight": "1",
        "casualty_class": "2",
        "casualty_distance_banding": "1",
        "casualty_imd_decile": "7",
        "casualty_injury_based": "1",
        "casualty_reference": 2,
        "casualty_severity": "3",
        "casualty_type": "9",
        "collision_index": "2025131556371",
        "collision_ref_no": "131556371",
        "collision_year": 2025,
        "enhanced_casualty_severity": "3",
        "lsoa_of_casualty": "E01010892",
        "pedestrian_location": "0",
        "pedestrian_movement": "0",
        "pedestrian_road_maintenance_worker": "0",
        "sex_of_casualty": "1",
        "vehicle_reference": 1,
        "geometry_source": "inherited_from_linked_collision",
        "source_year": 2025
      }
    },
    {
      "type": "Feature",
      "id": "2025131580029:1",
      "geometry": {
        "type": "Point",
        "coordinates": [
          -1.77677,
          53.72479
        ]
      },
      "properties": {
        "age_band_of_casualty": "6",
        "age_of_casualty": 32,
        "bus_or_coach_passenger": "0",
        "car_passenger": "2",
        "casualty_adjusted_severity_serious": "0",
        "casualty_adjusted_severity_slight": "1",
        "casualty_class": "2",
        "casualty_distance_banding": "5",
        "casualty_imd_decile": "1",
        "casualty_injury_based": "1",
        "casualty_reference": 1,
        "casualty_severity": "3",
        "casualty_type": "9",
        "collision_index": "2025131580029",
        "collision_ref_no": "131580029",
        "collision_year": 2025,
        "enhanced_casualty_severity": "3",
        "lsoa_of_casualty": "E01035618",
        "pedestrian_location": "0",
        "pedestrian_movement": "0",
        "pedestrian_road_maintenance_worker": "0",
        "sex_of_casualty": "1",
        "vehicle_reference": 2,
        "geometry_source": "inherited_from_linked_collision",
        "source_year": 2025
      }
    },
    {
      "type": "Feature",
      "id": "2025131547549:1",
      "geometry": {
        "type": "Point",
        "coordinates": [
          -1.88142,
          53.71993
        ]
      },
      "properties": {
        "age_band_of_casualty": "7",
        "age_of_casualty": 39,
        "bus_or_coach_passenger": "0",
        "car_passenger": "0",
        "casualty_adjusted_severity_serious": "0",
        "casualty_adjusted_severity_slight": "1",
        "casualty_class": "3",
        "casualty_distance_banding": "1",
        "casualty_imd_decile": "1",
        "casualty_injury_based": "1",
        "casualty_reference": 1,
        "casualty_severity": "3",
        "casualty_type": "0",
        "collision_index": "2025131547549",
        "collision_ref_no": "131547549",
        "collision_year": 2025,
        "enhanced_casualty_severity": "3",
        "lsoa_of_casualty": "E01010964",
        "pedestrian_location": "6",
        "pedestrian_movement": "9",
        "pedestrian_road_maintenance_worker": "-1",
        "sex_of_casualty": "2",
        "vehicle_reference": 1,
        "geometry_source": "inherited_from_linked_collision",
        "source_year": 2025
      }
    },
    {
      "type": "Feature",
      "id": "2025131599450:1",
      "geometry": {
        "type": "Point",
        "coordinates": [
          -1.84438,
          53.67984
        ]
      },
      "properties": {
        "age_band_of_casualty": "3",
        "age_of_casualty": 11,
        "bus_or_coach_passenger": "0",
        "car_passenger": "0",
        "casualty_adjusted_severity_serious": "0",
        "casualty_adjusted_severity_slight": "1",
        "casualty_class": "3",
        "casualty_distance_banding": "1",
        "casualty_imd_decile": "2",
        "casualty_injury_based": "1",
        "casualty_reference": 1,
        "casualty_severity": "3",
        "casualty_type": "0",
        "collision_index": "2025131599450",
        "collision_ref_no": "131599450",
        "collision_year": 2025,
        "enhanced_casualty_severity": "3",
        "lsoa_of_casualty": "E01010894",
        "pedestrian_location": "10",
        "pedestrian_movement": "9",
        "pedestrian_road_maintenance_worker": "-1",
        "sex_of_casualty": "1",
        "vehicle_reference": 1,
        "geometry_source": "inherited_from_linked_collision",
        "source_year": 2025
      }
    },
    {
      "type": "Feature",
      "id": "2025131656820:1",
      "geometry": {
        "type": "Point",
        "coordinates": [
          -1.78276,
          53.70306
        ]
      },
      "properties": {
        "age_band_of_casualty": "10",
        "age_of_casualty": 75,
        "bus_or_coach_passenger": "0",
        "car_passenger": "0",
        "casualty_adjusted_severity_serious": "0",
        "casualty_adjusted_severity_slight": "1",
        "casualty_class": "3",
        "casualty_distance_banding": "1",
        "casualty_imd_decile": "10",
        "casualty_injury_based": "1",
        "casualty_reference": 1,
        "casualty_severity": "3",
        "casualty_type": "0",
        "collision_index": "2025131656820",
        "collision_ref_no": "131656820",
        "collision_year": 2025,
        "enhanced_casualty_severity": "3",
        "lsoa_of_casualty": "E01010946",
        "pedestrian_location": "9",
        "pedestrian_movement": "5",
        "pedestrian_road_maintenance_worker": "-1",
        "sex_of_casualty": "1",
        "vehicle_reference": 1,
        "geometry_source": "inherited_from_linked_collision",
        "source_year": 2025
      }
    },
    {
      "type": "Feature",
      "id": "2025131652707:1",
      "geometry": {
        "type": "Point",
        "coordinates": [
          -1.82345,
          53.69268
        ]
      },
      "properties": {
        "age_band_of_casualty": "7",
        "age_of_casualty": 43,
        "bus_or_coach_passenger": "0",
        "car_passenger": "0",
        "casualty_adjusted_severity_serious": "0",
        "casualty_adjusted_severity_slight": "1",
        "casualty_class": "1",
        "casualty_distance_banding": "1",
        "casualty_imd_decile": "1",
        "casualty_injury_based": "1",
        "casualty_reference": 1,
        "casualty_severity": "3",
        "casualty_type": "5",
        "collision_index": "2025131652707",
        "collision_ref_no": "131652707",
        "collision_year": 2025,
        "enhanced_casualty_severity": "3",
        "lsoa_of_casualty": "E01011038",
        "pedestrian_location": "0",
        "pedestrian_movement": "0",
        "pedestrian_road_maintenance_worker": "0",
        "sex_of_casualty": "1",
        "vehicle_reference": 2,
        "geometry_source": "inherited_from_linked_collision",
        "source_year": 2025
      }
    },
    {
      "type": "Feature",
      "id": "2025131592546:2",
      "geometry": {
        "type": "Point",
        "coordinates": [
          -1.899,
          53.72333
        ]
      },
      "properties": {
        "age_band_of_casualty": "6",
        "age_of_casualty": 34,
        "bus_or_coach_passenger": "0",
        "car_passenger": "0",
        "casualty_adjusted_severity_serious": "1",
        "casualty_adjusted_severity_slight": "0",
        "casualty_class": "1",
        "casualty_distance_banding": "1",
        "casualty_imd_decile": "7",
        "casualty_injury_based": "1",
        "casualty_reference": 2,
        "casualty_severity": "2",
        "casualty_type": "9",
        "collision_index": "2025131592546",
        "collision_ref_no": "131592546",
        "collision_year": 2025,
        "enhanced_casualty_severity": "5",
        "lsoa_of_casualty": "E01010997",
        "pedestrian_location": "0",
        "pedestrian_movement": "0",
        "pedestrian_road_maintenance_worker": "0",
        "sex_of_casualty": "1",
        "vehicle_reference": 2,
        "geometry_source": "inherited_from_linked_collision",
        "source_year": 2025
      }
    },
    {
      "type": "Feature",
      "id": "2025131624467:1",
      "geometry": {
        "type": "Point",
        "coordinates": [
          -1.91409,
          53.72539
        ]
      },
      "properties": {
        "age_band_of_casualty": "7",
        "age_of_casualty": 45,
        "bus_or_coach_passenger": "0",
        "car_passenger": "0",
        "casualty_adjusted_severity_serious": "0",
        "casualty_adjusted_severity_slight": "1",
        "casualty_class": "1",
        "casualty_distance_banding": "1",
        "casualty_imd_decile": "7",
        "casualty_injury_based": "1",
        "casualty_reference": 1,
        "casualty_severity": "3",
        "casualty_type": "9",
        "collision_index": "2025131624467",
        "collision_ref_no": "131624467",
        "collision_year": 2025,
        "enhanced_casualty_severity": "3",
        "lsoa_of_casualty": "E01010997",
        "pedestrian_location": "0",
        "pedestrian_movement": "0",
        "pedestrian_road_maintenance_worker": "0",
        "sex_of_casualty": "2",
        "vehicle_reference": 2,
        "geometry_source": "inherited_from_linked_collision",
        "source_year": 2025
      }
    },
    {
      "type": "Feature",
      "id": "2025131687746:1",
      "geometry": {
        "type": "Point",
        "coordinates": [
          -1.88257,
          53.72266
        ]
      },
      "properties": {
        "age_band_of_casualty": "6",
        "age_of_casualty": 34,
        "bus_or_coach_passenger": "0",
        "car_passenger": "0",
        "casualty_adjusted_severity_serious": "0",
        "casualty_adjusted_severity_slight": "1",
        "casualty_class": "1",
        "casualty_distance_banding": "1",
        "casualty_imd_decile": "6",
        "casualty_injury_based": "1",
        "casualty_reference": 1,
        "casualty_severity": "3",
        "casualty_type": "1",
        "collision_index": "2025131687746",
        "collision_ref_no": "131687746",
        "collision_year": 2025,
        "enhanced_casualty_severity": "3",
        "lsoa_of_casualty": "E01010999",
        "pedestrian_location": "0",
        "pedestrian_movement": "0",
        "pedestrian_road_maintenance_worker": "0",
        "sex_of_casualty": "1",
        "vehicle_reference": 2,
        "geometry_source": "inherited_from_linked_collision",
        "source_year": 2025
      }
    },
    {
      "type": "Feature",
      "id": "2025131600002:1",
      "geometry": {
        "type": "Point",
        "coordinates": [
          -1.85376,
          53.70236
        ]
      },
      "properties": {
        "age_band_of_casualty": "8",
        "age_of_casualty": 52,
        "bus_or_coach_passenger": "0",
        "car_passenger": "0",
        "casualty_adjusted_severity_serious": "1",
        "casualty_adjusted_severity_slight": "0",
        "casualty_class": "1",
        "casualty_distance_banding": "1",
        "casualty_imd_decile": "1",
        "casualty_injury_based": "1",
        "casualty_reference": 1,
        "casualty_severity": "2",
        "casualty_type": "9",
        "collision_index": "2025131600002",
        "collision_ref_no": "131600002",
        "collision_year": 2025,
        "enhanced_casualty_severity": "7",
        "lsoa_of_casualty": "E01011001",
        "pedestrian_location": "0",
        "pedestrian_movement": "0",
        "pedestrian_road_maintenance_worker": "0",
        "sex_of_casualty": "1",
        "vehicle_reference": 1,
        "geometry_source": "inherited_from_linked_collision",
        "source_year": 2025
      }
    },
    {
      "type": "Feature",
      "id": "2025131628510:2",
      "geometry": {
        "type": "Point",
        "coordinates": [
          -1.94925,
          53.72553
        ]
      },
      "properties": {
        "age_band_of_casualty": "11",
        "age_of_casualty": 79,
        "bus_or_coach_passenger": "0",
        "car_passenger": "2",
        "casualty_adjusted_severity_serious": "0",
        "casualty_adjusted_severity_slight": "1",
        "casualty_class": "2",
        "casualty_distance_banding": "4",
        "casualty_imd_decile": "4",
        "casualty_injury_based": "1",
        "casualty_reference": 2,
        "casualty_severity": "3",
        "casualty_type": "9",
        "collision_index": "2025131628510",
        "collision_ref_no": "131628510",
        "collision_year": 2025,
        "enhanced_casualty_severity": "3",
        "lsoa_of_casualty": "E01012665",
        "pedestrian_location": "0",
        "pedestrian_movement": "0",
        "pedestrian_road_maintenance_worker": "0",
        "sex_of_casualty": "2",
        "vehicle_reference": 1,
        "geometry_source": "inherited_from_linked_collision",
        "source_year": 2025
      }
    },
    {
      "type": "Feature",
      "id": "2025131614585:1",
      "geometry": {
        "type": "Point",
        "coordinates": [
          -1.82625,
          53.70936
        ]
      },
      "properties": {
        "age_band_of_casualty": "3",
        "age_of_casualty": 11,
        "bus_or_coach_passenger": "0",
        "car_passenger": "0",
        "casualty_adjusted_severity_serious": "0",
        "casualty_adjusted_severity_slight": "1",
        "casualty_class": "1",
        "casualty_distance_banding": "1",
        "casualty_imd_decile": "5",
        "casualty_injury_based": "1",
        "casualty_reference": 1,
        "casualty_severity": "3",
        "casualty_type": "-1",
        "collision_index": "2025131614585",
        "collision_ref_no": "131614585",
        "collision_year": 2025,
        "enhanced_casualty_severity": "3",
        "lsoa_of_casualty": "E01010990",
        "pedestrian_location": "0",
        "pedestrian_movement": "0",
        "pedestrian_road_maintenance_worker": "0",
        "sex_of_casualty": "1",
        "vehicle_reference": 2,
        "geometry_source": "inherited_from_linked_collision",
        "source_year": 2025
      }
    },
    {
      "type": "Feature",
      "id": "2025131550021:6",
      "geometry": {
        "type": "Point",
        "coordinates": [
          -1.99577,
          53.63943
        ]
      },
      "properties": {
        "age_band_of_casualty": "3",
        "age_of_casualty": 13,
        "bus_or_coach_passenger": "0",
        "car_passenger": "1",
        "casualty_adjusted_severity_serious": "0",
        "casualty_adjusted_severity_slight": "0",
        "casualty_class": "2",
        "casualty_distance_banding": "3",
        "casualty_imd_decile": "2",
        "casualty_injury_based": "1",
        "casualty_reference": 6,
        "casualty_severity": "1",
        "casualty_type": "9",
        "collision_index": "2025131550021",
        "collision_ref_no": "131550021",
        "collision_year": 2025,
        "enhanced_casualty_severity": "1",
        "lsoa_of_casualty": "E01010929",
        "pedestrian_location": "0",
        "pedestrian_movement": "0",
        "pedestrian_road_maintenance_worker": "0",
        "sex_of_casualty": "1",
        "vehicle_reference": 1,
        "geometry_source": "inherited_from_linked_collision",
        "source_year": 2025
      }
    },
    {
      "type": "Feature",
      "id": "2025131570945:1",
      "geometry": {
        "type": "Point",
        "coordinates": [
          -1.86215,
          53.68876
        ]
      },
      "properties": {
        "age_band_of_casualty": "7",
        "age_of_casualty": 36,
        "bus_or_coach_passenger": "0",
        "car_passenger": "1",
        "casualty_adjusted_severity_serious": "1",
        "casualty_adjusted_severity_slight": "0",
        "casualty_class": "2",
        "casualty_distance_banding": "1",
        "casualty_imd_decile": "4",
        "casualty_injury_based": "1",
        "casualty_reference": 1,
        "casualty_severity": "2",
        "casualty_type": "9",
        "collision_index": "2025131570945",
        "collision_ref_no": "131570945",
        "collision_year": 2025,
        "enhanced_casualty_severity": "5",
        "lsoa_of_casualty": "E01010898",
        "pedestrian_location": "0",
        "pedestrian_movement": "0",
        "pedestrian_road_maintenance_worker": "0",
        "sex_of_casualty": "2",
        "vehicle_reference": 1,
        "geometry_source": "inherited_from_linked_collision",
        "source_year": 2025
      }
    },
    {
      "type": "Feature",
      "id": "2025131591443:1",
      "geometry": {
        "type": "Point",
        "coordinates": [
          -1.90006,
          53.72591
        ]
      },
      "properties": {
        "age_band_of_casualty": "6",
        "age_of_casualty": 29,
        "bus_or_coach_passenger": "0",
        "car_passenger": "0",
        "casualty_adjusted_severity_serious": "0",
        "casualty_adjusted_severity_slight": "1",
        "casualty_class": "1",
        "casualty_distance_banding": "1",
        "casualty_imd_decile": "6",
        "casualty_injury_based": "1",
        "casualty_reference": 1,
        "casualty_severity": "3",
        "casualty_type": "9",
        "collision_index": "2025131591443",
        "collision_ref_no": "131591443",
        "collision_year": 2025,
        "enhanced_casualty_severity": "3",
        "lsoa_of_casualty": "E01010999",
        "pedestrian_location": "0",
        "pedestrian_movement": "0",
        "pedestrian_road_maintenance_worker": "0",
        "sex_of_casualty": "2",
        "vehicle_reference": 2,
        "geometry_source": "inherited_from_linked_collision",
        "source_year": 2025
      }
    },
    {
      "type": "Feature",
      "id": "2025131643109:1",
      "geometry": {
        "type": "Point",
        "coordinates": [
          -1.8656,
          53.73712
        ]
      },
      "properties": {
        "age_band_of_casualty": "7",
        "age_of_casualty": 41,
        "bus_or_coach_passenger": "0",
        "car_passenger": "1",
        "casualty_adjusted_severity_serious": "0",
        "casualty_adjusted_severity_slight": "1",
        "casualty_class": "2",
        "casualty_distance_banding": "2",
        "casualty_imd_decile": "2",
        "casualty_injury_based": "1",
        "casualty_reference": 1,
        "casualty_severity": "3",
        "casualty_type": "9",
        "collision_index": "2025131643109",
        "collision_ref_no": "131643109",
        "collision_year": 2025,
        "enhanced_casualty_severity": "3",
        "lsoa_of_casualty": "E01010910",
        "pedestrian_location": "0",
        "pedestrian_movement": "0",
        "pedestrian_road_maintenance_worker": "0",
        "sex_of_casualty": "2",
        "vehicle_reference": 2,
        "geometry_source": "inherited_from_linked_collision",
        "source_year": 2025
      }
    },
    {
      "type": "Feature",
      "id": "2025131688079:1",
      "geometry": {
        "type": "Point",
        "coordinates": [
          -1.7872,
          53.71726
        ]
      },
      "properties": {
        "age_band_of_casualty": "10",
        "age_of_casualty": 69,
        "bus_or_coach_passenger": "0",
        "car_passenger": "0",
        "casualty_adjusted_severity_serious": "1",
        "casualty_adjusted_severity_slight": "0",
        "casualty_class": "3",
        "casualty_distance_banding": "1",
        "casualty_imd_decile": "1",
        "casualty_injury_based": "1",
        "casualty_reference": 1,
        "casualty_severity": "2",
        "casualty_type": "0",
        "collision_index": "2025131688079",
        "collision_ref_no": "131688079",
        "collision_year": 2025,
        "enhanced_casualty_severity": "7",
        "lsoa_of_casualty": "E01010880",
        "pedestrian_location": "9",
        "pedestrian_movement": "5",
        "pedestrian_road_maintenance_worker": "-1",
        "sex_of_casualty": "2",
        "vehicle_reference": 1,
        "geometry_source": "inherited_from_linked_collision",
        "source_year": 2025
      }
    },
    {
      "type": "Feature",
      "id": "2025131576661:2",
      "geometry": {
        "type": "Point",
        "coordinates": [
          -1.75181,
          53.69542
        ]
      },
      "properties": {
        "age_band_of_casualty": "4",
        "age_of_casualty": 18,
        "bus_or_coach_passenger": "0",
        "car_passenger": "1",
        "casualty_adjusted_severity_serious": "1",
        "casualty_adjusted_severity_slight": "0",
        "casualty_class": "2",
        "casualty_distance_banding": "4",
        "casualty_imd_decile": "2",
        "casualty_injury_based": "1",
        "casualty_reference": 2,
        "casualty_severity": "2",
        "casualty_type": "9",
        "collision_index": "2025131576661",
        "collision_ref_no": "131576661",
        "collision_year": 2025,
        "enhanced_casualty_severity": "6",
        "lsoa_of_casualty": "E01034261",
        "pedestrian_location": "0",
        "pedestrian_movement": "0",
        "pedestrian_road_maintenance_worker": "0",
        "sex_of_casualty": "2",
        "vehicle_reference": 2,
        "geometry_source": "inherited_from_linked_collision",
        "source_year": 2025
      }
    },
    {
      "type": "Feature",
      "id": "2025131585856:2",
      "geometry": {
        "type": "Point",
        "coordinates": [
          -1.90007,
          53.74669
        ]
      },
      "properties": {
        "age_band_of_casualty": "6",
        "age_of_casualty": 27,
        "bus_or_coach_passenger": "0",
        "car_passenger": "1",
        "casualty_adjusted_severity_serious": "0",
        "casualty_adjusted_severity_slight": "1",
        "casualty_class": "2",
        "casualty_distance_banding": "1",
        "casualty_imd_decile": "1",
        "casualty_injury_based": "1",
        "casualty_reference": 2,
        "casualty_severity": "3",
        "casualty_type": "9",
        "collision_index": "2025131585856",
        "collision_ref_no": "131585856",
        "collision_year": 2025,
        "enhanced_casualty_severity": "3",
        "lsoa_of_casualty": "E01010925",
        "pedestrian_location": "0",
        "pedestrian_movement": "0",
        "pedestrian_road_maintenance_worker": "0",
        "sex_of_casualty": "1",
        "vehicle_reference": 1,
        "geometry_source": "inherited_from_linked_collision",
        "source_year": 2025
      }
    },
    {
      "type": "Feature",
      "id": "2025131610172:2",
      "geometry": {
        "type": "Point",
        "coordinates": [
          -1.83941,
          53.73245
        ]
      },
      "properties": {
        "age_band_of_casualty": "1",
        "age_of_casualty": 5,
        "bus_or_coach_passenger": "0",
        "car_passenger": "0",
        "casualty_adjusted_severity_serious": "1",
        "casualty_adjusted_severity_slight": "0",
        "casualty_class": "2",
        "casualty_distance_banding": "4",
        "casualty_imd_decile": "2",
        "casualty_injury_based": "1",
        "casualty_reference": 2,
        "casualty_severity": "2",
        "casualty_type": "9",
        "collision_index": "2025131610172",
        "collision_ref_no": "131610172",
        "collision_year": 2025,
        "enhanced_casualty_severity": "7",
        "lsoa_of_casualty": "E01025059",
        "pedestrian_location": "0",
        "pedestrian_movement": "0",
        "pedestrian_road_maintenance_worker": "0",
        "sex_of_casualty": "2",
        "vehicle_reference": 2,
        "geometry_source": "inherited_from_linked_collision",
        "source_year": 2025
      }
    },
    {
      "type": "Feature",
      "id": "2025131632457:1",
      "geometry": {
        "type": "Point",
        "coordinates": [
          -2.17014,
          53.71766
        ]
      },
      "properties": {
        "age_band_of_casualty": "6",
        "age_of_casualty": 33,
        "bus_or_coach_passenger": "0",
        "car_passenger": "0",
        "casualty_adjusted_severity_serious": "0",
        "casualty_adjusted_severity_slight": "1",
        "casualty_class": "1",
        "casualty_distance_banding": "1",
        "casualty_imd_decile": "6",
        "casualty_injury_based": "1",
        "casualty_reference": 1,
        "casualty_severity": "3",
        "casualty_type": "9",
        "collision_index": "2025131632457",
        "collision_ref_no": "131632457",
        "collision_year": 2025,
        "enhanced_casualty_severity": "3",
        "lsoa_of_casualty": "E01025367",
        "pedestrian_location": "0",
        "pedestrian_movement": "0",
        "pedestrian_road_maintenance_worker": "0",
        "sex_of_casualty": "1",
        "vehicle_reference": 2,
        "geometry_source": "inherited_from_linked_collision",
        "source_year": 2025
      }
    },
    {
      "type": "Feature",
      "id": "2025131574094:1",
      "geometry": {
        "type": "Point",
        "coordinates": [
          -1.83232,
          53.73085
        ]
      },
      "properties": {
        "age_band_of_casualty": "8",
        "age_of_casualty": 52,
        "bus_or_coach_passenger": "0",
        "car_passenger": "0",
        "casualty_adjusted_severity_serious": "0",
        "casualty_adjusted_severity_slight": "1",
        "casualty_class": "1",
        "casualty_distance_banding": "1",
        "casualty_imd_decile": "6",
        "casualty_injury_based": "1",
        "casualty_reference": 1,
        "casualty_severity": "3",
        "casualty_type": "9",
        "collision_index": "2025131574094",
        "collision_ref_no": "131574094",
        "collision_year": 2025,
        "enhanced_casualty_severity": "3",
        "lsoa_of_casualty": "E01010932",
        "pedestrian_location": "0",
        "pedestrian_movement": "0",
        "pedestrian_road_maintenance_worker": "0",
        "sex_of_casualty": "1",
        "vehicle_reference": 1,
        "geometry_source": "inherited_from_linked_collision",
        "source_year": 2025
      }
    },
    {
      "type": "Feature",
      "id": "2025131653209:1",
      "geometry": {
        "type": "Point",
        "coordinates": [
          -2.02283,
          53.62956
        ]
      },
      "properties": {
        "age_band_of_casualty": "8",
        "age_of_casualty": 47,
        "bus_or_coach_passenger": "0",
        "car_passenger": "0",
        "casualty_adjusted_severity_serious": "0",
        "casualty_adjusted_severity_slight": "1",
        "casualty_class": "1",
        "casualty_distance_banding": "4",
        "casualty_imd_decile": "1",
        "casualty_injury_based": "1",
        "casualty_reference": 1,
        "casualty_severity": "3",
        "casualty_type": "9",
        "collision_index": "2025131653209",
        "collision_ref_no": "131653209",
        "collision_year": 2025,
        "enhanced_casualty_severity": "3",
        "lsoa_of_casualty": "E01007011",
        "pedestrian_location": "0",
        "pedestrian_movement": "0",
        "pedestrian_road_maintenance_worker": "0",
        "sex_of_casualty": "2",
        "vehicle_reference": 2,
        "geometry_source": "inherited_from_linked_collision",
        "source_year": 2025
      }
    },
    {
      "type": "Feature",
      "id": "2025131536498:1",
      "geometry": {
        "type": "Point",
        "coordinates": [
          -1.86341,
          53.722
        ]
      },
      "properties": {
        "age_band_of_casualty": "6",
        "age_of_casualty": 35,
        "bus_or_coach_passenger": "0",
        "car_passenger": "0",
        "casualty_adjusted_severity_serious": "0",
        "casualty_adjusted_severity_slight": "1",
        "casualty_class": "1",
        "casualty_distance_banding": "-1",
        "casualty_imd_decile": "-1",
        "casualty_injury_based": "1",
        "casualty_reference": 1,
        "casualty_severity": "3",
        "casualty_type": "9",
        "collision_index": "2025131536498",
        "collision_ref_no": "131536498",
        "collision_year": 2025,
        "enhanced_casualty_severity": "3",
        "lsoa_of_casualty": "-1",
        "pedestrian_location": "0",
        "pedestrian_movement": "0",
        "pedestrian_road_maintenance_worker": "0",
        "sex_of_casualty": "1",
        "vehicle_reference": 1,
        "geometry_source": "inherited_from_linked_collision",
        "source_year": 2025
      }
    },
    {
      "type": "Feature",
      "id": "2025131536905:1",
      "geometry": {
        "type": "Point",
        "coordinates": [
          -1.88657,
          53.70817
        ]
      },
      "properties": {
        "age_band_of_casualty": "10",
        "age_of_casualty": 70,
        "bus_or_coach_passenger": "0",
        "car_passenger": "1",
        "casualty_adjusted_severity_serious": "0",
        "casualty_adjusted_severity_slight": "1",
        "casualty_class": "2",
        "casualty_distance_banding": "2",
        "casualty_imd_decile": "7",
        "casualty_injury_based": "1",
        "casualty_reference": 1,
        "casualty_severity": "3",
        "casualty_type": "9",
        "collision_index": "2025131536905",
        "collision_ref_no": "131536905",
        "collision_year": 2025,
        "enhanced_casualty_severity": "3",
        "lsoa_of_casualty": "E01010917",
        "pedestrian_location": "0",
        "pedestrian_movement": "0",
        "pedestrian_road_maintenance_worker": "0",
        "sex_of_casualty": "1",
        "vehicle_reference": 1,
        "geometry_source": "inherited_from_linked_collision",
        "source_year": 2025
      }
    },
    {
      "type": "Feature",
      "id": "2025131587922:1",
      "geometry": {
        "type": "Point",
        "coordinates": [
          -1.85147,
          53.69892
        ]
      },
      "properties": {
        "age_band_of_casualty": "9",
        "age_of_casualty": 64,
        "bus_or_coach_passenger": "0",
        "car_passenger": "0",
        "casualty_adjusted_severity_serious": "0",
        "casualty_adjusted_severity_slight": "1",
        "casualty_class": "1",
        "casualty_distance_banding": "1",
        "casualty_imd_decile": "4",
        "casualty_injury_based": "1",
        "casualty_reference": 1,
        "casualty_severity": "3",
        "casualty_type": "9",
        "collision_index": "2025131587922",
        "collision_ref_no": "131587922",
        "collision_year": 2025,
        "enhanced_casualty_severity": "3",
        "lsoa_of_casualty": "E01010992",
        "pedestrian_location": "0",
        "pedestrian_movement": "0",
        "pedestrian_road_maintenance_worker": "0",
        "sex_of_casualty": "2",
        "vehicle_reference": 2,
        "geometry_source": "inherited_from_linked_collision",
        "source_year": 2025
      }
    },
    {
      "type": "Feature",
      "id": "2025131637842:1",
      "geometry": {
        "type": "Point",
        "coordinates": [
          -1.86722,
          53.73774
        ]
      },
      "properties": {
        "age_band_of_casualty": "6",
        "age_of_casualty": 33,
        "bus_or_coach_passenger": "0",
        "car_passenger": "0",
        "casualty_adjusted_severity_serious": "1",
        "casualty_adjusted_severity_slight": "0",
        "casualty_class": "1",
        "casualty_distance_banding": "1",
        "casualty_imd_decile": "2",
        "casualty_injury_based": "1",
        "casualty_reference": 1,
        "casualty_severity": "2",
        "casualty_type": "1",
        "collision_index": "2025131637842",
        "collision_ref_no": "131637842",
        "collision_year": 2025,
        "enhanced_casualty_severity": "7",
        "lsoa_of_casualty": "E01010759",
        "pedestrian_location": "0",
        "pedestrian_movement": "0",
        "pedestrian_road_maintenance_worker": "0",
        "sex_of_casualty": "1",
        "vehicle_reference": 2,
        "geometry_source": "inherited_from_linked_collision",
        "source_year": 2025
      }
    },
    {
      "type": "Feature",
      "id": "2025131610172:1",
      "geometry": {
        "type": "Point",
        "coordinates": [
          -1.83941,
          53.73245
        ]
      },
      "properties": {
        "age_band_of_casualty": "6",
        "age_of_casualty": 34,
        "bus_or_coach_passenger": "0",
        "car_passenger": "0",
        "casualty_adjusted_severity_serious": "0",
        "casualty_adjusted_severity_slight": "1",
        "casualty_class": "1",
        "casualty_distance_banding": "4",
        "casualty_imd_decile": "2",
        "casualty_injury_based": "1",
        "casualty_reference": 1,
        "casualty_severity": "3",
        "casualty_type": "9",
        "collision_index": "2025131610172",
        "collision_ref_no": "131610172",
        "collision_year": 2025,
        "enhanced_casualty_severity": "3",
        "lsoa_of_casualty": "E01025059",
        "pedestrian_location": "0",
        "pedestrian_movement": "0",
        "pedestrian_road_maintenance_worker": "0",
        "sex_of_casualty": "1",
        "vehicle_reference": 2,
        "geometry_source": "inherited_from_linked_collision",
        "source_year": 2025
      }
    },
    {
      "type": "Feature",
      "id": "2025131689445:2",
      "geometry": {
        "type": "Point",
        "coordinates": [
          -1.87095,
          53.73157
        ]
      },
      "properties": {
        "age_band_of_casualty": "1",
        "age_of_casualty": 0,
        "bus_or_coach_passenger": "0",
        "car_passenger": "1",
        "casualty_adjusted_severity_serious": "0",
        "casualty_adjusted_severity_slight": "1",
        "casualty_class": "2",
        "casualty_distance_banding": "1",
        "casualty_imd_decile": "1",
        "casualty_injury_based": "1",
        "casualty_reference": 2,
        "casualty_severity": "3",
        "casualty_type": "9",
        "collision_index": "2025131689445",
        "collision_ref_no": "131689445",
        "collision_year": 2025,
        "enhanced_casualty_severity": "3",
        "lsoa_of_casualty": "E01010943",
        "pedestrian_location": "0",
        "pedestrian_movement": "0",
        "pedestrian_road_maintenance_worker": "0",
        "sex_of_casualty": "2",
        "vehicle_reference": 2,
        "geometry_source": "inherited_from_linked_collision",
        "source_year": 2025
      }
    },
    {
      "type": "Feature",
      "id": "2025131572442:1",
      "geometry": {
        "type": "Point",
        "coordinates": [
          -1.87282,
          53.72954
        ]
      },
      "properties": {
        "age_band_of_casualty": "2",
        "age_of_casualty": 8,
        "bus_or_coach_passenger": "0",
        "car_passenger": "1",
        "casualty_adjusted_severity_serious": "1",
        "casualty_adjusted_severity_slight": "0",
        "casualty_class": "2",
        "casualty_distance_banding": "1",
        "casualty_imd_decile": "2",
        "casualty_injury_based": "1",
        "casualty_reference": 1,
        "casualty_severity": "2",
        "casualty_type": "9",
        "collision_index": "2025131572442",
        "collision_ref_no": "131572442",
        "collision_year": 2025,
        "enhanced_casualty_severity": "7",
        "lsoa_of_casualty": "E01010912",
        "pedestrian_location": "0",
        "pedestrian_movement": "0",
        "pedestrian_road_maintenance_worker": "0",
        "sex_of_casualty": "2",
        "vehicle_reference": 1,
        "geometry_source": "inherited_from_linked_collision",
        "source_year": 2025
      }
    },
    {
      "type": "Feature",
      "id": "2025131630973:1",
      "geometry": {
        "type": "Point",
        "coordinates": [
          -1.88865,
          53.72728
        ]
      },
      "properties": {
        "age_band_of_casualty": "6",
        "age_of_casualty": 33,
        "bus_or_coach_passenger": "0",
        "car_passenger": "0",
        "casualty_adjusted_severity_serious": "0",
        "casualty_adjusted_severity_slight": "1",
        "casualty_class": "1",
        "casualty_distance_banding": "1",
        "casualty_imd_decile": "1",
        "casualty_injury_based": "1",
        "casualty_reference": 1,
        "casualty_severity": "3",
        "casualty_type": "9",
        "collision_index": "2025131630973",
        "collision_ref_no": "131630973",
        "collision_year": 2025,
        "enhanced_casualty_severity": "3",
        "lsoa_of_casualty": "E01010926",
        "pedestrian_location": "0",
        "pedestrian_movement": "0",
        "pedestrian_road_maintenance_worker": "0",
        "sex_of_casualty": "1",
        "vehicle_reference": 1,
        "geometry_source": "inherited_from_linked_collision",
        "source_year": 2025
      }
    },
    {
      "type": "Feature",
      "id": "2025131658961:1",
      "geometry": {
        "type": "Point",
        "coordinates": [
          -1.85017,
          53.72726
        ]
      },
      "properties": {
        "age_band_of_casualty": "8",
        "age_of_casualty": 46,
        "bus_or_coach_passenger": "0",
        "car_passenger": "0",
        "casualty_adjusted_severity_serious": "0",
        "casualty_adjusted_severity_slight": "1",
        "casualty_class": "1",
        "casualty_distance_banding": "2",
        "casualty_imd_decile": "1",
        "casualty_injury_based": "1",
        "casualty_reference": 1,
        "casualty_severity": "3",
        "casualty_type": "9",
        "collision_index": "2025131658961",
        "collision_ref_no": "131658961",
        "collision_year": 2025,
        "enhanced_casualty_severity": "3",
        "lsoa_of_casualty": "E01010743",
        "pedestrian_location": "0",
        "pedestrian_movement": "0",
        "pedestrian_road_maintenance_worker": "0",
        "sex_of_casualty": "2",
        "vehicle_reference": 1,
        "geometry_source": "inherited_from_linked_collision",
        "source_year": 2025
      }
    },
    {
      "type": "Feature",
      "id": "2025131670654:2",
      "geometry": {
        "type": "Point",
        "coordinates": [
          -1.85913,
          53.71367
        ]
      },
      "properties": {
        "age_band_of_casualty": "4",
        "age_of_casualty": 20,
        "bus_or_coach_passenger": "0",
        "car_passenger": "0",
        "casualty_adjusted_severity_serious": "0",
        "casualty_adjusted_severity_slight": "1",
        "casualty_class": "2",
        "casualty_distance_banding": "1",
        "casualty_imd_decile": "2",
        "casualty_injury_based": "1",
        "casualty_reference": 2,
        "casualty_severity": "3",
        "casualty_type": "9",
        "collision_index": "2025131670654",
        "collision_ref_no": "131670654",
        "collision_year": 2025,
        "enhanced_casualty_severity": "3",
        "lsoa_of_casualty": "E01032923",
        "pedestrian_location": "0",
        "pedestrian_movement": "0",
        "pedestrian_road_maintenance_worker": "0",
        "sex_of_casualty": "2",
        "vehicle_reference": 2,
        "geometry_source": "inherited_from_linked_collision",
        "source_year": 2025
      }
    },
    {
      "type": "Feature",
      "id": "2025131568784:1",
      "geometry": {
        "type": "Point",
        "coordinates": [
          -1.78757,
          53.69571
        ]
      },
      "properties": {
        "age_band_of_casualty": "3",
        "age_of_casualty": 14,
        "bus_or_coach_passenger": "0",
        "car_passenger": "0",
        "casualty_adjusted_severity_serious": "1",
        "casualty_adjusted_severity_slight": "0",
        "casualty_class": "3",
        "casualty_distance_banding": "1",
        "casualty_imd_decile": "4",
        "casualty_injury_based": "1",
        "casualty_reference": 1,
        "casualty_severity": "2",
        "casualty_type": "0",
        "collision_index": "2025131568784",
        "collision_ref_no": "131568784",
        "collision_year": 2025,
        "enhanced_casualty_severity": "7",
        "lsoa_of_casualty": "E01010951",
        "pedestrian_location": "8",
        "pedestrian_movement": "2",
        "pedestrian_road_maintenance_worker": "-1",
        "sex_of_casualty": "2",
        "vehicle_reference": 1,
        "geometry_source": "inherited_from_linked_collision",
        "source_year": 2025
      }
    },
    {
      "type": "Feature",
      "id": "2025131601915:1",
      "geometry": {
        "type": "Point",
        "coordinates": [
          -1.77632,
          53.69243
        ]
      },
      "properties": {
        "age_band_of_casualty": "6",
        "age_of_casualty": 34,
        "bus_or_coach_passenger": "0",
        "car_passenger": "0",
        "casualty_adjusted_severity_serious": "0",
        "casualty_adjusted_severity_slight": "1",
        "casualty_class": "3",
        "casualty_distance_banding": "1",
        "casualty_imd_decile": "9",
        "casualty_injury_based": "1",
        "casualty_reference": 1,
        "casualty_severity": "3",
        "casualty_type": "0",
        "collision_index": "2025131601915",
        "collision_ref_no": "131601915",
        "collision_year": 2025,
        "enhanced_casualty_severity": "3",
        "lsoa_of_casualty": "E01011046",
        "pedestrian_location": "9",
        "pedestrian_movement": "9",
        "pedestrian_road_maintenance_worker": "-1",
        "sex_of_casualty": "2",
        "vehicle_reference": 2,
        "geometry_source": "inherited_from_linked_collision",
        "source_year": 2025
      }
    },
    {
      "type": "Feature",
      "id": "2025131568127:1",
      "geometry": {
        "type": "Point",
        "coordinates": [
          -1.85996,
          53.72791
        ]
      },
      "properties": {
        "age_band_of_casualty": "11",
        "age_of_casualty": 84,
        "bus_or_coach_passenger": "0",
        "car_passenger": "1",
        "casualty_adjusted_severity_serious": "0",
        "casualty_adjusted_severity_slight": "0",
        "casualty_class": "2",
        "casualty_distance_banding": "4",
        "casualty_imd_decile": "2",
        "casualty_injury_based": "1",
        "casualty_reference": 1,
        "casualty_severity": "1",
        "casualty_type": "9",
        "collision_index": "2025131568127",
        "collision_ref_no": "131568127",
        "collision_year": 2025,
        "enhanced_casualty_severity": "1",
        "lsoa_of_casualty": "E01011912",
        "pedestrian_location": "0",
        "pedestrian_movement": "0",
        "pedestrian_road_maintenance_worker": "0",
        "sex_of_casualty": "2",
        "vehicle_reference": 1,
        "geometry_source": "inherited_from_linked_collision",
        "source_year": 2025
      }
    },
    {
      "type": "Feature",
      "id": "2025131593603:1",
      "geometry": {
        "type": "Point",
        "coordinates": [
          -1.88693,
          53.72542
        ]
      },
      "properties": {
        "age_band_of_casualty": "7",
        "age_of_casualty": 36,
        "bus_or_coach_passenger": "0",
        "car_passenger": "0",
        "casualty_adjusted_severity_serious": "0",
        "casualty_adjusted_severity_slight": "1",
        "casualty_class": "1",
        "casualty_distance_banding": "1",
        "casualty_imd_decile": "2",
        "casualty_injury_based": "1",
        "casualty_reference": 1,
        "casualty_severity": "3",
        "casualty_type": "9",
        "collision_index": "2025131593603",
        "collision_ref_no": "131593603",
        "collision_year": 2025,
        "enhanced_casualty_severity": "3",
        "lsoa_of_casualty": "E01011000",
        "pedestrian_location": "0",
        "pedestrian_movement": "0",
        "pedestrian_road_maintenance_worker": "0",
        "sex_of_casualty": "2",
        "vehicle_reference": 1,
        "geometry_source": "inherited_from_linked_collision",
        "source_year": 2025
      }
    },
    {
      "type": "Feature",
      "id": "2025131650290:1",
      "geometry": {
        "type": "Point",
        "coordinates": [
          -1.90924,
          53.71761
        ]
      },
      "properties": {
        "age_band_of_casualty": "6",
        "age_of_casualty": 31,
        "bus_or_coach_passenger": "0",
        "car_passenger": "2",
        "casualty_adjusted_severity_serious": "0",
        "casualty_adjusted_severity_slight": "1",
        "casualty_class": "2",
        "casualty_distance_banding": "3",
        "casualty_imd_decile": "2",
        "casualty_injury_based": "1",
        "casualty_reference": 1,
        "casualty_severity": "3",
        "casualty_type": "9",
        "collision_index": "2025131650290",
        "collision_ref_no": "131650290",
        "collision_year": 2025,
        "enhanced_casualty_severity": "3",
        "lsoa_of_casualty": "E01010804",
        "pedestrian_location": "0",
        "pedestrian_movement": "0",
        "pedestrian_road_maintenance_worker": "0",
        "sex_of_casualty": "1",
        "vehicle_reference": 1,
        "geometry_source": "inherited_from_linked_collision",
        "source_year": 2025
      }
    },
    {
      "type": "Feature",
      "id": "2025131590171:1",
      "geometry": {
        "type": "Point",
        "coordinates": [
          -1.90998,
          53.71131
        ]
      },
      "properties": {
        "age_band_of_casualty": "9",
        "age_of_casualty": 62,
        "bus_or_coach_passenger": "0",
        "car_passenger": "0",
        "casualty_adjusted_severity_serious": "0",
        "casualty_adjusted_severity_slight": "1",
        "casualty_class": "3",
        "casualty_distance_banding": "3",
        "casualty_imd_decile": "8",
        "casualty_injury_based": "1",
        "casualty_reference": 1,
        "casualty_severity": "3",
        "casualty_type": "0",
        "collision_index": "2025131590171",
        "collision_ref_no": "131590171",
        "collision_year": 2025,
        "enhanced_casualty_severity": "3",
        "lsoa_of_casualty": "E01011066",
        "pedestrian_location": "10",
        "pedestrian_movement": "5",
        "pedestrian_road_maintenance_worker": "-1",
        "sex_of_casualty": "1",
        "vehicle_reference": 2,
        "geometry_source": "inherited_from_linked_collision",
        "source_year": 2025
      }
    },
    {
      "type": "Feature",
      "id": "2025131611811:1",
      "geometry": {
        "type": "Point",
        "coordinates": [
          -1.83083,
          53.73583
        ]
      },
      "properties": {
        "age_band_of_casualty": "11",
        "age_of_casualty": 89,
        "bus_or_coach_passenger": "0",
        "car_passenger": "0",
        "casualty_adjusted_severity_serious": "0",
        "casualty_adjusted_severity_slight": "1",
        "casualty_class": "1",
        "casualty_distance_banding": "2",
        "casualty_imd_decile": "4",
        "casualty_injury_based": "1",
        "casualty_reference": 1,
        "casualty_severity": "3",
        "casualty_type": "9",
        "collision_index": "2025131611811",
        "collision_ref_no": "131611811",
        "collision_year": 2025,
        "enhanced_casualty_severity": "3",
        "lsoa_of_casualty": "E01010746",
        "pedestrian_location": "0",
        "pedestrian_movement": "0",
        "pedestrian_road_maintenance_worker": "0",
        "sex_of_casualty": "2",
        "vehicle_reference": 1,
        "geometry_source": "inherited_from_linked_collision",
        "source_year": 2025
      }
    },
    {
      "type": "Feature",
      "id": "2025131630309:1",
      "geometry": {
        "type": "Point",
        "coordinates": [
          -1.87815,
          53.74248
        ]
      },
      "properties": {
        "age_band_of_casualty": "8",
        "age_of_casualty": 47,
        "bus_or_coach_passenger": "0",
        "car_passenger": "0",
        "casualty_adjusted_severity_serious": "1",
        "casualty_adjusted_severity_slight": "0",
        "casualty_class": "1",
        "casualty_distance_banding": "1",
        "casualty_imd_decile": "2",
        "casualty_injury_based": "1",
        "casualty_reference": 1,
        "casualty_severity": "2",
        "casualty_type": "1",
        "collision_index": "2025131630309",
        "collision_ref_no": "131630309",
        "collision_year": 2025,
        "enhanced_casualty_severity": "7",
        "lsoa_of_casualty": "E01010942",
        "pedestrian_location": "0",
        "pedestrian_movement": "0",
        "pedestrian_road_maintenance_worker": "0",
        "sex_of_casualty": "1",
        "vehicle_reference": 2,
        "geometry_source": "inherited_from_linked_collision",
        "source_year": 2025
      }
    },
    {
      "type": "Feature",
      "id": "2025131573952:1",
      "geometry": {
        "type": "Point",
        "coordinates": [
          -1.78808,
          53.70486
        ]
      },
      "properties": {
        "age_band_of_casualty": "8",
        "age_of_casualty": 50,
        "bus_or_coach_passenger": "0",
        "car_passenger": "0",
        "casualty_adjusted_severity_serious": "1",
        "casualty_adjusted_severity_slight": "0",
        "casualty_class": "1",
        "casualty_distance_banding": "1",
        "casualty_imd_decile": "2",
        "casualty_injury_based": "1",
        "casualty_reference": 1,
        "casualty_severity": "2",
        "casualty_type": "5",
        "collision_index": "2025131573952",
        "collision_ref_no": "131573952",
        "collision_year": 2025,
        "enhanced_casualty_severity": "7",
        "lsoa_of_casualty": "E01010910",
        "pedestrian_location": "0",
        "pedestrian_movement": "0",
        "pedestrian_road_maintenance_worker": "0",
        "sex_of_casualty": "1",
        "vehicle_reference": 2,
        "geometry_source": "inherited_from_linked_collision",
        "source_year": 2025
      }
    },
    {
      "type": "Feature",
      "id": "2025131550021:3",
      "geometry": {
        "type": "Point",
        "coordinates": [
          -1.99577,
          53.63943
        ]
      },
      "properties": {
        "age_band_of_casualty": "3",
        "age_of_casualty": 15,
        "bus_or_coach_passenger": "0",
        "car_passenger": "0",
        "casualty_adjusted_severity_serious": "0",
        "casualty_adjusted_severity_slight": "1",
        "casualty_class": "1",
        "casualty_distance_banding": "2",
        "casualty_imd_decile": "3",
        "casualty_injury_based": "1",
        "casualty_reference": 3,
        "casualty_severity": "3",
        "casualty_type": "9",
        "collision_index": "2025131550021",
        "collision_ref_no": "131550021",
        "collision_year": 2025,
        "enhanced_casualty_severity": "3",
        "lsoa_of_casualty": "E01010959",
        "pedestrian_location": "0",
        "pedestrian_movement": "0",
        "pedestrian_road_maintenance_worker": "0",
        "sex_of_casualty": "1",
        "vehicle_reference": 1,
        "geometry_source": "inherited_from_linked_collision",
        "source_year": 2025
      }
    },
    {
      "type": "Feature",
      "id": "2025131571869:1",
      "geometry": {
        "type": "Point",
        "coordinates": [
          -1.90414,
          53.71443
        ]
      },
      "properties": {
        "age_band_of_casualty": "6",
        "age_of_casualty": 31,
        "bus_or_coach_passenger": "0",
        "car_passenger": "1",
        "casualty_adjusted_severity_serious": "0",
        "casualty_adjusted_severity_slight": "1",
        "casualty_class": "2",
        "casualty_distance_banding": "2",
        "casualty_imd_decile": "5",
        "casualty_injury_based": "1",
        "casualty_reference": 1,
        "casualty_severity": "3",
        "casualty_type": "9",
        "collision_index": "2025131571869",
        "collision_ref_no": "131571869",
        "collision_year": 2025,
        "enhanced_casualty_severity": "3",
        "lsoa_of_casualty": "E01033695",
        "pedestrian_location": "0",
        "pedestrian_movement": "0",
        "pedestrian_road_maintenance_worker": "0",
        "sex_of_casualty": "1",
        "vehicle_reference": 1,
        "geometry_source": "inherited_from_linked_collision",
        "source_year": 2025
      }
    },
    {
      "type": "Feature",
      "id": "2025131627008:2",
      "geometry": {
        "type": "Point",
        "coordinates": [
          -1.84398,
          53.73025
        ]
      },
      "properties": {
        "age_band_of_casualty": "6",
        "age_of_casualty": 29,
        "bus_or_coach_passenger": "0",
        "car_passenger": "1",
        "casualty_adjusted_severity_serious": "0",
        "casualty_adjusted_severity_slight": "1",
        "casualty_class": "2",
        "casualty_distance_banding": "4",
        "casualty_imd_decile": "1",
        "casualty_injury_based": "1",
        "casualty_reference": 2,
        "casualty_severity": "3",
        "casualty_type": "9",
        "collision_index": "2025131627008",
        "collision_ref_no": "131627008",
        "collision_year": 2025,
        "enhanced_casualty_severity": "3",
        "lsoa_of_casualty": "E01011345",
        "pedestrian_location": "0",
        "pedestrian_movement": "0",
        "pedestrian_road_maintenance_worker": "0",
        "sex_of_casualty": "1",
        "vehicle_reference": 2,
        "geometry_source": "inherited_from_linked_collision",
        "source_year": 2025
      }
    },
    {
      "type": "Feature",
      "id": "2025131664922:1",
      "geometry": {
        "type": "Point",
        "coordinates": [
          -1.90305,
          53.71049
        ]
      },
      "properties": {
        "age_band_of_casualty": "8",
        "age_of_casualty": 54,
        "bus_or_coach_passenger": "0",
        "car_passenger": "0",
        "casualty_adjusted_severity_serious": "0",
        "casualty_adjusted_severity_slight": "1",
        "casualty_class": "1",
        "casualty_distance_banding": "2",
        "casualty_imd_decile": "2",
        "casualty_injury_based": "1",
        "casualty_reference": 1,
        "casualty_severity": "3",
        "casualty_type": "9",
        "collision_index": "2025131664922",
        "collision_ref_no": "131664922",
        "collision_year": 2025,
        "enhanced_casualty_severity": "3",
        "lsoa_of_casualty": "E01010752",
        "pedestrian_location": "0",
        "pedestrian_movement": "0",
        "pedestrian_road_maintenance_worker": "0",
        "sex_of_casualty": "2",
        "vehicle_reference": 2,
        "geometry_source": "inherited_from_linked_collision",
        "source_year": 2025
      }
    },
    {
      "type": "Feature",
      "id": "2025131637677:1",
      "geometry": {
        "type": "Point",
        "coordinates": [
          -1.85577,
          53.72683
        ]
      },
      "properties": {
        "age_band_of_casualty": "4",
        "age_of_casualty": 19,
        "bus_or_coach_passenger": "0",
        "car_passenger": "0",
        "casualty_adjusted_severity_serious": "1",
        "casualty_adjusted_severity_slight": "0",
        "casualty_class": "3",
        "casualty_distance_banding": "1",
        "casualty_imd_decile": "1",
        "casualty_injury_based": "1",
        "casualty_reference": 1,
        "casualty_severity": "2",
        "casualty_type": "0",
        "collision_index": "2025131637677",
        "collision_ref_no": "131637677",
        "collision_year": 2025,
        "enhanced_casualty_severity": "7",
        "lsoa_of_casualty": "E01010966",
        "pedestrian_location": "6",
        "pedestrian_movement": "9",
        "pedestrian_road_maintenance_worker": "-1",
        "sex_of_casualty": "1",
        "vehicle_reference": 1,
        "geometry_source": "inherited_from_linked_collision",
        "source_year": 2025
      }
    },
    {
      "type": "Feature",
      "id": "2025131684791:1",
      "geometry": {
        "type": "Point",
        "coordinates": [
          -1.7761,
          53.72298
        ]
      },
      "properties": {
        "age_band_of_casualty": "4",
        "age_of_casualty": 17,
        "bus_or_coach_passenger": "0",
        "car_passenger": "0",
        "casualty_adjusted_severity_serious": "0",
        "casualty_adjusted_severity_slight": "1",
        "casualty_class": "3",
        "casualty_distance_banding": "1",
        "casualty_imd_decile": "7",
        "casualty_injury_based": "1",
        "casualty_reference": 1,
        "casualty_severity": "3",
        "casualty_type": "0",
        "collision_index": "2025131684791",
        "collision_ref_no": "131684791",
        "collision_year": 2025,
        "enhanced_casualty_severity": "3",
        "lsoa_of_casualty": "E01010905",
        "pedestrian_location": "5",
        "pedestrian_movement": "1",
        "pedestrian_road_maintenance_worker": "-1",
        "sex_of_casualty": "2",
        "vehicle_reference": 1,
        "geometry_source": "inherited_from_linked_collision",
        "source_year": 2025
      }
    },
    {
      "type": "Feature",
      "id": "2025131669744:1",
      "geometry": {
        "type": "Point",
        "coordinates": [
          -1.81579,
          53.7532
        ]
      },
      "properties": {
        "age_band_of_casualty": "7",
        "age_of_casualty": 37,
        "bus_or_coach_passenger": "0",
        "car_passenger": "0",
        "casualty_adjusted_severity_serious": "1",
        "casualty_adjusted_severity_slight": "0",
        "casualty_class": "1",
        "casualty_distance_banding": "2",
        "casualty_imd_decile": "3",
        "casualty_injury_based": "1",
        "casualty_reference": 1,
        "casualty_severity": "2",
        "casualty_type": "5",
        "collision_index": "2025131669744",
        "collision_ref_no": "131669744",
        "collision_year": 2025,
        "enhanced_casualty_severity": "6",
        "lsoa_of_casualty": "E01033690",
        "pedestrian_location": "0",
        "pedestrian_movement": "0",
        "pedestrian_road_maintenance_worker": "0",
        "sex_of_casualty": "1",
        "vehicle_reference": 2,
        "geometry_source": "inherited_from_linked_collision",
        "source_year": 2025
      }
    },
    {
      "type": "Feature",
      "id": "2025131539576:1",
      "geometry": {
        "type": "Point",
        "coordinates": [
          -1.78134,
          53.70284
        ]
      },
      "properties": {
        "age_band_of_casualty": "5",
        "age_of_casualty": 21,
        "bus_or_coach_passenger": "0",
        "car_passenger": "0",
        "casualty_adjusted_severity_serious": "1",
        "casualty_adjusted_severity_slight": "0",
        "casualty_class": "1",
        "casualty_distance_banding": "1",
        "casualty_imd_decile": "1",
        "casualty_injury_based": "1",
        "casualty_reference": 1,
        "casualty_severity": "2",
        "casualty_type": "9",
        "collision_index": "2025131539576",
        "collision_ref_no": "131539576",
        "collision_year": 2025,
        "enhanced_casualty_severity": "5",
        "lsoa_of_casualty": "E01010880",
        "pedestrian_location": "0",
        "pedestrian_movement": "0",
        "pedestrian_road_maintenance_worker": "0",
        "sex_of_casualty": "2",
        "vehicle_reference": 2,
        "geometry_source": "inherited_from_linked_collision",
        "source_year": 2025
      }
    },
    {
      "type": "Feature",
      "id": "2025131670491:1",
      "geometry": {
        "type": "Point",
        "coordinates": [
          -1.82868,
          53.7391
        ]
      },
      "properties": {
        "age_band_of_casualty": "5",
        "age_of_casualty": 21,
        "bus_or_coach_passenger": "0",
        "car_passenger": "0",
        "casualty_adjusted_severity_serious": "0",
        "casualty_adjusted_severity_slight": "1",
        "casualty_class": "1",
        "casualty_distance_banding": "2",
        "casualty_imd_decile": "2",
        "casualty_injury_based": "1",
        "casualty_reference": 1,
        "casualty_severity": "3",
        "casualty_type": "9",
        "collision_index": "2025131670491",
        "collision_ref_no": "131670491",
        "collision_year": 2025,
        "enhanced_casualty_severity": "3",
        "lsoa_of_casualty": "E01010658",
        "pedestrian_location": "0",
        "pedestrian_movement": "0",
        "pedestrian_road_maintenance_worker": "0",
        "sex_of_casualty": "2",
        "vehicle_reference": 1,
        "geometry_source": "inherited_from_linked_collision",
        "source_year": 2025
      }
    },
    {
      "type": "Feature",
      "id": "2025131620092:1",
      "geometry": {
        "type": "Point",
        "coordinates": [
          -1.87237,
          53.73599
        ]
      },
      "properties": {
        "age_band_of_casualty": "2",
        "age_of_casualty": 9,
        "bus_or_coach_passenger": "0",
        "car_passenger": "0",
        "casualty_adjusted_severity_serious": "0",
        "casualty_adjusted_severity_slight": "1",
        "casualty_class": "1",
        "casualty_distance_banding": "1",
        "casualty_imd_decile": "1",
        "casualty_injury_based": "1",
        "casualty_reference": 1,
        "casualty_severity": "3",
        "casualty_type": "1",
        "collision_index": "2025131620092",
        "collision_ref_no": "131620092",
        "collision_year": 2025,
        "enhanced_casualty_severity": "3",
        "lsoa_of_casualty": "E01010944",
        "pedestrian_location": "0",
        "pedestrian_movement": "0",
        "pedestrian_road_maintenance_worker": "0",
        "sex_of_casualty": "1",
        "vehicle_reference": 2,
        "geometry_source": "inherited_from_linked_collision",
        "source_year": 2025
      }
    },
    {
      "type": "Feature",
      "id": "2025131653987:1",
      "geometry": {
        "type": "Point",
        "coordinates": [
          -2.01867,
          53.63084
        ]
      },
      "properties": {
        "age_band_of_casualty": "7",
        "age_of_casualty": 40,
        "bus_or_coach_passenger": "0",
        "car_passenger": "0",
        "casualty_adjusted_severity_serious": "1",
        "casualty_adjusted_severity_slight": "0",
        "casualty_class": "1",
        "casualty_distance_banding": "2",
        "casualty_imd_decile": "6",
        "casualty_injury_based": "1",
        "casualty_reference": 1,
        "casualty_severity": "2",
        "casualty_type": "5",
        "collision_index": "2025131653987",
        "collision_ref_no": "131653987",
        "collision_year": 2025,
        "enhanced_casualty_severity": "7",
        "lsoa_of_casualty": "E01010955",
        "pedestrian_location": "0",
        "pedestrian_movement": "0",
        "pedestrian_road_maintenance_worker": "0",
        "sex_of_casualty": "1",
        "vehicle_reference": 2,
        "geometry_source": "inherited_from_linked_collision",
        "source_year": 2025
      }
    },
    {
      "type": "Feature",
      "id": "2025131650860:1",
      "geometry": {
        "type": "Point",
        "coordinates": [
          -1.88587,
          53.73664
        ]
      },
      "properties": {
        "age_band_of_casualty": "3",
        "age_of_casualty": 13,
        "bus_or_coach_passenger": "0",
        "car_passenger": "0",
        "casualty_adjusted_severity_serious": "0",
        "casualty_adjusted_severity_slight": "1",
        "casualty_class": "1",
        "casualty_distance_banding": "1",
        "casualty_imd_decile": "1",
        "casualty_injury_based": "1",
        "casualty_reference": 1,
        "casualty_severity": "3",
        "casualty_type": "1",
        "collision_index": "2025131650860",
        "collision_ref_no": "131650860",
        "collision_year": 2025,
        "enhanced_casualty_severity": "3",
        "lsoa_of_casualty": "E01010938",
        "pedestrian_location": "0",
        "pedestrian_movement": "0",
        "pedestrian_road_maintenance_worker": "0",
        "sex_of_casualty": "1",
        "vehicle_reference": 2,
        "geometry_source": "inherited_from_linked_collision",
        "source_year": 2025
      }
    },
    {
      "type": "Feature",
      "id": "2025131537758:3",
      "geometry": {
        "type": "Point",
        "coordinates": [
          -1.82491,
          53.69778
        ]
      },
      "properties": {
        "age_band_of_casualty": "5",
        "age_of_casualty": 25,
        "bus_or_coach_passenger": "0",
        "car_passenger": "0",
        "casualty_adjusted_severity_serious": "0",
        "casualty_adjusted_severity_slight": "1",
        "casualty_class": "1",
        "casualty_distance_banding": "1",
        "casualty_imd_decile": "4",
        "casualty_injury_based": "1",
        "casualty_reference": 3,
        "casualty_severity": "3",
        "casualty_type": "9",
        "collision_index": "2025131537758",
        "collision_ref_no": "131537758",
        "collision_year": 2025,
        "enhanced_casualty_severity": "3",
        "lsoa_of_casualty": "E01010951",
        "pedestrian_location": "0",
        "pedestrian_movement": "0",
        "pedestrian_road_maintenance_worker": "0",
        "sex_of_casualty": "1",
        "vehicle_reference": 1,
        "geometry_source": "inherited_from_linked_collision",
        "source_year": 2025
      }
    },
    {
      "type": "Feature",
      "id": "2025131626172:1",
      "geometry": {
        "type": "Point",
        "coordinates": [
          -1.8218,
          53.7461
        ]
      },
      "properties": {
        "age_band_of_casualty": "5",
        "age_of_casualty": 22,
        "bus_or_coach_passenger": "0",
        "car_passenger": "1",
        "casualty_adjusted_severity_serious": "0",
        "casualty_adjusted_severity_slight": "1",
        "casualty_class": "2",
        "casualty_distance_banding": "2",
        "casualty_imd_decile": "1",
        "casualty_injury_based": "1",
        "casualty_reference": 1,
        "casualty_severity": "3",
        "casualty_type": "9",
        "collision_index": "2025131626172",
        "collision_ref_no": "131626172",
        "collision_year": 2025,
        "enhanced_casualty_severity": "3",
        "lsoa_of_casualty": "E01010733",
        "pedestrian_location": "0",
        "pedestrian_movement": "0",
        "pedestrian_road_maintenance_worker": "0",
        "sex_of_casualty": "1",
        "vehicle_reference": 1,
        "geometry_source": "inherited_from_linked_collision",
        "source_year": 2025
      }
    },
    {
      "type": "Feature",
      "id": "2025131627976:1",
      "geometry": {
        "type": "Point",
        "coordinates": [
          -1.83104,
          53.74085
        ]
      },
      "properties": {
        "age_band_of_casualty": "11",
        "age_of_casualty": 83,
        "bus_or_coach_passenger": "0",
        "car_passenger": "0",
        "casualty_adjusted_severity_serious": "0",
        "casualty_adjusted_severity_slight": "1",
        "casualty_class": "3",
        "casualty_distance_banding": "1",
        "casualty_imd_decile": "10",
        "casualty_injury_based": "1",
        "casualty_reference": 1,
        "casualty_severity": "3",
        "casualty_type": "0",
        "collision_index": "2025131627976",
        "collision_ref_no": "131627976",
        "collision_year": 2025,
        "enhanced_casualty_severity": "3",
        "lsoa_of_casualty": "E01010936",
        "pedestrian_location": "8",
        "pedestrian_movement": "4",
        "pedestrian_road_maintenance_worker": "-1",
        "sex_of_casualty": "2",
        "vehicle_reference": 1,
        "geometry_source": "inherited_from_linked_collision",
        "source_year": 2025
      }
    },
    {
      "type": "Feature",
      "id": "2025131619179:1",
      "geometry": {
        "type": "Point",
        "coordinates": [
          -1.74309,
          53.70292
        ]
      },
      "properties": {
        "age_band_of_casualty": "7",
        "age_of_casualty": 45,
        "bus_or_coach_passenger": "0",
        "car_passenger": "0",
        "casualty_adjusted_severity_serious": "0",
        "casualty_adjusted_severity_slight": "1",
        "casualty_class": "1",
        "casualty_distance_banding": "4",
        "casualty_imd_decile": "3",
        "casualty_injury_based": "1",
        "casualty_reference": 1,
        "casualty_severity": "3",
        "casualty_type": "9",
        "collision_index": "2025131619179",
        "collision_ref_no": "131619179",
        "collision_year": 2025,
        "enhanced_casualty_severity": "3",
        "lsoa_of_casualty": "E01006043",
        "pedestrian_location": "0",
        "pedestrian_movement": "0",
        "pedestrian_road_maintenance_worker": "0",
        "sex_of_casualty": "2",
        "vehicle_reference": 2,
        "geometry_source": "inherited_from_linked_collision",
        "source_year": 2025
      }
    },
    {
      "type": "Feature",
      "id": "2025131675734:1",
      "geometry": {
        "type": "Point",
        "coordinates": [
          -1.86702,
          53.67638
        ]
      },
      "properties": {
        "age_band_of_casualty": "8",
        "age_of_casualty": 46,
        "bus_or_coach_passenger": "0",
        "car_passenger": "1",
        "casualty_adjusted_severity_serious": "0",
        "casualty_adjusted_severity_slight": "1",
        "casualty_class": "2",
        "casualty_distance_banding": "1",
        "casualty_imd_decile": "5",
        "casualty_injury_based": "1",
        "casualty_reference": 1,
        "casualty_severity": "3",
        "casualty_type": "9",
        "collision_index": "2025131675734",
        "collision_ref_no": "131675734",
        "collision_year": 2025,
        "enhanced_casualty_severity": "3",
        "lsoa_of_casualty": "E01010903",
        "pedestrian_location": "0",
        "pedestrian_movement": "0",
        "pedestrian_road_maintenance_worker": "0",
        "sex_of_casualty": "2",
        "vehicle_reference": 1,
        "geometry_source": "inherited_from_linked_collision",
        "source_year": 2025
      }
    },
    {
      "type": "Feature",
      "id": "2025131550021:2",
      "geometry": {
        "type": "Point",
        "coordinates": [
          -1.99577,
          53.63943
        ]
      },
      "properties": {
        "age_band_of_casualty": "4",
        "age_of_casualty": 16,
        "bus_or_coach_passenger": "0",
        "car_passenger": "2",
        "casualty_adjusted_severity_serious": "0",
        "casualty_adjusted_severity_slight": "1",
        "casualty_class": "2",
        "casualty_distance_banding": "3",
        "casualty_imd_decile": "5",
        "casualty_injury_based": "1",
        "casualty_reference": 2,
        "casualty_severity": "3",
        "casualty_type": "9",
        "collision_index": "2025131550021",
        "collision_ref_no": "131550021",
        "collision_year": 2025,
        "enhanced_casualty_severity": "3",
        "lsoa_of_casualty": "E01010991",
        "pedestrian_location": "0",
        "pedestrian_movement": "0",
        "pedestrian_road_maintenance_worker": "0",
        "sex_of_casualty": "2",
        "vehicle_reference": 1,
        "geometry_source": "inherited_from_linked_collision",
        "source_year": 2025
      }
    },
    {
      "type": "Feature",
      "id": "2025131616485:2",
      "geometry": {
        "type": "Point",
        "coordinates": [
          -1.8959,
          53.70931
        ]
      },
      "properties": {
        "age_band_of_casualty": "1",
        "age_of_casualty": 2,
        "bus_or_coach_passenger": "0",
        "car_passenger": "2",
        "casualty_adjusted_severity_serious": "1",
        "casualty_adjusted_severity_slight": "0",
        "casualty_class": "2",
        "casualty_distance_banding": "1",
        "casualty_imd_decile": "3",
        "casualty_injury_based": "1",
        "casualty_reference": 2,
        "casualty_severity": "2",
        "casualty_type": "9",
        "collision_index": "2025131616485",
        "collision_ref_no": "131616485",
        "collision_year": 2025,
        "enhanced_casualty_severity": "7",
        "lsoa_of_casualty": "E01010981",
        "pedestrian_location": "0",
        "pedestrian_movement": "0",
        "pedestrian_road_maintenance_worker": "0",
        "sex_of_casualty": "2",
        "vehicle_reference": 3,
        "geometry_source": "inherited_from_linked_collision",
        "source_year": 2025
      }
    },
    {
      "type": "Feature",
      "id": "2025131650632:3",
      "geometry": {
        "type": "Point",
        "coordinates": [
          -2.02548,
          53.74175
        ]
      },
      "properties": {
        "age_band_of_casualty": "10",
        "age_of_casualty": 71,
        "bus_or_coach_passenger": "0",
        "car_passenger": "1",
        "casualty_adjusted_severity_serious": "0",
        "casualty_adjusted_severity_slight": "1",
        "casualty_class": "2",
        "casualty_distance_banding": "1",
        "casualty_imd_decile": "7",
        "casualty_injury_based": "1",
        "casualty_reference": 3,
        "casualty_severity": "3",
        "casualty_type": "9",
        "collision_index": "2025131650632",
        "collision_ref_no": "131650632",
        "collision_year": 2025,
        "enhanced_casualty_severity": "3",
        "lsoa_of_casualty": "E01010887",
        "pedestrian_location": "0",
        "pedestrian_movement": "0",
        "pedestrian_road_maintenance_worker": "0",
        "sex_of_casualty": "1",
        "vehicle_reference": 1,
        "geometry_source": "inherited_from_linked_collision",
        "source_year": 2025
      }
    },
    {
      "type": "Feature",
      "id": "2025131646572:1",
      "geometry": {
        "type": "Point",
        "coordinates": [
          -1.81272,
          53.7549
        ]
      },
      "properties": {
        "age_band_of_casualty": "4",
        "age_of_casualty": 16,
        "bus_or_coach_passenger": "0",
        "car_passenger": "0",
        "casualty_adjusted_severity_serious": "0",
        "casualty_adjusted_severity_slight": "1",
        "casualty_class": "1",
        "casualty_distance_banding": "1",
        "casualty_imd_decile": "6",
        "casualty_injury_based": "1",
        "casualty_reference": 1,
        "casualty_severity": "3",
        "casualty_type": "2",
        "collision_index": "2025131646572",
        "collision_ref_no": "131646572",
        "collision_year": 2025,
        "enhanced_casualty_severity": "3",
        "lsoa_of_casualty": "E01010932",
        "pedestrian_location": "0",
        "pedestrian_movement": "0",
        "pedestrian_road_maintenance_worker": "0",
        "sex_of_casualty": "1",
        "vehicle_reference": 1,
        "geometry_source": "inherited_from_linked_collision",
        "source_year": 2025
      }
    },
    {
      "type": "Feature",
      "id": "2025131540372:1",
      "geometry": {
        "type": "Point",
        "coordinates": [
          -1.78778,
          53.70247
        ]
      },
      "properties": {
        "age_band_of_casualty": "4",
        "age_of_casualty": 16,
        "bus_or_coach_passenger": "0",
        "car_passenger": "2",
        "casualty_adjusted_severity_serious": "0",
        "casualty_adjusted_severity_slight": "1",
        "casualty_class": "2",
        "casualty_distance_banding": "2",
        "casualty_imd_decile": "4",
        "casualty_injury_based": "1",
        "casualty_reference": 1,
        "casualty_severity": "3",
        "casualty_type": "8",
        "collision_index": "2025131540372",
        "collision_ref_no": "131540372",
        "collision_year": 2025,
        "enhanced_casualty_severity": "3",
        "lsoa_of_casualty": "E01010902",
        "pedestrian_location": "0",
        "pedestrian_movement": "0",
        "pedestrian_road_maintenance_worker": "0",
        "sex_of_casualty": "2",
        "vehicle_reference": 1,
        "geometry_source": "inherited_from_linked_collision",
        "source_year": 2025
      }
    },
    {
      "type": "Feature",
      "id": "2025131559101:1",
      "geometry": {
        "type": "Point",
        "coordinates": [
          -1.8614,
          53.74118
        ]
      },
      "properties": {
        "age_band_of_casualty": "1",
        "age_of_casualty": 3,
        "bus_or_coach_passenger": "0",
        "car_passenger": "0",
        "casualty_adjusted_severity_serious": "0",
        "casualty_adjusted_severity_slight": "1",
        "casualty_class": "3",
        "casualty_distance_banding": "1",
        "casualty_imd_decile": "10",
        "casualty_injury_based": "1",
        "casualty_reference": 1,
        "casualty_severity": "3",
        "casualty_type": "0",
        "collision_index": "2025131559101",
        "collision_ref_no": "131559101",
        "collision_year": 2025,
        "enhanced_casualty_severity": "3",
        "lsoa_of_casualty": "E01010936",
        "pedestrian_location": "10",
        "pedestrian_movement": "1",
        "pedestrian_road_maintenance_worker": "-1",
        "sex_of_casualty": "2",
        "vehicle_reference": 1,
        "geometry_source": "inherited_from_linked_collision",
        "source_year": 2025
      }
    },
    {
      "type": "Feature",
      "id": "2025131641106:1",
      "geometry": {
        "type": "Point",
        "coordinates": [
          -1.86145,
          53.72183
        ]
      },
      "properties": {
        "age_band_of_casualty": "7",
        "age_of_casualty": 40,
        "bus_or_coach_passenger": "0",
        "car_passenger": "0",
        "casualty_adjusted_severity_serious": "0",
        "casualty_adjusted_severity_slight": "1",
        "casualty_class": "3",
        "casualty_distance_banding": "5",
        "casualty_imd_decile": "3",
        "casualty_injury_based": "1",
        "casualty_reference": 1,
        "casualty_severity": "3",
        "casualty_type": "0",
        "collision_index": "2025131641106",
        "collision_ref_no": "131641106",
        "collision_year": 2025,
        "enhanced_casualty_severity": "3",
        "lsoa_of_casualty": "E01029409",
        "pedestrian_location": "10",
        "pedestrian_movement": "9",
        "pedestrian_road_maintenance_worker": "-1",
        "sex_of_casualty": "1",
        "vehicle_reference": 1,
        "geometry_source": "inherited_from_linked_collision",
        "source_year": 2025
      }
    },
    {
      "type": "Feature",
      "id": "2025131673381:1",
      "geometry": {
        "type": "Point",
        "coordinates": [
          -1.86867,
          53.72532
        ]
      },
      "properties": {
        "age_band_of_casualty": "10",
        "age_of_casualty": 68,
        "bus_or_coach_passenger": "0",
        "car_passenger": "0",
        "casualty_adjusted_severity_serious": "0",
        "casualty_adjusted_severity_slight": "1",
        "casualty_class": "3",
        "casualty_distance_banding": "1",
        "casualty_imd_decile": "2",
        "casualty_injury_based": "1",
        "casualty_reference": 1,
        "casualty_severity": "3",
        "casualty_type": "0",
        "collision_index": "2025131673381",
        "collision_ref_no": "131673381",
        "collision_year": 2025,
        "enhanced_casualty_severity": "3",
        "lsoa_of_casualty": "E01010942",
        "pedestrian_location": "5",
        "pedestrian_movement": "1",
        "pedestrian_road_maintenance_worker": "-1",
        "sex_of_casualty": "1",
        "vehicle_reference": 1,
        "geometry_source": "inherited_from_linked_collision",
        "source_year": 2025
      }
    },
    {
      "type": "Feature",
      "id": "2025131683237:1",
      "geometry": {
        "type": "Point",
        "coordinates": [
          -1.91102,
          53.70952
        ]
      },
      "properties": {
        "age_band_of_casualty": "4",
        "age_of_casualty": 18,
        "bus_or_coach_passenger": "0",
        "car_passenger": "0",
        "casualty_adjusted_severity_serious": "0",
        "casualty_adjusted_severity_slight": "1",
        "casualty_class": "3",
        "casualty_distance_banding": "1",
        "casualty_imd_decile": "3",
        "casualty_injury_based": "1",
        "casualty_reference": 1,
        "casualty_severity": "3",
        "casualty_type": "0",
        "collision_index": "2025131683237",
        "collision_ref_no": "131683237",
        "collision_year": 2025,
        "enhanced_casualty_severity": "3",
        "lsoa_of_casualty": "E01010980",
        "pedestrian_location": "10",
        "pedestrian_movement": "7",
        "pedestrian_road_maintenance_worker": "-1",
        "sex_of_casualty": "2",
        "vehicle_reference": 1,
        "geometry_source": "inherited_from_linked_collision",
        "source_year": 2025
      }
    },
    {
      "type": "Feature",
      "id": "2025131537061:2",
      "geometry": {
        "type": "Point",
        "coordinates": [
          -1.87522,
          53.73844
        ]
      },
      "properties": {
        "age_band_of_casualty": "5",
        "age_of_casualty": 24,
        "bus_or_coach_passenger": "0",
        "car_passenger": "1",
        "casualty_adjusted_severity_serious": "1",
        "casualty_adjusted_severity_slight": "0",
        "casualty_class": "2",
        "casualty_distance_banding": "3",
        "casualty_imd_decile": "1",
        "casualty_injury_based": "1",
        "casualty_reference": 2,
        "casualty_severity": "2",
        "casualty_type": "9",
        "collision_index": "2025131537061",
        "collision_ref_no": "131537061",
        "collision_year": 2025,
        "enhanced_casualty_severity": "5",
        "lsoa_of_casualty": "E01010817",
        "pedestrian_location": "0",
        "pedestrian_movement": "0",
        "pedestrian_road_maintenance_worker": "0",
        "sex_of_casualty": "1",
        "vehicle_reference": 1,
        "geometry_source": "inherited_from_linked_collision",
        "source_year": 2025
      }
    },
    {
      "type": "Feature",
      "id": "2025131538340:1",
      "geometry": {
        "type": "Point",
        "coordinates": [
          -1.8271,
          53.68517
        ]
      },
      "properties": {
        "age_band_of_casualty": "8",
        "age_of_casualty": 52,
        "bus_or_coach_passenger": "0",
        "car_passenger": "0",
        "casualty_adjusted_severity_serious": "0",
        "casualty_adjusted_severity_slight": "1",
        "casualty_class": "1",
        "casualty_distance_banding": "2",
        "casualty_imd_decile": "5",
        "casualty_injury_based": "1",
        "casualty_reference": 1,
        "casualty_severity": "3",
        "casualty_type": "9",
        "collision_index": "2025131538340",
        "collision_ref_no": "131538340",
        "collision_year": 2025,
        "enhanced_casualty_severity": "3",
        "lsoa_of_casualty": "E01011009",
        "pedestrian_location": "0",
        "pedestrian_movement": "0",
        "pedestrian_road_maintenance_worker": "0",
        "sex_of_casualty": "1",
        "vehicle_reference": 1,
        "geometry_source": "inherited_from_linked_collision",
        "source_year": 2025
      }
    },
    {
      "type": "Feature",
      "id": "2025131559993:1",
      "geometry": {
        "type": "Point",
        "coordinates": [
          -1.88261,
          53.71409
        ]
      },
      "properties": {
        "age_band_of_casualty": "9",
        "age_of_casualty": 60,
        "bus_or_coach_passenger": "0",
        "car_passenger": "0",
        "casualty_adjusted_severity_serious": "0",
        "casualty_adjusted_severity_slight": "1",
        "casualty_class": "1",
        "casualty_distance_banding": "2",
        "casualty_imd_decile": "6",
        "casualty_injury_based": "1",
        "casualty_reference": 1,
        "casualty_severity": "3",
        "casualty_type": "9",
        "collision_index": "2025131559993",
        "collision_ref_no": "131559993",
        "collision_year": 2025,
        "enhanced_casualty_severity": "3",
        "lsoa_of_casualty": "E01010933",
        "pedestrian_location": "0",
        "pedestrian_movement": "0",
        "pedestrian_road_maintenance_worker": "0",
        "sex_of_casualty": "2",
        "vehicle_reference": 3,
        "geometry_source": "inherited_from_linked_collision",
        "source_year": 2025
      }
    },
    {
      "type": "Feature",
      "id": "2025131563723:1",
      "geometry": {
        "type": "Point",
        "coordinates": [
          -1.76608,
          53.69796
        ]
      },
      "properties": {
        "age_band_of_casualty": "9",
        "age_of_casualty": 61,
        "bus_or_coach_passenger": "0",
        "car_passenger": "0",
        "casualty_adjusted_severity_serious": "0",
        "casualty_adjusted_severity_slight": "1",
        "casualty_class": "3",
        "casualty_distance_banding": "4",
        "casualty_imd_decile": "10",
        "casualty_injury_based": "1",
        "casualty_reference": 1,
        "casualty_severity": "3",
        "casualty_type": "0",
        "collision_index": "2025131563723",
        "collision_ref_no": "131563723",
        "collision_year": 2025,
        "enhanced_casualty_severity": "3",
        "lsoa_of_casualty": "E01027899",
        "pedestrian_location": "8",
        "pedestrian_movement": "1",
        "pedestrian_road_maintenance_worker": "-1",
        "sex_of_casualty": "1",
        "vehicle_reference": 1,
        "geometry_source": "inherited_from_linked_collision",
        "source_year": 2025
      }
    },
    {
      "type": "Feature",
      "id": "2025131663940:1",
      "geometry": {
        "type": "Point",
        "coordinates": [
          -1.81871,
          53.688
        ]
      },
      "properties": {
        "age_band_of_casualty": "10",
        "age_of_casualty": 71,
        "bus_or_coach_passenger": "0",
        "car_passenger": "0",
        "casualty_adjusted_severity_serious": "1",
        "casualty_adjusted_severity_slight": "0",
        "casualty_class": "3",
        "casualty_distance_banding": "1",
        "casualty_imd_decile": "7",
        "casualty_injury_based": "1",
        "casualty_reference": 1,
        "casualty_severity": "2",
        "casualty_type": "0",
        "collision_index": "2025131663940",
        "collision_ref_no": "131663940",
        "collision_year": 2025,
        "enhanced_casualty_severity": "7",
        "lsoa_of_casualty": "E01010892",
        "pedestrian_location": "5",
        "pedestrian_movement": "1",
        "pedestrian_road_maintenance_worker": "-1",
        "sex_of_casualty": "2",
        "vehicle_reference": 1,
        "geometry_source": "inherited_from_linked_collision",
        "source_year": 2025
      }
    },
    {
      "type": "Feature",
      "id": "2025131544545:2",
      "geometry": {
        "type": "Point",
        "coordinates": [
          -1.91413,
          53.7063
        ]
      },
      "properties": {
        "age_band_of_casualty": "2",
        "age_of_casualty": 10,
        "bus_or_coach_passenger": "0",
        "car_passenger": "2",
        "casualty_adjusted_severity_serious": "0",
        "casualty_adjusted_severity_slight": "1",
        "casualty_class": "2",
        "casualty_distance_banding": "2",
        "casualty_imd_decile": "7",
        "casualty_injury_based": "1",
        "casualty_reference": 2,
        "casualty_severity": "3",
        "casualty_type": "9",
        "collision_index": "2025131544545",
        "collision_ref_no": "131544545",
        "collision_year": 2025,
        "enhanced_casualty_severity": "3",
        "lsoa_of_casualty": "E01010881",
        "pedestrian_location": "0",
        "pedestrian_movement": "0",
        "pedestrian_road_maintenance_worker": "0",
        "sex_of_casualty": "1",
        "vehicle_reference": 1,
        "geometry_source": "inherited_from_linked_collision",
        "source_year": 2025
      }
    },
    {
      "type": "Feature",
      "id": "2025131570802:6",
      "geometry": {
        "type": "Point",
        "coordinates": [
          -1.86505,
          53.72808
        ]
      },
      "properties": {
        "age_band_of_casualty": "4",
        "age_of_casualty": 20,
        "bus_or_coach_passenger": "0",
        "car_passenger": "2",
        "casualty_adjusted_severity_serious": "0",
        "casualty_adjusted_severity_slight": "1",
        "casualty_class": "2",
        "casualty_distance_banding": "1",
        "casualty_imd_decile": "8",
        "casualty_injury_based": "1",
        "casualty_reference": 6,
        "casualty_severity": "3",
        "casualty_type": "9",
        "collision_index": "2025131570802",
        "collision_ref_no": "131570802",
        "collision_year": 2025,
        "enhanced_casualty_severity": "3",
        "lsoa_of_casualty": "E01010971",
        "pedestrian_location": "0",
        "pedestrian_movement": "0",
        "pedestrian_road_maintenance_worker": "0",
        "sex_of_casualty": "1",
        "vehicle_reference": 1,
        "geometry_source": "inherited_from_linked_collision",
        "source_year": 2025
      }
    },
    {
      "type": "Feature",
      "id": "2025131594058:1",
      "geometry": {
        "type": "Point",
        "coordinates": [
          -1.89074,
          53.72937
        ]
      },
      "properties": {
        "age_band_of_casualty": "9",
        "age_of_casualty": 60,
        "bus_or_coach_passenger": "0",
        "car_passenger": "0",
        "casualty_adjusted_severity_serious": "0",
        "casualty_adjusted_severity_slight": "1",
        "casualty_class": "1",
        "casualty_distance_banding": "1",
        "casualty_imd_decile": "2",
        "casualty_injury_based": "1",
        "casualty_reference": 1,
        "casualty_severity": "3",
        "casualty_type": "9",
        "collision_index": "2025131594058",
        "collision_ref_no": "131594058",
        "collision_year": 2025,
        "enhanced_casualty_severity": "3",
        "lsoa_of_casualty": "E01010929",
        "pedestrian_location": "0",
        "pedestrian_movement": "0",
        "pedestrian_road_maintenance_worker": "0",
        "sex_of_casualty": "1",
        "vehicle_reference": 1,
        "geometry_source": "inherited_from_linked_collision",
        "source_year": 2025
      }
    },
    {
      "type": "Feature",
      "id": "2025131594090:1",
      "geometry": {
        "type": "Point",
        "coordinates": [
          -1.89122,
          53.68871
        ]
      },
      "properties": {
        "age_band_of_casualty": "5",
        "age_of_casualty": 23,
        "bus_or_coach_passenger": "0",
        "car_passenger": "0",
        "casualty_adjusted_severity_serious": "0",
        "casualty_adjusted_severity_slight": "1",
        "casualty_class": "1",
        "casualty_distance_banding": "1",
        "casualty_imd_decile": "5",
        "casualty_injury_based": "1",
        "casualty_reference": 1,
        "casualty_severity": "3",
        "casualty_type": "9",
        "collision_index": "2025131594090",
        "collision_ref_no": "131594090",
        "collision_year": 2025,
        "enhanced_casualty_severity": "3",
        "lsoa_of_casualty": "E01010990",
        "pedestrian_location": "0",
        "pedestrian_movement": "0",
        "pedestrian_road_maintenance_worker": "0",
        "sex_of_casualty": "2",
        "vehicle_reference": 1,
        "geometry_source": "inherited_from_linked_collision",
        "source_year": 2025
      }
    },
    {
      "type": "Feature",
      "id": "2025131613007:1",
      "geometry": {
        "type": "Point",
        "coordinates": [
          -1.89101,
          53.73027
        ]
      },
      "properties": {
        "age_band_of_casualty": "8",
        "age_of_casualty": 54,
        "bus_or_coach_passenger": "0",
        "car_passenger": "2",
        "casualty_adjusted_severity_serious": "1",
        "casualty_adjusted_severity_slight": "0",
        "casualty_class": "2",
        "casualty_distance_banding": "1",
        "casualty_imd_decile": "2",
        "casualty_injury_based": "1",
        "casualty_reference": 1,
        "casualty_severity": "2",
        "casualty_type": "9",
        "collision_index": "2025131613007",
        "collision_ref_no": "131613007",
        "collision_year": 2025,
        "enhanced_casualty_severity": "7",
        "lsoa_of_casualty": "E01010930",
        "pedestrian_location": "0",
        "pedestrian_movement": "0",
        "pedestrian_road_maintenance_worker": "0",
        "sex_of_casualty": "2",
        "vehicle_reference": 1,
        "geometry_source": "inherited_from_linked_collision",
        "source_year": 2025
      }
    },
    {
      "type": "Feature",
      "id": "2025131643481:1",
      "geometry": {
        "type": "Point",
        "coordinates": [
          -1.87878,
          53.70412
        ]
      },
      "properties": {
        "age_band_of_casualty": "7",
        "age_of_casualty": 43,
        "bus_or_coach_passenger": "0",
        "car_passenger": "0",
        "casualty_adjusted_severity_serious": "1",
        "casualty_adjusted_severity_slight": "0",
        "casualty_class": "1",
        "casualty_distance_banding": "2",
        "casualty_imd_decile": "3",
        "casualty_injury_based": "1",
        "casualty_reference": 1,
        "casualty_severity": "2",
        "casualty_type": "5",
        "collision_index": "2025131643481",
        "collision_ref_no": "131643481",
        "collision_year": 2025,
        "enhanced_casualty_severity": "7",
        "lsoa_of_casualty": "E01011085",
        "pedestrian_location": "0",
        "pedestrian_movement": "0",
        "pedestrian_road_maintenance_worker": "0",
        "sex_of_casualty": "1",
        "vehicle_reference": 2,
        "geometry_source": "inherited_from_linked_collision",
        "source_year": 2025
      }
    },
    {
      "type": "Feature",
      "id": "2025131607715:1",
      "geometry": {
        "type": "Point",
        "coordinates": [
          -1.74685,
          53.71242
        ]
      },
      "properties": {
        "age_band_of_casualty": "10",
        "age_of_casualty": 75,
        "bus_or_coach_passenger": "0",
        "car_passenger": "0",
        "casualty_adjusted_severity_serious": "1",
        "casualty_adjusted_severity_slight": "0",
        "casualty_class": "3",
        "casualty_distance_banding": "4",
        "casualty_imd_decile": "5",
        "casualty_injury_based": "1",
        "casualty_reference": 1,
        "casualty_severity": "2",
        "casualty_type": "0",
        "collision_index": "2025131607715",
        "collision_ref_no": "131607715",
        "collision_year": 2025,
        "enhanced_casualty_severity": "7",
        "lsoa_of_casualty": "E01027630",
        "pedestrian_location": "9",
        "pedestrian_movement": "5",
        "pedestrian_road_maintenance_worker": "-1",
        "sex_of_casualty": "2",
        "vehicle_reference": 1,
        "geometry_source": "inherited_from_linked_collision",
        "source_year": 2025
      }
    },
    {
      "type": "Feature",
      "id": "2025131632396:1",
      "geometry": {
        "type": "Point",
        "coordinates": [
          -1.90127,
          53.75039
        ]
      },
      "properties": {
        "age_band_of_casualty": "8",
        "age_of_casualty": 50,
        "bus_or_coach_passenger": "0",
        "car_passenger": "0",
        "casualty_adjusted_severity_serious": "0",
        "casualty_adjusted_severity_slight": "1",
        "casualty_class": "3",
        "casualty_distance_banding": "1",
        "casualty_imd_decile": "1",
        "casualty_injury_based": "1",
        "casualty_reference": 1,
        "casualty_severity": "3",
        "casualty_type": "0",
        "collision_index": "2025131632396",
        "collision_ref_no": "131632396",
        "collision_year": 2025,
        "enhanced_casualty_severity": "3",
        "lsoa_of_casualty": "E01010924",
        "pedestrian_location": "6",
        "pedestrian_movement": "9",
        "pedestrian_road_maintenance_worker": "-1",
        "sex_of_casualty": "2",
        "vehicle_reference": 1,
        "geometry_source": "inherited_from_linked_collision",
        "source_year": 2025
      }
    },
    {
      "type": "Feature",
      "id": "2025131675180:1",
      "geometry": {
        "type": "Point",
        "coordinates": [
          -1.85449,
          53.72388
        ]
      },
      "properties": {
        "age_band_of_casualty": "5",
        "age_of_casualty": 24,
        "bus_or_coach_passenger": "0",
        "car_passenger": "0",
        "casualty_adjusted_severity_serious": "1",
        "casualty_adjusted_severity_slight": "0",
        "casualty_class": "3",
        "casualty_distance_banding": "3",
        "casualty_imd_decile": "3",
        "casualty_injury_based": "1",
        "casualty_reference": 1,
        "casualty_severity": "2",
        "casualty_type": "0",
        "collision_index": "2025131675180",
        "collision_ref_no": "131675180",
        "collision_year": 2025,
        "enhanced_casualty_severity": "7",
        "lsoa_of_casualty": "E01010652",
        "pedestrian_location": "8",
        "pedestrian_movement": "7",
        "pedestrian_road_maintenance_worker": "-1",
        "sex_of_casualty": "1",
        "vehicle_reference": 1,
        "geometry_source": "inherited_from_linked_collision",
        "source_year": 2025
      }
    },
    {
      "type": "Feature",
      "id": "2025131678141:1",
      "geometry": {
        "type": "Point",
        "coordinates": [
          -1.89353,
          53.75425
        ]
      },
      "properties": {
        "age_band_of_casualty": "11",
        "age_of_casualty": 91,
        "bus_or_coach_passenger": "0",
        "car_passenger": "0",
        "casualty_adjusted_severity_serious": "0",
        "casualty_adjusted_severity_slight": "1",
        "casualty_class": "3",
        "casualty_distance_banding": "1",
        "casualty_imd_decile": "3",
        "casualty_injury_based": "1",
        "casualty_reference": 1,
        "casualty_severity": "3",
        "casualty_type": "0",
        "collision_index": "2025131678141",
        "collision_ref_no": "131678141",
        "collision_year": 2025,
        "enhanced_casualty_severity": "3",
        "lsoa_of_casualty": "E01010914",
        "pedestrian_location": "5",
        "pedestrian_movement": "1",
        "pedestrian_road_maintenance_worker": "-1",
        "sex_of_casualty": "1",
        "vehicle_reference": 1,
        "geometry_source": "inherited_from_linked_collision",
        "source_year": 2025
      }
    },
    {
      "type": "Feature",
      "id": "2025131591368:1",
      "geometry": {
        "type": "Point",
        "coordinates": [
          -1.8984,
          53.73176
        ]
      },
      "properties": {
        "age_band_of_casualty": "3",
        "age_of_casualty": 14,
        "bus_or_coach_passenger": "0",
        "car_passenger": "0",
        "casualty_adjusted_severity_serious": "0",
        "casualty_adjusted_severity_slight": "1",
        "casualty_class": "1",
        "casualty_distance_banding": "1",
        "casualty_imd_decile": "1",
        "casualty_injury_based": "1",
        "casualty_reference": 1,
        "casualty_severity": "3",
        "casualty_type": "1",
        "collision_index": "2025131591368",
        "collision_ref_no": "131591368",
        "collision_year": 2025,
        "enhanced_casualty_severity": "3",
        "lsoa_of_casualty": "E01010928",
        "pedestrian_location": "0",
        "pedestrian_movement": "0",
        "pedestrian_road_maintenance_worker": "0",
        "sex_of_casualty": "1",
        "vehicle_reference": 1,
        "geometry_source": "inherited_from_linked_collision",
        "source_year": 2025
      }
    },
    {
      "type": "Feature",
      "id": "2025131547504:2",
      "geometry": {
        "type": "Point",
        "coordinates": [
          -1.78005,
          53.69183
        ]
      },
      "properties": {
        "age_band_of_casualty": "8",
        "age_of_casualty": 54,
        "bus_or_coach_passenger": "0",
        "car_passenger": "0",
        "casualty_adjusted_severity_serious": "0",
        "casualty_adjusted_severity_slight": "1",
        "casualty_class": "1",
        "casualty_distance_banding": "2",
        "casualty_imd_decile": "4",
        "casualty_injury_based": "1",
        "casualty_reference": 2,
        "casualty_severity": "3",
        "casualty_type": "9",
        "collision_index": "2025131547504",
        "collision_ref_no": "131547504",
        "collision_year": 2025,
        "enhanced_casualty_severity": "3",
        "lsoa_of_casualty": "E01010750",
        "pedestrian_location": "0",
        "pedestrian_movement": "0",
        "pedestrian_road_maintenance_worker": "0",
        "sex_of_casualty": "1",
        "vehicle_reference": 2,
        "geometry_source": "inherited_from_linked_collision",
        "source_year": 2025
      }
    },
    {
      "type": "Feature",
      "id": "2025131583513:1",
      "geometry": {
        "type": "Point",
        "coordinates": [
          -2.09873,
          53.71901
        ]
      },
      "properties": {
        "age_band_of_casualty": "7",
        "age_of_casualty": 36,
        "bus_or_coach_passenger": "0",
        "car_passenger": "0",
        "casualty_adjusted_severity_serious": "0",
        "casualty_adjusted_severity_slight": "1",
        "casualty_class": "1",
        "casualty_distance_banding": "1",
        "casualty_imd_decile": "4",
        "casualty_injury_based": "1",
        "casualty_reference": 1,
        "casualty_severity": "3",
        "casualty_type": "9",
        "collision_index": "2025131583513",
        "collision_ref_no": "131583513",
        "collision_year": 2025,
        "enhanced_casualty_severity": "3",
        "lsoa_of_casualty": "E01010982",
        "pedestrian_location": "0",
        "pedestrian_movement": "0",
        "pedestrian_road_maintenance_worker": "0",
        "sex_of_casualty": "1",
        "vehicle_reference": 1,
        "geometry_source": "inherited_from_linked_collision",
        "source_year": 2025
      }
    },
    {
      "type": "Feature",
      "id": "2025131609642:1",
      "geometry": {
        "type": "Point",
        "coordinates": [
          -1.84474,
          53.72982
        ]
      },
      "properties": {
        "age_band_of_casualty": "10",
        "age_of_casualty": 74,
        "bus_or_coach_passenger": "0",
        "car_passenger": "0",
        "casualty_adjusted_severity_serious": "1",
        "casualty_adjusted_severity_slight": "0",
        "casualty_class": "1",
        "casualty_distance_banding": "3",
        "casualty_imd_decile": "5",
        "casualty_injury_based": "1",
        "casualty_reference": 1,
        "casualty_severity": "2",
        "casualty_type": "9",
        "collision_index": "2025131609642",
        "collision_ref_no": "131609642",
        "collision_year": 2025,
        "enhanced_casualty_severity": "6",
        "lsoa_of_casualty": "E01011161",
        "pedestrian_location": "0",
        "pedestrian_movement": "0",
        "pedestrian_road_maintenance_worker": "0",
        "sex_of_casualty": "1",
        "vehicle_reference": 1,
        "geometry_source": "inherited_from_linked_collision",
        "source_year": 2025
      }
    },
    {
      "type": "Feature",
      "id": "2025131644475:2",
      "geometry": {
        "type": "Point",
        "coordinates": [
          -1.8782,
          53.74243
        ]
      },
      "properties": {
        "age_band_of_casualty": "9",
        "age_of_casualty": 59,
        "bus_or_coach_passenger": "0",
        "car_passenger": "1",
        "casualty_adjusted_severity_serious": "0",
        "casualty_adjusted_severity_slight": "1",
        "casualty_class": "2",
        "casualty_distance_banding": "2",
        "casualty_imd_decile": "3",
        "casualty_injury_based": "1",
        "casualty_reference": 2,
        "casualty_severity": "3",
        "casualty_type": "9",
        "collision_index": "2025131644475",
        "collision_ref_no": "131644475",
        "collision_year": 2025,
        "enhanced_casualty_severity": "3",
        "lsoa_of_casualty": "E01010761",
        "pedestrian_location": "0",
        "pedestrian_movement": "0",
        "pedestrian_road_maintenance_worker": "0",
        "sex_of_casualty": "1",
        "vehicle_reference": 1,
        "geometry_source": "inherited_from_linked_collision",
        "source_year": 2025
      }
    },
    {
      "type": "Feature",
      "id": "2025131575379:1",
      "geometry": {
        "type": "Point",
        "coordinates": [
          -2.10521,
          53.70402
        ]
      },
      "properties": {
        "age_band_of_casualty": "9",
        "age_of_casualty": 61,
        "bus_or_coach_passenger": "0",
        "car_passenger": "0",
        "casualty_adjusted_severity_serious": "0",
        "casualty_adjusted_severity_slight": "1",
        "casualty_class": "1",
        "casualty_distance_banding": "2",
        "casualty_imd_decile": "7",
        "casualty_injury_based": "1",
        "casualty_reference": 1,
        "casualty_severity": "3",
        "casualty_type": "11",
        "collision_index": "2025131575379",
        "collision_ref_no": "131575379",
        "collision_year": 2025,
        "enhanced_casualty_severity": "3",
        "lsoa_of_casualty": "E01010881",
        "pedestrian_location": "0",
        "pedestrian_movement": "0",
        "pedestrian_road_maintenance_worker": "0",
        "sex_of_casualty": "1",
        "vehicle_reference": 1,
        "geometry_source": "inherited_from_linked_collision",
        "source_year": 2025
      }
    },
    {
      "type": "Feature",
      "id": "2025131568548:1",
      "geometry": {
        "type": "Point",
        "coordinates": [
          -1.85038,
          53.70718
        ]
      },
      "properties": {
        "age_band_of_casualty": "3",
        "age_of_casualty": 13,
        "bus_or_coach_passenger": "0",
        "car_passenger": "0",
        "casualty_adjusted_severity_serious": "0",
        "casualty_adjusted_severity_slight": "1",
        "casualty_class": "3",
        "casualty_distance_banding": "1",
        "casualty_imd_decile": "4",
        "casualty_injury_based": "1",
        "casualty_reference": 1,
        "casualty_severity": "3",
        "casualty_type": "0",
        "collision_index": "2025131568548",
        "collision_ref_no": "131568548",
        "collision_year": 2025,
        "enhanced_casualty_severity": "3",
        "lsoa_of_casualty": "E01010992",
        "pedestrian_location": "5",
        "pedestrian_movement": "3",
        "pedestrian_road_maintenance_worker": "-1",
        "sex_of_casualty": "2",
        "vehicle_reference": 1,
        "geometry_source": "inherited_from_linked_collision",
        "source_year": 2025
      }
    },
    {
      "type": "Feature",
      "id": "2025131565424:1",
      "geometry": {
        "type": "Point",
        "coordinates": [
          -1.87397,
          53.71239
        ]
      },
      "properties": {
        "age_band_of_casualty": "7",
        "age_of_casualty": 44,
        "bus_or_coach_passenger": "0",
        "car_passenger": "0",
        "casualty_adjusted_severity_serious": "1",
        "casualty_adjusted_severity_slight": "0",
        "casualty_class": "1",
        "casualty_distance_banding": "1",
        "casualty_imd_decile": "1",
        "casualty_injury_based": "1",
        "casualty_reference": 1,
        "casualty_severity": "2",
        "casualty_type": "9",
        "collision_index": "2025131565424",
        "collision_ref_no": "131565424",
        "collision_year": 2025,
        "enhanced_casualty_severity": "6",
        "lsoa_of_casualty": "E01010965",
        "pedestrian_location": "0",
        "pedestrian_movement": "0",
        "pedestrian_road_maintenance_worker": "0",
        "sex_of_casualty": "2",
        "vehicle_reference": 1,
        "geometry_source": "inherited_from_linked_collision",
        "source_year": 2025
      }
    },
    {
      "type": "Feature",
      "id": "2025131536844:1",
      "geometry": {
        "type": "Point",
        "coordinates": [
          -1.88684,
          53.73258
        ]
      },
      "properties": {
        "age_band_of_casualty": "8",
        "age_of_casualty": 55,
        "bus_or_coach_passenger": "0",
        "car_passenger": "0",
        "casualty_adjusted_severity_serious": "1",
        "casualty_adjusted_severity_slight": "0",
        "casualty_class": "1",
        "casualty_distance_banding": "1",
        "casualty_imd_decile": "1",
        "casualty_injury_based": "1",
        "casualty_reference": 1,
        "casualty_severity": "2",
        "casualty_type": "9",
        "collision_index": "2025131536844",
        "collision_ref_no": "131536844",
        "collision_year": 2025,
        "enhanced_casualty_severity": "7",
        "lsoa_of_casualty": "E01034583",
        "pedestrian_location": "0",
        "pedestrian_movement": "0",
        "pedestrian_road_maintenance_worker": "0",
        "sex_of_casualty": "2",
        "vehicle_reference": 1,
        "geometry_source": "inherited_from_linked_collision",
        "source_year": 2025
      }
    },
    {
      "type": "Feature",
      "id": "2025131573175:1",
      "geometry": {
        "type": "Point",
        "coordinates": [
          -1.86837,
          53.69934
        ]
      },
      "properties": {
        "age_band_of_casualty": "6",
        "age_of_casualty": 30,
        "bus_or_coach_passenger": "0",
        "car_passenger": "0",
        "casualty_adjusted_severity_serious": "0",
        "casualty_adjusted_severity_slight": "1",
        "casualty_class": "1",
        "casualty_distance_banding": "1",
        "casualty_imd_decile": "6",
        "casualty_injury_based": "1",
        "casualty_reference": 1,
        "casualty_severity": "3",
        "casualty_type": "9",
        "collision_index": "2025131573175",
        "collision_ref_no": "131573175",
        "collision_year": 2025,
        "enhanced_casualty_severity": "3",
        "lsoa_of_casualty": "E01010922",
        "pedestrian_location": "0",
        "pedestrian_movement": "0",
        "pedestrian_road_maintenance_worker": "0",
        "sex_of_casualty": "2",
        "vehicle_reference": 2,
        "geometry_source": "inherited_from_linked_collision",
        "source_year": 2025
      }
    },
    {
      "type": "Feature",
      "id": "2025131583826:2",
      "geometry": {
        "type": "Point",
        "coordinates": [
          -1.75543,
          53.71233
        ]
      },
      "properties": {
        "age_band_of_casualty": "10",
        "age_of_casualty": 73,
        "bus_or_coach_passenger": "0",
        "car_passenger": "1",
        "casualty_adjusted_severity_serious": "0",
        "casualty_adjusted_severity_slight": "1",
        "casualty_class": "2",
        "casualty_distance_banding": "1",
        "casualty_imd_decile": "7",
        "casualty_injury_based": "1",
        "casualty_reference": 2,
        "casualty_severity": "3",
        "casualty_type": "9",
        "collision_index": "2025131583826",
        "collision_ref_no": "131583826",
        "collision_year": 2025,
        "enhanced_casualty_severity": "3",
        "lsoa_of_casualty": "E01010879",
        "pedestrian_location": "0",
        "pedestrian_movement": "0",
        "pedestrian_road_maintenance_worker": "0",
        "sex_of_casualty": "2",
        "vehicle_reference": 2,
        "geometry_source": "inherited_from_linked_collision",
        "source_year": 2025
      }
    },
    {
      "type": "Feature",
      "id": "2025131627008:1",
      "geometry": {
        "type": "Point",
        "coordinates": [
          -1.84398,
          53.73025
        ]
      },
      "properties": {
        "age_band_of_casualty": "6",
        "age_of_casualty": 35,
        "bus_or_coach_passenger": "0",
        "car_passenger": "2",
        "casualty_adjusted_severity_serious": "0",
        "casualty_adjusted_severity_slight": "1",
        "casualty_class": "2",
        "casualty_distance_banding": "4",
        "casualty_imd_decile": "2",
        "casualty_injury_based": "1",
        "casualty_reference": 1,
        "casualty_severity": "3",
        "casualty_type": "9",
        "collision_index": "2025131627008",
        "collision_ref_no": "131627008",
        "collision_year": 2025,
        "enhanced_casualty_severity": "3",
        "lsoa_of_casualty": "E01011424",
        "pedestrian_location": "0",
        "pedestrian_movement": "0",
        "pedestrian_road_maintenance_worker": "0",
        "sex_of_casualty": "2",
        "vehicle_reference": 2,
        "geometry_source": "inherited_from_linked_collision",
        "source_year": 2025
      }
    },
    {
      "type": "Feature",
      "id": "2025131665845:2",
      "geometry": {
        "type": "Point",
        "coordinates": [
          -2.01861,
          53.62964
        ]
      },
      "properties": {
        "age_band_of_casualty": "3",
        "age_of_casualty": 14,
        "bus_or_coach_passenger": "0",
        "car_passenger": "1",
        "casualty_adjusted_severity_serious": "0",
        "casualty_adjusted_severity_slight": "1",
        "casualty_class": "2",
        "casualty_distance_banding": "4",
        "casualty_imd_decile": "10",
        "casualty_injury_based": "1",
        "casualty_reference": 2,
        "casualty_severity": "3",
        "casualty_type": "9",
        "collision_index": "2025131665845",
        "collision_ref_no": "131665845",
        "collision_year": 2025,
        "enhanced_casualty_severity": "3",
        "lsoa_of_casualty": "E01011382",
        "pedestrian_location": "0",
        "pedestrian_movement": "0",
        "pedestrian_road_maintenance_worker": "0",
        "sex_of_casualty": "1",
        "vehicle_reference": 5,
        "geometry_source": "inherited_from_linked_collision",
        "source_year": 2025
      }
    },
    {
      "type": "Feature",
      "id": "2025131573399:1",
      "geometry": {
        "type": "Point",
        "coordinates": [
          -1.88738,
          53.7264
        ]
      },
      "properties": {
        "age_band_of_casualty": "4",
        "age_of_casualty": 19,
        "bus_or_coach_passenger": "0",
        "car_passenger": "0",
        "casualty_adjusted_severity_serious": "0",
        "casualty_adjusted_severity_slight": "1",
        "casualty_class": "1",
        "casualty_distance_banding": "1",
        "casualty_imd_decile": "2",
        "casualty_injury_based": "1",
        "casualty_reference": 1,
        "casualty_severity": "3",
        "casualty_type": "9",
        "collision_index": "2025131573399",
        "collision_ref_no": "131573399",
        "collision_year": 2025,
        "enhanced_casualty_severity": "3",
        "lsoa_of_casualty": "E01010930",
        "pedestrian_location": "0",
        "pedestrian_movement": "0",
        "pedestrian_road_maintenance_worker": "0",
        "sex_of_casualty": "1",
        "vehicle_reference": 2,
        "geometry_source": "inherited_from_linked_collision",
        "source_year": 2025
      }
    },
    {
      "type": "Feature",
      "id": "2025131591412:1",
      "geometry": {
        "type": "Point",
        "coordinates": [
          -1.87389,
          53.71239
        ]
      },
      "properties": {
        "age_band_of_casualty": "7",
        "age_of_casualty": 36,
        "bus_or_coach_passenger": "0",
        "car_passenger": "0",
        "casualty_adjusted_severity_serious": "1",
        "casualty_adjusted_severity_slight": "0",
        "casualty_class": "1",
        "casualty_distance_banding": "1",
        "casualty_imd_decile": "1",
        "casualty_injury_based": "1",
        "casualty_reference": 1,
        "casualty_severity": "2",
        "casualty_type": "9",
        "collision_index": "2025131591412",
        "collision_ref_no": "131591412",
        "collision_year": 2025,
        "enhanced_casualty_severity": "6",
        "lsoa_of_casualty": "E01010928",
        "pedestrian_location": "0",
        "pedestrian_movement": "0",
        "pedestrian_road_maintenance_worker": "0",
        "sex_of_casualty": "1",
        "vehicle_reference": 2,
        "geometry_source": "inherited_from_linked_collision",
        "source_year": 2025
      }
    },
    {
      "type": "Feature",
      "id": "2025131598059:1",
      "geometry": {
        "type": "Point",
        "coordinates": [
          -1.83923,
          53.6792
        ]
      },
      "properties": {
        "age_band_of_casualty": "6",
        "age_of_casualty": 26,
        "bus_or_coach_passenger": "0",
        "car_passenger": "0",
        "casualty_adjusted_severity_serious": "0",
        "casualty_adjusted_severity_slight": "1",
        "casualty_class": "1",
        "casualty_distance_banding": "2",
        "casualty_imd_decile": "3",
        "casualty_injury_based": "1",
        "casualty_reference": 1,
        "casualty_severity": "3",
        "casualty_type": "9",
        "collision_index": "2025131598059",
        "collision_ref_no": "131598059",
        "collision_year": 2025,
        "enhanced_casualty_severity": "3",
        "lsoa_of_casualty": "E01010741",
        "pedestrian_location": "0",
        "pedestrian_movement": "0",
        "pedestrian_road_maintenance_worker": "0",
        "sex_of_casualty": "2",
        "vehicle_reference": 2,
        "geometry_source": "inherited_from_linked_collision",
        "source_year": 2025
      }
    },
    {
      "type": "Feature",
      "id": "2025131621260:1",
      "geometry": {
        "type": "Point",
        "coordinates": [
          -1.85408,
          53.72389
        ]
      },
      "properties": {
        "age_band_of_casualty": "7",
        "age_of_casualty": 40,
        "bus_or_coach_passenger": "0",
        "car_passenger": "0",
        "casualty_adjusted_severity_serious": "0",
        "casualty_adjusted_severity_slight": "1",
        "casualty_class": "1",
        "casualty_distance_banding": "2",
        "casualty_imd_decile": "6",
        "casualty_injury_based": "1",
        "casualty_reference": 1,
        "casualty_severity": "3",
        "casualty_type": "9",
        "collision_index": "2025131621260",
        "collision_ref_no": "131621260",
        "collision_year": 2025,
        "enhanced_casualty_severity": "3",
        "lsoa_of_casualty": "E01010911",
        "pedestrian_location": "0",
        "pedestrian_movement": "0",
        "pedestrian_road_maintenance_worker": "0",
        "sex_of_casualty": "1",
        "vehicle_reference": 1,
        "geometry_source": "inherited_from_linked_collision",
        "source_year": 2025
      }
    },
    {
      "type": "Feature",
      "id": "2025131626841:1",
      "geometry": {
        "type": "Point",
        "coordinates": [
          -1.84046,
          53.68954
        ]
      },
      "properties": {
        "age_band_of_casualty": "8",
        "age_of_casualty": 52,
        "bus_or_coach_passenger": "0",
        "car_passenger": "0",
        "casualty_adjusted_severity_serious": "0",
        "casualty_adjusted_severity_slight": "1",
        "casualty_class": "1",
        "casualty_distance_banding": "4",
        "casualty_imd_decile": "3",
        "casualty_injury_based": "1",
        "casualty_reference": 1,
        "casualty_severity": "3",
        "casualty_type": "9",
        "collision_index": "2025131626841",
        "collision_ref_no": "131626841",
        "collision_year": 2025,
        "enhanced_casualty_severity": "3",
        "lsoa_of_casualty": "E01007375",
        "pedestrian_location": "0",
        "pedestrian_movement": "0",
        "pedestrian_road_maintenance_worker": "0",
        "sex_of_casualty": "1",
        "vehicle_reference": 1,
        "geometry_source": "inherited_from_linked_collision",
        "source_year": 2025
      }
    },
    {
      "type": "Feature",
      "id": "2025131577352:1",
      "geometry": {
        "type": "Point",
        "coordinates": [
          -1.87832,
          53.7366
        ]
      },
      "properties": {
        "age_band_of_casualty": "2",
        "age_of_casualty": 7,
        "bus_or_coach_passenger": "0",
        "car_passenger": "0",
        "casualty_adjusted_severity_serious": "0",
        "casualty_adjusted_severity_slight": "1",
        "casualty_class": "3",
        "casualty_distance_banding": "1",
        "casualty_imd_decile": "2",
        "casualty_injury_based": "1",
        "casualty_reference": 1,
        "casualty_severity": "3",
        "casualty_type": "0",
        "collision_index": "2025131577352",
        "collision_ref_no": "131577352",
        "collision_year": 2025,
        "enhanced_casualty_severity": "3",
        "lsoa_of_casualty": "E01010940",
        "pedestrian_location": "10",
        "pedestrian_movement": "4",
        "pedestrian_road_maintenance_worker": "-1",
        "sex_of_casualty": "2",
        "vehicle_reference": 1,
        "geometry_source": "inherited_from_linked_collision",
        "source_year": 2025
      }
    },
    {
      "type": "Feature",
      "id": "2025131673620:1",
      "geometry": {
        "type": "Point",
        "coordinates": [
          -1.83851,
          53.73276
        ]
      },
      "properties": {
        "age_band_of_casualty": "10",
        "age_of_casualty": 69,
        "bus_or_coach_passenger": "0",
        "car_passenger": "0",
        "casualty_adjusted_severity_serious": "1",
        "casualty_adjusted_severity_slight": "0",
        "casualty_class": "3",
        "casualty_distance_banding": "1",
        "casualty_imd_decile": "2",
        "casualty_injury_based": "1",
        "casualty_reference": 1,
        "casualty_severity": "2",
        "casualty_type": "0",
        "collision_index": "2025131673620",
        "collision_ref_no": "131673620",
        "collision_year": 2025,
        "enhanced_casualty_severity": "6",
        "lsoa_of_casualty": "E01010752",
        "pedestrian_location": "8",
        "pedestrian_movement": "1",
        "pedestrian_road_maintenance_worker": "-1",
        "sex_of_casualty": "1",
        "vehicle_reference": 1,
        "geometry_source": "inherited_from_linked_collision",
        "source_year": 2025
      }
    },
    {
      "type": "Feature",
      "id": "2025131677190:1",
      "geometry": {
        "type": "Point",
        "coordinates": [
          -1.77884,
          53.71488
        ]
      },
      "properties": {
        "age_band_of_casualty": "3",
        "age_of_casualty": 13,
        "bus_or_coach_passenger": "0",
        "car_passenger": "0",
        "casualty_adjusted_severity_serious": "0",
        "casualty_adjusted_severity_slight": "1",
        "casualty_class": "3",
        "casualty_distance_banding": "1",
        "casualty_imd_decile": "5",
        "casualty_injury_based": "1",
        "casualty_reference": 1,
        "casualty_severity": "3",
        "casualty_type": "0",
        "collision_index": "2025131677190",
        "collision_ref_no": "131677190",
        "collision_year": 2025,
        "enhanced_casualty_severity": "3",
        "lsoa_of_casualty": "E01010873",
        "pedestrian_location": "6",
        "pedestrian_movement": "9",
        "pedestrian_road_maintenance_worker": "-1",
        "sex_of_casualty": "1",
        "vehicle_reference": 2,
        "geometry_source": "inherited_from_linked_collision",
        "source_year": 2025
      }
    },
    {
      "type": "Feature",
      "id": "2025131537758:1",
      "geometry": {
        "type": "Point",
        "coordinates": [
          -1.82491,
          53.69778
        ]
      },
      "properties": {
        "age_band_of_casualty": "8",
        "age_of_casualty": 55,
        "bus_or_coach_passenger": "0",
        "car_passenger": "0",
        "casualty_adjusted_severity_serious": "0",
        "casualty_adjusted_severity_slight": "1",
        "casualty_class": "1",
        "casualty_distance_banding": "1",
        "casualty_imd_decile": "3",
        "casualty_injury_based": "1",
        "casualty_reference": 1,
        "casualty_severity": "3",
        "casualty_type": "9",
        "collision_index": "2025131537758",
        "collision_ref_no": "131537758",
        "collision_year": 2025,
        "enhanced_casualty_severity": "3",
        "lsoa_of_casualty": "E01010949",
        "pedestrian_location": "0",
        "pedestrian_movement": "0",
        "pedestrian_road_maintenance_worker": "0",
        "sex_of_casualty": "1",
        "vehicle_reference": 2,
        "geometry_source": "inherited_from_linked_collision",
        "source_year": 2025
      }
    },
    {
      "type": "Feature",
      "id": "2025131585856:3",
      "geometry": {
        "type": "Point",
        "coordinates": [
          -1.90007,
          53.74669
        ]
      },
      "properties": {
        "age_band_of_casualty": "4",
        "age_of_casualty": 18,
        "bus_or_coach_passenger": "0",
        "car_passenger": "2",
        "casualty_adjusted_severity_serious": "1",
        "casualty_adjusted_severity_slight": "0",
        "casualty_class": "2",
        "casualty_distance_banding": "2",
        "casualty_imd_decile": "1",
        "casualty_injury_based": "1",
        "casualty_reference": 3,
        "casualty_severity": "2",
        "casualty_type": "9",
        "collision_index": "2025131585856",
        "collision_ref_no": "131585856",
        "collision_year": 2025,
        "enhanced_casualty_severity": "5",
        "lsoa_of_casualty": "E01010880",
        "pedestrian_location": "0",
        "pedestrian_movement": "0",
        "pedestrian_road_maintenance_worker": "0",
        "sex_of_casualty": "1",
        "vehicle_reference": 1,
        "geometry_source": "inherited_from_linked_collision",
        "source_year": 2025
      }
    },
    {
      "type": "Feature",
      "id": "2025131653549:2",
      "geometry": {
        "type": "Point",
        "coordinates": [
          -1.88125,
          53.72574
        ]
      },
      "properties": {
        "age_band_of_casualty": "5",
        "age_of_casualty": 25,
        "bus_or_coach_passenger": "0",
        "car_passenger": "0",
        "casualty_adjusted_severity_serious": "0",
        "casualty_adjusted_severity_slight": "1",
        "casualty_class": "1",
        "casualty_distance_banding": "1",
        "casualty_imd_decile": "2",
        "casualty_injury_based": "1",
        "casualty_reference": 2,
        "casualty_severity": "3",
        "casualty_type": "9",
        "collision_index": "2025131653549",
        "collision_ref_no": "131653549",
        "collision_year": 2025,
        "enhanced_casualty_severity": "3",
        "lsoa_of_casualty": "E01011000",
        "pedestrian_location": "0",
        "pedestrian_movement": "0",
        "pedestrian_road_maintenance_worker": "0",
        "sex_of_casualty": "2",
        "vehicle_reference": 2,
        "geometry_source": "inherited_from_linked_collision",
        "source_year": 2025
      }
    },
    {
      "type": "Feature",
      "id": "2025131605583:1",
      "geometry": {
        "type": "Point",
        "coordinates": [
          -1.86096,
          53.72403
        ]
      },
      "properties": {
        "age_band_of_casualty": "11",
        "age_of_casualty": 85,
        "bus_or_coach_passenger": "0",
        "car_passenger": "0",
        "casualty_adjusted_severity_serious": "1",
        "casualty_adjusted_severity_slight": "0",
        "casualty_class": "3",
        "casualty_distance_banding": "3",
        "casualty_imd_decile": "3",
        "casualty_injury_based": "1",
        "casualty_reference": 1,
        "casualty_severity": "2",
        "casualty_type": "0",
        "collision_index": "2025131605583",
        "collision_ref_no": "131605583",
        "collision_year": 2025,
        "enhanced_casualty_severity": "7",
        "lsoa_of_casualty": "E01010856",
        "pedestrian_location": "8",
        "pedestrian_movement": "9",
        "pedestrian_road_maintenance_worker": "-1",
        "sex_of_casualty": "2",
        "vehicle_reference": 1,
        "geometry_source": "inherited_from_linked_collision",
        "source_year": 2025
      }
    },
    {
      "type": "Feature",
      "id": "2025131646864:1",
      "geometry": {
        "type": "Point",
        "coordinates": [
          -1.86911,
          53.73553
        ]
      },
      "properties": {
        "age_band_of_casualty": "2",
        "age_of_casualty": 9,
        "bus_or_coach_passenger": "0",
        "car_passenger": "0",
        "casualty_adjusted_severity_serious": "0",
        "casualty_adjusted_severity_slight": "1",
        "casualty_class": "3",
        "casualty_distance_banding": "1",
        "casualty_imd_decile": "1",
        "casualty_injury_based": "1",
        "casualty_reference": 1,
        "casualty_severity": "3",
        "casualty_type": "0",
        "collision_index": "2025131646864",
        "collision_ref_no": "131646864",
        "collision_year": 2025,
        "enhanced_casualty_severity": "3",
        "lsoa_of_casualty": "E01010967",
        "pedestrian_location": "5",
        "pedestrian_movement": "3",
        "pedestrian_road_maintenance_worker": "-1",
        "sex_of_casualty": "2",
        "vehicle_reference": 1,
        "geometry_source": "inherited_from_linked_collision",
        "source_year": 2025
      }
    },
    {
      "type": "Feature",
      "id": "2025131597696:1",
      "geometry": {
        "type": "Point",
        "coordinates": [
          -2.03956,
          53.7566
        ]
      },
      "properties": {
        "age_band_of_casualty": "7",
        "age_of_casualty": 40,
        "bus_or_coach_passenger": "0",
        "car_passenger": "0",
        "casualty_adjusted_severity_serious": "0",
        "casualty_adjusted_severity_slight": "1",
        "casualty_class": "1",
        "casualty_distance_banding": "2",
        "casualty_imd_decile": "4",
        "casualty_injury_based": "1",
        "casualty_reference": 1,
        "casualty_severity": "3",
        "casualty_type": "4",
        "collision_index": "2025131597696",
        "collision_ref_no": "131597696",
        "collision_year": 2025,
        "enhanced_casualty_severity": "3",
        "lsoa_of_casualty": "E01010884",
        "pedestrian_location": "0",
        "pedestrian_movement": "0",
        "pedestrian_road_maintenance_worker": "0",
        "sex_of_casualty": "1",
        "vehicle_reference": 2,
        "geometry_source": "inherited_from_linked_collision",
        "source_year": 2025
      }
    },
    {
      "type": "Feature",
      "id": "2025131571835:1",
      "geometry": {
        "type": "Point",
        "coordinates": [
          -1.85282,
          53.72306
        ]
      },
      "properties": {
        "age_band_of_casualty": "5",
        "age_of_casualty": 22,
        "bus_or_coach_passenger": "0",
        "car_passenger": "0",
        "casualty_adjusted_severity_serious": "0",
        "casualty_adjusted_severity_slight": "1",
        "casualty_class": "1",
        "casualty_distance_banding": "1",
        "casualty_imd_decile": "1",
        "casualty_injury_based": "1",
        "casualty_reference": 1,
        "casualty_severity": "3",
        "casualty_type": "9",
        "collision_index": "2025131571835",
        "collision_ref_no": "131571835",
        "collision_year": 2025,
        "enhanced_casualty_severity": "3",
        "lsoa_of_casualty": "E01010996",
        "pedestrian_location": "0",
        "pedestrian_movement": "0",
        "pedestrian_road_maintenance_worker": "0",
        "sex_of_casualty": "2",
        "vehicle_reference": 1,
        "geometry_source": "inherited_from_linked_collision",
        "source_year": 2025
      }
    },
    {
      "type": "Feature",
      "id": "2025131544545:3",
      "geometry": {
        "type": "Point",
        "coordinates": [
          -1.91413,
          53.7063
        ]
      },
      "properties": {
        "age_band_of_casualty": "1",
        "age_of_casualty": 4,
        "bus_or_coach_passenger": "0",
        "car_passenger": "2",
        "casualty_adjusted_severity_serious": "0",
        "casualty_adjusted_severity_slight": "1",
        "casualty_class": "2",
        "casualty_distance_banding": "2",
        "casualty_imd_decile": "7",
        "casualty_injury_based": "1",
        "casualty_reference": 3,
        "casualty_severity": "3",
        "casualty_type": "9",
        "collision_index": "2025131544545",
        "collision_ref_no": "131544545",
        "collision_year": 2025,
        "enhanced_casualty_severity": "3",
        "lsoa_of_casualty": "E01010881",
        "pedestrian_location": "0",
        "pedestrian_movement": "0",
        "pedestrian_road_maintenance_worker": "0",
        "sex_of_casualty": "1",
        "vehicle_reference": 1,
        "geometry_source": "inherited_from_linked_collision",
        "source_year": 2025
      }
    },
    {
      "type": "Feature",
      "id": "2025131554705:2",
      "geometry": {
        "type": "Point",
        "coordinates": [
          -1.8706,
          53.74316
        ]
      },
      "properties": {
        "age_band_of_casualty": "5",
        "age_of_casualty": 22,
        "bus_or_coach_passenger": "0",
        "car_passenger": "0",
        "casualty_adjusted_severity_serious": "1",
        "casualty_adjusted_severity_slight": "0",
        "casualty_class": "1",
        "casualty_distance_banding": "2",
        "casualty_imd_decile": "1",
        "casualty_injury_based": "1",
        "casualty_reference": 2,
        "casualty_severity": "2",
        "casualty_type": "9",
        "collision_index": "2025131554705",
        "collision_ref_no": "131554705",
        "collision_year": 2025,
        "enhanced_casualty_severity": "7",
        "lsoa_of_casualty": "E01010667",
        "pedestrian_location": "0",
        "pedestrian_movement": "0",
        "pedestrian_road_maintenance_worker": "0",
        "sex_of_casualty": "1",
        "vehicle_reference": 1,
        "geometry_source": "inherited_from_linked_collision",
        "source_year": 2025
      }
    },
    {
      "type": "Feature",
      "id": "2025131568621:2",
      "geometry": {
        "type": "Point",
        "coordinates": [
          -1.82961,
          53.67259
        ]
      },
      "properties": {
        "age_band_of_casualty": "8",
        "age_of_casualty": 55,
        "bus_or_coach_passenger": "0",
        "car_passenger": "1",
        "casualty_adjusted_severity_serious": "0",
        "casualty_adjusted_severity_slight": "1",
        "casualty_class": "2",
        "casualty_distance_banding": "5",
        "casualty_imd_decile": "9",
        "casualty_injury_based": "1",
        "casualty_reference": 2,
        "casualty_severity": "3",
        "casualty_type": "9",
        "collision_index": "2025131568621",
        "collision_ref_no": "131568621",
        "collision_year": 2025,
        "enhanced_casualty_severity": "3",
        "lsoa_of_casualty": "E01035477",
        "pedestrian_location": "0",
        "pedestrian_movement": "0",
        "pedestrian_road_maintenance_worker": "0",
        "sex_of_casualty": "1",
        "vehicle_reference": 1,
        "geometry_source": "inherited_from_linked_collision",
        "source_year": 2025
      }
    },
    {
      "type": "Feature",
      "id": "2025131583826:1",
      "geometry": {
        "type": "Point",
        "coordinates": [
          -1.75543,
          53.71233
        ]
      },
      "properties": {
        "age_band_of_casualty": "10",
        "age_of_casualty": 74,
        "bus_or_coach_passenger": "0",
        "car_passenger": "0",
        "casualty_adjusted_severity_serious": "0",
        "casualty_adjusted_severity_slight": "1",
        "casualty_class": "1",
        "casualty_distance_banding": "1",
        "casualty_imd_decile": "7",
        "casualty_injury_based": "1",
        "casualty_reference": 1,
        "casualty_severity": "3",
        "casualty_type": "9",
        "collision_index": "2025131583826",
        "collision_ref_no": "131583826",
        "collision_year": 2025,
        "enhanced_casualty_severity": "3",
        "lsoa_of_casualty": "E01010879",
        "pedestrian_location": "0",
        "pedestrian_movement": "0",
        "pedestrian_road_maintenance_worker": "0",
        "sex_of_casualty": "1",
        "vehicle_reference": 2,
        "geometry_source": "inherited_from_linked_collision",
        "source_year": 2025
      }
    },
    {
      "type": "Feature",
      "id": "2025131688318:1",
      "geometry": {
        "type": "Point",
        "coordinates": [
          -1.81549,
          53.67669
        ]
      },
      "properties": {
        "age_band_of_casualty": "5",
        "age_of_casualty": 25,
        "bus_or_coach_passenger": "0",
        "car_passenger": "0",
        "casualty_adjusted_severity_serious": "0",
        "casualty_adjusted_severity_slight": "1",
        "casualty_class": "1",
        "casualty_distance_banding": "4",
        "casualty_imd_decile": "1",
        "casualty_injury_based": "1",
        "casualty_reference": 1,
        "casualty_severity": "3",
        "casualty_type": "9",
        "collision_index": "2025131688318",
        "collision_ref_no": "131688318",
        "collision_year": 2025,
        "enhanced_casualty_severity": "3",
        "lsoa_of_casualty": "E01011484",
        "pedestrian_location": "0",
        "pedestrian_movement": "0",
        "pedestrian_road_maintenance_worker": "0",
        "sex_of_casualty": "1",
        "vehicle_reference": 1,
        "geometry_source": "inherited_from_linked_collision",
        "source_year": 2025
      }
    },
    {
      "type": "Feature",
      "id": "2025131611901:1",
      "geometry": {
        "type": "Point",
        "coordinates": [
          -2.07281,
          53.70689
        ]
      },
      "properties": {
        "age_band_of_casualty": "10",
        "age_of_casualty": 71,
        "bus_or_coach_passenger": "0",
        "car_passenger": "0",
        "casualty_adjusted_severity_serious": "0",
        "casualty_adjusted_severity_slight": "1",
        "casualty_class": "1",
        "casualty_distance_banding": "3",
        "casualty_imd_decile": "8",
        "casualty_injury_based": "1",
        "casualty_reference": 1,
        "casualty_severity": "3",
        "casualty_type": "1",
        "collision_index": "2025131611901",
        "collision_ref_no": "131611901",
        "collision_year": 2025,
        "enhanced_casualty_severity": "3",
        "lsoa_of_casualty": "E01005503",
        "pedestrian_location": "0",
        "pedestrian_movement": "0",
        "pedestrian_road_maintenance_worker": "0",
        "sex_of_casualty": "1",
        "vehicle_reference": 2,
        "geometry_source": "inherited_from_linked_collision",
        "source_year": 2025
      }
    },
    {
      "type": "Feature",
      "id": "2025131623088:1",
      "geometry": {
        "type": "Point",
        "coordinates": [
          -2.01091,
          53.74727
        ]
      },
      "properties": {
        "age_band_of_casualty": "3",
        "age_of_casualty": 15,
        "bus_or_coach_passenger": "0",
        "car_passenger": "0",
        "casualty_adjusted_severity_serious": "1",
        "casualty_adjusted_severity_slight": "0",
        "casualty_class": "1",
        "casualty_distance_banding": "1",
        "casualty_imd_decile": "6",
        "casualty_injury_based": "1",
        "casualty_reference": 1,
        "casualty_severity": "2",
        "casualty_type": "1",
        "collision_index": "2025131623088",
        "collision_ref_no": "131623088",
        "collision_year": 2025,
        "enhanced_casualty_severity": "7",
        "lsoa_of_casualty": "E01010920",
        "pedestrian_location": "0",
        "pedestrian_movement": "0",
        "pedestrian_road_maintenance_worker": "0",
        "sex_of_casualty": "1",
        "vehicle_reference": 2,
        "geometry_source": "inherited_from_linked_collision",
        "source_year": 2025
      }
    },
    {
      "type": "Feature",
      "id": "2025131615426:1",
      "geometry": {
        "type": "Point",
        "coordinates": [
          -1.77185,
          53.7014
        ]
      },
      "properties": {
        "age_band_of_casualty": "11",
        "age_of_casualty": 77,
        "bus_or_coach_passenger": "0",
        "car_passenger": "0",
        "casualty_adjusted_severity_serious": "0",
        "casualty_adjusted_severity_slight": "1",
        "casualty_class": "1",
        "casualty_distance_banding": "1",
        "casualty_imd_decile": "5",
        "casualty_injury_based": "1",
        "casualty_reference": 1,
        "casualty_severity": "3",
        "casualty_type": "4",
        "collision_index": "2025131615426",
        "collision_ref_no": "131615426",
        "collision_year": 2025,
        "enhanced_casualty_severity": "3",
        "lsoa_of_casualty": "E01010990",
        "pedestrian_location": "0",
        "pedestrian_movement": "0",
        "pedestrian_road_maintenance_worker": "0",
        "sex_of_casualty": "1",
        "vehicle_reference": 2,
        "geometry_source": "inherited_from_linked_collision",
        "source_year": 2025
      }
    },
    {
      "type": "Feature",
      "id": "2025131559837:2",
      "geometry": {
        "type": "Point",
        "coordinates": [
          -1.85881,
          53.72259
        ]
      },
      "properties": {
        "age_band_of_casualty": "6",
        "age_of_casualty": 35,
        "bus_or_coach_passenger": "0",
        "car_passenger": "0",
        "casualty_adjusted_severity_serious": "0",
        "casualty_adjusted_severity_slight": "1",
        "casualty_class": "3",
        "casualty_distance_banding": "1",
        "casualty_imd_decile": "6",
        "casualty_injury_based": "1",
        "casualty_reference": 2,
        "casualty_severity": "3",
        "casualty_type": "0",
        "collision_index": "2025131559837",
        "collision_ref_no": "131559837",
        "collision_year": 2025,
        "enhanced_casualty_severity": "3",
        "lsoa_of_casualty": "E01010922",
        "pedestrian_location": "5",
        "pedestrian_movement": "1",
        "pedestrian_road_maintenance_worker": "-1",
        "sex_of_casualty": "2",
        "vehicle_reference": 1,
        "geometry_source": "inherited_from_linked_collision",
        "source_year": 2025
      }
    },
    {
      "type": "Feature",
      "id": "2025131537061:1",
      "geometry": {
        "type": "Point",
        "coordinates": [
          -1.87522,
          53.73844
        ]
      },
      "properties": {
        "age_band_of_casualty": "4",
        "age_of_casualty": 20,
        "bus_or_coach_passenger": "0",
        "car_passenger": "2",
        "casualty_adjusted_severity_serious": "1",
        "casualty_adjusted_severity_slight": "0",
        "casualty_class": "2",
        "casualty_distance_banding": "2",
        "casualty_imd_decile": "1",
        "casualty_injury_based": "1",
        "casualty_reference": 1,
        "casualty_severity": "2",
        "casualty_type": "9",
        "collision_index": "2025131537061",
        "collision_ref_no": "131537061",
        "collision_year": 2025,
        "enhanced_casualty_severity": "6",
        "lsoa_of_casualty": "E01010800",
        "pedestrian_location": "0",
        "pedestrian_movement": "0",
        "pedestrian_road_maintenance_worker": "0",
        "sex_of_casualty": "1",
        "vehicle_reference": 1,
        "geometry_source": "inherited_from_linked_collision",
        "source_year": 2025
      }
    },
    {
      "type": "Feature",
      "id": "2025131685930:1",
      "geometry": {
        "type": "Point",
        "coordinates": [
          -1.86399,
          53.70091
        ]
      },
      "properties": {
        "age_band_of_casualty": "11",
        "age_of_casualty": 86,
        "bus_or_coach_passenger": "0",
        "car_passenger": "0",
        "casualty_adjusted_severity_serious": "0",
        "casualty_adjusted_severity_slight": "1",
        "casualty_class": "1",
        "casualty_distance_banding": "1",
        "casualty_imd_decile": "8",
        "casualty_injury_based": "1",
        "casualty_reference": 1,
        "casualty_severity": "3",
        "casualty_type": "9",
        "collision_index": "2025131685930",
        "collision_ref_no": "131685930",
        "collision_year": 2025,
        "enhanced_casualty_severity": "3",
        "lsoa_of_casualty": "E01010971",
        "pedestrian_location": "0",
        "pedestrian_movement": "0",
        "pedestrian_road_maintenance_worker": "0",
        "sex_of_casualty": "1",
        "vehicle_reference": 1,
        "geometry_source": "inherited_from_linked_collision",
        "source_year": 2025
      }
    },
    {
      "type": "Feature",
      "id": "2025131678075:1",
      "geometry": {
        "type": "Point",
        "coordinates": [
          -1.88014,
          53.71574
        ]
      },
      "properties": {
        "age_band_of_casualty": "3",
        "age_of_casualty": 11,
        "bus_or_coach_passenger": "0",
        "car_passenger": "0",
        "casualty_adjusted_severity_serious": "0",
        "casualty_adjusted_severity_slight": "1",
        "casualty_class": "3",
        "casualty_distance_banding": "1",
        "casualty_imd_decile": "2",
        "casualty_injury_based": "1",
        "casualty_reference": 1,
        "casualty_severity": "3",
        "casualty_type": "0",
        "collision_index": "2025131678075",
        "collision_ref_no": "131678075",
        "collision_year": 2025,
        "enhanced_casualty_severity": "3",
        "lsoa_of_casualty": "E01010974",
        "pedestrian_location": "10",
        "pedestrian_movement": "7",
        "pedestrian_road_maintenance_worker": "-1",
        "sex_of_casualty": "1",
        "vehicle_reference": 1,
        "geometry_source": "inherited_from_linked_collision",
        "source_year": 2025
      }
    },
    {
      "type": "Feature",
      "id": "2025131676297:1",
      "geometry": {
        "type": "Point",
        "coordinates": [
          -1.89151,
          53.72607
        ]
      },
      "properties": {
        "age_band_of_casualty": "6",
        "age_of_casualty": 29,
        "bus_or_coach_passenger": "0",
        "car_passenger": "0",
        "casualty_adjusted_severity_serious": "1",
        "casualty_adjusted_severity_slight": "0",
        "casualty_class": "1",
        "casualty_distance_banding": "1",
        "casualty_imd_decile": "6",
        "casualty_injury_based": "1",
        "casualty_reference": 1,
        "casualty_severity": "2",
        "casualty_type": "4",
        "collision_index": "2025131676297",
        "collision_ref_no": "131676297",
        "collision_year": 2025,
        "enhanced_casualty_severity": "7",
        "lsoa_of_casualty": "E01010927",
        "pedestrian_location": "0",
        "pedestrian_movement": "0",
        "pedestrian_road_maintenance_worker": "0",
        "sex_of_casualty": "1",
        "vehicle_reference": 1,
        "geometry_source": "inherited_from_linked_collision",
        "source_year": 2025
      }
    },
    {
      "type": "Feature",
      "id": "2025131641352:1",
      "geometry": {
        "type": "Point",
        "coordinates": [
          -1.75188,
          53.69526
        ]
      },
      "properties": {
        "age_band_of_casualty": "8",
        "age_of_casualty": 48,
        "bus_or_coach_passenger": "0",
        "car_passenger": "0",
        "casualty_adjusted_severity_serious": "0",
        "casualty_adjusted_severity_slight": "1",
        "casualty_class": "1",
        "casualty_distance_banding": "2",
        "casualty_imd_decile": "3",
        "casualty_injury_based": "1",
        "casualty_reference": 1,
        "casualty_severity": "3",
        "casualty_type": "9",
        "collision_index": "2025131641352",
        "collision_ref_no": "131641352",
        "collision_year": 2025,
        "enhanced_casualty_severity": "3",
        "lsoa_of_casualty": "E01011260",
        "pedestrian_location": "0",
        "pedestrian_movement": "0",
        "pedestrian_road_maintenance_worker": "0",
        "sex_of_casualty": "1",
        "vehicle_reference": 2,
        "geometry_source": "inherited_from_linked_collision",
        "source_year": 2025
      }
    },
    {
      "type": "Feature",
      "id": "2025131574426:1",
      "geometry": {
        "type": "Point",
        "coordinates": [
          -2.02172,
          53.62804
        ]
      },
      "properties": {
        "age_band_of_casualty": "7",
        "age_of_casualty": 43,
        "bus_or_coach_passenger": "0",
        "car_passenger": "0",
        "casualty_adjusted_severity_serious": "1",
        "casualty_adjusted_severity_slight": "0",
        "casualty_class": "1",
        "casualty_distance_banding": "3",
        "casualty_imd_decile": "6",
        "casualty_injury_based": "1",
        "casualty_reference": 1,
        "casualty_severity": "2",
        "casualty_type": "19",
        "collision_index": "2025131574426",
        "collision_ref_no": "131574426",
        "collision_year": 2025,
        "enhanced_casualty_severity": "7",
        "lsoa_of_casualty": "E01010999",
        "pedestrian_location": "0",
        "pedestrian_movement": "0",
        "pedestrian_road_maintenance_worker": "0",
        "sex_of_casualty": "1",
        "vehicle_reference": 1,
        "geometry_source": "inherited_from_linked_collision",
        "source_year": 2025
      }
    },
    {
      "type": "Feature",
      "id": "2025131554705:3",
      "geometry": {
        "type": "Point",
        "coordinates": [
          -1.8706,
          53.74316
        ]
      },
      "properties": {
        "age_band_of_casualty": "2",
        "age_of_casualty": 9,
        "bus_or_coach_passenger": "0",
        "car_passenger": "2",
        "casualty_adjusted_severity_serious": "1",
        "casualty_adjusted_severity_slight": "0",
        "casualty_class": "2",
        "casualty_distance_banding": "2",
        "casualty_imd_decile": "1",
        "casualty_injury_based": "1",
        "casualty_reference": 3,
        "casualty_severity": "2",
        "casualty_type": "9",
        "collision_index": "2025131554705",
        "collision_ref_no": "131554705",
        "collision_year": 2025,
        "enhanced_casualty_severity": "7",
        "lsoa_of_casualty": "E01010667",
        "pedestrian_location": "0",
        "pedestrian_movement": "0",
        "pedestrian_road_maintenance_worker": "0",
        "sex_of_casualty": "2",
        "vehicle_reference": 1,
        "geometry_source": "inherited_from_linked_collision",
        "source_year": 2025
      }
    },
    {
      "type": "Feature",
      "id": "2025131599717:1",
      "geometry": {
        "type": "Point",
        "coordinates": [
          -1.88916,
          53.71966
        ]
      },
      "properties": {
        "age_band_of_casualty": "5",
        "age_of_casualty": 25,
        "bus_or_coach_passenger": "0",
        "car_passenger": "0",
        "casualty_adjusted_severity_serious": "1",
        "casualty_adjusted_severity_slight": "0",
        "casualty_class": "1",
        "casualty_distance_banding": "1",
        "casualty_imd_decile": "8",
        "casualty_injury_based": "1",
        "casualty_reference": 1,
        "casualty_severity": "2",
        "casualty_type": "9",
        "collision_index": "2025131599717",
        "collision_ref_no": "131599717",
        "collision_year": 2025,
        "enhanced_casualty_severity": "7",
        "lsoa_of_casualty": "E01010971",
        "pedestrian_location": "0",
        "pedestrian_movement": "0",
        "pedestrian_road_maintenance_worker": "0",
        "sex_of_casualty": "2",
        "vehicle_reference": 1,
        "geometry_source": "inherited_from_linked_collision",
        "source_year": 2025
      }
    },
    {
      "type": "Feature",
      "id": "2025131628510:1",
      "geometry": {
        "type": "Point",
        "coordinates": [
          -1.94925,
          53.72553
        ]
      },
      "properties": {
        "age_band_of_casualty": "11",
        "age_of_casualty": 87,
        "bus_or_coach_passenger": "0",
        "car_passenger": "0",
        "casualty_adjusted_severity_serious": "1",
        "casualty_adjusted_severity_slight": "0",
        "casualty_class": "1",
        "casualty_distance_banding": "4",
        "casualty_imd_decile": "4",
        "casualty_injury_based": "1",
        "casualty_reference": 1,
        "casualty_severity": "2",
        "casualty_type": "9",
        "collision_index": "2025131628510",
        "collision_ref_no": "131628510",
        "collision_year": 2025,
        "enhanced_casualty_severity": "7",
        "lsoa_of_casualty": "E01012665",
        "pedestrian_location": "0",
        "pedestrian_movement": "0",
        "pedestrian_road_maintenance_worker": "0",
        "sex_of_casualty": "1",
        "vehicle_reference": 1,
        "geometry_source": "inherited_from_linked_collision",
        "source_year": 2025
      }
    },
    {
      "type": "Feature",
      "id": "2025131575387:1",
      "geometry": {
        "type": "Point",
        "coordinates": [
          -1.85233,
          53.6948
        ]
      },
      "properties": {
        "age_band_of_casualty": "9",
        "age_of_casualty": 62,
        "bus_or_coach_passenger": "0",
        "car_passenger": "0",
        "casualty_adjusted_severity_serious": "0",
        "casualty_adjusted_severity_slight": "1",
        "casualty_class": "1",
        "casualty_distance_banding": "2",
        "casualty_imd_decile": "2",
        "casualty_injury_based": "1",
        "casualty_reference": 1,
        "casualty_severity": "3",
        "casualty_type": "5",
        "collision_index": "2025131575387",
        "collision_ref_no": "131575387",
        "collision_year": 2025,
        "enhanced_casualty_severity": "3",
        "lsoa_of_casualty": "E01011104",
        "pedestrian_location": "0",
        "pedestrian_movement": "0",
        "pedestrian_road_maintenance_worker": "0",
        "sex_of_casualty": "1",
        "vehicle_reference": 1,
        "geometry_source": "inherited_from_linked_collision",
        "source_year": 2025
      }
    },
    {
      "type": "Feature",
      "id": "2025131624514:1",
      "geometry": {
        "type": "Point",
        "coordinates": [
          -1.77998,
          53.70132
        ]
      },
      "properties": {
        "age_band_of_casualty": "9",
        "age_of_casualty": 57,
        "bus_or_coach_passenger": "0",
        "car_passenger": "0",
        "casualty_adjusted_severity_serious": "0",
        "casualty_adjusted_severity_slight": "1",
        "casualty_class": "3",
        "casualty_distance_banding": "4",
        "casualty_imd_decile": "2",
        "casualty_injury_based": "1",
        "casualty_reference": 1,
        "casualty_severity": "3",
        "casualty_type": "0",
        "collision_index": "2025131624514",
        "collision_ref_no": "131624514",
        "collision_year": 2025,
        "enhanced_casualty_severity": "3",
        "lsoa_of_casualty": "E01028057",
        "pedestrian_location": "6",
        "pedestrian_movement": "9",
        "pedestrian_road_maintenance_worker": "-1",
        "sex_of_casualty": "2",
        "vehicle_reference": 1,
        "geometry_source": "inherited_from_linked_collision",
        "source_year": 2025
      }
    },
    {
      "type": "Feature",
      "id": "2025131632473:1",
      "geometry": {
        "type": "Point",
        "coordinates": [
          -1.86756,
          53.72521
        ]
      },
      "properties": {
        "age_band_of_casualty": "6",
        "age_of_casualty": 30,
        "bus_or_coach_passenger": "0",
        "car_passenger": "0",
        "casualty_adjusted_severity_serious": "0",
        "casualty_adjusted_severity_slight": "1",
        "casualty_class": "3",
        "casualty_distance_banding": "1",
        "casualty_imd_decile": "1",
        "casualty_injury_based": "1",
        "casualty_reference": 1,
        "casualty_severity": "3",
        "casualty_type": "0",
        "collision_index": "2025131632473",
        "collision_ref_no": "131632473",
        "collision_year": 2025,
        "enhanced_casualty_severity": "3",
        "lsoa_of_casualty": "E01010965",
        "pedestrian_location": "10",
        "pedestrian_movement": "9",
        "pedestrian_road_maintenance_worker": "-1",
        "sex_of_casualty": "2",
        "vehicle_reference": 1,
        "geometry_source": "inherited_from_linked_collision",
        "source_year": 2025
      }
    },
    {
      "type": "Feature",
      "id": "2025131649484:1",
      "geometry": {
        "type": "Point",
        "coordinates": [
          -1.84548,
          53.693
        ]
      },
      "properties": {
        "age_band_of_casualty": "7",
        "age_of_casualty": 40,
        "bus_or_coach_passenger": "0",
        "car_passenger": "0",
        "casualty_adjusted_severity_serious": "0",
        "casualty_adjusted_severity_slight": "1",
        "casualty_class": "3",
        "casualty_distance_banding": "1",
        "casualty_imd_decile": "2",
        "casualty_injury_based": "1",
        "casualty_reference": 1,
        "casualty_severity": "3",
        "casualty_type": "0",
        "collision_index": "2025131649484",
        "collision_ref_no": "131649484",
        "collision_year": 2025,
        "enhanced_casualty_severity": "3",
        "lsoa_of_casualty": "E01010993",
        "pedestrian_location": "6",
        "pedestrian_movement": "9",
        "pedestrian_road_maintenance_worker": "-1",
        "sex_of_casualty": "1",
        "vehicle_reference": 1,
        "geometry_source": "inherited_from_linked_collision",
        "source_year": 2025
      }
    },
    {
      "type": "Feature",
      "id": "2025131588119:1",
      "geometry": {
        "type": "Point",
        "coordinates": [
          -1.86573,
          53.72456
        ]
      },
      "properties": {
        "age_band_of_casualty": "5",
        "age_of_casualty": 22,
        "bus_or_coach_passenger": "0",
        "car_passenger": "0",
        "casualty_adjusted_severity_serious": "1",
        "casualty_adjusted_severity_slight": "0",
        "casualty_class": "1",
        "casualty_distance_banding": "-1",
        "casualty_imd_decile": "-1",
        "casualty_injury_based": "1",
        "casualty_reference": 1,
        "casualty_severity": "2",
        "casualty_type": "1",
        "collision_index": "2025131588119",
        "collision_ref_no": "131588119",
        "collision_year": 2025,
        "enhanced_casualty_severity": "7",
        "lsoa_of_casualty": "-1",
        "pedestrian_location": "0",
        "pedestrian_movement": "0",
        "pedestrian_road_maintenance_worker": "0",
        "sex_of_casualty": "1",
        "vehicle_reference": 2,
        "geometry_source": "inherited_from_linked_collision",
        "source_year": 2025
      }
    },
    {
      "type": "Feature",
      "id": "2025131554705:5",
      "geometry": {
        "type": "Point",
        "coordinates": [
          -1.8706,
          53.74316
        ]
      },
      "properties": {
        "age_band_of_casualty": "2",
        "age_of_casualty": 7,
        "bus_or_coach_passenger": "0",
        "car_passenger": "1",
        "casualty_adjusted_severity_serious": "0",
        "casualty_adjusted_severity_slight": "1",
        "casualty_class": "2",
        "casualty_distance_banding": "2",
        "casualty_imd_decile": "7",
        "casualty_injury_based": "1",
        "casualty_reference": 5,
        "casualty_severity": "3",
        "casualty_type": "9",
        "collision_index": "2025131554705",
        "collision_ref_no": "131554705",
        "collision_year": 2025,
        "enhanced_casualty_severity": "3",
        "lsoa_of_casualty": "E01010899",
        "pedestrian_location": "0",
        "pedestrian_movement": "0",
        "pedestrian_road_maintenance_worker": "0",
        "sex_of_casualty": "1",
        "vehicle_reference": 2,
        "geometry_source": "inherited_from_linked_collision",
        "source_year": 2025
      }
    },
    {
      "type": "Feature",
      "id": "2025131554705:4",
      "geometry": {
        "type": "Point",
        "coordinates": [
          -1.8706,
          53.74316
        ]
      },
      "properties": {
        "age_band_of_casualty": "5",
        "age_of_casualty": 21,
        "bus_or_coach_passenger": "0",
        "car_passenger": "1",
        "casualty_adjusted_severity_serious": "1",
        "casualty_adjusted_severity_slight": "0",
        "casualty_class": "2",
        "casualty_distance_banding": "2",
        "casualty_imd_decile": "1",
        "casualty_injury_based": "1",
        "casualty_reference": 4,
        "casualty_severity": "2",
        "casualty_type": "9",
        "collision_index": "2025131554705",
        "collision_ref_no": "131554705",
        "collision_year": 2025,
        "enhanced_casualty_severity": "6",
        "lsoa_of_casualty": "E01010845",
        "pedestrian_location": "0",
        "pedestrian_movement": "0",
        "pedestrian_road_maintenance_worker": "0",
        "sex_of_casualty": "2",
        "vehicle_reference": 1,
        "geometry_source": "inherited_from_linked_collision",
        "source_year": 2025
      }
    },
    {
      "type": "Feature",
      "id": "2025131637065:2",
      "geometry": {
        "type": "Point",
        "coordinates": [
          -1.85589,
          53.72275
        ]
      },
      "properties": {
        "age_band_of_casualty": "4",
        "age_of_casualty": 17,
        "bus_or_coach_passenger": "0",
        "car_passenger": "0",
        "casualty_adjusted_severity_serious": "0",
        "casualty_adjusted_severity_slight": "1",
        "casualty_class": "1",
        "casualty_distance_banding": "2",
        "casualty_imd_decile": "6",
        "casualty_injury_based": "1",
        "casualty_reference": 2,
        "casualty_severity": "3",
        "casualty_type": "9",
        "collision_index": "2025131637065",
        "collision_ref_no": "131637065",
        "collision_year": 2025,
        "enhanced_casualty_severity": "3",
        "lsoa_of_casualty": "E01010911",
        "pedestrian_location": "0",
        "pedestrian_movement": "0",
        "pedestrian_road_maintenance_worker": "0",
        "sex_of_casualty": "2",
        "vehicle_reference": 2,
        "geometry_source": "inherited_from_linked_collision",
        "source_year": 2025
      }
    },
    {
      "type": "Feature",
      "id": "2025131623159:1",
      "geometry": {
        "type": "Point",
        "coordinates": [
          -1.99937,
          53.70616
        ]
      },
      "properties": {
        "age_band_of_casualty": "6",
        "age_of_casualty": 31,
        "bus_or_coach_passenger": "0",
        "car_passenger": "0",
        "casualty_adjusted_severity_serious": "0",
        "casualty_adjusted_severity_slight": "1",
        "casualty_class": "1",
        "casualty_distance_banding": "2",
        "casualty_imd_decile": "1",
        "casualty_injury_based": "1",
        "casualty_reference": 1,
        "casualty_severity": "3",
        "casualty_type": "3",
        "collision_index": "2025131623159",
        "collision_ref_no": "131623159",
        "collision_year": 2025,
        "enhanced_casualty_severity": "3",
        "lsoa_of_casualty": "E01011001",
        "pedestrian_location": "0",
        "pedestrian_movement": "0",
        "pedestrian_road_maintenance_worker": "0",
        "sex_of_casualty": "2",
        "vehicle_reference": 1,
        "geometry_source": "inherited_from_linked_collision",
        "source_year": 2025
      }
    },
    {
      "type": "Feature",
      "id": "2025131602949:1",
      "geometry": {
        "type": "Point",
        "coordinates": [
          -2.12317,
          53.72736
        ]
      },
      "properties": {
        "age_band_of_casualty": "6",
        "age_of_casualty": 27,
        "bus_or_coach_passenger": "0",
        "car_passenger": "1",
        "casualty_adjusted_severity_serious": "1",
        "casualty_adjusted_severity_slight": "0",
        "casualty_class": "2",
        "casualty_distance_banding": "1",
        "casualty_imd_decile": "3",
        "casualty_injury_based": "1",
        "casualty_reference": 1,
        "casualty_severity": "2",
        "casualty_type": "9",
        "collision_index": "2025131602949",
        "collision_ref_no": "131602949",
        "collision_year": 2025,
        "enhanced_casualty_severity": "7",
        "lsoa_of_casualty": "E01010986",
        "pedestrian_location": "0",
        "pedestrian_movement": "0",
        "pedestrian_road_maintenance_worker": "0",
        "sex_of_casualty": "2",
        "vehicle_reference": 1,
        "geometry_source": "inherited_from_linked_collision",
        "source_year": 2025
      }
    },
    {
      "type": "Feature",
      "id": "2025131644516:1",
      "geometry": {
        "type": "Point",
        "coordinates": [
          -1.86756,
          53.72521
        ]
      },
      "properties": {
        "age_band_of_casualty": "5",
        "age_of_casualty": 22,
        "bus_or_coach_passenger": "0",
        "car_passenger": "0",
        "casualty_adjusted_severity_serious": "0",
        "casualty_adjusted_severity_slight": "1",
        "casualty_class": "3",
        "casualty_distance_banding": "1",
        "casualty_imd_decile": "1",
        "casualty_injury_based": "1",
        "casualty_reference": 1,
        "casualty_severity": "3",
        "casualty_type": "0",
        "collision_index": "2025131644516",
        "collision_ref_no": "131644516",
        "collision_year": 2025,
        "enhanced_casualty_severity": "3",
        "lsoa_of_casualty": "E01010944",
        "pedestrian_location": "5",
        "pedestrian_movement": "1",
        "pedestrian_road_maintenance_worker": "-1",
        "sex_of_casualty": "2",
        "vehicle_reference": 1,
        "geometry_source": "inherited_from_linked_collision",
        "source_year": 2025
      }
    },
    {
      "type": "Feature",
      "id": "2025131550833:1",
      "geometry": {
        "type": "Point",
        "coordinates": [
          -2.09831,
          53.7129
        ]
      },
      "properties": {
        "age_band_of_casualty": "5",
        "age_of_casualty": 22,
        "bus_or_coach_passenger": "0",
        "car_passenger": "0",
        "casualty_adjusted_severity_serious": "0",
        "casualty_adjusted_severity_slight": "1",
        "casualty_class": "3",
        "casualty_distance_banding": "1",
        "casualty_imd_decile": "3",
        "casualty_injury_based": "1",
        "casualty_reference": 1,
        "casualty_severity": "3",
        "casualty_type": "0",
        "collision_index": "2025131550833",
        "collision_ref_no": "131550833",
        "collision_year": 2025,
        "enhanced_casualty_severity": "3",
        "lsoa_of_casualty": "E01010984",
        "pedestrian_location": "1",
        "pedestrian_movement": "1",
        "pedestrian_road_maintenance_worker": "-1",
        "sex_of_casualty": "2",
        "vehicle_reference": 1,
        "geometry_source": "inherited_from_linked_collision",
        "source_year": 2025
      }
    },
    {
      "type": "Feature",
      "id": "2025131568336:1",
      "geometry": {
        "type": "Point",
        "coordinates": [
          -1.91504,
          53.75101
        ]
      },
      "properties": {
        "age_band_of_casualty": "3",
        "age_of_casualty": 14,
        "bus_or_coach_passenger": "0",
        "car_passenger": "0",
        "casualty_adjusted_severity_serious": "0",
        "casualty_adjusted_severity_slight": "1",
        "casualty_class": "1",
        "casualty_distance_banding": "1",
        "casualty_imd_decile": "6",
        "casualty_injury_based": "1",
        "casualty_reference": 1,
        "casualty_severity": "3",
        "casualty_type": "1",
        "collision_index": "2025131568336",
        "collision_ref_no": "131568336",
        "collision_year": 2025,
        "enhanced_casualty_severity": "3",
        "lsoa_of_casualty": "E01010927",
        "pedestrian_location": "0",
        "pedestrian_movement": "0",
        "pedestrian_road_maintenance_worker": "0",
        "sex_of_casualty": "1",
        "vehicle_reference": 1,
        "geometry_source": "inherited_from_linked_collision",
        "source_year": 2025
      }
    },
    {
      "type": "Feature",
      "id": "2025131589000:1",
      "geometry": {
        "type": "Point",
        "coordinates": [
          -1.83722,
          53.68175
        ]
      },
      "properties": {
        "age_band_of_casualty": "10",
        "age_of_casualty": 68,
        "bus_or_coach_passenger": "0",
        "car_passenger": "0",
        "casualty_adjusted_severity_serious": "1",
        "casualty_adjusted_severity_slight": "0",
        "casualty_class": "1",
        "casualty_distance_banding": "1",
        "casualty_imd_decile": "7",
        "casualty_injury_based": "1",
        "casualty_reference": 1,
        "casualty_severity": "2",
        "casualty_type": "5",
        "collision_index": "2025131589000",
        "collision_ref_no": "131589000",
        "collision_year": 2025,
        "enhanced_casualty_severity": "6",
        "lsoa_of_casualty": "E01010901",
        "pedestrian_location": "0",
        "pedestrian_movement": "0",
        "pedestrian_road_maintenance_worker": "0",
        "sex_of_casualty": "1",
        "vehicle_reference": 1,
        "geometry_source": "inherited_from_linked_collision",
        "source_year": 2025
      }
    },
    {
      "type": "Feature",
      "id": "2025131661526:1",
      "geometry": {
        "type": "Point",
        "coordinates": [
          -1.85581,
          53.72836
        ]
      },
      "properties": {
        "age_band_of_casualty": "6",
        "age_of_casualty": 29,
        "bus_or_coach_passenger": "0",
        "car_passenger": "0",
        "casualty_adjusted_severity_serious": "0",
        "casualty_adjusted_severity_slight": "1",
        "casualty_class": "1",
        "casualty_distance_banding": "1",
        "casualty_imd_decile": "2",
        "casualty_injury_based": "1",
        "casualty_reference": 1,
        "casualty_severity": "3",
        "casualty_type": "9",
        "collision_index": "2025131661526",
        "collision_ref_no": "131661526",
        "collision_year": 2025,
        "enhanced_casualty_severity": "3",
        "lsoa_of_casualty": "E01010929",
        "pedestrian_location": "0",
        "pedestrian_movement": "0",
        "pedestrian_road_maintenance_worker": "0",
        "sex_of_casualty": "1",
        "vehicle_reference": 1,
        "geometry_source": "inherited_from_linked_collision",
        "source_year": 2025
      }
    },
    {
      "type": "Feature",
      "id": "2025131614829:1",
      "geometry": {
        "type": "Point",
        "coordinates": [
          -1.83769,
          53.68203
        ]
      },
      "properties": {
        "age_band_of_casualty": "2",
        "age_of_casualty": 6,
        "bus_or_coach_passenger": "0",
        "car_passenger": "0",
        "casualty_adjusted_severity_serious": "0",
        "casualty_adjusted_severity_slight": "1",
        "casualty_class": "3",
        "casualty_distance_banding": "1",
        "casualty_imd_decile": "2",
        "casualty_injury_based": "1",
        "casualty_reference": 1,
        "casualty_severity": "3",
        "casualty_type": "0",
        "collision_index": "2025131614829",
        "collision_ref_no": "131614829",
        "collision_year": 2025,
        "enhanced_casualty_severity": "3",
        "lsoa_of_casualty": "E01010894",
        "pedestrian_location": "5",
        "pedestrian_movement": "3",
        "pedestrian_road_maintenance_worker": "-1",
        "sex_of_casualty": "1",
        "vehicle_reference": 1,
        "geometry_source": "inherited_from_linked_collision",
        "source_year": 2025
      }
    },
    {
      "type": "Feature",
      "id": "2025131583504:1",
      "geometry": {
        "type": "Point",
        "coordinates": [
          -1.93537,
          53.69454
        ]
      },
      "properties": {
        "age_band_of_casualty": "10",
        "age_of_casualty": 71,
        "bus_or_coach_passenger": "0",
        "car_passenger": "0",
        "casualty_adjusted_severity_serious": "0",
        "casualty_adjusted_severity_slight": "1",
        "casualty_class": "1",
        "casualty_distance_banding": "1",
        "casualty_imd_decile": "7",
        "casualty_injury_based": "1",
        "casualty_reference": 1,
        "casualty_severity": "3",
        "casualty_type": "9",
        "collision_index": "2025131583504",
        "collision_ref_no": "131583504",
        "collision_year": 2025,
        "enhanced_casualty_severity": "3",
        "lsoa_of_casualty": "E01010952",
        "pedestrian_location": "0",
        "pedestrian_movement": "0",
        "pedestrian_road_maintenance_worker": "0",
        "sex_of_casualty": "1",
        "vehicle_reference": 1,
        "geometry_source": "inherited_from_linked_collision",
        "source_year": 2025
      }
    },
    {
      "type": "Feature",
      "id": "2025131604762:1",
      "geometry": {
        "type": "Point",
        "coordinates": [
          -1.94417,
          53.77765
        ]
      },
      "properties": {
        "age_band_of_casualty": "4",
        "age_of_casualty": 18,
        "bus_or_coach_passenger": "0",
        "car_passenger": "2",
        "casualty_adjusted_severity_serious": "1",
        "casualty_adjusted_severity_slight": "0",
        "casualty_class": "2",
        "casualty_distance_banding": "2",
        "casualty_imd_decile": "1",
        "casualty_injury_based": "1",
        "casualty_reference": 1,
        "casualty_severity": "2",
        "casualty_type": "9",
        "collision_index": "2025131604762",
        "collision_ref_no": "131604762",
        "collision_year": 2025,
        "enhanced_casualty_severity": "7",
        "lsoa_of_casualty": "E01010960",
        "pedestrian_location": "0",
        "pedestrian_movement": "0",
        "pedestrian_road_maintenance_worker": "0",
        "sex_of_casualty": "2",
        "vehicle_reference": 1,
        "geometry_source": "inherited_from_linked_collision",
        "source_year": 2025
      }
    },
    {
      "type": "Feature",
      "id": "2025131644475:1",
      "geometry": {
        "type": "Point",
        "coordinates": [
          -1.8782,
          53.74243
        ]
      },
      "properties": {
        "age_band_of_casualty": "4",
        "age_of_casualty": 18,
        "bus_or_coach_passenger": "0",
        "car_passenger": "0",
        "casualty_adjusted_severity_serious": "0",
        "casualty_adjusted_severity_slight": "1",
        "casualty_class": "1",
        "casualty_distance_banding": "2",
        "casualty_imd_decile": "1",
        "casualty_injury_based": "1",
        "casualty_reference": 1,
        "casualty_severity": "3",
        "casualty_type": "9",
        "collision_index": "2025131644475",
        "collision_ref_no": "131644475",
        "collision_year": 2025,
        "enhanced_casualty_severity": "3",
        "lsoa_of_casualty": "E01010667",
        "pedestrian_location": "0",
        "pedestrian_movement": "0",
        "pedestrian_road_maintenance_worker": "0",
        "sex_of_casualty": "2",
        "vehicle_reference": 1,
        "geometry_source": "inherited_from_linked_collision",
        "source_year": 2025
      }
    },
    {
      "type": "Feature",
      "id": "2025131653549:1",
      "geometry": {
        "type": "Point",
        "coordinates": [
          -1.88125,
          53.72574
        ]
      },
      "properties": {
        "age_band_of_casualty": "4",
        "age_of_casualty": 19,
        "bus_or_coach_passenger": "0",
        "car_passenger": "0",
        "casualty_adjusted_severity_serious": "1",
        "casualty_adjusted_severity_slight": "0",
        "casualty_class": "1",
        "casualty_distance_banding": "1",
        "casualty_imd_decile": "1",
        "casualty_injury_based": "1",
        "casualty_reference": 1,
        "casualty_severity": "2",
        "casualty_type": "9",
        "collision_index": "2025131653549",
        "collision_ref_no": "131653549",
        "collision_year": 2025,
        "enhanced_casualty_severity": "7",
        "lsoa_of_casualty": "E01010960",
        "pedestrian_location": "0",
        "pedestrian_movement": "0",
        "pedestrian_road_maintenance_worker": "0",
        "sex_of_casualty": "1",
        "vehicle_reference": 1,
        "geometry_source": "inherited_from_linked_collision",
        "source_year": 2025
      }
    },
    {
      "type": "Feature",
      "id": "2025131570150:1",
      "geometry": {
        "type": "Point",
        "coordinates": [
          -1.83977,
          53.68774
        ]
      },
      "properties": {
        "age_band_of_casualty": "10",
        "age_of_casualty": 68,
        "bus_or_coach_passenger": "0",
        "car_passenger": "0",
        "casualty_adjusted_severity_serious": "0",
        "casualty_adjusted_severity_slight": "1",
        "casualty_class": "1",
        "casualty_distance_banding": "1",
        "casualty_imd_decile": "7",
        "casualty_injury_based": "1",
        "casualty_reference": 1,
        "casualty_severity": "3",
        "casualty_type": "1",
        "collision_index": "2025131570150",
        "collision_ref_no": "131570150",
        "collision_year": 2025,
        "enhanced_casualty_severity": "3",
        "lsoa_of_casualty": "E01010896",
        "pedestrian_location": "0",
        "pedestrian_movement": "0",
        "pedestrian_road_maintenance_worker": "0",
        "sex_of_casualty": "1",
        "vehicle_reference": 2,
        "geometry_source": "inherited_from_linked_collision",
        "source_year": 2025
      }
    },
    {
      "type": "Feature",
      "id": "2025131636568:1",
      "geometry": {
        "type": "Point",
        "coordinates": [
          -2.15154,
          53.7312
        ]
      },
      "properties": {
        "age_band_of_casualty": "3",
        "age_of_casualty": 11,
        "bus_or_coach_passenger": "0",
        "car_passenger": "0",
        "casualty_adjusted_severity_serious": "1",
        "casualty_adjusted_severity_slight": "0",
        "casualty_class": "3",
        "casualty_distance_banding": "-1",
        "casualty_imd_decile": "-1",
        "casualty_injury_based": "1",
        "casualty_reference": 1,
        "casualty_severity": "2",
        "casualty_type": "0",
        "collision_index": "2025131636568",
        "collision_ref_no": "131636568",
        "collision_year": 2025,
        "enhanced_casualty_severity": "5",
        "lsoa_of_casualty": "-1",
        "pedestrian_location": "8",
        "pedestrian_movement": "1",
        "pedestrian_road_maintenance_worker": "-1",
        "sex_of_casualty": "2",
        "vehicle_reference": 1,
        "geometry_source": "inherited_from_linked_collision",
        "source_year": 2025
      }
    },
    {
      "type": "Feature",
      "id": "2025131543313:1",
      "geometry": {
        "type": "Point",
        "coordinates": [
          -1.84266,
          53.68833
        ]
      },
      "properties": {
        "age_band_of_casualty": "8",
        "age_of_casualty": 46,
        "bus_or_coach_passenger": "0",
        "car_passenger": "0",
        "casualty_adjusted_severity_serious": "0",
        "casualty_adjusted_severity_slight": "1",
        "casualty_class": "1",
        "casualty_distance_banding": "1",
        "casualty_imd_decile": "4",
        "casualty_injury_based": "1",
        "casualty_reference": 1,
        "casualty_severity": "3",
        "casualty_type": "19",
        "collision_index": "2025131543313",
        "collision_ref_no": "131543313",
        "collision_year": 2025,
        "enhanced_casualty_severity": "3",
        "lsoa_of_casualty": "E01010992",
        "pedestrian_location": "0",
        "pedestrian_movement": "0",
        "pedestrian_road_maintenance_worker": "0",
        "sex_of_casualty": "1",
        "vehicle_reference": 1,
        "geometry_source": "inherited_from_linked_collision",
        "source_year": 2025
      }
    },
    {
      "type": "Feature",
      "id": "2025131576475:1",
      "geometry": {
        "type": "Point",
        "coordinates": [
          -1.87008,
          53.73084
        ]
      },
      "properties": {
        "age_band_of_casualty": "7",
        "age_of_casualty": 41,
        "bus_or_coach_passenger": "0",
        "car_passenger": "0",
        "casualty_adjusted_severity_serious": "1",
        "casualty_adjusted_severity_slight": "0",
        "casualty_class": "3",
        "casualty_distance_banding": "1",
        "casualty_imd_decile": "2",
        "casualty_injury_based": "1",
        "casualty_reference": 1,
        "casualty_severity": "2",
        "casualty_type": "0",
        "collision_index": "2025131576475",
        "collision_ref_no": "131576475",
        "collision_year": 2025,
        "enhanced_casualty_severity": "5",
        "lsoa_of_casualty": "E01032923",
        "pedestrian_location": "5",
        "pedestrian_movement": "3",
        "pedestrian_road_maintenance_worker": "-1",
        "sex_of_casualty": "1",
        "vehicle_reference": 1,
        "geometry_source": "inherited_from_linked_collision",
        "source_year": 2025
      }
    },
    {
      "type": "Feature",
      "id": "2025131559781:1",
      "geometry": {
        "type": "Point",
        "coordinates": [
          -1.77576,
          53.72268
        ]
      },
      "properties": {
        "age_band_of_casualty": "4",
        "age_of_casualty": 16,
        "bus_or_coach_passenger": "0",
        "car_passenger": "0",
        "casualty_adjusted_severity_serious": "0",
        "casualty_adjusted_severity_slight": "1",
        "casualty_class": "1",
        "casualty_distance_banding": "1",
        "casualty_imd_decile": "7",
        "casualty_injury_based": "1",
        "casualty_reference": 1,
        "casualty_severity": "3",
        "casualty_type": "1",
        "collision_index": "2025131559781",
        "collision_ref_no": "131559781",
        "collision_year": 2025,
        "enhanced_casualty_severity": "3",
        "lsoa_of_casualty": "E01010905",
        "pedestrian_location": "0",
        "pedestrian_movement": "0",
        "pedestrian_road_maintenance_worker": "0",
        "sex_of_casualty": "1",
        "vehicle_reference": 2,
        "geometry_source": "inherited_from_linked_collision",
        "source_year": 2025
      }
    },
    {
      "type": "Feature",
      "id": "2025131550021:4",
      "geometry": {
        "type": "Point",
        "coordinates": [
          -1.99577,
          53.63943
        ]
      },
      "properties": {
        "age_band_of_casualty": "3",
        "age_of_casualty": 14,
        "bus_or_coach_passenger": "0",
        "car_passenger": "2",
        "casualty_adjusted_severity_serious": "0",
        "casualty_adjusted_severity_slight": "1",
        "casualty_class": "2",
        "casualty_distance_banding": "4",
        "casualty_imd_decile": "7",
        "casualty_injury_based": "1",
        "casualty_reference": 4,
        "casualty_severity": "3",
        "casualty_type": "9",
        "collision_index": "2025131550021",
        "collision_ref_no": "131550021",
        "collision_year": 2025,
        "enhanced_casualty_severity": "3",
        "lsoa_of_casualty": "E01007356",
        "pedestrian_location": "0",
        "pedestrian_movement": "0",
        "pedestrian_road_maintenance_worker": "0",
        "sex_of_casualty": "1",
        "vehicle_reference": 1,
        "geometry_source": "inherited_from_linked_collision",
        "source_year": 2025
      }
    },
    {
      "type": "Feature",
      "id": "2025131558238:1",
      "geometry": {
        "type": "Point",
        "coordinates": [
          -1.77995,
          53.70751
        ]
      },
      "properties": {
        "age_band_of_casualty": "5",
        "age_of_casualty": 24,
        "bus_or_coach_passenger": "0",
        "car_passenger": "0",
        "casualty_adjusted_severity_serious": "0",
        "casualty_adjusted_severity_slight": "1",
        "casualty_class": "1",
        "casualty_distance_banding": "2",
        "casualty_imd_decile": "1",
        "casualty_injury_based": "1",
        "casualty_reference": 1,
        "casualty_severity": "3",
        "casualty_type": "9",
        "collision_index": "2025131558238",
        "collision_ref_no": "131558238",
        "collision_year": 2025,
        "enhanced_casualty_severity": "3",
        "lsoa_of_casualty": "E01010964",
        "pedestrian_location": "0",
        "pedestrian_movement": "0",
        "pedestrian_road_maintenance_worker": "0",
        "sex_of_casualty": "2",
        "vehicle_reference": 1,
        "geometry_source": "inherited_from_linked_collision",
        "source_year": 2025
      }
    },
    {
      "type": "Feature",
      "id": "2025131569165:1",
      "geometry": {
        "type": "Point",
        "coordinates": [
          -2.05987,
          53.72108
        ]
      },
      "properties": {
        "age_band_of_casualty": "10",
        "age_of_casualty": 75,
        "bus_or_coach_passenger": "0",
        "car_passenger": "0",
        "casualty_adjusted_severity_serious": "1",
        "casualty_adjusted_severity_slight": "0",
        "casualty_class": "1",
        "casualty_distance_banding": "1",
        "casualty_imd_decile": "2",
        "casualty_injury_based": "1",
        "casualty_reference": 1,
        "casualty_severity": "2",
        "casualty_type": "9",
        "collision_index": "2025131569165",
        "collision_ref_no": "131569165",
        "collision_year": 2025,
        "enhanced_casualty_severity": "6",
        "lsoa_of_casualty": "E01010983",
        "pedestrian_location": "0",
        "pedestrian_movement": "0",
        "pedestrian_road_maintenance_worker": "0",
        "sex_of_casualty": "2",
        "vehicle_reference": 1,
        "geometry_source": "inherited_from_linked_collision",
        "source_year": 2025
      }
    },
    {
      "type": "Feature",
      "id": "2025131650290:6",
      "geometry": {
        "type": "Point",
        "coordinates": [
          -1.90924,
          53.71761
        ]
      },
      "properties": {
        "age_band_of_casualty": "6",
        "age_of_casualty": 26,
        "bus_or_coach_passenger": "0",
        "car_passenger": "0",
        "casualty_adjusted_severity_serious": "0",
        "casualty_adjusted_severity_slight": "1",
        "casualty_class": "1",
        "casualty_distance_banding": "3",
        "casualty_imd_decile": "3",
        "casualty_injury_based": "1",
        "casualty_reference": 6,
        "casualty_severity": "3",
        "casualty_type": "9",
        "collision_index": "2025131650290",
        "collision_ref_no": "131650290",
        "collision_year": 2025,
        "enhanced_casualty_severity": "3",
        "lsoa_of_casualty": "E01010571",
        "pedestrian_location": "0",
        "pedestrian_movement": "0",
        "pedestrian_road_maintenance_worker": "0",
        "sex_of_casualty": "1",
        "vehicle_reference": 1,
        "geometry_source": "inherited_from_linked_collision",
        "source_year": 2025
      }
    },
    {
      "type": "Feature",
      "id": "2025131668626:1",
      "geometry": {
        "type": "Point",
        "coordinates": [
          -1.86738,
          53.71254
        ]
      },
      "properties": {
        "age_band_of_casualty": "10",
        "age_of_casualty": 73,
        "bus_or_coach_passenger": "0",
        "car_passenger": "0",
        "casualty_adjusted_severity_serious": "0",
        "casualty_adjusted_severity_slight": "1",
        "casualty_class": "1",
        "casualty_distance_banding": "1",
        "casualty_imd_decile": "3",
        "casualty_injury_based": "1",
        "casualty_reference": 1,
        "casualty_severity": "3",
        "casualty_type": "9",
        "collision_index": "2025131668626",
        "collision_ref_no": "131668626",
        "collision_year": 2025,
        "enhanced_casualty_severity": "3",
        "lsoa_of_casualty": "E01010981",
        "pedestrian_location": "0",
        "pedestrian_movement": "0",
        "pedestrian_road_maintenance_worker": "0",
        "sex_of_casualty": "1",
        "vehicle_reference": 1,
        "geometry_source": "inherited_from_linked_collision",
        "source_year": 2025
      }
    },
    {
      "type": "Feature",
      "id": "2025131678302:1",
      "geometry": {
        "type": "Point",
        "coordinates": [
          -1.93821,
          53.77455
        ]
      },
      "properties": {
        "age_band_of_casualty": "4",
        "age_of_casualty": 20,
        "bus_or_coach_passenger": "0",
        "car_passenger": "0",
        "casualty_adjusted_severity_serious": "0",
        "casualty_adjusted_severity_slight": "1",
        "casualty_class": "1",
        "casualty_distance_banding": "4",
        "casualty_imd_decile": "3",
        "casualty_injury_based": "1",
        "casualty_reference": 1,
        "casualty_severity": "3",
        "casualty_type": "9",
        "collision_index": "2025131678302",
        "collision_ref_no": "131678302",
        "collision_year": 2025,
        "enhanced_casualty_severity": "3",
        "lsoa_of_casualty": "E01033002",
        "pedestrian_location": "0",
        "pedestrian_movement": "0",
        "pedestrian_road_maintenance_worker": "0",
        "sex_of_casualty": "1",
        "vehicle_reference": 1,
        "geometry_source": "inherited_from_linked_collision",
        "source_year": 2025
      }
    },
    {
      "type": "Feature",
      "id": "2025131557094:1",
      "geometry": {
        "type": "Point",
        "coordinates": [
          -1.85634,
          53.68665
        ]
      },
      "properties": {
        "age_band_of_casualty": "4",
        "age_of_casualty": 18,
        "bus_or_coach_passenger": "0",
        "car_passenger": "0",
        "casualty_adjusted_severity_serious": "0",
        "casualty_adjusted_severity_slight": "1",
        "casualty_class": "1",
        "casualty_distance_banding": "1",
        "casualty_imd_decile": "4",
        "casualty_injury_based": "1",
        "casualty_reference": 1,
        "casualty_severity": "3",
        "casualty_type": "23",
        "collision_index": "2025131557094",
        "collision_ref_no": "131557094",
        "collision_year": 2025,
        "enhanced_casualty_severity": "3",
        "lsoa_of_casualty": "E01010890",
        "pedestrian_location": "0",
        "pedestrian_movement": "0",
        "pedestrian_road_maintenance_worker": "0",
        "sex_of_casualty": "1",
        "vehicle_reference": 2,
        "geometry_source": "inherited_from_linked_collision",
        "source_year": 2025
      }
    },
    {
      "type": "Feature",
      "id": "2025131621468:1",
      "geometry": {
        "type": "Point",
        "coordinates": [
          -1.88261,
          53.72569
        ]
      },
      "properties": {
        "age_band_of_casualty": "1",
        "age_of_casualty": 4,
        "bus_or_coach_passenger": "0",
        "car_passenger": "0",
        "casualty_adjusted_severity_serious": "0",
        "casualty_adjusted_severity_slight": "1",
        "casualty_class": "3",
        "casualty_distance_banding": "1",
        "casualty_imd_decile": "1",
        "casualty_injury_based": "1",
        "casualty_reference": 1,
        "casualty_severity": "3",
        "casualty_type": "0",
        "collision_index": "2025131621468",
        "collision_ref_no": "131621468",
        "collision_year": 2025,
        "enhanced_casualty_severity": "3",
        "lsoa_of_casualty": "E01010964",
        "pedestrian_location": "5",
        "pedestrian_movement": "1",
        "pedestrian_road_maintenance_worker": "-1",
        "sex_of_casualty": "1",
        "vehicle_reference": 1,
        "geometry_source": "inherited_from_linked_collision",
        "source_year": 2025
      }
    },
    {
      "type": "Feature",
      "id": "2025131632457:2",
      "geometry": {
        "type": "Point",
        "coordinates": [
          -2.17014,
          53.71766
        ]
      },
      "properties": {
        "age_band_of_casualty": "6",
        "age_of_casualty": 26,
        "bus_or_coach_passenger": "0",
        "car_passenger": "1",
        "casualty_adjusted_severity_serious": "0",
        "casualty_adjusted_severity_slight": "1",
        "casualty_class": "2",
        "casualty_distance_banding": "1",
        "casualty_imd_decile": "3",
        "casualty_injury_based": "1",
        "casualty_reference": 2,
        "casualty_severity": "3",
        "casualty_type": "9",
        "collision_index": "2025131632457",
        "collision_ref_no": "131632457",
        "collision_year": 2025,
        "enhanced_casualty_severity": "3",
        "lsoa_of_casualty": "E01010986",
        "pedestrian_location": "0",
        "pedestrian_movement": "0",
        "pedestrian_road_maintenance_worker": "0",
        "sex_of_casualty": "2",
        "vehicle_reference": 2,
        "geometry_source": "inherited_from_linked_collision",
        "source_year": 2025
      }
    },
    {
      "type": "Feature",
      "id": "2025131633437:1",
      "geometry": {
        "type": "Point",
        "coordinates": [
          -2.06648,
          53.7325
        ]
      },
      "properties": {
        "age_band_of_casualty": "8",
        "age_of_casualty": 52,
        "bus_or_coach_passenger": "0",
        "car_passenger": "0",
        "casualty_adjusted_severity_serious": "0",
        "casualty_adjusted_severity_slight": "1",
        "casualty_class": "1",
        "casualty_distance_banding": "1",
        "casualty_imd_decile": "4",
        "casualty_injury_based": "1",
        "casualty_reference": 1,
        "casualty_severity": "3",
        "casualty_type": "9",
        "collision_index": "2025131633437",
        "collision_ref_no": "131633437",
        "collision_year": 2025,
        "enhanced_casualty_severity": "3",
        "lsoa_of_casualty": "E01010982",
        "pedestrian_location": "0",
        "pedestrian_movement": "0",
        "pedestrian_road_maintenance_worker": "0",
        "sex_of_casualty": "1",
        "vehicle_reference": 1,
        "geometry_source": "inherited_from_linked_collision",
        "source_year": 2025
      }
    },
    {
      "type": "Feature",
      "id": "2025131688362:1",
      "geometry": {
        "type": "Point",
        "coordinates": [
          -1.86139,
          53.73475
        ]
      },
      "properties": {
        "age_band_of_casualty": "7",
        "age_of_casualty": 40,
        "bus_or_coach_passenger": "0",
        "car_passenger": "0",
        "casualty_adjusted_severity_serious": "0",
        "casualty_adjusted_severity_slight": "1",
        "casualty_class": "2",
        "casualty_distance_banding": "1",
        "casualty_imd_decile": "5",
        "casualty_injury_based": "1",
        "casualty_reference": 1,
        "casualty_severity": "3",
        "casualty_type": "9",
        "collision_index": "2025131688362",
        "collision_ref_no": "131688362",
        "collision_year": 2025,
        "enhanced_casualty_severity": "3",
        "lsoa_of_casualty": "E01010934",
        "pedestrian_location": "0",
        "pedestrian_movement": "0",
        "pedestrian_road_maintenance_worker": "0",
        "sex_of_casualty": "2",
        "vehicle_reference": 1,
        "geometry_source": "inherited_from_linked_collision",
        "source_year": 2025
      }
    },
    {
      "type": "Feature",
      "id": "2025131571835:3",
      "geometry": {
        "type": "Point",
        "coordinates": [
          -1.85282,
          53.72306
        ]
      },
      "properties": {
        "age_band_of_casualty": "3",
        "age_of_casualty": 14,
        "bus_or_coach_passenger": "4",
        "car_passenger": "0",
        "casualty_adjusted_severity_serious": "0",
        "casualty_adjusted_severity_slight": "1",
        "casualty_class": "2",
        "casualty_distance_banding": "1",
        "casualty_imd_decile": "1",
        "casualty_injury_based": "1",
        "casualty_reference": 3,
        "casualty_severity": "3",
        "casualty_type": "11",
        "collision_index": "2025131571835",
        "collision_ref_no": "131571835",
        "collision_year": 2025,
        "enhanced_casualty_severity": "3",
        "lsoa_of_casualty": "E01010944",
        "pedestrian_location": "0",
        "pedestrian_movement": "0",
        "pedestrian_road_maintenance_worker": "0",
        "sex_of_casualty": "1",
        "vehicle_reference": 2,
        "geometry_source": "inherited_from_linked_collision",
        "source_year": 2025
      }
    },
    {
      "type": "Feature",
      "id": "2025131603602:1",
      "geometry": {
        "type": "Point",
        "coordinates": [
          -1.85433,
          53.68756
        ]
      },
      "properties": {
        "age_band_of_casualty": "11",
        "age_of_casualty": 82,
        "bus_or_coach_passenger": "0",
        "car_passenger": "0",
        "casualty_adjusted_severity_serious": "1",
        "casualty_adjusted_severity_slight": "0",
        "casualty_class": "3",
        "casualty_distance_banding": "1",
        "casualty_imd_decile": "9",
        "casualty_injury_based": "1",
        "casualty_reference": 1,
        "casualty_severity": "2",
        "casualty_type": "0",
        "collision_index": "2025131603602",
        "collision_ref_no": "131603602",
        "collision_year": 2025,
        "enhanced_casualty_severity": "6",
        "lsoa_of_casualty": "E01010953",
        "pedestrian_location": "5",
        "pedestrian_movement": "3",
        "pedestrian_road_maintenance_worker": "-1",
        "sex_of_casualty": "2",
        "vehicle_reference": 1,
        "geometry_source": "inherited_from_linked_collision",
        "source_year": 2025
      }
    },
    {
      "type": "Feature",
      "id": "2025131676791:1",
      "geometry": {
        "type": "Point",
        "coordinates": [
          -1.77925,
          53.70045
        ]
      },
      "properties": {
        "age_band_of_casualty": "4",
        "age_of_casualty": 20,
        "bus_or_coach_passenger": "0",
        "car_passenger": "0",
        "casualty_adjusted_severity_serious": "0",
        "casualty_adjusted_severity_slight": "1",
        "casualty_class": "1",
        "casualty_distance_banding": "2",
        "casualty_imd_decile": "2",
        "casualty_injury_based": "1",
        "casualty_reference": 1,
        "casualty_severity": "3",
        "casualty_type": "9",
        "collision_index": "2025131676791",
        "collision_ref_no": "131676791",
        "collision_year": 2025,
        "enhanced_casualty_severity": "3",
        "lsoa_of_casualty": "E01010930",
        "pedestrian_location": "0",
        "pedestrian_movement": "0",
        "pedestrian_road_maintenance_worker": "0",
        "sex_of_casualty": "1",
        "vehicle_reference": 2,
        "geometry_source": "inherited_from_linked_collision",
        "source_year": 2025
      }
    },
    {
      "type": "Feature",
      "id": "2025131560879:1",
      "geometry": {
        "type": "Point",
        "coordinates": [
          -1.86836,
          53.69245
        ]
      },
      "properties": {
        "age_band_of_casualty": "9",
        "age_of_casualty": 58,
        "bus_or_coach_passenger": "0",
        "car_passenger": "0",
        "casualty_adjusted_severity_serious": "1",
        "casualty_adjusted_severity_slight": "0",
        "casualty_class": "1",
        "casualty_distance_banding": "1",
        "casualty_imd_decile": "7",
        "casualty_injury_based": "1",
        "casualty_reference": 1,
        "casualty_severity": "2",
        "casualty_type": "9",
        "collision_index": "2025131560879",
        "collision_ref_no": "131560879",
        "collision_year": 2025,
        "enhanced_casualty_severity": "6",
        "lsoa_of_casualty": "E01010899",
        "pedestrian_location": "0",
        "pedestrian_movement": "0",
        "pedestrian_road_maintenance_worker": "0",
        "sex_of_casualty": "1",
        "vehicle_reference": 1,
        "geometry_source": "inherited_from_linked_collision",
        "source_year": 2025
      }
    },
    {
      "type": "Feature",
      "id": "2025131620570:1",
      "geometry": {
        "type": "Point",
        "coordinates": [
          -1.91752,
          53.66056
        ]
      },
      "properties": {
        "age_band_of_casualty": "4",
        "age_of_casualty": 18,
        "bus_or_coach_passenger": "0",
        "car_passenger": "1",
        "casualty_adjusted_severity_serious": "0",
        "casualty_adjusted_severity_slight": "1",
        "casualty_class": "2",
        "casualty_distance_banding": "2",
        "casualty_imd_decile": "4",
        "casualty_injury_based": "1",
        "casualty_reference": 1,
        "casualty_severity": "3",
        "casualty_type": "9",
        "collision_index": "2025131620570",
        "collision_ref_no": "131620570",
        "collision_year": 2025,
        "enhanced_casualty_severity": "3",
        "lsoa_of_casualty": "E01010890",
        "pedestrian_location": "0",
        "pedestrian_movement": "0",
        "pedestrian_road_maintenance_worker": "0",
        "sex_of_casualty": "2",
        "vehicle_reference": 1,
        "geometry_source": "inherited_from_linked_collision",
        "source_year": 2025
      }
    },
    {
      "type": "Feature",
      "id": "2025131584672:1",
      "geometry": {
        "type": "Point",
        "coordinates": [
          -1.84058,
          53.71503
        ]
      },
      "properties": {
        "age_band_of_casualty": "2",
        "age_of_casualty": 10,
        "bus_or_coach_passenger": "0",
        "car_passenger": "1",
        "casualty_adjusted_severity_serious": "0",
        "casualty_adjusted_severity_slight": "1",
        "casualty_class": "2",
        "casualty_distance_banding": "1",
        "casualty_imd_decile": "2",
        "casualty_injury_based": "1",
        "casualty_reference": 1,
        "casualty_severity": "3",
        "casualty_type": "9",
        "collision_index": "2025131584672",
        "collision_ref_no": "131584672",
        "collision_year": 2025,
        "enhanced_casualty_severity": "3",
        "lsoa_of_casualty": "E01010894",
        "pedestrian_location": "0",
        "pedestrian_movement": "0",
        "pedestrian_road_maintenance_worker": "0",
        "sex_of_casualty": "2",
        "vehicle_reference": 2,
        "geometry_source": "inherited_from_linked_collision",
        "source_year": 2025
      }
    },
    {
      "type": "Feature",
      "id": "2025131647364:1",
      "geometry": {
        "type": "Point",
        "coordinates": [
          -1.86066,
          53.72687
        ]
      },
      "properties": {
        "age_band_of_casualty": "9",
        "age_of_casualty": 56,
        "bus_or_coach_passenger": "0",
        "car_passenger": "0",
        "casualty_adjusted_severity_serious": "0",
        "casualty_adjusted_severity_slight": "1",
        "casualty_class": "1",
        "casualty_distance_banding": "1",
        "casualty_imd_decile": "1",
        "casualty_injury_based": "1",
        "casualty_reference": 1,
        "casualty_severity": "3",
        "casualty_type": "9",
        "collision_index": "2025131647364",
        "collision_ref_no": "131647364",
        "collision_year": 2025,
        "enhanced_casualty_severity": "3",
        "lsoa_of_casualty": "E01011001",
        "pedestrian_location": "0",
        "pedestrian_movement": "0",
        "pedestrian_road_maintenance_worker": "0",
        "sex_of_casualty": "2",
        "vehicle_reference": 1,
        "geometry_source": "inherited_from_linked_collision",
        "source_year": 2025
      }
    },
    {
      "type": "Feature",
      "id": "2025131549819:1",
      "geometry": {
        "type": "Point",
        "coordinates": [
          -1.8091,
          53.75663
        ]
      },
      "properties": {
        "age_band_of_casualty": "9",
        "age_of_casualty": 59,
        "bus_or_coach_passenger": "0",
        "car_passenger": "0",
        "casualty_adjusted_severity_serious": "0",
        "casualty_adjusted_severity_slight": "1",
        "casualty_class": "1",
        "casualty_distance_banding": "1",
        "casualty_imd_decile": "3",
        "casualty_injury_based": "1",
        "casualty_reference": 1,
        "casualty_severity": "3",
        "casualty_type": "9",
        "collision_index": "2025131549819",
        "collision_ref_no": "131549819",
        "collision_year": 2025,
        "enhanced_casualty_severity": "3",
        "lsoa_of_casualty": "E01010751",
        "pedestrian_location": "0",
        "pedestrian_movement": "0",
        "pedestrian_road_maintenance_worker": "0",
        "sex_of_casualty": "1",
        "vehicle_reference": 1,
        "geometry_source": "inherited_from_linked_collision",
        "source_year": 2025
      }
    },
    {
      "type": "Feature",
      "id": "2025131599717:4",
      "geometry": {
        "type": "Point",
        "coordinates": [
          -1.88916,
          53.71966
        ]
      },
      "properties": {
        "age_band_of_casualty": "6",
        "age_of_casualty": 26,
        "bus_or_coach_passenger": "0",
        "car_passenger": "1",
        "casualty_adjusted_severity_serious": "0",
        "casualty_adjusted_severity_slight": "1",
        "casualty_class": "2",
        "casualty_distance_banding": "1",
        "casualty_imd_decile": "7",
        "casualty_injury_based": "1",
        "casualty_reference": 4,
        "casualty_severity": "3",
        "casualty_type": "9",
        "collision_index": "2025131599717",
        "collision_ref_no": "131599717",
        "collision_year": 2025,
        "enhanced_casualty_severity": "3",
        "lsoa_of_casualty": "E01010972",
        "pedestrian_location": "0",
        "pedestrian_movement": "0",
        "pedestrian_road_maintenance_worker": "0",
        "sex_of_casualty": "2",
        "vehicle_reference": 2,
        "geometry_source": "inherited_from_linked_collision",
        "source_year": 2025
      }
    },
    {
      "type": "Feature",
      "id": "2025131644243:1",
      "geometry": {
        "type": "Point",
        "coordinates": [
          -1.86521,
          53.70669
        ]
      },
      "properties": {
        "age_band_of_casualty": "9",
        "age_of_casualty": 64,
        "bus_or_coach_passenger": "0",
        "car_passenger": "1",
        "casualty_adjusted_severity_serious": "0",
        "casualty_adjusted_severity_slight": "1",
        "casualty_class": "2",
        "casualty_distance_banding": "4",
        "casualty_imd_decile": "3",
        "casualty_injury_based": "1",
        "casualty_reference": 1,
        "casualty_severity": "3",
        "casualty_type": "9",
        "collision_index": "2025131644243",
        "collision_ref_no": "131644243",
        "collision_year": 2025,
        "enhanced_casualty_severity": "3",
        "lsoa_of_casualty": "E01027908",
        "pedestrian_location": "0",
        "pedestrian_movement": "0",
        "pedestrian_road_maintenance_worker": "0",
        "sex_of_casualty": "2",
        "vehicle_reference": 2,
        "geometry_source": "inherited_from_linked_collision",
        "source_year": 2025
      }
    },
    {
      "type": "Feature",
      "id": "2025131542109:1",
      "geometry": {
        "type": "Point",
        "coordinates": [
          -1.79704,
          53.68551
        ]
      },
      "properties": {
        "age_band_of_casualty": "7",
        "age_of_casualty": 37,
        "bus_or_coach_passenger": "0",
        "car_passenger": "0",
        "casualty_adjusted_severity_serious": "0",
        "casualty_adjusted_severity_slight": "1",
        "casualty_class": "1",
        "casualty_distance_banding": "1",
        "casualty_imd_decile": "4",
        "casualty_injury_based": "1",
        "casualty_reference": 1,
        "casualty_severity": "3",
        "casualty_type": "1",
        "collision_index": "2025131542109",
        "collision_ref_no": "131542109",
        "collision_year": 2025,
        "enhanced_casualty_severity": "3",
        "lsoa_of_casualty": "E01011206",
        "pedestrian_location": "0",
        "pedestrian_movement": "0",
        "pedestrian_road_maintenance_worker": "0",
        "sex_of_casualty": "1",
        "vehicle_reference": 2,
        "geometry_source": "inherited_from_linked_collision",
        "source_year": 2025
      }
    },
    {
      "type": "Feature",
      "id": "2025131539556:2",
      "geometry": {
        "type": "Point",
        "coordinates": [
          -1.87528,
          53.73862
        ]
      },
      "properties": {
        "age_band_of_casualty": "8",
        "age_of_casualty": 51,
        "bus_or_coach_passenger": "0",
        "car_passenger": "0",
        "casualty_adjusted_severity_serious": "0",
        "casualty_adjusted_severity_slight": "1",
        "casualty_class": "1",
        "casualty_distance_banding": "2",
        "casualty_imd_decile": "1",
        "casualty_injury_based": "1",
        "casualty_reference": 2,
        "casualty_severity": "3",
        "casualty_type": "9",
        "collision_index": "2025131539556",
        "collision_ref_no": "131539556",
        "collision_year": 2025,
        "enhanced_casualty_severity": "3",
        "lsoa_of_casualty": "E01010631",
        "pedestrian_location": "0",
        "pedestrian_movement": "0",
        "pedestrian_road_maintenance_worker": "0",
        "sex_of_casualty": "1",
        "vehicle_reference": 2,
        "geometry_source": "inherited_from_linked_collision",
        "source_year": 2025
      }
    },
    {
      "type": "Feature",
      "id": "2025131677277:2",
      "geometry": {
        "type": "Point",
        "coordinates": [
          -1.80955,
          53.67871
        ]
      },
      "properties": {
        "age_band_of_casualty": "3",
        "age_of_casualty": 11,
        "bus_or_coach_passenger": "0",
        "car_passenger": "1",
        "casualty_adjusted_severity_serious": "0",
        "casualty_adjusted_severity_slight": "1",
        "casualty_class": "2",
        "casualty_distance_banding": "1",
        "casualty_imd_decile": "4",
        "casualty_injury_based": "1",
        "casualty_reference": 2,
        "casualty_severity": "3",
        "casualty_type": "9",
        "collision_index": "2025131677277",
        "collision_ref_no": "131677277",
        "collision_year": 2025,
        "enhanced_casualty_severity": "3",
        "lsoa_of_casualty": "E01010893",
        "pedestrian_location": "0",
        "pedestrian_movement": "0",
        "pedestrian_road_maintenance_worker": "0",
        "sex_of_casualty": "1",
        "vehicle_reference": 2,
        "geometry_source": "inherited_from_linked_collision",
        "source_year": 2025
      }
    },
    {
      "type": "Feature",
      "id": "2025131587669:2",
      "geometry": {
        "type": "Point",
        "coordinates": [
          -1.87976,
          53.7318
        ]
      },
      "properties": {
        "age_band_of_casualty": "10",
        "age_of_casualty": 71,
        "bus_or_coach_passenger": "0",
        "car_passenger": "1",
        "casualty_adjusted_severity_serious": "0",
        "casualty_adjusted_severity_slight": "1",
        "casualty_class": "2",
        "casualty_distance_banding": "1",
        "casualty_imd_decile": "2",
        "casualty_injury_based": "1",
        "casualty_reference": 2,
        "casualty_severity": "3",
        "casualty_type": "9",
        "collision_index": "2025131587669",
        "collision_ref_no": "131587669",
        "collision_year": 2025,
        "enhanced_casualty_severity": "3",
        "lsoa_of_casualty": "E01010942",
        "pedestrian_location": "0",
        "pedestrian_movement": "0",
        "pedestrian_road_maintenance_worker": "0",
        "sex_of_casualty": "2",
        "vehicle_reference": 2,
        "geometry_source": "inherited_from_linked_collision",
        "source_year": 2025
      }
    },
    {
      "type": "Feature",
      "id": "2025131650632:1",
      "geometry": {
        "type": "Point",
        "coordinates": [
          -2.02548,
          53.74175
        ]
      },
      "properties": {
        "age_band_of_casualty": "6",
        "age_of_casualty": 34,
        "bus_or_coach_passenger": "0",
        "car_passenger": "1",
        "casualty_adjusted_severity_serious": "1",
        "casualty_adjusted_severity_slight": "0",
        "casualty_class": "2",
        "casualty_distance_banding": "2",
        "casualty_imd_decile": "2",
        "casualty_injury_based": "1",
        "casualty_reference": 1,
        "casualty_severity": "2",
        "casualty_type": "9",
        "collision_index": "2025131650632",
        "collision_ref_no": "131650632",
        "collision_year": 2025,
        "enhanced_casualty_severity": "7",
        "lsoa_of_casualty": "E01010983",
        "pedestrian_location": "0",
        "pedestrian_movement": "0",
        "pedestrian_road_maintenance_worker": "0",
        "sex_of_casualty": "1",
        "vehicle_reference": 2,
        "geometry_source": "inherited_from_linked_collision",
        "source_year": 2025
      }
    },
    {
      "type": "Feature",
      "id": "2025131599717:6",
      "geometry": {
        "type": "Point",
        "coordinates": [
          -1.88916,
          53.71966
        ]
      },
      "properties": {
        "age_band_of_casualty": "3",
        "age_of_casualty": 13,
        "bus_or_coach_passenger": "0",
        "car_passenger": "2",
        "casualty_adjusted_severity_serious": "1",
        "casualty_adjusted_severity_slight": "0",
        "casualty_class": "2",
        "casualty_distance_banding": "1",
        "casualty_imd_decile": "7",
        "casualty_injury_based": "1",
        "casualty_reference": 6,
        "casualty_severity": "2",
        "casualty_type": "9",
        "collision_index": "2025131599717",
        "collision_ref_no": "131599717",
        "collision_year": 2025,
        "enhanced_casualty_severity": "7",
        "lsoa_of_casualty": "E01010972",
        "pedestrian_location": "0",
        "pedestrian_movement": "0",
        "pedestrian_road_maintenance_worker": "0",
        "sex_of_casualty": "1",
        "vehicle_reference": 2,
        "geometry_source": "inherited_from_linked_collision",
        "source_year": 2025
      }
    },
    {
      "type": "Feature",
      "id": "2025131630135:1",
      "geometry": {
        "type": "Point",
        "coordinates": [
          -1.90412,
          53.7332
        ]
      },
      "properties": {
        "age_band_of_casualty": "4",
        "age_of_casualty": 19,
        "bus_or_coach_passenger": "0",
        "car_passenger": "0",
        "casualty_adjusted_severity_serious": "0",
        "casualty_adjusted_severity_slight": "1",
        "casualty_class": "1",
        "casualty_distance_banding": "1",
        "casualty_imd_decile": "1",
        "casualty_injury_based": "1",
        "casualty_reference": 1,
        "casualty_severity": "3",
        "casualty_type": "9",
        "collision_index": "2025131630135",
        "collision_ref_no": "131630135",
        "collision_year": 2025,
        "enhanced_casualty_severity": "3",
        "lsoa_of_casualty": "E01010924",
        "pedestrian_location": "0",
        "pedestrian_movement": "0",
        "pedestrian_road_maintenance_worker": "0",
        "sex_of_casualty": "2",
        "vehicle_reference": 1,
        "geometry_source": "inherited_from_linked_collision",
        "source_year": 2025
      }
    },
    {
      "type": "Feature",
      "id": "2025131650290:3",
      "geometry": {
        "type": "Point",
        "coordinates": [
          -1.90924,
          53.71761
        ]
      },
      "properties": {
        "age_band_of_casualty": "3",
        "age_of_casualty": 13,
        "bus_or_coach_passenger": "0",
        "car_passenger": "2",
        "casualty_adjusted_severity_serious": "0",
        "casualty_adjusted_severity_slight": "1",
        "casualty_class": "2",
        "casualty_distance_banding": "3",
        "casualty_imd_decile": "2",
        "casualty_injury_based": "1",
        "casualty_reference": 3,
        "casualty_severity": "3",
        "casualty_type": "9",
        "collision_index": "2025131650290",
        "collision_ref_no": "131650290",
        "collision_year": 2025,
        "enhanced_casualty_severity": "3",
        "lsoa_of_casualty": "E01010673",
        "pedestrian_location": "0",
        "pedestrian_movement": "0",
        "pedestrian_road_maintenance_worker": "0",
        "sex_of_casualty": "1",
        "vehicle_reference": 1,
        "geometry_source": "inherited_from_linked_collision",
        "source_year": 2025
      }
    },
    {
      "type": "Feature",
      "id": "2025131658882:1",
      "geometry": {
        "type": "Point",
        "coordinates": [
          -1.81354,
          53.72805
        ]
      },
      "properties": {
        "age_band_of_casualty": "6",
        "age_of_casualty": 31,
        "bus_or_coach_passenger": "0",
        "car_passenger": "0",
        "casualty_adjusted_severity_serious": "0",
        "casualty_adjusted_severity_slight": "1",
        "casualty_class": "1",
        "casualty_distance_banding": "1",
        "casualty_imd_decile": "6",
        "casualty_injury_based": "1",
        "casualty_reference": 1,
        "casualty_severity": "3",
        "casualty_type": "9",
        "collision_index": "2025131658882",
        "collision_ref_no": "131658882",
        "collision_year": 2025,
        "enhanced_casualty_severity": "3",
        "lsoa_of_casualty": "E01010909",
        "pedestrian_location": "0",
        "pedestrian_movement": "0",
        "pedestrian_road_maintenance_worker": "0",
        "sex_of_casualty": "2",
        "vehicle_reference": 2,
        "geometry_source": "inherited_from_linked_collision",
        "source_year": 2025
      }
    },
    {
      "type": "Feature",
      "id": "2025131551437:1",
      "geometry": {
        "type": "Point",
        "coordinates": [
          -1.91007,
          53.70723
        ]
      },
      "properties": {
        "age_band_of_casualty": "7",
        "age_of_casualty": 37,
        "bus_or_coach_passenger": "0",
        "car_passenger": "0",
        "casualty_adjusted_severity_serious": "0",
        "casualty_adjusted_severity_slight": "1",
        "casualty_class": "3",
        "casualty_distance_banding": "1",
        "casualty_imd_decile": "7",
        "casualty_injury_based": "1",
        "casualty_reference": 1,
        "casualty_severity": "3",
        "casualty_type": "0",
        "collision_index": "2025131551437",
        "collision_ref_no": "131551437",
        "collision_year": 2025,
        "enhanced_casualty_severity": "3",
        "lsoa_of_casualty": "E01010976",
        "pedestrian_location": "5",
        "pedestrian_movement": "1",
        "pedestrian_road_maintenance_worker": "-1",
        "sex_of_casualty": "1",
        "vehicle_reference": 1,
        "geometry_source": "inherited_from_linked_collision",
        "source_year": 2025
      }
    },
    {
      "type": "Feature",
      "id": "2025131634354:1",
      "geometry": {
        "type": "Point",
        "coordinates": [
          -1.86468,
          53.7214
        ]
      },
      "properties": {
        "age_band_of_casualty": "5",
        "age_of_casualty": 23,
        "bus_or_coach_passenger": "0",
        "car_passenger": "0",
        "casualty_adjusted_severity_serious": "0",
        "casualty_adjusted_severity_slight": "1",
        "casualty_class": "3",
        "casualty_distance_banding": "2",
        "casualty_imd_decile": "6",
        "casualty_injury_based": "1",
        "casualty_reference": 1,
        "casualty_severity": "3",
        "casualty_type": "0",
        "collision_index": "2025131634354",
        "collision_ref_no": "131634354",
        "collision_year": 2025,
        "enhanced_casualty_severity": "3",
        "lsoa_of_casualty": "E01010920",
        "pedestrian_location": "8",
        "pedestrian_movement": "7",
        "pedestrian_road_maintenance_worker": "-1",
        "sex_of_casualty": "2",
        "vehicle_reference": 1,
        "geometry_source": "inherited_from_linked_collision",
        "source_year": 2025
      }
    },
    {
      "type": "Feature",
      "id": "2025131669797:1",
      "geometry": {
        "type": "Point",
        "coordinates": [
          -1.87908,
          53.71923
        ]
      },
      "properties": {
        "age_band_of_casualty": "10",
        "age_of_casualty": 74,
        "bus_or_coach_passenger": "0",
        "car_passenger": "0",
        "casualty_adjusted_severity_serious": "0",
        "casualty_adjusted_severity_slight": "1",
        "casualty_class": "3",
        "casualty_distance_banding": "1",
        "casualty_imd_decile": "1",
        "casualty_injury_based": "1",
        "casualty_reference": 1,
        "casualty_severity": "3",
        "casualty_type": "0",
        "collision_index": "2025131669797",
        "collision_ref_no": "131669797",
        "collision_year": 2025,
        "enhanced_casualty_severity": "3",
        "lsoa_of_casualty": "E01010996",
        "pedestrian_location": "8",
        "pedestrian_movement": "1",
        "pedestrian_road_maintenance_worker": "-1",
        "sex_of_casualty": "1",
        "vehicle_reference": 1,
        "geometry_source": "inherited_from_linked_collision",
        "source_year": 2025
      }
    },
    {
      "type": "Feature",
      "id": "2025131578031:1",
      "geometry": {
        "type": "Point",
        "coordinates": [
          -1.89728,
          53.74346
        ]
      },
      "properties": {
        "age_band_of_casualty": "1",
        "age_of_casualty": 0,
        "bus_or_coach_passenger": "0",
        "car_passenger": "0",
        "casualty_adjusted_severity_serious": "0",
        "casualty_adjusted_severity_slight": "0",
        "casualty_class": "3",
        "casualty_distance_banding": "-1",
        "casualty_imd_decile": "-1",
        "casualty_injury_based": "1",
        "casualty_reference": 1,
        "casualty_severity": "1",
        "casualty_type": "0",
        "collision_index": "2025131578031",
        "collision_ref_no": "131578031",
        "collision_year": 2025,
        "enhanced_casualty_severity": "1",
        "lsoa_of_casualty": "-1",
        "pedestrian_location": "10",
        "pedestrian_movement": "9",
        "pedestrian_road_maintenance_worker": "-1",
        "sex_of_casualty": "2",
        "vehicle_reference": 1,
        "geometry_source": "inherited_from_linked_collision",
        "source_year": 2025
      }
    },
    {
      "type": "Feature",
      "id": "2025131602782:1",
      "geometry": {
        "type": "Point",
        "coordinates": [
          -1.88302,
          53.71405
        ]
      },
      "properties": {
        "age_band_of_casualty": "8",
        "age_of_casualty": 49,
        "bus_or_coach_passenger": "0",
        "car_passenger": "0",
        "casualty_adjusted_severity_serious": "0",
        "casualty_adjusted_severity_slight": "1",
        "casualty_class": "1",
        "casualty_distance_banding": "1",
        "casualty_imd_decile": "3",
        "casualty_injury_based": "1",
        "casualty_reference": 1,
        "casualty_severity": "3",
        "casualty_type": "9",
        "collision_index": "2025131602782",
        "collision_ref_no": "131602782",
        "collision_year": 2025,
        "enhanced_casualty_severity": "3",
        "lsoa_of_casualty": "E01010981",
        "pedestrian_location": "0",
        "pedestrian_movement": "0",
        "pedestrian_road_maintenance_worker": "0",
        "sex_of_casualty": "1",
        "vehicle_reference": 2,
        "geometry_source": "inherited_from_linked_collision",
        "source_year": 2025
      }
    },
    {
      "type": "Feature",
      "id": "2025131616485:3",
      "geometry": {
        "type": "Point",
        "coordinates": [
          -1.8959,
          53.70931
        ]
      },
      "properties": {
        "age_band_of_casualty": "6",
        "age_of_casualty": 29,
        "bus_or_coach_passenger": "0",
        "car_passenger": "0",
        "casualty_adjusted_severity_serious": "0",
        "casualty_adjusted_severity_slight": "1",
        "casualty_class": "1",
        "casualty_distance_banding": "2",
        "casualty_imd_decile": "6",
        "casualty_injury_based": "1",
        "casualty_reference": 3,
        "casualty_severity": "3",
        "casualty_type": "9",
        "collision_index": "2025131616485",
        "collision_ref_no": "131616485",
        "collision_year": 2025,
        "enhanced_casualty_severity": "3",
        "lsoa_of_casualty": "E01010908",
        "pedestrian_location": "0",
        "pedestrian_movement": "0",
        "pedestrian_road_maintenance_worker": "0",
        "sex_of_casualty": "2",
        "vehicle_reference": 2,
        "geometry_source": "inherited_from_linked_collision",
        "source_year": 2025
      }
    },
    {
      "type": "Feature",
      "id": "2025131641580:1",
      "geometry": {
        "type": "Point",
        "coordinates": [
          -1.85723,
          53.69883
        ]
      },
      "properties": {
        "age_band_of_casualty": "4",
        "age_of_casualty": 18,
        "bus_or_coach_passenger": "0",
        "car_passenger": "0",
        "casualty_adjusted_severity_serious": "0",
        "casualty_adjusted_severity_slight": "1",
        "casualty_class": "1",
        "casualty_distance_banding": "1",
        "casualty_imd_decile": "4",
        "casualty_injury_based": "1",
        "casualty_reference": 1,
        "casualty_severity": "3",
        "casualty_type": "9",
        "collision_index": "2025131641580",
        "collision_ref_no": "131641580",
        "collision_year": 2025,
        "enhanced_casualty_severity": "3",
        "lsoa_of_casualty": "E01010893",
        "pedestrian_location": "0",
        "pedestrian_movement": "0",
        "pedestrian_road_maintenance_worker": "0",
        "sex_of_casualty": "1",
        "vehicle_reference": 1,
        "geometry_source": "inherited_from_linked_collision",
        "source_year": 2025
      }
    },
    {
      "type": "Feature",
      "id": "2025131668725:1",
      "geometry": {
        "type": "Point",
        "coordinates": [
          -1.85496,
          53.69846
        ]
      },
      "properties": {
        "age_band_of_casualty": "11",
        "age_of_casualty": 85,
        "bus_or_coach_passenger": "0",
        "car_passenger": "0",
        "casualty_adjusted_severity_serious": "0",
        "casualty_adjusted_severity_slight": "1",
        "casualty_class": "1",
        "casualty_distance_banding": "2",
        "casualty_imd_decile": "6",
        "casualty_injury_based": "1",
        "casualty_reference": 1,
        "casualty_severity": "3",
        "casualty_type": "9",
        "collision_index": "2025131668725",
        "collision_ref_no": "131668725",
        "collision_year": 2025,
        "enhanced_casualty_severity": "3",
        "lsoa_of_casualty": "E01010933",
        "pedestrian_location": "0",
        "pedestrian_movement": "0",
        "pedestrian_road_maintenance_worker": "0",
        "sex_of_casualty": "2",
        "vehicle_reference": 1,
        "geometry_source": "inherited_from_linked_collision",
        "source_year": 2025
      }
    },
    {
      "type": "Feature",
      "id": "2025131589015:1",
      "geometry": {
        "type": "Point",
        "coordinates": [
          -1.88268,
          53.71381
        ]
      },
      "properties": {
        "age_band_of_casualty": "7",
        "age_of_casualty": 45,
        "bus_or_coach_passenger": "0",
        "car_passenger": "0",
        "casualty_adjusted_severity_serious": "0",
        "casualty_adjusted_severity_slight": "1",
        "casualty_class": "2",
        "casualty_distance_banding": "1",
        "casualty_imd_decile": "2",
        "casualty_injury_based": "1",
        "casualty_reference": 1,
        "casualty_severity": "3",
        "casualty_type": "9",
        "collision_index": "2025131589015",
        "collision_ref_no": "131589015",
        "collision_year": 2025,
        "enhanced_casualty_severity": "3",
        "lsoa_of_casualty": "E01010974",
        "pedestrian_location": "0",
        "pedestrian_movement": "0",
        "pedestrian_road_maintenance_worker": "0",
        "sex_of_casualty": "2",
        "vehicle_reference": 1,
        "geometry_source": "inherited_from_linked_collision",
        "source_year": 2025
      }
    },
    {
      "type": "Feature",
      "id": "2025131619179:2",
      "geometry": {
        "type": "Point",
        "coordinates": [
          -1.74309,
          53.70292
        ]
      },
      "properties": {
        "age_band_of_casualty": "7",
        "age_of_casualty": 45,
        "bus_or_coach_passenger": "0",
        "car_passenger": "2",
        "casualty_adjusted_severity_serious": "0",
        "casualty_adjusted_severity_slight": "1",
        "casualty_class": "2",
        "casualty_distance_banding": "4",
        "casualty_imd_decile": "1",
        "casualty_injury_based": "1",
        "casualty_reference": 2,
        "casualty_severity": "3",
        "casualty_type": "9",
        "collision_index": "2025131619179",
        "collision_ref_no": "131619179",
        "collision_year": 2025,
        "enhanced_casualty_severity": "3",
        "lsoa_of_casualty": "E01012595",
        "pedestrian_location": "0",
        "pedestrian_movement": "0",
        "pedestrian_road_maintenance_worker": "0",
        "sex_of_casualty": "2",
        "vehicle_reference": 1,
        "geometry_source": "inherited_from_linked_collision",
        "source_year": 2025
      }
    },
    {
      "type": "Feature",
      "id": "2025131644800:1",
      "geometry": {
        "type": "Point",
        "coordinates": [
          -1.87426,
          53.72469
        ]
      },
      "properties": {
        "age_band_of_casualty": "7",
        "age_of_casualty": 41,
        "bus_or_coach_passenger": "0",
        "car_passenger": "0",
        "casualty_adjusted_severity_serious": "0",
        "casualty_adjusted_severity_slight": "1",
        "casualty_class": "1",
        "casualty_distance_banding": "1",
        "casualty_imd_decile": "3",
        "casualty_injury_based": "1",
        "casualty_reference": 1,
        "casualty_severity": "3",
        "casualty_type": "9",
        "collision_index": "2025131644800",
        "collision_ref_no": "131644800",
        "collision_year": 2025,
        "enhanced_casualty_severity": "3",
        "lsoa_of_casualty": "E01010998",
        "pedestrian_location": "0",
        "pedestrian_movement": "0",
        "pedestrian_road_maintenance_worker": "0",
        "sex_of_casualty": "2",
        "vehicle_reference": 1,
        "geometry_source": "inherited_from_linked_collision",
        "source_year": 2025
      }
    },
    {
      "type": "Feature",
      "id": "2025131539427:1",
      "geometry": {
        "type": "Point",
        "coordinates": [
          -1.82034,
          53.67466
        ]
      },
      "properties": {
        "age_band_of_casualty": "4",
        "age_of_casualty": 20,
        "bus_or_coach_passenger": "0",
        "car_passenger": "0",
        "casualty_adjusted_severity_serious": "0",
        "casualty_adjusted_severity_slight": "1",
        "casualty_class": "1",
        "casualty_distance_banding": "3",
        "casualty_imd_decile": "4",
        "casualty_injury_based": "1",
        "casualty_reference": 1,
        "casualty_severity": "3",
        "casualty_type": "9",
        "collision_index": "2025131539427",
        "collision_ref_no": "131539427",
        "collision_year": 2025,
        "enhanced_casualty_severity": "3",
        "lsoa_of_casualty": "E01011165",
        "pedestrian_location": "0",
        "pedestrian_movement": "0",
        "pedestrian_road_maintenance_worker": "0",
        "sex_of_casualty": "2",
        "vehicle_reference": 1,
        "geometry_source": "inherited_from_linked_collision",
        "source_year": 2025
      }
    },
    {
      "type": "Feature",
      "id": "2025131539427:2",
      "geometry": {
        "type": "Point",
        "coordinates": [
          -1.82034,
          53.67466
        ]
      },
      "properties": {
        "age_band_of_casualty": "5",
        "age_of_casualty": 21,
        "bus_or_coach_passenger": "0",
        "car_passenger": "2",
        "casualty_adjusted_severity_serious": "0",
        "casualty_adjusted_severity_slight": "1",
        "casualty_class": "2",
        "casualty_distance_banding": "1",
        "casualty_imd_decile": "2",
        "casualty_injury_based": "1",
        "casualty_reference": 2,
        "casualty_severity": "3",
        "casualty_type": "9",
        "collision_index": "2025131539427",
        "collision_ref_no": "131539427",
        "collision_year": 2025,
        "enhanced_casualty_severity": "3",
        "lsoa_of_casualty": "E01011232",
        "pedestrian_location": "0",
        "pedestrian_movement": "0",
        "pedestrian_road_maintenance_worker": "0",
        "sex_of_casualty": "2",
        "vehicle_reference": 1,
        "geometry_source": "inherited_from_linked_collision",
        "source_year": 2025
      }
    },
    {
      "type": "Feature",
      "id": "2025131644778:2",
      "geometry": {
        "type": "Point",
        "coordinates": [
          -1.7871,
          53.71123
        ]
      },
      "properties": {
        "age_band_of_casualty": "11",
        "age_of_casualty": 80,
        "bus_or_coach_passenger": "0",
        "car_passenger": "0",
        "casualty_adjusted_severity_serious": "0",
        "casualty_adjusted_severity_slight": "1",
        "casualty_class": "1",
        "casualty_distance_banding": "1",
        "casualty_imd_decile": "7",
        "casualty_injury_based": "1",
        "casualty_reference": 2,
        "casualty_severity": "3",
        "casualty_type": "9",
        "collision_index": "2025131644778",
        "collision_ref_no": "131644778",
        "collision_year": 2025,
        "enhanced_casualty_severity": "3",
        "lsoa_of_casualty": "E01010876",
        "pedestrian_location": "0",
        "pedestrian_movement": "0",
        "pedestrian_road_maintenance_worker": "0",
        "sex_of_casualty": "1",
        "vehicle_reference": 1,
        "geometry_source": "inherited_from_linked_collision",
        "source_year": 2025
      }
    },
    {
      "type": "Feature",
      "id": "2025131627268:1",
      "geometry": {
        "type": "Point",
        "coordinates": [
          -2.13897,
          53.71066
        ]
      },
      "properties": {
        "age_band_of_casualty": "6",
        "age_of_casualty": 27,
        "bus_or_coach_passenger": "0",
        "car_passenger": "0",
        "casualty_adjusted_severity_serious": "0",
        "casualty_adjusted_severity_slight": "1",
        "casualty_class": "1",
        "casualty_distance_banding": "3",
        "casualty_imd_decile": "3",
        "casualty_injury_based": "1",
        "casualty_reference": 1,
        "casualty_severity": "3",
        "casualty_type": "5",
        "collision_index": "2025131627268",
        "collision_ref_no": "131627268",
        "collision_year": 2025,
        "enhanced_casualty_severity": "3",
        "lsoa_of_casualty": "E01025398",
        "pedestrian_location": "0",
        "pedestrian_movement": "0",
        "pedestrian_road_maintenance_worker": "0",
        "sex_of_casualty": "1",
        "vehicle_reference": 1,
        "geometry_source": "inherited_from_linked_collision",
        "source_year": 2025
      }
    },
    {
      "type": "Feature",
      "id": "2025131567250:1",
      "geometry": {
        "type": "Point",
        "coordinates": [
          -2.10928,
          53.72047
        ]
      },
      "properties": {
        "age_band_of_casualty": "3",
        "age_of_casualty": 12,
        "bus_or_coach_passenger": "0",
        "car_passenger": "0",
        "casualty_adjusted_severity_serious": "0",
        "casualty_adjusted_severity_slight": "1",
        "casualty_class": "3",
        "casualty_distance_banding": "-1",
        "casualty_imd_decile": "-1",
        "casualty_injury_based": "1",
        "casualty_reference": 1,
        "casualty_severity": "3",
        "casualty_type": "0",
        "collision_index": "2025131567250",
        "collision_ref_no": "131567250",
        "collision_year": 2025,
        "enhanced_casualty_severity": "3",
        "lsoa_of_casualty": "-1",
        "pedestrian_location": "5",
        "pedestrian_movement": "3",
        "pedestrian_road_maintenance_worker": "-1",
        "sex_of_casualty": "2",
        "vehicle_reference": 1,
        "geometry_source": "inherited_from_linked_collision",
        "source_year": 2025
      }
    },
    {
      "type": "Feature",
      "id": "2025131625387:1",
      "geometry": {
        "type": "Point",
        "coordinates": [
          -1.90106,
          53.74566
        ]
      },
      "properties": {
        "age_band_of_casualty": "7",
        "age_of_casualty": 39,
        "bus_or_coach_passenger": "0",
        "car_passenger": "0",
        "casualty_adjusted_severity_serious": "0",
        "casualty_adjusted_severity_slight": "1",
        "casualty_class": "3",
        "casualty_distance_banding": "1",
        "casualty_imd_decile": "1",
        "casualty_injury_based": "1",
        "casualty_reference": 1,
        "casualty_severity": "3",
        "casualty_type": "0",
        "collision_index": "2025131625387",
        "collision_ref_no": "131625387",
        "collision_year": 2025,
        "enhanced_casualty_severity": "3",
        "lsoa_of_casualty": "E01010924",
        "pedestrian_location": "10",
        "pedestrian_movement": "9",
        "pedestrian_road_maintenance_worker": "-1",
        "sex_of_casualty": "2",
        "vehicle_reference": 1,
        "geometry_source": "inherited_from_linked_collision",
        "source_year": 2025
      }
    },
    {
      "type": "Feature",
      "id": "2025131581557:2",
      "geometry": {
        "type": "Point",
        "coordinates": [
          -1.89593,
          53.71505
        ]
      },
      "properties": {
        "age_band_of_casualty": "7",
        "age_of_casualty": 38,
        "bus_or_coach_passenger": "0",
        "car_passenger": "0",
        "casualty_adjusted_severity_serious": "0",
        "casualty_adjusted_severity_slight": "1",
        "casualty_class": "1",
        "casualty_distance_banding": "1",
        "casualty_imd_decile": "1",
        "casualty_injury_based": "1",
        "casualty_reference": 2,
        "casualty_severity": "3",
        "casualty_type": "9",
        "collision_index": "2025131581557",
        "collision_ref_no": "131581557",
        "collision_year": 2025,
        "enhanced_casualty_severity": "3",
        "lsoa_of_casualty": "E01010926",
        "pedestrian_location": "0",
        "pedestrian_movement": "0",
        "pedestrian_road_maintenance_worker": "0",
        "sex_of_casualty": "2",
        "vehicle_reference": 1,
        "geometry_source": "inherited_from_linked_collision",
        "source_year": 2025
      }
    },
    {
      "type": "Feature",
      "id": "2025131667438:2",
      "geometry": {
        "type": "Point",
        "coordinates": [
          -1.89598,
          53.77537
        ]
      },
      "properties": {
        "age_band_of_casualty": "4",
        "age_of_casualty": 17,
        "bus_or_coach_passenger": "0",
        "car_passenger": "2",
        "casualty_adjusted_severity_serious": "0",
        "casualty_adjusted_severity_slight": "1",
        "casualty_class": "2",
        "casualty_distance_banding": "4",
        "casualty_imd_decile": "4",
        "casualty_injury_based": "1",
        "casualty_reference": 2,
        "casualty_severity": "3",
        "casualty_type": "9",
        "collision_index": "2025131667438",
        "collision_ref_no": "131667438",
        "collision_year": 2025,
        "enhanced_casualty_severity": "3",
        "lsoa_of_casualty": "E01034956",
        "pedestrian_location": "0",
        "pedestrian_movement": "0",
        "pedestrian_road_maintenance_worker": "0",
        "sex_of_casualty": "2",
        "vehicle_reference": 2,
        "geometry_source": "inherited_from_linked_collision",
        "source_year": 2025
      }
    },
    {
      "type": "Feature",
      "id": "2025131551790:1",
      "geometry": {
        "type": "Point",
        "coordinates": [
          -1.83189,
          53.71041
        ]
      },
      "properties": {
        "age_band_of_casualty": "7",
        "age_of_casualty": 42,
        "bus_or_coach_passenger": "0",
        "car_passenger": "0",
        "casualty_adjusted_severity_serious": "0",
        "casualty_adjusted_severity_slight": "1",
        "casualty_class": "3",
        "casualty_distance_banding": "1",
        "casualty_imd_decile": "5",
        "casualty_injury_based": "1",
        "casualty_reference": 1,
        "casualty_severity": "3",
        "casualty_type": "0",
        "collision_index": "2025131551790",
        "collision_ref_no": "131551790",
        "collision_year": 2025,
        "enhanced_casualty_severity": "3",
        "lsoa_of_casualty": "E01010990",
        "pedestrian_location": "6",
        "pedestrian_movement": "9",
        "pedestrian_road_maintenance_worker": "-1",
        "sex_of_casualty": "2",
        "vehicle_reference": 1,
        "geometry_source": "inherited_from_linked_collision",
        "source_year": 2025
      }
    },
    {
      "type": "Feature",
      "id": "2025131576945:2",
      "geometry": {
        "type": "Point",
        "coordinates": [
          -1.85913,
          53.71351
        ]
      },
      "properties": {
        "age_band_of_casualty": "8",
        "age_of_casualty": 54,
        "bus_or_coach_passenger": "0",
        "car_passenger": "0",
        "casualty_adjusted_severity_serious": "0",
        "casualty_adjusted_severity_slight": "1",
        "casualty_class": "1",
        "casualty_distance_banding": "1",
        "casualty_imd_decile": "7",
        "casualty_injury_based": "1",
        "casualty_reference": 2,
        "casualty_severity": "3",
        "casualty_type": "9",
        "collision_index": "2025131576945",
        "collision_ref_no": "131576945",
        "collision_year": 2025,
        "enhanced_casualty_severity": "3",
        "lsoa_of_casualty": "E01010901",
        "pedestrian_location": "0",
        "pedestrian_movement": "0",
        "pedestrian_road_maintenance_worker": "0",
        "sex_of_casualty": "1",
        "vehicle_reference": 2,
        "geometry_source": "inherited_from_linked_collision",
        "source_year": 2025
      }
    },
    {
      "type": "Feature",
      "id": "2025131639361:1",
      "geometry": {
        "type": "Point",
        "coordinates": [
          -1.83502,
          53.67197
        ]
      },
      "properties": {
        "age_band_of_casualty": "4",
        "age_of_casualty": 18,
        "bus_or_coach_passenger": "0",
        "car_passenger": "2",
        "casualty_adjusted_severity_serious": "0",
        "casualty_adjusted_severity_slight": "1",
        "casualty_class": "2",
        "casualty_distance_banding": "4",
        "casualty_imd_decile": "5",
        "casualty_injury_based": "1",
        "casualty_reference": 1,
        "casualty_severity": "3",
        "casualty_type": "9",
        "collision_index": "2025131639361",
        "collision_ref_no": "131639361",
        "collision_year": 2025,
        "enhanced_casualty_severity": "3",
        "lsoa_of_casualty": "E01005420",
        "pedestrian_location": "0",
        "pedestrian_movement": "0",
        "pedestrian_road_maintenance_worker": "0",
        "sex_of_casualty": "1",
        "vehicle_reference": 1,
        "geometry_source": "inherited_from_linked_collision",
        "source_year": 2025
      }
    },
    {
      "type": "Feature",
      "id": "2025131559153:1",
      "geometry": {
        "type": "Point",
        "coordinates": [
          -1.8355,
          53.68048
        ]
      },
      "properties": {
        "age_band_of_casualty": "9",
        "age_of_casualty": 63,
        "bus_or_coach_passenger": "0",
        "car_passenger": "0",
        "casualty_adjusted_severity_serious": "1",
        "casualty_adjusted_severity_slight": "0",
        "casualty_class": "3",
        "casualty_distance_banding": "1",
        "casualty_imd_decile": "7",
        "casualty_injury_based": "1",
        "casualty_reference": 1,
        "casualty_severity": "2",
        "casualty_type": "0",
        "collision_index": "2025131559153",
        "collision_ref_no": "131559153",
        "collision_year": 2025,
        "enhanced_casualty_severity": "7",
        "lsoa_of_casualty": "E01010901",
        "pedestrian_location": "10",
        "pedestrian_movement": "9",
        "pedestrian_road_maintenance_worker": "-1",
        "sex_of_casualty": "2",
        "vehicle_reference": 1,
        "geometry_source": "inherited_from_linked_collision",
        "source_year": 2025
      }
    },
    {
      "type": "Feature",
      "id": "2025131659034:1",
      "geometry": {
        "type": "Point",
        "coordinates": [
          -1.77944,
          53.70326
        ]
      },
      "properties": {
        "age_band_of_casualty": "1",
        "age_of_casualty": 3,
        "bus_or_coach_passenger": "0",
        "car_passenger": "0",
        "casualty_adjusted_severity_serious": "0",
        "casualty_adjusted_severity_slight": "1",
        "casualty_class": "3",
        "casualty_distance_banding": "1",
        "casualty_imd_decile": "3",
        "casualty_injury_based": "1",
        "casualty_reference": 1,
        "casualty_severity": "3",
        "casualty_type": "0",
        "collision_index": "2025131659034",
        "collision_ref_no": "131659034",
        "collision_year": 2025,
        "enhanced_casualty_severity": "3",
        "lsoa_of_casualty": "E01010949",
        "pedestrian_location": "-1",
        "pedestrian_movement": "-1",
        "pedestrian_road_maintenance_worker": "-1",
        "sex_of_casualty": "1",
        "vehicle_reference": 1,
        "geometry_source": "inherited_from_linked_collision",
        "source_year": 2025
      }
    },
    {
      "type": "Feature",
      "id": "2025131558014:1",
      "geometry": {
        "type": "Point",
        "coordinates": [
          -1.82816,
          53.75042
        ]
      },
      "properties": {
        "age_band_of_casualty": "7",
        "age_of_casualty": 36,
        "bus_or_coach_passenger": "0",
        "car_passenger": "0",
        "casualty_adjusted_severity_serious": "0",
        "casualty_adjusted_severity_slight": "1",
        "casualty_class": "1",
        "casualty_distance_banding": "1",
        "casualty_imd_decile": "4",
        "casualty_injury_based": "1",
        "casualty_reference": 1,
        "casualty_severity": "3",
        "casualty_type": "9",
        "collision_index": "2025131558014",
        "collision_ref_no": "131558014",
        "collision_year": 2025,
        "enhanced_casualty_severity": "3",
        "lsoa_of_casualty": "E01010756",
        "pedestrian_location": "0",
        "pedestrian_movement": "0",
        "pedestrian_road_maintenance_worker": "0",
        "sex_of_casualty": "2",
        "vehicle_reference": 3,
        "geometry_source": "inherited_from_linked_collision",
        "source_year": 2025
      }
    },
    {
      "type": "Feature",
      "id": "2025131609692:1",
      "geometry": {
        "type": "Point",
        "coordinates": [
          -1.87535,
          53.72711
        ]
      },
      "properties": {
        "age_band_of_casualty": "6",
        "age_of_casualty": 32,
        "bus_or_coach_passenger": "0",
        "car_passenger": "0",
        "casualty_adjusted_severity_serious": "0",
        "casualty_adjusted_severity_slight": "1",
        "casualty_class": "1",
        "casualty_distance_banding": "1",
        "casualty_imd_decile": "6",
        "casualty_injury_based": "1",
        "casualty_reference": 1,
        "casualty_severity": "3",
        "casualty_type": "1",
        "collision_index": "2025131609692",
        "collision_ref_no": "131609692",
        "collision_year": 2025,
        "enhanced_casualty_severity": "3",
        "lsoa_of_casualty": "E01010927",
        "pedestrian_location": "0",
        "pedestrian_movement": "0",
        "pedestrian_road_maintenance_worker": "0",
        "sex_of_casualty": "1",
        "vehicle_reference": 1,
        "geometry_source": "inherited_from_linked_collision",
        "source_year": 2025
      }
    },
    {
      "type": "Feature",
      "id": "2025131665032:1",
      "geometry": {
        "type": "Point",
        "coordinates": [
          -1.87499,
          53.72022
        ]
      },
      "properties": {
        "age_band_of_casualty": "7",
        "age_of_casualty": 40,
        "bus_or_coach_passenger": "0",
        "car_passenger": "0",
        "casualty_adjusted_severity_serious": "0",
        "casualty_adjusted_severity_slight": "1",
        "casualty_class": "3",
        "casualty_distance_banding": "1",
        "casualty_imd_decile": "1",
        "casualty_injury_based": "1",
        "casualty_reference": 1,
        "casualty_severity": "3",
        "casualty_type": "0",
        "collision_index": "2025131665032",
        "collision_ref_no": "131665032",
        "collision_year": 2025,
        "enhanced_casualty_severity": "3",
        "lsoa_of_casualty": "E01010960",
        "pedestrian_location": "10",
        "pedestrian_movement": "9",
        "pedestrian_road_maintenance_worker": "-1",
        "sex_of_casualty": "1",
        "vehicle_reference": 1,
        "geometry_source": "inherited_from_linked_collision",
        "source_year": 2025
      }
    },
    {
      "type": "Feature",
      "id": "2025131547008:1",
      "geometry": {
        "type": "Point",
        "coordinates": [
          -1.98432,
          53.73147
        ]
      },
      "properties": {
        "age_band_of_casualty": "4",
        "age_of_casualty": 20,
        "bus_or_coach_passenger": "0",
        "car_passenger": "0",
        "casualty_adjusted_severity_serious": "0",
        "casualty_adjusted_severity_slight": "1",
        "casualty_class": "3",
        "casualty_distance_banding": "1",
        "casualty_imd_decile": "7",
        "casualty_injury_based": "1",
        "casualty_reference": 1,
        "casualty_severity": "3",
        "casualty_type": "0",
        "collision_index": "2025131547008",
        "collision_ref_no": "131547008",
        "collision_year": 2025,
        "enhanced_casualty_severity": "3",
        "lsoa_of_casualty": "E01010917",
        "pedestrian_location": "5",
        "pedestrian_movement": "3",
        "pedestrian_road_maintenance_worker": "-1",
        "sex_of_casualty": "2",
        "vehicle_reference": 1,
        "geometry_source": "inherited_from_linked_collision",
        "source_year": 2025
      }
    },
    {
      "type": "Feature",
      "id": "2025131616485:1",
      "geometry": {
        "type": "Point",
        "coordinates": [
          -1.8959,
          53.70931
        ]
      },
      "properties": {
        "age_band_of_casualty": "7",
        "age_of_casualty": 41,
        "bus_or_coach_passenger": "0",
        "car_passenger": "0",
        "casualty_adjusted_severity_serious": "0",
        "casualty_adjusted_severity_slight": "1",
        "casualty_class": "1",
        "casualty_distance_banding": "1",
        "casualty_imd_decile": "3",
        "casualty_injury_based": "1",
        "casualty_reference": 1,
        "casualty_severity": "3",
        "casualty_type": "9",
        "collision_index": "2025131616485",
        "collision_ref_no": "131616485",
        "collision_year": 2025,
        "enhanced_casualty_severity": "3",
        "lsoa_of_casualty": "E01010981",
        "pedestrian_location": "0",
        "pedestrian_movement": "0",
        "pedestrian_road_maintenance_worker": "0",
        "sex_of_casualty": "2",
        "vehicle_reference": 3,
        "geometry_source": "inherited_from_linked_collision",
        "source_year": 2025
      }
    },
    {
      "type": "Feature",
      "id": "2025131621711:1",
      "geometry": {
        "type": "Point",
        "coordinates": [
          -2.00636,
          53.73826
        ]
      },
      "properties": {
        "age_band_of_casualty": "8",
        "age_of_casualty": 49,
        "bus_or_coach_passenger": "0",
        "car_passenger": "0",
        "casualty_adjusted_severity_serious": "1",
        "casualty_adjusted_severity_slight": "0",
        "casualty_class": "1",
        "casualty_distance_banding": "1",
        "casualty_imd_decile": "6",
        "casualty_injury_based": "1",
        "casualty_reference": 1,
        "casualty_severity": "2",
        "casualty_type": "9",
        "collision_index": "2025131621711",
        "collision_ref_no": "131621711",
        "collision_year": 2025,
        "enhanced_casualty_severity": "5",
        "lsoa_of_casualty": "E01010918",
        "pedestrian_location": "0",
        "pedestrian_movement": "0",
        "pedestrian_road_maintenance_worker": "0",
        "sex_of_casualty": "1",
        "vehicle_reference": 1,
        "geometry_source": "inherited_from_linked_collision",
        "source_year": 2025
      }
    },
    {
      "type": "Feature",
      "id": "2025131545560:1",
      "geometry": {
        "type": "Point",
        "coordinates": [
          -1.88017,
          53.74285
        ]
      },
      "properties": {
        "age_band_of_casualty": "7",
        "age_of_casualty": 36,
        "bus_or_coach_passenger": "0",
        "car_passenger": "0",
        "casualty_adjusted_severity_serious": "1",
        "casualty_adjusted_severity_slight": "0",
        "casualty_class": "3",
        "casualty_distance_banding": "1",
        "casualty_imd_decile": "1",
        "casualty_injury_based": "1",
        "casualty_reference": 1,
        "casualty_severity": "2",
        "casualty_type": "0",
        "collision_index": "2025131545560",
        "collision_ref_no": "131545560",
        "collision_year": 2025,
        "enhanced_casualty_severity": "7",
        "lsoa_of_casualty": "E01010943",
        "pedestrian_location": "8",
        "pedestrian_movement": "7",
        "pedestrian_road_maintenance_worker": "-1",
        "sex_of_casualty": "2",
        "vehicle_reference": 1,
        "geometry_source": "inherited_from_linked_collision",
        "source_year": 2025
      }
    },
    {
      "type": "Feature",
      "id": "2025131578512:1",
      "geometry": {
        "type": "Point",
        "coordinates": [
          -1.87276,
          53.71473
        ]
      },
      "properties": {
        "age_band_of_casualty": "4",
        "age_of_casualty": 19,
        "bus_or_coach_passenger": "0",
        "car_passenger": "0",
        "casualty_adjusted_severity_serious": "0",
        "casualty_adjusted_severity_slight": "1",
        "casualty_class": "3",
        "casualty_distance_banding": "1",
        "casualty_imd_decile": "2",
        "casualty_injury_based": "1",
        "casualty_reference": 1,
        "casualty_severity": "3",
        "casualty_type": "0",
        "collision_index": "2025131578512",
        "collision_ref_no": "131578512",
        "collision_year": 2025,
        "enhanced_casualty_severity": "3",
        "lsoa_of_casualty": "E01010974",
        "pedestrian_location": "9",
        "pedestrian_movement": "8",
        "pedestrian_road_maintenance_worker": "-1",
        "sex_of_casualty": "1",
        "vehicle_reference": 1,
        "geometry_source": "inherited_from_linked_collision",
        "source_year": 2025
      }
    },
    {
      "type": "Feature",
      "id": "2025131643403:1",
      "geometry": {
        "type": "Point",
        "coordinates": [
          -2.09866,
          53.71243
        ]
      },
      "properties": {
        "age_band_of_casualty": "7",
        "age_of_casualty": 45,
        "bus_or_coach_passenger": "0",
        "car_passenger": "0",
        "casualty_adjusted_severity_serious": "0",
        "casualty_adjusted_severity_slight": "1",
        "casualty_class": "3",
        "casualty_distance_banding": "3",
        "casualty_imd_decile": "7",
        "casualty_injury_based": "1",
        "casualty_reference": 1,
        "casualty_severity": "3",
        "casualty_type": "0",
        "collision_index": "2025131643403",
        "collision_ref_no": "131643403",
        "collision_year": 2025,
        "enhanced_casualty_severity": "3",
        "lsoa_of_casualty": "E01010977",
        "pedestrian_location": "6",
        "pedestrian_movement": "7",
        "pedestrian_road_maintenance_worker": "-1",
        "sex_of_casualty": "1",
        "vehicle_reference": 1,
        "geometry_source": "inherited_from_linked_collision",
        "source_year": 2025
      }
    },
    {
      "type": "Feature",
      "id": "2025131604142:1",
      "geometry": {
        "type": "Point",
        "coordinates": [
          -1.75177,
          53.69483
        ]
      },
      "properties": {
        "age_band_of_casualty": "7",
        "age_of_casualty": 40,
        "bus_or_coach_passenger": "0",
        "car_passenger": "0",
        "casualty_adjusted_severity_serious": "0",
        "casualty_adjusted_severity_slight": "1",
        "casualty_class": "1",
        "casualty_distance_banding": "4",
        "casualty_imd_decile": "8",
        "casualty_injury_based": "1",
        "casualty_reference": 1,
        "casualty_severity": "3",
        "casualty_type": "9",
        "collision_index": "2025131604142",
        "collision_ref_no": "131604142",
        "collision_year": 2025,
        "enhanced_casualty_severity": "3",
        "lsoa_of_casualty": "E01007691",
        "pedestrian_location": "0",
        "pedestrian_movement": "0",
        "pedestrian_road_maintenance_worker": "0",
        "sex_of_casualty": "1",
        "vehicle_reference": 2,
        "geometry_source": "inherited_from_linked_collision",
        "source_year": 2025
      }
    },
    {
      "type": "Feature",
      "id": "2025131612933:1",
      "geometry": {
        "type": "Point",
        "coordinates": [
          -1.91516,
          53.70666
        ]
      },
      "properties": {
        "age_band_of_casualty": "2",
        "age_of_casualty": 8,
        "bus_or_coach_passenger": "0",
        "car_passenger": "1",
        "casualty_adjusted_severity_serious": "0",
        "casualty_adjusted_severity_slight": "1",
        "casualty_class": "2",
        "casualty_distance_banding": "1",
        "casualty_imd_decile": "2",
        "casualty_injury_based": "1",
        "casualty_reference": 1,
        "casualty_severity": "3",
        "casualty_type": "9",
        "collision_index": "2025131612933",
        "collision_ref_no": "131612933",
        "collision_year": 2025,
        "enhanced_casualty_severity": "3",
        "lsoa_of_casualty": "E01010993",
        "pedestrian_location": "0",
        "pedestrian_movement": "0",
        "pedestrian_road_maintenance_worker": "0",
        "sex_of_casualty": "1",
        "vehicle_reference": 1,
        "geometry_source": "inherited_from_linked_collision",
        "source_year": 2025
      }
    },
    {
      "type": "Feature",
      "id": "2025131559606:1",
      "geometry": {
        "type": "Point",
        "coordinates": [
          -1.80947,
          53.67879
        ]
      },
      "properties": {
        "age_band_of_casualty": "8",
        "age_of_casualty": 49,
        "bus_or_coach_passenger": "0",
        "car_passenger": "0",
        "casualty_adjusted_severity_serious": "0",
        "casualty_adjusted_severity_slight": "1",
        "casualty_class": "1",
        "casualty_distance_banding": "4",
        "casualty_imd_decile": "1",
        "casualty_injury_based": "1",
        "casualty_reference": 1,
        "casualty_severity": "3",
        "casualty_type": "19",
        "collision_index": "2025131559606",
        "collision_ref_no": "131559606",
        "collision_year": 2025,
        "enhanced_casualty_severity": "3",
        "lsoa_of_casualty": "E01011349",
        "pedestrian_location": "0",
        "pedestrian_movement": "0",
        "pedestrian_road_maintenance_worker": "0",
        "sex_of_casualty": "1",
        "vehicle_reference": 1,
        "geometry_source": "inherited_from_linked_collision",
        "source_year": 2025
      }
    },
    {
      "type": "Feature",
      "id": "2025131570412:1",
      "geometry": {
        "type": "Point",
        "coordinates": [
          -2.02902,
          53.66006
        ]
      },
      "properties": {
        "age_band_of_casualty": "6",
        "age_of_casualty": 28,
        "bus_or_coach_passenger": "0",
        "car_passenger": "0",
        "casualty_adjusted_severity_serious": "1",
        "casualty_adjusted_severity_slight": "0",
        "casualty_class": "1",
        "casualty_distance_banding": "3",
        "casualty_imd_decile": "1",
        "casualty_injury_based": "1",
        "casualty_reference": 1,
        "casualty_severity": "2",
        "casualty_type": "5",
        "collision_index": "2025131570412",
        "collision_ref_no": "131570412",
        "collision_year": 2025,
        "enhanced_casualty_severity": "7",
        "lsoa_of_casualty": "E01005467",
        "pedestrian_location": "0",
        "pedestrian_movement": "0",
        "pedestrian_road_maintenance_worker": "0",
        "sex_of_casualty": "1",
        "vehicle_reference": 1,
        "geometry_source": "inherited_from_linked_collision",
        "source_year": 2025
      }
    },
    {
      "type": "Feature",
      "id": "2025131537758:2",
      "geometry": {
        "type": "Point",
        "coordinates": [
          -1.82491,
          53.69778
        ]
      },
      "properties": {
        "age_band_of_casualty": "6",
        "age_of_casualty": 28,
        "bus_or_coach_passenger": "0",
        "car_passenger": "1",
        "casualty_adjusted_severity_serious": "0",
        "casualty_adjusted_severity_slight": "1",
        "casualty_class": "2",
        "casualty_distance_banding": "1",
        "casualty_imd_decile": "3",
        "casualty_injury_based": "1",
        "casualty_reference": 2,
        "casualty_severity": "3",
        "casualty_type": "9",
        "collision_index": "2025131537758",
        "collision_ref_no": "131537758",
        "collision_year": 2025,
        "enhanced_casualty_severity": "3",
        "lsoa_of_casualty": "E01010949",
        "pedestrian_location": "0",
        "pedestrian_movement": "0",
        "pedestrian_road_maintenance_worker": "0",
        "sex_of_casualty": "2",
        "vehicle_reference": 2,
        "geometry_source": "inherited_from_linked_collision",
        "source_year": 2025
      }
    },
    {
      "type": "Feature",
      "id": "2025131564179:1",
      "geometry": {
        "type": "Point",
        "coordinates": [
          -1.83497,
          53.75574
        ]
      },
      "properties": {
        "age_band_of_casualty": "4",
        "age_of_casualty": 19,
        "bus_or_coach_passenger": "0",
        "car_passenger": "0",
        "casualty_adjusted_severity_serious": "0",
        "casualty_adjusted_severity_slight": "1",
        "casualty_class": "1",
        "casualty_distance_banding": "2",
        "casualty_imd_decile": "1",
        "casualty_injury_based": "1",
        "casualty_reference": 1,
        "casualty_severity": "3",
        "casualty_type": "9",
        "collision_index": "2025131564179",
        "collision_ref_no": "131564179",
        "collision_year": 2025,
        "enhanced_casualty_severity": "3",
        "lsoa_of_casualty": "E01010800",
        "pedestrian_location": "0",
        "pedestrian_movement": "0",
        "pedestrian_road_maintenance_worker": "0",
        "sex_of_casualty": "1",
        "vehicle_reference": 1,
        "geometry_source": "inherited_from_linked_collision",
        "source_year": 2025
      }
    },
    {
      "type": "Feature",
      "id": "2025131570802:4",
      "geometry": {
        "type": "Point",
        "coordinates": [
          -1.86505,
          53.72808
        ]
      },
      "properties": {
        "age_band_of_casualty": "4",
        "age_of_casualty": 20,
        "bus_or_coach_passenger": "0",
        "car_passenger": "1",
        "casualty_adjusted_severity_serious": "0",
        "casualty_adjusted_severity_slight": "1",
        "casualty_class": "2",
        "casualty_distance_banding": "1",
        "casualty_imd_decile": "2",
        "casualty_injury_based": "1",
        "casualty_reference": 4,
        "casualty_severity": "3",
        "casualty_type": "9",
        "collision_index": "2025131570802",
        "collision_ref_no": "131570802",
        "collision_year": 2025,
        "enhanced_casualty_severity": "3",
        "lsoa_of_casualty": "E01010930",
        "pedestrian_location": "0",
        "pedestrian_movement": "0",
        "pedestrian_road_maintenance_worker": "0",
        "sex_of_casualty": "1",
        "vehicle_reference": 1,
        "geometry_source": "inherited_from_linked_collision",
        "source_year": 2025
      }
    },
    {
      "type": "Feature",
      "id": "2025131593603:2",
      "geometry": {
        "type": "Point",
        "coordinates": [
          -1.88693,
          53.72542
        ]
      },
      "properties": {
        "age_band_of_casualty": "1",
        "age_of_casualty": 4,
        "bus_or_coach_passenger": "0",
        "car_passenger": "2",
        "casualty_adjusted_severity_serious": "0",
        "casualty_adjusted_severity_slight": "1",
        "casualty_class": "2",
        "casualty_distance_banding": "1",
        "casualty_imd_decile": "2",
        "casualty_injury_based": "1",
        "casualty_reference": 2,
        "casualty_severity": "3",
        "casualty_type": "9",
        "collision_index": "2025131593603",
        "collision_ref_no": "131593603",
        "collision_year": 2025,
        "enhanced_casualty_severity": "3",
        "lsoa_of_casualty": "E01011000",
        "pedestrian_location": "0",
        "pedestrian_movement": "0",
        "pedestrian_road_maintenance_worker": "0",
        "sex_of_casualty": "2",
        "vehicle_reference": 1,
        "geometry_source": "inherited_from_linked_collision",
        "source_year": 2025
      }
    },
    {
      "type": "Feature",
      "id": "2025131599717:2",
      "geometry": {
        "type": "Point",
        "coordinates": [
          -1.88916,
          53.71966
        ]
      },
      "properties": {
        "age_band_of_casualty": "5",
        "age_of_casualty": 25,
        "bus_or_coach_passenger": "0",
        "car_passenger": "1",
        "casualty_adjusted_severity_serious": "1",
        "casualty_adjusted_severity_slight": "0",
        "casualty_class": "2",
        "casualty_distance_banding": "1",
        "casualty_imd_decile": "1",
        "casualty_injury_based": "1",
        "casualty_reference": 2,
        "casualty_severity": "2",
        "casualty_type": "9",
        "collision_index": "2025131599717",
        "collision_ref_no": "131599717",
        "collision_year": 2025,
        "enhanced_casualty_severity": "6",
        "lsoa_of_casualty": "E01011001",
        "pedestrian_location": "0",
        "pedestrian_movement": "0",
        "pedestrian_road_maintenance_worker": "0",
        "sex_of_casualty": "2",
        "vehicle_reference": 1,
        "geometry_source": "inherited_from_linked_collision",
        "source_year": 2025
      }
    },
    {
      "type": "Feature",
      "id": "2025131599717:5",
      "geometry": {
        "type": "Point",
        "coordinates": [
          -1.88916,
          53.71966
        ]
      },
      "properties": {
        "age_band_of_casualty": "4",
        "age_of_casualty": 16,
        "bus_or_coach_passenger": "0",
        "car_passenger": "2",
        "casualty_adjusted_severity_serious": "0",
        "casualty_adjusted_severity_slight": "1",
        "casualty_class": "2",
        "casualty_distance_banding": "1",
        "casualty_imd_decile": "6",
        "casualty_injury_based": "1",
        "casualty_reference": 5,
        "casualty_severity": "3",
        "casualty_type": "9",
        "collision_index": "2025131599717",
        "collision_ref_no": "131599717",
        "collision_year": 2025,
        "enhanced_casualty_severity": "3",
        "lsoa_of_casualty": "E01010999",
        "pedestrian_location": "0",
        "pedestrian_movement": "0",
        "pedestrian_road_maintenance_worker": "0",
        "sex_of_casualty": "1",
        "vehicle_reference": 2,
        "geometry_source": "inherited_from_linked_collision",
        "source_year": 2025
      }
    },
    {
      "type": "Feature",
      "id": "2025131671706:1",
      "geometry": {
        "type": "Point",
        "coordinates": [
          -1.86196,
          53.72434
        ]
      },
      "properties": {
        "age_band_of_casualty": "6",
        "age_of_casualty": 28,
        "bus_or_coach_passenger": "0",
        "car_passenger": "0",
        "casualty_adjusted_severity_serious": "0",
        "casualty_adjusted_severity_slight": "1",
        "casualty_class": "1",
        "casualty_distance_banding": "1",
        "casualty_imd_decile": "2",
        "casualty_injury_based": "1",
        "casualty_reference": 1,
        "casualty_severity": "3",
        "casualty_type": "9",
        "collision_index": "2025131671706",
        "collision_ref_no": "131671706",
        "collision_year": 2025,
        "enhanced_casualty_severity": "3",
        "lsoa_of_casualty": "E01011000",
        "pedestrian_location": "0",
        "pedestrian_movement": "0",
        "pedestrian_road_maintenance_worker": "0",
        "sex_of_casualty": "1",
        "vehicle_reference": 2,
        "geometry_source": "inherited_from_linked_collision",
        "source_year": 2025
      }
    },
    {
      "type": "Feature",
      "id": "2025131561040:1",
      "geometry": {
        "type": "Point",
        "coordinates": [
          -1.82183,
          53.76054
        ]
      },
      "properties": {
        "age_band_of_casualty": "4",
        "age_of_casualty": 18,
        "bus_or_coach_passenger": "0",
        "car_passenger": "1",
        "casualty_adjusted_severity_serious": "1",
        "casualty_adjusted_severity_slight": "0",
        "casualty_class": "2",
        "casualty_distance_banding": "1",
        "casualty_imd_decile": "2",
        "casualty_injury_based": "1",
        "casualty_reference": 1,
        "casualty_severity": "2",
        "casualty_type": "9",
        "collision_index": "2025131561040",
        "collision_ref_no": "131561040",
        "collision_year": 2025,
        "enhanced_casualty_severity": "7",
        "lsoa_of_casualty": "E01010740",
        "pedestrian_location": "0",
        "pedestrian_movement": "0",
        "pedestrian_road_maintenance_worker": "0",
        "sex_of_casualty": "1",
        "vehicle_reference": 1,
        "geometry_source": "inherited_from_linked_collision",
        "source_year": 2025
      }
    },
    {
      "type": "Feature",
      "id": "2025131586030:1",
      "geometry": {
        "type": "Point",
        "coordinates": [
          -1.81268,
          53.72544
        ]
      },
      "properties": {
        "age_band_of_casualty": "10",
        "age_of_casualty": 66,
        "bus_or_coach_passenger": "0",
        "car_passenger": "0",
        "casualty_adjusted_severity_serious": "0",
        "casualty_adjusted_severity_slight": "1",
        "casualty_class": "1",
        "casualty_distance_banding": "1",
        "casualty_imd_decile": "8",
        "casualty_injury_based": "1",
        "casualty_reference": 1,
        "casualty_severity": "3",
        "casualty_type": "1",
        "collision_index": "2025131586030",
        "collision_ref_no": "131586030",
        "collision_year": 2025,
        "enhanced_casualty_severity": "3",
        "lsoa_of_casualty": "E01010907",
        "pedestrian_location": "0",
        "pedestrian_movement": "0",
        "pedestrian_road_maintenance_worker": "0",
        "sex_of_casualty": "1",
        "vehicle_reference": 2,
        "geometry_source": "inherited_from_linked_collision",
        "source_year": 2025
      }
    },
    {
      "type": "Feature",
      "id": "2025131639324:1",
      "geometry": {
        "type": "Point",
        "coordinates": [
          -1.80793,
          53.75694
        ]
      },
      "properties": {
        "age_band_of_casualty": "3",
        "age_of_casualty": 15,
        "bus_or_coach_passenger": "0",
        "car_passenger": "0",
        "casualty_adjusted_severity_serious": "0",
        "casualty_adjusted_severity_slight": "1",
        "casualty_class": "1",
        "casualty_distance_banding": "1",
        "casualty_imd_decile": "6",
        "casualty_injury_based": "1",
        "casualty_reference": 1,
        "casualty_severity": "3",
        "casualty_type": "1",
        "collision_index": "2025131639324",
        "collision_ref_no": "131639324",
        "collision_year": 2025,
        "enhanced_casualty_severity": "3",
        "lsoa_of_casualty": "E01010933",
        "pedestrian_location": "0",
        "pedestrian_movement": "0",
        "pedestrian_road_maintenance_worker": "0",
        "sex_of_casualty": "1",
        "vehicle_reference": 2,
        "geometry_source": "inherited_from_linked_collision",
        "source_year": 2025
      }
    },
    {
      "type": "Feature",
      "id": "2025131564191:1",
      "geometry": {
        "type": "Point",
        "coordinates": [
          -2.10079,
          53.71165
        ]
      },
      "properties": {
        "age_band_of_casualty": "6",
        "age_of_casualty": 32,
        "bus_or_coach_passenger": "0",
        "car_passenger": "0",
        "casualty_adjusted_severity_serious": "0",
        "casualty_adjusted_severity_slight": "1",
        "casualty_class": "1",
        "casualty_distance_banding": "3",
        "casualty_imd_decile": "2",
        "casualty_injury_based": "1",
        "casualty_reference": 1,
        "casualty_severity": "3",
        "casualty_type": "8",
        "collision_index": "2025131564191",
        "collision_ref_no": "131564191",
        "collision_year": 2025,
        "enhanced_casualty_severity": "3",
        "lsoa_of_casualty": "E01011000",
        "pedestrian_location": "0",
        "pedestrian_movement": "0",
        "pedestrian_road_maintenance_worker": "0",
        "sex_of_casualty": "1",
        "vehicle_reference": 2,
        "geometry_source": "inherited_from_linked_collision",
        "source_year": 2025
      }
    },
    {
      "type": "Feature",
      "id": "2025131588357:1",
      "geometry": {
        "type": "Point",
        "coordinates": [
          -1.74549,
          53.69471
        ]
      },
      "properties": {
        "age_band_of_casualty": "7",
        "age_of_casualty": 38,
        "bus_or_coach_passenger": "0",
        "car_passenger": "1",
        "casualty_adjusted_severity_serious": "1",
        "casualty_adjusted_severity_slight": "0",
        "casualty_class": "2",
        "casualty_distance_banding": "3",
        "casualty_imd_decile": "1",
        "casualty_injury_based": "1",
        "casualty_reference": 1,
        "casualty_severity": "2",
        "casualty_type": "9",
        "collision_index": "2025131588357",
        "collision_ref_no": "131588357",
        "collision_year": 2025,
        "enhanced_casualty_severity": "7",
        "lsoa_of_casualty": "E01011293",
        "pedestrian_location": "0",
        "pedestrian_movement": "0",
        "pedestrian_road_maintenance_worker": "0",
        "sex_of_casualty": "1",
        "vehicle_reference": 1,
        "geometry_source": "inherited_from_linked_collision",
        "source_year": 2025
      }
    },
    {
      "type": "Feature",
      "id": "2025131626301:1",
      "geometry": {
        "type": "Point",
        "coordinates": [
          -1.86191,
          53.72535
        ]
      },
      "properties": {
        "age_band_of_casualty": "8",
        "age_of_casualty": 52,
        "bus_or_coach_passenger": "0",
        "car_passenger": "0",
        "casualty_adjusted_severity_serious": "0",
        "casualty_adjusted_severity_slight": "1",
        "casualty_class": "1",
        "casualty_distance_banding": "2",
        "casualty_imd_decile": "4",
        "casualty_injury_based": "1",
        "casualty_reference": 1,
        "casualty_severity": "3",
        "casualty_type": "9",
        "collision_index": "2025131626301",
        "collision_ref_no": "131626301",
        "collision_year": 2025,
        "enhanced_casualty_severity": "3",
        "lsoa_of_casualty": "E01010902",
        "pedestrian_location": "0",
        "pedestrian_movement": "0",
        "pedestrian_road_maintenance_worker": "0",
        "sex_of_casualty": "1",
        "vehicle_reference": 1,
        "geometry_source": "inherited_from_linked_collision",
        "source_year": 2025
      }
    },
    {
      "type": "Feature",
      "id": "2025131647049:1",
      "geometry": {
        "type": "Point",
        "coordinates": [
          -1.92085,
          53.73629
        ]
      },
      "properties": {
        "age_band_of_casualty": "11",
        "age_of_casualty": 80,
        "bus_or_coach_passenger": "0",
        "car_passenger": "0",
        "casualty_adjusted_severity_serious": "0",
        "casualty_adjusted_severity_slight": "1",
        "casualty_class": "1",
        "casualty_distance_banding": "1",
        "casualty_imd_decile": "6",
        "casualty_injury_based": "1",
        "casualty_reference": 1,
        "casualty_severity": "3",
        "casualty_type": "9",
        "collision_index": "2025131647049",
        "collision_ref_no": "131647049",
        "collision_year": 2025,
        "enhanced_casualty_severity": "3",
        "lsoa_of_casualty": "E01010915",
        "pedestrian_location": "0",
        "pedestrian_movement": "0",
        "pedestrian_road_maintenance_worker": "0",
        "sex_of_casualty": "1",
        "vehicle_reference": 1,
        "geometry_source": "inherited_from_linked_collision",
        "source_year": 2025
      }
    },
    {
      "type": "Feature",
      "id": "2025131547504:1",
      "geometry": {
        "type": "Point",
        "coordinates": [
          -1.78005,
          53.69183
        ]
      },
      "properties": {
        "age_band_of_casualty": "6",
        "age_of_casualty": 32,
        "bus_or_coach_passenger": "0",
        "car_passenger": "0",
        "casualty_adjusted_severity_serious": "0",
        "casualty_adjusted_severity_slight": "1",
        "casualty_class": "1",
        "casualty_distance_banding": "3",
        "casualty_imd_decile": "3",
        "casualty_injury_based": "1",
        "casualty_reference": 1,
        "casualty_severity": "3",
        "casualty_type": "9",
        "collision_index": "2025131547504",
        "collision_ref_no": "131547504",
        "collision_year": 2025,
        "enhanced_casualty_severity": "3",
        "lsoa_of_casualty": "E01010914",
        "pedestrian_location": "0",
        "pedestrian_movement": "0",
        "pedestrian_road_maintenance_worker": "0",
        "sex_of_casualty": "2",
        "vehicle_reference": 1,
        "geometry_source": "inherited_from_linked_collision",
        "source_year": 2025
      }
    },
    {
      "type": "Feature",
      "id": "2025131612988:1",
      "geometry": {
        "type": "Point",
        "coordinates": [
          -1.78005,
          53.70296
        ]
      },
      "properties": {
        "age_band_of_casualty": "7",
        "age_of_casualty": 37,
        "bus_or_coach_passenger": "0",
        "car_passenger": "0",
        "casualty_adjusted_severity_serious": "0",
        "casualty_adjusted_severity_slight": "1",
        "casualty_class": "1",
        "casualty_distance_banding": "1",
        "casualty_imd_decile": "3",
        "casualty_injury_based": "1",
        "casualty_reference": 1,
        "casualty_severity": "3",
        "casualty_type": "9",
        "collision_index": "2025131612988",
        "collision_ref_no": "131612988",
        "collision_year": 2025,
        "enhanced_casualty_severity": "3",
        "lsoa_of_casualty": "E01010949",
        "pedestrian_location": "0",
        "pedestrian_movement": "0",
        "pedestrian_road_maintenance_worker": "0",
        "sex_of_casualty": "2",
        "vehicle_reference": 1,
        "geometry_source": "inherited_from_linked_collision",
        "source_year": 2025
      }
    },
    {
      "type": "Feature",
      "id": "2025131635528:1",
      "geometry": {
        "type": "Point",
        "coordinates": [
          -2.0095,
          53.74351
        ]
      },
      "properties": {
        "age_band_of_casualty": "11",
        "age_of_casualty": 86,
        "bus_or_coach_passenger": "0",
        "car_passenger": "0",
        "casualty_adjusted_severity_serious": "0",
        "casualty_adjusted_severity_slight": "1",
        "casualty_class": "1",
        "casualty_distance_banding": "1",
        "casualty_imd_decile": "3",
        "casualty_injury_based": "1",
        "casualty_reference": 1,
        "casualty_severity": "3",
        "casualty_type": "9",
        "collision_index": "2025131635528",
        "collision_ref_no": "131635528",
        "collision_year": 2025,
        "enhanced_casualty_severity": "3",
        "lsoa_of_casualty": "E01010919",
        "pedestrian_location": "0",
        "pedestrian_movement": "0",
        "pedestrian_road_maintenance_worker": "0",
        "sex_of_casualty": "1",
        "vehicle_reference": 2,
        "geometry_source": "inherited_from_linked_collision",
        "source_year": 2025
      }
    },
    {
      "type": "Feature",
      "id": "2025131559038:1",
      "geometry": {
        "type": "Point",
        "coordinates": [
          -1.85366,
          53.70201
        ]
      },
      "properties": {
        "age_band_of_casualty": "9",
        "age_of_casualty": 56,
        "bus_or_coach_passenger": "0",
        "car_passenger": "0",
        "casualty_adjusted_severity_serious": "0",
        "casualty_adjusted_severity_slight": "1",
        "casualty_class": "1",
        "casualty_distance_banding": "3",
        "casualty_imd_decile": "10",
        "casualty_injury_based": "1",
        "casualty_reference": 1,
        "casualty_severity": "3",
        "casualty_type": "9",
        "collision_index": "2025131559038",
        "collision_ref_no": "131559038",
        "collision_year": 2025,
        "enhanced_casualty_severity": "3",
        "lsoa_of_casualty": "E01011173",
        "pedestrian_location": "0",
        "pedestrian_movement": "0",
        "pedestrian_road_maintenance_worker": "0",
        "sex_of_casualty": "1",
        "vehicle_reference": 1,
        "geometry_source": "inherited_from_linked_collision",
        "source_year": 2025
      }
    },
    {
      "type": "Feature",
      "id": "2025131609171:1",
      "geometry": {
        "type": "Point",
        "coordinates": [
          -1.97137,
          53.67251
        ]
      },
      "properties": {
        "age_band_of_casualty": "7",
        "age_of_casualty": 37,
        "bus_or_coach_passenger": "0",
        "car_passenger": "0",
        "casualty_adjusted_severity_serious": "0",
        "casualty_adjusted_severity_slight": "1",
        "casualty_class": "1",
        "casualty_distance_banding": "3",
        "casualty_imd_decile": "2",
        "casualty_injury_based": "1",
        "casualty_reference": 1,
        "casualty_severity": "3",
        "casualty_type": "9",
        "collision_index": "2025131609171",
        "collision_ref_no": "131609171",
        "collision_year": 2025,
        "enhanced_casualty_severity": "3",
        "lsoa_of_casualty": "E01010912",
        "pedestrian_location": "0",
        "pedestrian_movement": "0",
        "pedestrian_road_maintenance_worker": "0",
        "sex_of_casualty": "1",
        "vehicle_reference": 1,
        "geometry_source": "inherited_from_linked_collision",
        "source_year": 2025
      }
    },
    {
      "type": "Feature",
      "id": "2025131599849:1",
      "geometry": {
        "type": "Point",
        "coordinates": [
          -1.78912,
          53.69369
        ]
      },
      "properties": {
        "age_band_of_casualty": "6",
        "age_of_casualty": 32,
        "bus_or_coach_passenger": "0",
        "car_passenger": "0",
        "casualty_adjusted_severity_serious": "0",
        "casualty_adjusted_severity_slight": "1",
        "casualty_class": "1",
        "casualty_distance_banding": "1",
        "casualty_imd_decile": "4",
        "casualty_injury_based": "1",
        "casualty_reference": 1,
        "casualty_severity": "3",
        "casualty_type": "1",
        "collision_index": "2025131599849",
        "collision_ref_no": "131599849",
        "collision_year": 2025,
        "enhanced_casualty_severity": "3",
        "lsoa_of_casualty": "E01010878",
        "pedestrian_location": "0",
        "pedestrian_movement": "0",
        "pedestrian_road_maintenance_worker": "0",
        "sex_of_casualty": "1",
        "vehicle_reference": 2,
        "geometry_source": "inherited_from_linked_collision",
        "source_year": 2025
      }
    },
    {
      "type": "Feature",
      "id": "2025131632794:1",
      "geometry": {
        "type": "Point",
        "coordinates": [
          -1.89424,
          53.73763
        ]
      },
      "properties": {
        "age_band_of_casualty": "4",
        "age_of_casualty": 17,
        "bus_or_coach_passenger": "0",
        "car_passenger": "-1",
        "casualty_adjusted_severity_serious": "0",
        "casualty_adjusted_severity_slight": "1",
        "casualty_class": "2",
        "casualty_distance_banding": "1",
        "casualty_imd_decile": "2",
        "casualty_injury_based": "1",
        "casualty_reference": 1,
        "casualty_severity": "3",
        "casualty_type": "5",
        "collision_index": "2025131632794",
        "collision_ref_no": "131632794",
        "collision_year": 2025,
        "enhanced_casualty_severity": "3",
        "lsoa_of_casualty": "E01010942",
        "pedestrian_location": "0",
        "pedestrian_movement": "0",
        "pedestrian_road_maintenance_worker": "0",
        "sex_of_casualty": "1",
        "vehicle_reference": 1,
        "geometry_source": "inherited_from_linked_collision",
        "source_year": 2025
      }
    },
    {
      "type": "Feature",
      "id": "2025131541479:1",
      "geometry": {
        "type": "Point",
        "coordinates": [
          -1.87871,
          53.7228
        ]
      },
      "properties": {
        "age_band_of_casualty": "8",
        "age_of_casualty": 55,
        "bus_or_coach_passenger": "0",
        "car_passenger": "0",
        "casualty_adjusted_severity_serious": "0",
        "casualty_adjusted_severity_slight": "1",
        "casualty_class": "1",
        "casualty_distance_banding": "1",
        "casualty_imd_decile": "1",
        "casualty_injury_based": "1",
        "casualty_reference": 1,
        "casualty_severity": "3",
        "casualty_type": "9",
        "collision_index": "2025131541479",
        "collision_ref_no": "131541479",
        "collision_year": 2025,
        "enhanced_casualty_severity": "3",
        "lsoa_of_casualty": "E01010996",
        "pedestrian_location": "0",
        "pedestrian_movement": "0",
        "pedestrian_road_maintenance_worker": "0",
        "sex_of_casualty": "1",
        "vehicle_reference": 2,
        "geometry_source": "inherited_from_linked_collision",
        "source_year": 2025
      }
    },
    {
      "type": "Feature",
      "id": "2025131581557:1",
      "geometry": {
        "type": "Point",
        "coordinates": [
          -1.89593,
          53.71505
        ]
      },
      "properties": {
        "age_band_of_casualty": "7",
        "age_of_casualty": 39,
        "bus_or_coach_passenger": "0",
        "car_passenger": "1",
        "casualty_adjusted_severity_serious": "0",
        "casualty_adjusted_severity_slight": "1",
        "casualty_class": "2",
        "casualty_distance_banding": "1",
        "casualty_imd_decile": "1",
        "casualty_injury_based": "1",
        "casualty_reference": 1,
        "casualty_severity": "3",
        "casualty_type": "9",
        "collision_index": "2025131581557",
        "collision_ref_no": "131581557",
        "collision_year": 2025,
        "enhanced_casualty_severity": "3",
        "lsoa_of_casualty": "E01011003",
        "pedestrian_location": "0",
        "pedestrian_movement": "0",
        "pedestrian_road_maintenance_worker": "0",
        "sex_of_casualty": "2",
        "vehicle_reference": 1,
        "geometry_source": "inherited_from_linked_collision",
        "source_year": 2025
      }
    },
    {
      "type": "Feature",
      "id": "2025131672578:1",
      "geometry": {
        "type": "Point",
        "coordinates": [
          -1.83271,
          53.67098
        ]
      },
      "properties": {
        "age_band_of_casualty": "6",
        "age_of_casualty": 31,
        "bus_or_coach_passenger": "0",
        "car_passenger": "0",
        "casualty_adjusted_severity_serious": "0",
        "casualty_adjusted_severity_slight": "1",
        "casualty_class": "1",
        "casualty_distance_banding": "4",
        "casualty_imd_decile": "1",
        "casualty_injury_based": "1",
        "casualty_reference": 1,
        "casualty_severity": "3",
        "casualty_type": "9",
        "collision_index": "2025131672578",
        "collision_ref_no": "131672578",
        "collision_year": 2025,
        "enhanced_casualty_severity": "3",
        "lsoa_of_casualty": "E01005959",
        "pedestrian_location": "0",
        "pedestrian_movement": "0",
        "pedestrian_road_maintenance_worker": "0",
        "sex_of_casualty": "2",
        "vehicle_reference": 1,
        "geometry_source": "inherited_from_linked_collision",
        "source_year": 2025
      }
    },
    {
      "type": "Feature",
      "id": "2025131676686:1",
      "geometry": {
        "type": "Point",
        "coordinates": [
          -2.02795,
          53.67343
        ]
      },
      "properties": {
        "age_band_of_casualty": "9",
        "age_of_casualty": 61,
        "bus_or_coach_passenger": "0",
        "car_passenger": "0",
        "casualty_adjusted_severity_serious": "0",
        "casualty_adjusted_severity_slight": "1",
        "casualty_class": "1",
        "casualty_distance_banding": "2",
        "casualty_imd_decile": "6",
        "casualty_injury_based": "1",
        "casualty_reference": 1,
        "casualty_severity": "3",
        "casualty_type": "9",
        "collision_index": "2025131676686",
        "collision_ref_no": "131676686",
        "collision_year": 2025,
        "enhanced_casualty_severity": "3",
        "lsoa_of_casualty": "E01010922",
        "pedestrian_location": "0",
        "pedestrian_movement": "0",
        "pedestrian_road_maintenance_worker": "0",
        "sex_of_casualty": "1",
        "vehicle_reference": 2,
        "geometry_source": "inherited_from_linked_collision",
        "source_year": 2025
      }
    },
    {
      "type": "Feature",
      "id": "2025131677277:1",
      "geometry": {
        "type": "Point",
        "coordinates": [
          -1.80955,
          53.67871
        ]
      },
      "properties": {
        "age_band_of_casualty": "8",
        "age_of_casualty": 47,
        "bus_or_coach_passenger": "0",
        "car_passenger": "0",
        "casualty_adjusted_severity_serious": "0",
        "casualty_adjusted_severity_slight": "1",
        "casualty_class": "1",
        "casualty_distance_banding": "1",
        "casualty_imd_decile": "8",
        "casualty_injury_based": "1",
        "casualty_reference": 1,
        "casualty_severity": "3",
        "casualty_type": "9",
        "collision_index": "2025131677277",
        "collision_ref_no": "131677277",
        "collision_year": 2025,
        "enhanced_casualty_severity": "3",
        "lsoa_of_casualty": "E01010971",
        "pedestrian_location": "0",
        "pedestrian_movement": "0",
        "pedestrian_road_maintenance_worker": "0",
        "sex_of_casualty": "1",
        "vehicle_reference": 2,
        "geometry_source": "inherited_from_linked_collision",
        "source_year": 2025
      }
    },
    {
      "type": "Feature",
      "id": "2025131672254:1",
      "geometry": {
        "type": "Point",
        "coordinates": [
          -1.8711,
          53.72352
        ]
      },
      "properties": {
        "age_band_of_casualty": "10",
        "age_of_casualty": 70,
        "bus_or_coach_passenger": "0",
        "car_passenger": "0",
        "casualty_adjusted_severity_serious": "0",
        "casualty_adjusted_severity_slight": "1",
        "casualty_class": "3",
        "casualty_distance_banding": "1",
        "casualty_imd_decile": "1",
        "casualty_injury_based": "1",
        "casualty_reference": 1,
        "casualty_severity": "3",
        "casualty_type": "0",
        "collision_index": "2025131672254",
        "collision_ref_no": "131672254",
        "collision_year": 2025,
        "enhanced_casualty_severity": "3",
        "lsoa_of_casualty": "E01010995",
        "pedestrian_location": "7",
        "pedestrian_movement": "7",
        "pedestrian_road_maintenance_worker": "-1",
        "sex_of_casualty": "2",
        "vehicle_reference": 1,
        "geometry_source": "inherited_from_linked_collision",
        "source_year": 2025
      }
    },
    {
      "type": "Feature",
      "id": "2025131565200:1",
      "geometry": {
        "type": "Point",
        "coordinates": [
          -1.96287,
          53.68383
        ]
      },
      "properties": {
        "age_band_of_casualty": "6",
        "age_of_casualty": 27,
        "bus_or_coach_passenger": "0",
        "car_passenger": "0",
        "casualty_adjusted_severity_serious": "1",
        "casualty_adjusted_severity_slight": "0",
        "casualty_class": "1",
        "casualty_distance_banding": "3",
        "casualty_imd_decile": "2",
        "casualty_injury_based": "1",
        "casualty_reference": 1,
        "casualty_severity": "2",
        "casualty_type": "9",
        "collision_index": "2025131565200",
        "collision_ref_no": "131565200",
        "collision_year": 2025,
        "enhanced_casualty_severity": "7",
        "lsoa_of_casualty": "E01010759",
        "pedestrian_location": "0",
        "pedestrian_movement": "0",
        "pedestrian_road_maintenance_worker": "0",
        "sex_of_casualty": "1",
        "vehicle_reference": 1,
        "geometry_source": "inherited_from_linked_collision",
        "source_year": 2025
      }
    },
    {
      "type": "Feature",
      "id": "2025131635540:1",
      "geometry": {
        "type": "Point",
        "coordinates": [
          -1.90693,
          53.70961
        ]
      },
      "properties": {
        "age_band_of_casualty": "9",
        "age_of_casualty": 59,
        "bus_or_coach_passenger": "0",
        "car_passenger": "0",
        "casualty_adjusted_severity_serious": "0",
        "casualty_adjusted_severity_slight": "1",
        "casualty_class": "1",
        "casualty_distance_banding": "1",
        "casualty_imd_decile": "1",
        "casualty_injury_based": "1",
        "casualty_reference": 1,
        "casualty_severity": "3",
        "casualty_type": "9",
        "collision_index": "2025131635540",
        "collision_ref_no": "131635540",
        "collision_year": 2025,
        "enhanced_casualty_severity": "3",
        "lsoa_of_casualty": "E01010928",
        "pedestrian_location": "0",
        "pedestrian_movement": "0",
        "pedestrian_road_maintenance_worker": "0",
        "sex_of_casualty": "1",
        "vehicle_reference": 2,
        "geometry_source": "inherited_from_linked_collision",
        "source_year": 2025
      }
    },
    {
      "type": "Feature",
      "id": "2025131644061:1",
      "geometry": {
        "type": "Point",
        "coordinates": [
          -1.8995,
          53.72335
        ]
      },
      "properties": {
        "age_band_of_casualty": "8",
        "age_of_casualty": 54,
        "bus_or_coach_passenger": "0",
        "car_passenger": "0",
        "casualty_adjusted_severity_serious": "0",
        "casualty_adjusted_severity_slight": "0",
        "casualty_class": "3",
        "casualty_distance_banding": "-1",
        "casualty_imd_decile": "-1",
        "casualty_injury_based": "1",
        "casualty_reference": 1,
        "casualty_severity": "1",
        "casualty_type": "0",
        "collision_index": "2025131644061",
        "collision_ref_no": "131644061",
        "collision_year": 2025,
        "enhanced_casualty_severity": "1",
        "lsoa_of_casualty": "-1",
        "pedestrian_location": "8",
        "pedestrian_movement": "1",
        "pedestrian_road_maintenance_worker": "-1",
        "sex_of_casualty": "1",
        "vehicle_reference": 1,
        "geometry_source": "inherited_from_linked_collision",
        "source_year": 2025
      }
    },
    {
      "type": "Feature",
      "id": "2025131540001:1",
      "geometry": {
        "type": "Point",
        "coordinates": [
          -2.12555,
          53.7092
        ]
      },
      "properties": {
        "age_band_of_casualty": "5",
        "age_of_casualty": 22,
        "bus_or_coach_passenger": "0",
        "car_passenger": "1",
        "casualty_adjusted_severity_serious": "0",
        "casualty_adjusted_severity_slight": "1",
        "casualty_class": "2",
        "casualty_distance_banding": "-1",
        "casualty_imd_decile": "-1",
        "casualty_injury_based": "1",
        "casualty_reference": 1,
        "casualty_severity": "3",
        "casualty_type": "9",
        "collision_index": "2025131540001",
        "collision_ref_no": "131540001",
        "collision_year": 2025,
        "enhanced_casualty_severity": "3",
        "lsoa_of_casualty": "-1",
        "pedestrian_location": "0",
        "pedestrian_movement": "0",
        "pedestrian_road_maintenance_worker": "0",
        "sex_of_casualty": "1",
        "vehicle_reference": 1,
        "geometry_source": "inherited_from_linked_collision",
        "source_year": 2025
      }
    },
    {
      "type": "Feature",
      "id": "2025131568621:3",
      "geometry": {
        "type": "Point",
        "coordinates": [
          -1.82961,
          53.67259
        ]
      },
      "properties": {
        "age_band_of_casualty": "8",
        "age_of_casualty": 53,
        "bus_or_coach_passenger": "0",
        "car_passenger": "1",
        "casualty_adjusted_severity_serious": "0",
        "casualty_adjusted_severity_slight": "1",
        "casualty_class": "2",
        "casualty_distance_banding": "5",
        "casualty_imd_decile": "9",
        "casualty_injury_based": "1",
        "casualty_reference": 3,
        "casualty_severity": "3",
        "casualty_type": "9",
        "collision_index": "2025131568621",
        "collision_ref_no": "131568621",
        "collision_year": 2025,
        "enhanced_casualty_severity": "3",
        "lsoa_of_casualty": "E01035477",
        "pedestrian_location": "0",
        "pedestrian_movement": "0",
        "pedestrian_road_maintenance_worker": "0",
        "sex_of_casualty": "2",
        "vehicle_reference": 2,
        "geometry_source": "inherited_from_linked_collision",
        "source_year": 2025
      }
    },
    {
      "type": "Feature",
      "id": "2025131570802:2",
      "geometry": {
        "type": "Point",
        "coordinates": [
          -1.86505,
          53.72808
        ]
      },
      "properties": {
        "age_band_of_casualty": "1",
        "age_of_casualty": 2,
        "bus_or_coach_passenger": "0",
        "car_passenger": "2",
        "casualty_adjusted_severity_serious": "0",
        "casualty_adjusted_severity_slight": "1",
        "casualty_class": "2",
        "casualty_distance_banding": "1",
        "casualty_imd_decile": "6",
        "casualty_injury_based": "1",
        "casualty_reference": 2,
        "casualty_severity": "3",
        "casualty_type": "9",
        "collision_index": "2025131570802",
        "collision_ref_no": "131570802",
        "collision_year": 2025,
        "enhanced_casualty_severity": "3",
        "lsoa_of_casualty": "E01010915",
        "pedestrian_location": "0",
        "pedestrian_movement": "0",
        "pedestrian_road_maintenance_worker": "0",
        "sex_of_casualty": "2",
        "vehicle_reference": 2,
        "geometry_source": "inherited_from_linked_collision",
        "source_year": 2025
      }
    },
    {
      "type": "Feature",
      "id": "2025131580799:1",
      "geometry": {
        "type": "Point",
        "coordinates": [
          -1.87785,
          53.72293
        ]
      },
      "properties": {
        "age_band_of_casualty": "6",
        "age_of_casualty": 33,
        "bus_or_coach_passenger": "0",
        "car_passenger": "0",
        "casualty_adjusted_severity_serious": "0",
        "casualty_adjusted_severity_slight": "1",
        "casualty_class": "1",
        "casualty_distance_banding": "1",
        "casualty_imd_decile": "3",
        "casualty_injury_based": "1",
        "casualty_reference": 1,
        "casualty_severity": "3",
        "casualty_type": "9",
        "collision_index": "2025131580799",
        "collision_ref_no": "131580799",
        "collision_year": 2025,
        "enhanced_casualty_severity": "3",
        "lsoa_of_casualty": "E01010959",
        "pedestrian_location": "0",
        "pedestrian_movement": "0",
        "pedestrian_road_maintenance_worker": "0",
        "sex_of_casualty": "1",
        "vehicle_reference": 1,
        "geometry_source": "inherited_from_linked_collision",
        "source_year": 2025
      }
    },
    {
      "type": "Feature",
      "id": "2025131599991:1",
      "geometry": {
        "type": "Point",
        "coordinates": [
          -1.89736,
          53.75055
        ]
      },
      "properties": {
        "age_band_of_casualty": "9",
        "age_of_casualty": 59,
        "bus_or_coach_passenger": "0",
        "car_passenger": "0",
        "casualty_adjusted_severity_serious": "0",
        "casualty_adjusted_severity_slight": "1",
        "casualty_class": "1",
        "casualty_distance_banding": "1",
        "casualty_imd_decile": "1",
        "casualty_injury_based": "1",
        "casualty_reference": 1,
        "casualty_severity": "3",
        "casualty_type": "9",
        "collision_index": "2025131599991",
        "collision_ref_no": "131599991",
        "collision_year": 2025,
        "enhanced_casualty_severity": "3",
        "lsoa_of_casualty": "E01010928",
        "pedestrian_location": "0",
        "pedestrian_movement": "0",
        "pedestrian_road_maintenance_worker": "0",
        "sex_of_casualty": "1",
        "vehicle_reference": 1,
        "geometry_source": "inherited_from_linked_collision",
        "source_year": 2025
      }
    },
    {
      "type": "Feature",
      "id": "2025131636957:1",
      "geometry": {
        "type": "Point",
        "coordinates": [
          -1.95008,
          53.64183
        ]
      },
      "properties": {
        "age_band_of_casualty": "8",
        "age_of_casualty": 50,
        "bus_or_coach_passenger": "0",
        "car_passenger": "0",
        "casualty_adjusted_severity_serious": "0",
        "casualty_adjusted_severity_slight": "1",
        "casualty_class": "1",
        "casualty_distance_banding": "1",
        "casualty_imd_decile": "6",
        "casualty_injury_based": "1",
        "casualty_reference": 1,
        "casualty_severity": "3",
        "casualty_type": "9",
        "collision_index": "2025131636957",
        "collision_ref_no": "131636957",
        "collision_year": 2025,
        "enhanced_casualty_severity": "3",
        "lsoa_of_casualty": "E01010955",
        "pedestrian_location": "0",
        "pedestrian_movement": "0",
        "pedestrian_road_maintenance_worker": "0",
        "sex_of_casualty": "2",
        "vehicle_reference": 2,
        "geometry_source": "inherited_from_linked_collision",
        "source_year": 2025
      }
    },
    {
      "type": "Feature",
      "id": "2025131652549:1",
      "geometry": {
        "type": "Point",
        "coordinates": [
          -1.85999,
          53.72786
        ]
      },
      "properties": {
        "age_band_of_casualty": "4",
        "age_of_casualty": 18,
        "bus_or_coach_passenger": "0",
        "car_passenger": "0",
        "casualty_adjusted_severity_serious": "0",
        "casualty_adjusted_severity_slight": "1",
        "casualty_class": "1",
        "casualty_distance_banding": "1",
        "casualty_imd_decile": "2",
        "casualty_injury_based": "1",
        "casualty_reference": 1,
        "casualty_severity": "3",
        "casualty_type": "9",
        "collision_index": "2025131652549",
        "collision_ref_no": "131652549",
        "collision_year": 2025,
        "enhanced_casualty_severity": "3",
        "lsoa_of_casualty": "E01011002",
        "pedestrian_location": "0",
        "pedestrian_movement": "0",
        "pedestrian_road_maintenance_worker": "0",
        "sex_of_casualty": "1",
        "vehicle_reference": 1,
        "geometry_source": "inherited_from_linked_collision",
        "source_year": 2025
      }
    },
    {
      "type": "Feature",
      "id": "2025131665845:1",
      "geometry": {
        "type": "Point",
        "coordinates": [
          -2.01861,
          53.62964
        ]
      },
      "properties": {
        "age_band_of_casualty": "6",
        "age_of_casualty": 28,
        "bus_or_coach_passenger": "0",
        "car_passenger": "0",
        "casualty_adjusted_severity_serious": "0",
        "casualty_adjusted_severity_slight": "1",
        "casualty_class": "1",
        "casualty_distance_banding": "3",
        "casualty_imd_decile": "2",
        "casualty_injury_based": "1",
        "casualty_reference": 1,
        "casualty_severity": "3",
        "casualty_type": "9",
        "collision_index": "2025131665845",
        "collision_ref_no": "131665845",
        "collision_year": 2025,
        "enhanced_casualty_severity": "3",
        "lsoa_of_casualty": "E01005160",
        "pedestrian_location": "0",
        "pedestrian_movement": "0",
        "pedestrian_road_maintenance_worker": "0",
        "sex_of_casualty": "1",
        "vehicle_reference": 3,
        "geometry_source": "inherited_from_linked_collision",
        "source_year": 2025
      }
    },
    {
      "type": "Feature",
      "id": "2025131613807:1",
      "geometry": {
        "type": "Point",
        "coordinates": [
          -1.91163,
          53.75207
        ]
      },
      "properties": {
        "age_band_of_casualty": "6",
        "age_of_casualty": 26,
        "bus_or_coach_passenger": "0",
        "car_passenger": "0",
        "casualty_adjusted_severity_serious": "0",
        "casualty_adjusted_severity_slight": "1",
        "casualty_class": "1",
        "casualty_distance_banding": "-1",
        "casualty_imd_decile": "-1",
        "casualty_injury_based": "1",
        "casualty_reference": 1,
        "casualty_severity": "3",
        "casualty_type": "1",
        "collision_index": "2025131613807",
        "collision_ref_no": "131613807",
        "collision_year": 2025,
        "enhanced_casualty_severity": "3",
        "lsoa_of_casualty": "-1",
        "pedestrian_location": "0",
        "pedestrian_movement": "0",
        "pedestrian_road_maintenance_worker": "0",
        "sex_of_casualty": "1",
        "vehicle_reference": 1,
        "geometry_source": "inherited_from_linked_collision",
        "source_year": 2025
      }
    },
    {
      "type": "Feature",
      "id": "2025131660485:1",
      "geometry": {
        "type": "Point",
        "coordinates": [
          -1.88109,
          53.718
        ]
      },
      "properties": {
        "age_band_of_casualty": "10",
        "age_of_casualty": 67,
        "bus_or_coach_passenger": "0",
        "car_passenger": "0",
        "casualty_adjusted_severity_serious": "0",
        "casualty_adjusted_severity_slight": "1",
        "casualty_class": "3",
        "casualty_distance_banding": "1",
        "casualty_imd_decile": "1",
        "casualty_injury_based": "1",
        "casualty_reference": 1,
        "casualty_severity": "3",
        "casualty_type": "0",
        "collision_index": "2025131660485",
        "collision_ref_no": "131660485",
        "collision_year": 2025,
        "enhanced_casualty_severity": "3",
        "lsoa_of_casualty": "E01010964",
        "pedestrian_location": "10",
        "pedestrian_movement": "9",
        "pedestrian_road_maintenance_worker": "-1",
        "sex_of_casualty": "1",
        "vehicle_reference": 1,
        "geometry_source": "inherited_from_linked_collision",
        "source_year": 2025
      }
    },
    {
      "type": "Feature",
      "id": "2025131585856:1",
      "geometry": {
        "type": "Point",
        "coordinates": [
          -1.90007,
          53.74669
        ]
      },
      "properties": {
        "age_band_of_casualty": "5",
        "age_of_casualty": 21,
        "bus_or_coach_passenger": "0",
        "car_passenger": "0",
        "casualty_adjusted_severity_serious": "1",
        "casualty_adjusted_severity_slight": "0",
        "casualty_class": "1",
        "casualty_distance_banding": "2",
        "casualty_imd_decile": "3",
        "casualty_injury_based": "1",
        "casualty_reference": 1,
        "casualty_severity": "2",
        "casualty_type": "9",
        "collision_index": "2025131585856",
        "collision_ref_no": "131585856",
        "collision_year": 2025,
        "enhanced_casualty_severity": "7",
        "lsoa_of_casualty": "E01010877",
        "pedestrian_location": "0",
        "pedestrian_movement": "0",
        "pedestrian_road_maintenance_worker": "0",
        "sex_of_casualty": "2",
        "vehicle_reference": 1,
        "geometry_source": "inherited_from_linked_collision",
        "source_year": 2025
      }
    },
    {
      "type": "Feature",
      "id": "2025131630695:1",
      "geometry": {
        "type": "Point",
        "coordinates": [
          -1.944,
          53.7217
        ]
      },
      "properties": {
        "age_band_of_casualty": "6",
        "age_of_casualty": 28,
        "bus_or_coach_passenger": "0",
        "car_passenger": "0",
        "casualty_adjusted_severity_serious": "0",
        "casualty_adjusted_severity_slight": "1",
        "casualty_class": "1",
        "casualty_distance_banding": "1",
        "casualty_imd_decile": "6",
        "casualty_injury_based": "1",
        "casualty_reference": 1,
        "casualty_severity": "3",
        "casualty_type": "9",
        "collision_index": "2025131630695",
        "collision_ref_no": "131630695",
        "collision_year": 2025,
        "enhanced_casualty_severity": "3",
        "lsoa_of_casualty": "E01010922",
        "pedestrian_location": "0",
        "pedestrian_movement": "0",
        "pedestrian_road_maintenance_worker": "0",
        "sex_of_casualty": "1",
        "vehicle_reference": 1,
        "geometry_source": "inherited_from_linked_collision",
        "source_year": 2025
      }
    },
    {
      "type": "Feature",
      "id": "2025131642401:1",
      "geometry": {
        "type": "Point",
        "coordinates": [
          -1.96942,
          53.67352
        ]
      },
      "properties": {
        "age_band_of_casualty": "8",
        "age_of_casualty": 51,
        "bus_or_coach_passenger": "0",
        "car_passenger": "0",
        "casualty_adjusted_severity_serious": "0",
        "casualty_adjusted_severity_slight": "1",
        "casualty_class": "1",
        "casualty_distance_banding": "4",
        "casualty_imd_decile": "4",
        "casualty_injury_based": "1",
        "casualty_reference": 1,
        "casualty_severity": "3",
        "casualty_type": "9",
        "collision_index": "2025131642401",
        "collision_ref_no": "131642401",
        "collision_year": 2025,
        "enhanced_casualty_severity": "3",
        "lsoa_of_casualty": "E01011192",
        "pedestrian_location": "0",
        "pedestrian_movement": "0",
        "pedestrian_road_maintenance_worker": "0",
        "sex_of_casualty": "2",
        "vehicle_reference": 2,
        "geometry_source": "inherited_from_linked_collision",
        "source_year": 2025
      }
    },
    {
      "type": "Feature",
      "id": "2025131665549:1",
      "geometry": {
        "type": "Point",
        "coordinates": [
          -2.02255,
          53.62959
        ]
      },
      "properties": {
        "age_band_of_casualty": "6",
        "age_of_casualty": 28,
        "bus_or_coach_passenger": "0",
        "car_passenger": "0",
        "casualty_adjusted_severity_serious": "0",
        "casualty_adjusted_severity_slight": "1",
        "casualty_class": "1",
        "casualty_distance_banding": "3",
        "casualty_imd_decile": "1",
        "casualty_injury_based": "1",
        "casualty_reference": 1,
        "casualty_severity": "3",
        "casualty_type": "9",
        "collision_index": "2025131665549",
        "collision_ref_no": "131665549",
        "collision_year": 2025,
        "enhanced_casualty_severity": "3",
        "lsoa_of_casualty": "E01033949",
        "pedestrian_location": "0",
        "pedestrian_movement": "0",
        "pedestrian_road_maintenance_worker": "0",
        "sex_of_casualty": "1",
        "vehicle_reference": 1,
        "geometry_source": "inherited_from_linked_collision",
        "source_year": 2025
      }
    },
    {
      "type": "Feature",
      "id": "2025131667438:1",
      "geometry": {
        "type": "Point",
        "coordinates": [
          -1.89598,
          53.77537
        ]
      },
      "properties": {
        "age_band_of_casualty": "8",
        "age_of_casualty": 53,
        "bus_or_coach_passenger": "0",
        "car_passenger": "0",
        "casualty_adjusted_severity_serious": "0",
        "casualty_adjusted_severity_slight": "1",
        "casualty_class": "1",
        "casualty_distance_banding": "1",
        "casualty_imd_decile": "1",
        "casualty_injury_based": "1",
        "casualty_reference": 1,
        "casualty_severity": "3",
        "casualty_type": "9",
        "collision_index": "2025131667438",
        "collision_ref_no": "131667438",
        "collision_year": 2025,
        "enhanced_casualty_severity": "3",
        "lsoa_of_casualty": "E01010941",
        "pedestrian_location": "0",
        "pedestrian_movement": "0",
        "pedestrian_road_maintenance_worker": "0",
        "sex_of_casualty": "1",
        "vehicle_reference": 1,
        "geometry_source": "inherited_from_linked_collision",
        "source_year": 2025
      }
    },
    {
      "type": "Feature",
      "id": "2025131560074:1",
      "geometry": {
        "type": "Point",
        "coordinates": [
          -1.87314,
          53.70096
        ]
      },
      "properties": {
        "age_band_of_casualty": "9",
        "age_of_casualty": 63,
        "bus_or_coach_passenger": "0",
        "car_passenger": "0",
        "casualty_adjusted_severity_serious": "0",
        "casualty_adjusted_severity_slight": "1",
        "casualty_class": "1",
        "casualty_distance_banding": "2",
        "casualty_imd_decile": "5",
        "casualty_injury_based": "1",
        "casualty_reference": 1,
        "casualty_severity": "3",
        "casualty_type": "5",
        "collision_index": "2025131560074",
        "collision_ref_no": "131560074",
        "collision_year": 2025,
        "enhanced_casualty_severity": "3",
        "lsoa_of_casualty": "E01010945",
        "pedestrian_location": "0",
        "pedestrian_movement": "0",
        "pedestrian_road_maintenance_worker": "0",
        "sex_of_casualty": "1",
        "vehicle_reference": 1,
        "geometry_source": "inherited_from_linked_collision",
        "source_year": 2025
      }
    },
    {
      "type": "Feature",
      "id": "2025131687931:1",
      "geometry": {
        "type": "Point",
        "coordinates": [
          -1.82645,
          53.68719
        ]
      },
      "properties": {
        "age_band_of_casualty": "5",
        "age_of_casualty": 24,
        "bus_or_coach_passenger": "0",
        "car_passenger": "0",
        "casualty_adjusted_severity_serious": "0",
        "casualty_adjusted_severity_slight": "1",
        "casualty_class": "1",
        "casualty_distance_banding": "1",
        "casualty_imd_decile": "4",
        "casualty_injury_based": "1",
        "casualty_reference": 1,
        "casualty_severity": "3",
        "casualty_type": "90",
        "collision_index": "2025131687931",
        "collision_ref_no": "131687931",
        "collision_year": 2025,
        "enhanced_casualty_severity": "3",
        "lsoa_of_casualty": "E01010890",
        "pedestrian_location": "0",
        "pedestrian_movement": "0",
        "pedestrian_road_maintenance_worker": "0",
        "sex_of_casualty": "1",
        "vehicle_reference": 1,
        "geometry_source": "inherited_from_linked_collision",
        "source_year": 2025
      }
    },
    {
      "type": "Feature",
      "id": "2025131545731:1",
      "geometry": {
        "type": "Point",
        "coordinates": [
          -1.86846,
          53.70092
        ]
      },
      "properties": {
        "age_band_of_casualty": "7",
        "age_of_casualty": 45,
        "bus_or_coach_passenger": "0",
        "car_passenger": "0",
        "casualty_adjusted_severity_serious": "0",
        "casualty_adjusted_severity_slight": "1",
        "casualty_class": "3",
        "casualty_distance_banding": "1",
        "casualty_imd_decile": "8",
        "casualty_injury_based": "1",
        "casualty_reference": 1,
        "casualty_severity": "3",
        "casualty_type": "0",
        "collision_index": "2025131545731",
        "collision_ref_no": "131545731",
        "collision_year": 2025,
        "enhanced_casualty_severity": "3",
        "lsoa_of_casualty": "E01010973",
        "pedestrian_location": "6",
        "pedestrian_movement": "7",
        "pedestrian_road_maintenance_worker": "-1",
        "sex_of_casualty": "1",
        "vehicle_reference": 1,
        "geometry_source": "inherited_from_linked_collision",
        "source_year": 2025
      }
    },
    {
      "type": "Feature",
      "id": "2025131573406:1",
      "geometry": {
        "type": "Point",
        "coordinates": [
          -1.75664,
          53.70172
        ]
      },
      "properties": {
        "age_band_of_casualty": "3",
        "age_of_casualty": 12,
        "bus_or_coach_passenger": "0",
        "car_passenger": "0",
        "casualty_adjusted_severity_serious": "0",
        "casualty_adjusted_severity_slight": "1",
        "casualty_class": "3",
        "casualty_distance_banding": "1",
        "casualty_imd_decile": "3",
        "casualty_injury_based": "1",
        "casualty_reference": 1,
        "casualty_severity": "3",
        "casualty_type": "0",
        "collision_index": "2025131573406",
        "collision_ref_no": "131573406",
        "collision_year": 2025,
        "enhanced_casualty_severity": "3",
        "lsoa_of_casualty": "E01011249",
        "pedestrian_location": "5",
        "pedestrian_movement": "1",
        "pedestrian_road_maintenance_worker": "-1",
        "sex_of_casualty": "2",
        "vehicle_reference": 1,
        "geometry_source": "inherited_from_linked_collision",
        "source_year": 2025
      }
    },
    {
      "type": "Feature",
      "id": "2025131558106:1",
      "geometry": {
        "type": "Point",
        "coordinates": [
          -1.78222,
          53.71042
        ]
      },
      "properties": {
        "age_band_of_casualty": "7",
        "age_of_casualty": 41,
        "bus_or_coach_passenger": "0",
        "car_passenger": "0",
        "casualty_adjusted_severity_serious": "0",
        "casualty_adjusted_severity_slight": "1",
        "casualty_class": "3",
        "casualty_distance_banding": "1",
        "casualty_imd_decile": "7",
        "casualty_injury_based": "1",
        "casualty_reference": 1,
        "casualty_severity": "3",
        "casualty_type": "0",
        "collision_index": "2025131558106",
        "collision_ref_no": "131558106",
        "collision_year": 2025,
        "enhanced_casualty_severity": "3",
        "lsoa_of_casualty": "E01010876",
        "pedestrian_location": "9",
        "pedestrian_movement": "9",
        "pedestrian_road_maintenance_worker": "-1",
        "sex_of_casualty": "2",
        "vehicle_reference": 1,
        "geometry_source": "inherited_from_linked_collision",
        "source_year": 2025
      }
    },
    {
      "type": "Feature",
      "id": "2025131539166:1",
      "geometry": {
        "type": "Point",
        "coordinates": [
          -1.8764,
          53.73546
        ]
      },
      "properties": {
        "age_band_of_casualty": "8",
        "age_of_casualty": 46,
        "bus_or_coach_passenger": "0",
        "car_passenger": "0",
        "casualty_adjusted_severity_serious": "1",
        "casualty_adjusted_severity_slight": "0",
        "casualty_class": "1",
        "casualty_distance_banding": "1",
        "casualty_imd_decile": "2",
        "casualty_injury_based": "1",
        "casualty_reference": 1,
        "casualty_severity": "2",
        "casualty_type": "9",
        "collision_index": "2025131539166",
        "collision_ref_no": "131539166",
        "collision_year": 2025,
        "enhanced_casualty_severity": "7",
        "lsoa_of_casualty": "E01010993",
        "pedestrian_location": "0",
        "pedestrian_movement": "0",
        "pedestrian_road_maintenance_worker": "0",
        "sex_of_casualty": "1",
        "vehicle_reference": 1,
        "geometry_source": "inherited_from_linked_collision",
        "source_year": 2025
      }
    },
    {
      "type": "Feature",
      "id": "2025131582275:1",
      "geometry": {
        "type": "Point",
        "coordinates": [
          -1.85498,
          53.68664
        ]
      },
      "properties": {
        "age_band_of_casualty": "6",
        "age_of_casualty": 30,
        "bus_or_coach_passenger": "0",
        "car_passenger": "0",
        "casualty_adjusted_severity_serious": "0",
        "casualty_adjusted_severity_slight": "1",
        "casualty_class": "1",
        "casualty_distance_banding": "1",
        "casualty_imd_decile": "5",
        "casualty_injury_based": "1",
        "casualty_reference": 1,
        "casualty_severity": "3",
        "casualty_type": "9",
        "collision_index": "2025131582275",
        "collision_ref_no": "131582275",
        "collision_year": 2025,
        "enhanced_casualty_severity": "3",
        "lsoa_of_casualty": "E01010903",
        "pedestrian_location": "0",
        "pedestrian_movement": "0",
        "pedestrian_road_maintenance_worker": "0",
        "sex_of_casualty": "1",
        "vehicle_reference": 1,
        "geometry_source": "inherited_from_linked_collision",
        "source_year": 2025
      }
    },
    {
      "type": "Feature",
      "id": "2025131650833:1",
      "geometry": {
        "type": "Point",
        "coordinates": [
          -1.8049,
          53.75763
        ]
      },
      "properties": {
        "age_band_of_casualty": "11",
        "age_of_casualty": 78,
        "bus_or_coach_passenger": "0",
        "car_passenger": "1",
        "casualty_adjusted_severity_serious": "0",
        "casualty_adjusted_severity_slight": "1",
        "casualty_class": "2",
        "casualty_distance_banding": "1",
        "casualty_imd_decile": "2",
        "casualty_injury_based": "1",
        "casualty_reference": 1,
        "casualty_severity": "3",
        "casualty_type": "9",
        "collision_index": "2025131650833",
        "collision_ref_no": "131650833",
        "collision_year": 2025,
        "enhanced_casualty_severity": "3",
        "lsoa_of_casualty": "E01010864",
        "pedestrian_location": "0",
        "pedestrian_movement": "0",
        "pedestrian_road_maintenance_worker": "0",
        "sex_of_casualty": "2",
        "vehicle_reference": 1,
        "geometry_source": "inherited_from_linked_collision",
        "source_year": 2025
      }
    },
    {
      "type": "Feature",
      "id": "2025131562118:1",
      "geometry": {
        "type": "Point",
        "coordinates": [
          -1.97072,
          53.70804
        ]
      },
      "properties": {
        "age_band_of_casualty": "4",
        "age_of_casualty": 19,
        "bus_or_coach_passenger": "0",
        "car_passenger": "1",
        "casualty_adjusted_severity_serious": "1",
        "casualty_adjusted_severity_slight": "0",
        "casualty_class": "2",
        "casualty_distance_banding": "3",
        "casualty_imd_decile": "1",
        "casualty_injury_based": "1",
        "casualty_reference": 1,
        "casualty_severity": "2",
        "casualty_type": "9",
        "collision_index": "2025131562118",
        "collision_ref_no": "131562118",
        "collision_year": 2025,
        "enhanced_casualty_severity": "7",
        "lsoa_of_casualty": "E01010828",
        "pedestrian_location": "0",
        "pedestrian_movement": "0",
        "pedestrian_road_maintenance_worker": "0",
        "sex_of_casualty": "1",
        "vehicle_reference": 1,
        "geometry_source": "inherited_from_linked_collision",
        "source_year": 2025
      }
    },
    {
      "type": "Feature",
      "id": "2025131583127:2",
      "geometry": {
        "type": "Point",
        "coordinates": [
          -1.9391,
          53.77458
        ]
      },
      "properties": {
        "age_band_of_casualty": "4",
        "age_of_casualty": 19,
        "bus_or_coach_passenger": "0",
        "car_passenger": "1",
        "casualty_adjusted_severity_serious": "0",
        "casualty_adjusted_severity_slight": "1",
        "casualty_class": "2",
        "casualty_distance_banding": "2",
        "casualty_imd_decile": "3",
        "casualty_injury_based": "1",
        "casualty_reference": 2,
        "casualty_severity": "3",
        "casualty_type": "9",
        "collision_index": "2025131583127",
        "collision_ref_no": "131583127",
        "collision_year": 2025,
        "enhanced_casualty_severity": "3",
        "lsoa_of_casualty": "E01010801",
        "pedestrian_location": "0",
        "pedestrian_movement": "0",
        "pedestrian_road_maintenance_worker": "0",
        "sex_of_casualty": "1",
        "vehicle_reference": 1,
        "geometry_source": "inherited_from_linked_collision",
        "source_year": 2025
      }
    },
    {
      "type": "Feature",
      "id": "2025131668663:1",
      "geometry": {
        "type": "Point",
        "coordinates": [
          -1.85725,
          53.71724
        ]
      },
      "properties": {
        "age_band_of_casualty": "8",
        "age_of_casualty": 49,
        "bus_or_coach_passenger": "0",
        "car_passenger": "1",
        "casualty_adjusted_severity_serious": "0",
        "casualty_adjusted_severity_slight": "1",
        "casualty_class": "2",
        "casualty_distance_banding": "1",
        "casualty_imd_decile": "5",
        "casualty_injury_based": "1",
        "casualty_reference": 1,
        "casualty_severity": "3",
        "casualty_type": "9",
        "collision_index": "2025131668663",
        "collision_ref_no": "131668663",
        "collision_year": 2025,
        "enhanced_casualty_severity": "3",
        "lsoa_of_casualty": "E01010970",
        "pedestrian_location": "0",
        "pedestrian_movement": "0",
        "pedestrian_road_maintenance_worker": "0",
        "sex_of_casualty": "1",
        "vehicle_reference": 2,
        "geometry_source": "inherited_from_linked_collision",
        "source_year": 2025
      }
    },
    {
      "type": "Feature",
      "id": "2025131575379:2",
      "geometry": {
        "type": "Point",
        "coordinates": [
          -2.10521,
          53.70402
        ]
      },
      "properties": {
        "age_band_of_casualty": "11",
        "age_of_casualty": 88,
        "bus_or_coach_passenger": "4",
        "car_passenger": "0",
        "casualty_adjusted_severity_serious": "1",
        "casualty_adjusted_severity_slight": "0",
        "casualty_class": "2",
        "casualty_distance_banding": "1",
        "casualty_imd_decile": "3",
        "casualty_injury_based": "1",
        "casualty_reference": 2,
        "casualty_severity": "2",
        "casualty_type": "11",
        "collision_index": "2025131575379",
        "collision_ref_no": "131575379",
        "collision_year": 2025,
        "enhanced_casualty_severity": "7",
        "lsoa_of_casualty": "E01010987",
        "pedestrian_location": "0",
        "pedestrian_movement": "0",
        "pedestrian_road_maintenance_worker": "0",
        "sex_of_casualty": "2",
        "vehicle_reference": 1,
        "geometry_source": "inherited_from_linked_collision",
        "source_year": 2025
      }
    },
    {
      "type": "Feature",
      "id": "2025131554946:1",
      "geometry": {
        "type": "Point",
        "coordinates": [
          -1.90098,
          53.72458
        ]
      },
      "properties": {
        "age_band_of_casualty": "3",
        "age_of_casualty": 15,
        "bus_or_coach_passenger": "0",
        "car_passenger": "0",
        "casualty_adjusted_severity_serious": "0",
        "casualty_adjusted_severity_slight": "1",
        "casualty_class": "3",
        "casualty_distance_banding": "1",
        "casualty_imd_decile": "6",
        "casualty_injury_based": "1",
        "casualty_reference": 1,
        "casualty_severity": "3",
        "casualty_type": "0",
        "collision_index": "2025131554946",
        "collision_ref_no": "131554946",
        "collision_year": 2025,
        "enhanced_casualty_severity": "3",
        "lsoa_of_casualty": "E01010999",
        "pedestrian_location": "5",
        "pedestrian_movement": "1",
        "pedestrian_road_maintenance_worker": "-1",
        "sex_of_casualty": "2",
        "vehicle_reference": 1,
        "geometry_source": "inherited_from_linked_collision",
        "source_year": 2025
      }
    },
    {
      "type": "Feature",
      "id": "2025131632565:1",
      "geometry": {
        "type": "Point",
        "coordinates": [
          -1.78934,
          53.69382
        ]
      },
      "properties": {
        "age_band_of_casualty": "3",
        "age_of_casualty": 14,
        "bus_or_coach_passenger": "0",
        "car_passenger": "0",
        "casualty_adjusted_severity_serious": "0",
        "casualty_adjusted_severity_slight": "1",
        "casualty_class": "3",
        "casualty_distance_banding": "1",
        "casualty_imd_decile": "5",
        "casualty_injury_based": "1",
        "casualty_reference": 1,
        "casualty_severity": "3",
        "casualty_type": "0",
        "collision_index": "2025131632565",
        "collision_ref_no": "131632565",
        "collision_year": 2025,
        "enhanced_casualty_severity": "3",
        "lsoa_of_casualty": "E01010945",
        "pedestrian_location": "9",
        "pedestrian_movement": "7",
        "pedestrian_road_maintenance_worker": "-1",
        "sex_of_casualty": "1",
        "vehicle_reference": 1,
        "geometry_source": "inherited_from_linked_collision",
        "source_year": 2025
      }
    },
    {
      "type": "Feature",
      "id": "2025131541023:1",
      "geometry": {
        "type": "Point",
        "coordinates": [
          -1.95894,
          53.70894
        ]
      },
      "properties": {
        "age_band_of_casualty": "4",
        "age_of_casualty": 18,
        "bus_or_coach_passenger": "0",
        "car_passenger": "0",
        "casualty_adjusted_severity_serious": "0",
        "casualty_adjusted_severity_slight": "1",
        "casualty_class": "1",
        "casualty_distance_banding": "2",
        "casualty_imd_decile": "2",
        "casualty_injury_based": "1",
        "casualty_reference": 1,
        "casualty_severity": "3",
        "casualty_type": "3",
        "collision_index": "2025131541023",
        "collision_ref_no": "131541023",
        "collision_year": 2025,
        "enhanced_casualty_severity": "3",
        "lsoa_of_casualty": "E01010974",
        "pedestrian_location": "0",
        "pedestrian_movement": "0",
        "pedestrian_road_maintenance_worker": "0",
        "sex_of_casualty": "1",
        "vehicle_reference": 1,
        "geometry_source": "inherited_from_linked_collision",
        "source_year": 2025
      }
    },
    {
      "type": "Feature",
      "id": "2025131537823:1",
      "geometry": {
        "type": "Point",
        "coordinates": [
          -1.996,
          53.63372
        ]
      },
      "properties": {
        "age_band_of_casualty": "4",
        "age_of_casualty": 19,
        "bus_or_coach_passenger": "0",
        "car_passenger": "1",
        "casualty_adjusted_severity_serious": "1",
        "casualty_adjusted_severity_slight": "0",
        "casualty_class": "2",
        "casualty_distance_banding": "3",
        "casualty_imd_decile": "1",
        "casualty_injury_based": "1",
        "casualty_reference": 1,
        "casualty_severity": "2",
        "casualty_type": "9",
        "collision_index": "2025131537823",
        "collision_ref_no": "131537823",
        "collision_year": 2025,
        "enhanced_casualty_severity": "6",
        "lsoa_of_casualty": "E01005583",
        "pedestrian_location": "0",
        "pedestrian_movement": "0",
        "pedestrian_road_maintenance_worker": "0",
        "sex_of_casualty": "1",
        "vehicle_reference": 2,
        "geometry_source": "inherited_from_linked_collision",
        "source_year": 2025
      }
    },
    {
      "type": "Feature",
      "id": "2025131576661:3",
      "geometry": {
        "type": "Point",
        "coordinates": [
          -1.75181,
          53.69542
        ]
      },
      "properties": {
        "age_band_of_casualty": "4",
        "age_of_casualty": 19,
        "bus_or_coach_passenger": "0",
        "car_passenger": "2",
        "casualty_adjusted_severity_serious": "0",
        "casualty_adjusted_severity_slight": "1",
        "casualty_class": "2",
        "casualty_distance_banding": "2",
        "casualty_imd_decile": "2",
        "casualty_injury_based": "1",
        "casualty_reference": 3,
        "casualty_severity": "3",
        "casualty_type": "9",
        "collision_index": "2025131576661",
        "collision_ref_no": "131576661",
        "collision_year": 2025,
        "enhanced_casualty_severity": "3",
        "lsoa_of_casualty": "E01011224",
        "pedestrian_location": "0",
        "pedestrian_movement": "0",
        "pedestrian_road_maintenance_worker": "0",
        "sex_of_casualty": "1",
        "vehicle_reference": 2,
        "geometry_source": "inherited_from_linked_collision",
        "source_year": 2025
      }
    },
    {
      "type": "Feature",
      "id": "2025131601132:1",
      "geometry": {
        "type": "Point",
        "coordinates": [
          -1.97136,
          53.63868
        ]
      },
      "properties": {
        "age_band_of_casualty": "7",
        "age_of_casualty": 40,
        "bus_or_coach_passenger": "0",
        "car_passenger": "0",
        "casualty_adjusted_severity_serious": "0",
        "casualty_adjusted_severity_slight": "1",
        "casualty_class": "1",
        "casualty_distance_banding": "2",
        "casualty_imd_decile": "4",
        "casualty_injury_based": "1",
        "casualty_reference": 1,
        "casualty_severity": "3",
        "casualty_type": "9",
        "collision_index": "2025131601132",
        "collision_ref_no": "131601132",
        "collision_year": 2025,
        "enhanced_casualty_severity": "3",
        "lsoa_of_casualty": "E01011206",
        "pedestrian_location": "0",
        "pedestrian_movement": "0",
        "pedestrian_road_maintenance_worker": "0",
        "sex_of_casualty": "2",
        "vehicle_reference": 2,
        "geometry_source": "inherited_from_linked_collision",
        "source_year": 2025
      }
    },
    {
      "type": "Feature",
      "id": "2025131539556:1",
      "geometry": {
        "type": "Point",
        "coordinates": [
          -1.87528,
          53.73862
        ]
      },
      "properties": {
        "age_band_of_casualty": "6",
        "age_of_casualty": 26,
        "bus_or_coach_passenger": "0",
        "car_passenger": "0",
        "casualty_adjusted_severity_serious": "0",
        "casualty_adjusted_severity_slight": "1",
        "casualty_class": "1",
        "casualty_distance_banding": "3",
        "casualty_imd_decile": "1",
        "casualty_injury_based": "1",
        "casualty_reference": 1,
        "casualty_severity": "3",
        "casualty_type": "9",
        "collision_index": "2025131539556",
        "collision_ref_no": "131539556",
        "collision_year": 2025,
        "enhanced_casualty_severity": "3",
        "lsoa_of_casualty": "E01010712",
        "pedestrian_location": "0",
        "pedestrian_movement": "0",
        "pedestrian_road_maintenance_worker": "0",
        "sex_of_casualty": "2",
        "vehicle_reference": 1,
        "geometry_source": "inherited_from_linked_collision",
        "source_year": 2025
      }
    },
    {
      "type": "Feature",
      "id": "2025131583565:1",
      "geometry": {
        "type": "Point",
        "coordinates": [
          -1.90105,
          53.72351
        ]
      },
      "properties": {
        "age_band_of_casualty": "9",
        "age_of_casualty": 58,
        "bus_or_coach_passenger": "0",
        "car_passenger": "0",
        "casualty_adjusted_severity_serious": "0",
        "casualty_adjusted_severity_slight": "1",
        "casualty_class": "1",
        "casualty_distance_banding": "1",
        "casualty_imd_decile": "6",
        "casualty_injury_based": "1",
        "casualty_reference": 1,
        "casualty_severity": "3",
        "casualty_type": "9",
        "collision_index": "2025131583565",
        "collision_ref_no": "131583565",
        "collision_year": 2025,
        "enhanced_casualty_severity": "3",
        "lsoa_of_casualty": "E01010920",
        "pedestrian_location": "0",
        "pedestrian_movement": "0",
        "pedestrian_road_maintenance_worker": "0",
        "sex_of_casualty": "2",
        "vehicle_reference": 2,
        "geometry_source": "inherited_from_linked_collision",
        "source_year": 2025
      }
    },
    {
      "type": "Feature",
      "id": "2025131641580:2",
      "geometry": {
        "type": "Point",
        "coordinates": [
          -1.85723,
          53.69883
        ]
      },
      "properties": {
        "age_band_of_casualty": "3",
        "age_of_casualty": 15,
        "bus_or_coach_passenger": "0",
        "car_passenger": "1",
        "casualty_adjusted_severity_serious": "0",
        "casualty_adjusted_severity_slight": "1",
        "casualty_class": "2",
        "casualty_distance_banding": "1",
        "casualty_imd_decile": "9",
        "casualty_injury_based": "1",
        "casualty_reference": 2,
        "casualty_severity": "3",
        "casualty_type": "9",
        "collision_index": "2025131641580",
        "collision_ref_no": "131641580",
        "collision_year": 2025,
        "enhanced_casualty_severity": "3",
        "lsoa_of_casualty": "E01010953",
        "pedestrian_location": "0",
        "pedestrian_movement": "0",
        "pedestrian_road_maintenance_worker": "0",
        "sex_of_casualty": "1",
        "vehicle_reference": 1,
        "geometry_source": "inherited_from_linked_collision",
        "source_year": 2025
      }
    },
    {
      "type": "Feature",
      "id": "2025131541285:1",
      "geometry": {
        "type": "Point",
        "coordinates": [
          -2.01933,
          53.62982
        ]
      },
      "properties": {
        "age_band_of_casualty": "9",
        "age_of_casualty": 56,
        "bus_or_coach_passenger": "0",
        "car_passenger": "0",
        "casualty_adjusted_severity_serious": "0",
        "casualty_adjusted_severity_slight": "1",
        "casualty_class": "1",
        "casualty_distance_banding": "3",
        "casualty_imd_decile": "2",
        "casualty_injury_based": "1",
        "casualty_reference": 1,
        "casualty_severity": "3",
        "casualty_type": "9",
        "collision_index": "2025131541285",
        "collision_ref_no": "131541285",
        "collision_year": 2025,
        "enhanced_casualty_severity": "3",
        "lsoa_of_casualty": "E01011043",
        "pedestrian_location": "0",
        "pedestrian_movement": "0",
        "pedestrian_road_maintenance_worker": "0",
        "sex_of_casualty": "2",
        "vehicle_reference": 1,
        "geometry_source": "inherited_from_linked_collision",
        "source_year": 2025
      }
    },
    {
      "type": "Feature",
      "id": "2025131570861:1",
      "geometry": {
        "type": "Point",
        "coordinates": [
          -1.74946,
          53.69709
        ]
      },
      "properties": {
        "age_band_of_casualty": "8",
        "age_of_casualty": 54,
        "bus_or_coach_passenger": "0",
        "car_passenger": "0",
        "casualty_adjusted_severity_serious": "0",
        "casualty_adjusted_severity_slight": "1",
        "casualty_class": "1",
        "casualty_distance_banding": "2",
        "casualty_imd_decile": "8",
        "casualty_injury_based": "1",
        "casualty_reference": 1,
        "casualty_severity": "3",
        "casualty_type": "9",
        "collision_index": "2025131570861",
        "collision_ref_no": "131570861",
        "collision_year": 2025,
        "enhanced_casualty_severity": "3",
        "lsoa_of_casualty": "E01011210",
        "pedestrian_location": "0",
        "pedestrian_movement": "0",
        "pedestrian_road_maintenance_worker": "0",
        "sex_of_casualty": "1",
        "vehicle_reference": 1,
        "geometry_source": "inherited_from_linked_collision",
        "source_year": 2025
      }
    },
    {
      "type": "Feature",
      "id": "2025131594304:1",
      "geometry": {
        "type": "Point",
        "coordinates": [
          -1.84401,
          53.73029
        ]
      },
      "properties": {
        "age_band_of_casualty": "11",
        "age_of_casualty": 77,
        "bus_or_coach_passenger": "0",
        "car_passenger": "0",
        "casualty_adjusted_severity_serious": "1",
        "casualty_adjusted_severity_slight": "0",
        "casualty_class": "2",
        "casualty_distance_banding": "1",
        "casualty_imd_decile": "2",
        "casualty_injury_based": "1",
        "casualty_reference": 1,
        "casualty_severity": "2",
        "casualty_type": "9",
        "collision_index": "2025131594304",
        "collision_ref_no": "131594304",
        "collision_year": 2025,
        "enhanced_casualty_severity": "6",
        "lsoa_of_casualty": "E01010912",
        "pedestrian_location": "0",
        "pedestrian_movement": "0",
        "pedestrian_road_maintenance_worker": "0",
        "sex_of_casualty": "2",
        "vehicle_reference": 2,
        "geometry_source": "inherited_from_linked_collision",
        "source_year": 2025
      }
    },
    {
      "type": "Feature",
      "id": "2025131598438:1",
      "geometry": {
        "type": "Point",
        "coordinates": [
          -1.89956,
          53.76065
        ]
      },
      "properties": {
        "age_band_of_casualty": "10",
        "age_of_casualty": 72,
        "bus_or_coach_passenger": "0",
        "car_passenger": "1",
        "casualty_adjusted_severity_serious": "0",
        "casualty_adjusted_severity_slight": "1",
        "casualty_class": "2",
        "casualty_distance_banding": "2",
        "casualty_imd_decile": "4",
        "casualty_injury_based": "1",
        "casualty_reference": 1,
        "casualty_severity": "3",
        "casualty_type": "9",
        "collision_index": "2025131598438",
        "collision_ref_no": "131598438",
        "collision_year": 2025,
        "enhanced_casualty_severity": "3",
        "lsoa_of_casualty": "E01010978",
        "pedestrian_location": "0",
        "pedestrian_movement": "0",
        "pedestrian_road_maintenance_worker": "0",
        "sex_of_casualty": "2",
        "vehicle_reference": 2,
        "geometry_source": "inherited_from_linked_collision",
        "source_year": 2025
      }
    },
    {
      "type": "Feature",
      "id": "2025131575389:1",
      "geometry": {
        "type": "Point",
        "coordinates": [
          -1.88124,
          53.73412
        ]
      },
      "properties": {
        "age_band_of_casualty": "4",
        "age_of_casualty": 17,
        "bus_or_coach_passenger": "0",
        "car_passenger": "0",
        "casualty_adjusted_severity_serious": "1",
        "casualty_adjusted_severity_slight": "0",
        "casualty_class": "1",
        "casualty_distance_banding": "3",
        "casualty_imd_decile": "8",
        "casualty_injury_based": "1",
        "casualty_reference": 1,
        "casualty_severity": "2",
        "casualty_type": "9",
        "collision_index": "2025131575389",
        "collision_ref_no": "131575389",
        "collision_year": 2025,
        "enhanced_casualty_severity": "7",
        "lsoa_of_casualty": "E01011527",
        "pedestrian_location": "0",
        "pedestrian_movement": "0",
        "pedestrian_road_maintenance_worker": "0",
        "sex_of_casualty": "1",
        "vehicle_reference": 1,
        "geometry_source": "inherited_from_linked_collision",
        "source_year": 2025
      }
    },
    {
      "type": "Feature",
      "id": "2025131577850:1",
      "geometry": {
        "type": "Point",
        "coordinates": [
          -1.91264,
          53.70754
        ]
      },
      "properties": {
        "age_band_of_casualty": "8",
        "age_of_casualty": 47,
        "bus_or_coach_passenger": "0",
        "car_passenger": "1",
        "casualty_adjusted_severity_serious": "0",
        "casualty_adjusted_severity_slight": "1",
        "casualty_class": "2",
        "casualty_distance_banding": "1",
        "casualty_imd_decile": "1",
        "casualty_injury_based": "1",
        "casualty_reference": 1,
        "casualty_severity": "3",
        "casualty_type": "9",
        "collision_index": "2025131577850",
        "collision_ref_no": "131577850",
        "collision_year": 2025,
        "enhanced_casualty_severity": "3",
        "lsoa_of_casualty": "E01010958",
        "pedestrian_location": "0",
        "pedestrian_movement": "0",
        "pedestrian_road_maintenance_worker": "0",
        "sex_of_casualty": "2",
        "vehicle_reference": 2,
        "geometry_source": "inherited_from_linked_collision",
        "source_year": 2025
      }
    },
    {
      "type": "Feature",
      "id": "2025131571418:1",
      "geometry": {
        "type": "Point",
        "coordinates": [
          -1.78701,
          53.71628
        ]
      },
      "properties": {
        "age_band_of_casualty": "6",
        "age_of_casualty": 34,
        "bus_or_coach_passenger": "0",
        "car_passenger": "0",
        "casualty_adjusted_severity_serious": "1",
        "casualty_adjusted_severity_slight": "0",
        "casualty_class": "1",
        "casualty_distance_banding": "1",
        "casualty_imd_decile": "2",
        "casualty_injury_based": "1",
        "casualty_reference": 1,
        "casualty_severity": "2",
        "casualty_type": "90",
        "collision_index": "2025131571418",
        "collision_ref_no": "131571418",
        "collision_year": 2025,
        "enhanced_casualty_severity": "7",
        "lsoa_of_casualty": "E01010910",
        "pedestrian_location": "0",
        "pedestrian_movement": "0",
        "pedestrian_road_maintenance_worker": "0",
        "sex_of_casualty": "1",
        "vehicle_reference": 1,
        "geometry_source": "inherited_from_linked_collision",
        "source_year": 2025
      }
    },
    {
      "type": "Feature",
      "id": "2025131581164:1",
      "geometry": {
        "type": "Point",
        "coordinates": [
          -1.89567,
          53.76424
        ]
      },
      "properties": {
        "age_band_of_casualty": "8",
        "age_of_casualty": 47,
        "bus_or_coach_passenger": "0",
        "car_passenger": "0",
        "casualty_adjusted_severity_serious": "0",
        "casualty_adjusted_severity_slight": "1",
        "casualty_class": "1",
        "casualty_distance_banding": "1",
        "casualty_imd_decile": "1",
        "casualty_injury_based": "1",
        "casualty_reference": 1,
        "casualty_severity": "3",
        "casualty_type": "9",
        "collision_index": "2025131581164",
        "collision_ref_no": "131581164",
        "collision_year": 2025,
        "enhanced_casualty_severity": "3",
        "lsoa_of_casualty": "E01010938",
        "pedestrian_location": "0",
        "pedestrian_movement": "0",
        "pedestrian_road_maintenance_worker": "0",
        "sex_of_casualty": "2",
        "vehicle_reference": 1,
        "geometry_source": "inherited_from_linked_collision",
        "source_year": 2025
      }
    },
    {
      "type": "Feature",
      "id": "2025131621287:1",
      "geometry": {
        "type": "Point",
        "coordinates": [
          -1.73164,
          53.68553
        ]
      },
      "properties": {
        "age_band_of_casualty": "11",
        "age_of_casualty": 84,
        "bus_or_coach_passenger": "0",
        "car_passenger": "1",
        "casualty_adjusted_severity_serious": "1",
        "casualty_adjusted_severity_slight": "0",
        "casualty_class": "2",
        "casualty_distance_banding": "4",
        "casualty_imd_decile": "2",
        "casualty_injury_based": "1",
        "casualty_reference": 1,
        "casualty_severity": "2",
        "casualty_type": "9",
        "collision_index": "2025131621287",
        "collision_ref_no": "131621287",
        "collision_year": 2025,
        "enhanced_casualty_severity": "6",
        "lsoa_of_casualty": "E01005528",
        "pedestrian_location": "0",
        "pedestrian_movement": "0",
        "pedestrian_road_maintenance_worker": "0",
        "sex_of_casualty": "2",
        "vehicle_reference": 1,
        "geometry_source": "inherited_from_linked_collision",
        "source_year": 2025
      }
    },
    {
      "type": "Feature",
      "id": "2025131637751:1",
      "geometry": {
        "type": "Point",
        "coordinates": [
          -1.96489,
          53.73428
        ]
      },
      "properties": {
        "age_band_of_casualty": "7",
        "age_of_casualty": 37,
        "bus_or_coach_passenger": "0",
        "car_passenger": "0",
        "casualty_adjusted_severity_serious": "1",
        "casualty_adjusted_severity_slight": "0",
        "casualty_class": "1",
        "casualty_distance_banding": "1",
        "casualty_imd_decile": "7",
        "casualty_injury_based": "1",
        "casualty_reference": 1,
        "casualty_severity": "2",
        "casualty_type": "9",
        "collision_index": "2025131637751",
        "collision_ref_no": "131637751",
        "collision_year": 2025,
        "enhanced_casualty_severity": "7",
        "lsoa_of_casualty": "E01010917",
        "pedestrian_location": "0",
        "pedestrian_movement": "0",
        "pedestrian_road_maintenance_worker": "0",
        "sex_of_casualty": "1",
        "vehicle_reference": 1,
        "geometry_source": "inherited_from_linked_collision",
        "source_year": 2025
      }
    },
    {
      "type": "Feature",
      "id": "2025131639046:3",
      "geometry": {
        "type": "Point",
        "coordinates": [
          -1.88509,
          53.71761
        ]
      },
      "properties": {
        "age_band_of_casualty": "2",
        "age_of_casualty": 8,
        "bus_or_coach_passenger": "0",
        "car_passenger": "2",
        "casualty_adjusted_severity_serious": "0",
        "casualty_adjusted_severity_slight": "1",
        "casualty_class": "2",
        "casualty_distance_banding": "1",
        "casualty_imd_decile": "2",
        "casualty_injury_based": "1",
        "casualty_reference": 3,
        "casualty_severity": "3",
        "casualty_type": "9",
        "collision_index": "2025131639046",
        "collision_ref_no": "131639046",
        "collision_year": 2025,
        "enhanced_casualty_severity": "3",
        "lsoa_of_casualty": "E01011002",
        "pedestrian_location": "0",
        "pedestrian_movement": "0",
        "pedestrian_road_maintenance_worker": "0",
        "sex_of_casualty": "2",
        "vehicle_reference": 1,
        "geometry_source": "inherited_from_linked_collision",
        "source_year": 2025
      }
    },
    {
      "type": "Feature",
      "id": "2025131605170:1",
      "geometry": {
        "type": "Point",
        "coordinates": [
          -1.75414,
          53.69609
        ]
      },
      "properties": {
        "age_band_of_casualty": "9",
        "age_of_casualty": 62,
        "bus_or_coach_passenger": "0",
        "car_passenger": "0",
        "casualty_adjusted_severity_serious": "1",
        "casualty_adjusted_severity_slight": "0",
        "casualty_class": "1",
        "casualty_distance_banding": "2",
        "casualty_imd_decile": "2",
        "casualty_injury_based": "1",
        "casualty_reference": 1,
        "casualty_severity": "2",
        "casualty_type": "4",
        "collision_index": "2025131605170",
        "collision_ref_no": "131605170",
        "collision_year": 2025,
        "enhanced_casualty_severity": "7",
        "lsoa_of_casualty": "E01010815",
        "pedestrian_location": "0",
        "pedestrian_movement": "0",
        "pedestrian_road_maintenance_worker": "0",
        "sex_of_casualty": "1",
        "vehicle_reference": 2,
        "geometry_source": "inherited_from_linked_collision",
        "source_year": 2025
      }
    },
    {
      "type": "Feature",
      "id": "2025131637065:1",
      "geometry": {
        "type": "Point",
        "coordinates": [
          -1.85589,
          53.72275
        ]
      },
      "properties": {
        "age_band_of_casualty": "8",
        "age_of_casualty": 55,
        "bus_or_coach_passenger": "0",
        "car_passenger": "0",
        "casualty_adjusted_severity_serious": "0",
        "casualty_adjusted_severity_slight": "1",
        "casualty_class": "1",
        "casualty_distance_banding": "1",
        "casualty_imd_decile": "7",
        "casualty_injury_based": "1",
        "casualty_reference": 1,
        "casualty_severity": "3",
        "casualty_type": "9",
        "collision_index": "2025131637065",
        "collision_ref_no": "131637065",
        "collision_year": 2025,
        "enhanced_casualty_severity": "3",
        "lsoa_of_casualty": "E01010972",
        "pedestrian_location": "0",
        "pedestrian_movement": "0",
        "pedestrian_road_maintenance_worker": "0",
        "sex_of_casualty": "1",
        "vehicle_reference": 1,
        "geometry_source": "inherited_from_linked_collision",
        "source_year": 2025
      }
    },
    {
      "type": "Feature",
      "id": "2025131658989:1",
      "geometry": {
        "type": "Point",
        "coordinates": [
          -1.80673,
          53.67924
        ]
      },
      "properties": {
        "age_band_of_casualty": "5",
        "age_of_casualty": 22,
        "bus_or_coach_passenger": "0",
        "car_passenger": "0",
        "casualty_adjusted_severity_serious": "0",
        "casualty_adjusted_severity_slight": "1",
        "casualty_class": "1",
        "casualty_distance_banding": "-1",
        "casualty_imd_decile": "-1",
        "casualty_injury_based": "1",
        "casualty_reference": 1,
        "casualty_severity": "3",
        "casualty_type": "9",
        "collision_index": "2025131658989",
        "collision_ref_no": "131658989",
        "collision_year": 2025,
        "enhanced_casualty_severity": "3",
        "lsoa_of_casualty": "-1",
        "pedestrian_location": "0",
        "pedestrian_movement": "0",
        "pedestrian_road_maintenance_worker": "0",
        "sex_of_casualty": "1",
        "vehicle_reference": 2,
        "geometry_source": "inherited_from_linked_collision",
        "source_year": 2025
      }
    },
    {
      "type": "Feature",
      "id": "2025131681432:1",
      "geometry": {
        "type": "Point",
        "coordinates": [
          -1.77974,
          53.70132
        ]
      },
      "properties": {
        "age_band_of_casualty": "6",
        "age_of_casualty": 28,
        "bus_or_coach_passenger": "0",
        "car_passenger": "0",
        "casualty_adjusted_severity_serious": "0",
        "casualty_adjusted_severity_slight": "1",
        "casualty_class": "3",
        "casualty_distance_banding": "1",
        "casualty_imd_decile": "3",
        "casualty_injury_based": "1",
        "casualty_reference": 1,
        "casualty_severity": "3",
        "casualty_type": "0",
        "collision_index": "2025131681432",
        "collision_ref_no": "131681432",
        "collision_year": 2025,
        "enhanced_casualty_severity": "3",
        "lsoa_of_casualty": "E01010877",
        "pedestrian_location": "5",
        "pedestrian_movement": "1",
        "pedestrian_road_maintenance_worker": "-1",
        "sex_of_casualty": "1",
        "vehicle_reference": 1,
        "geometry_source": "inherited_from_linked_collision",
        "source_year": 2025
      }
    },
    {
      "type": "Feature",
      "id": "2025131621898:1",
      "geometry": {
        "type": "Point",
        "coordinates": [
          -1.92031,
          53.67616
        ]
      },
      "properties": {
        "age_band_of_casualty": "4",
        "age_of_casualty": 19,
        "bus_or_coach_passenger": "0",
        "car_passenger": "0",
        "casualty_adjusted_severity_serious": "0",
        "casualty_adjusted_severity_slight": "1",
        "casualty_class": "1",
        "casualty_distance_banding": "1",
        "casualty_imd_decile": "9",
        "casualty_injury_based": "1",
        "casualty_reference": 1,
        "casualty_severity": "3",
        "casualty_type": "3",
        "collision_index": "2025131621898",
        "collision_ref_no": "131621898",
        "collision_year": 2025,
        "enhanced_casualty_severity": "3",
        "lsoa_of_casualty": "E01010900",
        "pedestrian_location": "0",
        "pedestrian_movement": "0",
        "pedestrian_road_maintenance_worker": "0",
        "sex_of_casualty": "1",
        "vehicle_reference": 2,
        "geometry_source": "inherited_from_linked_collision",
        "source_year": 2025
      }
    },
    {
      "type": "Feature",
      "id": "2025131550021:5",
      "geometry": {
        "type": "Point",
        "coordinates": [
          -1.99577,
          53.63943
        ]
      },
      "properties": {
        "age_band_of_casualty": "4",
        "age_of_casualty": 16,
        "bus_or_coach_passenger": "0",
        "car_passenger": "2",
        "casualty_adjusted_severity_serious": "0",
        "casualty_adjusted_severity_slight": "1",
        "casualty_class": "2",
        "casualty_distance_banding": "4",
        "casualty_imd_decile": "5",
        "casualty_injury_based": "1",
        "casualty_reference": 5,
        "casualty_severity": "3",
        "casualty_type": "9",
        "collision_index": "2025131550021",
        "collision_ref_no": "131550021",
        "collision_year": 2025,
        "enhanced_casualty_severity": "3",
        "lsoa_of_casualty": "E01011440",
        "pedestrian_location": "0",
        "pedestrian_movement": "0",
        "pedestrian_road_maintenance_worker": "0",
        "sex_of_casualty": "1",
        "vehicle_reference": 1,
        "geometry_source": "inherited_from_linked_collision",
        "source_year": 2025
      }
    },
    {
      "type": "Feature",
      "id": "2025131570802:5",
      "geometry": {
        "type": "Point",
        "coordinates": [
          -1.86505,
          53.72808
        ]
      },
      "properties": {
        "age_band_of_casualty": "4",
        "age_of_casualty": 20,
        "bus_or_coach_passenger": "0",
        "car_passenger": "2",
        "casualty_adjusted_severity_serious": "1",
        "casualty_adjusted_severity_slight": "0",
        "casualty_class": "2",
        "casualty_distance_banding": "1",
        "casualty_imd_decile": "3",
        "casualty_injury_based": "1",
        "casualty_reference": 5,
        "casualty_severity": "2",
        "casualty_type": "9",
        "collision_index": "2025131570802",
        "collision_ref_no": "131570802",
        "collision_year": 2025,
        "enhanced_casualty_severity": "6",
        "lsoa_of_casualty": "E01010914",
        "pedestrian_location": "0",
        "pedestrian_movement": "0",
        "pedestrian_road_maintenance_worker": "0",
        "sex_of_casualty": "1",
        "vehicle_reference": 1,
        "geometry_source": "inherited_from_linked_collision",
        "source_year": 2025
      }
    },
    {
      "type": "Feature",
      "id": "2025131626301:2",
      "geometry": {
        "type": "Point",
        "coordinates": [
          -1.86191,
          53.72535
        ]
      },
      "properties": {
        "age_band_of_casualty": "8",
        "age_of_casualty": 52,
        "bus_or_coach_passenger": "0",
        "car_passenger": "0",
        "casualty_adjusted_severity_serious": "0",
        "casualty_adjusted_severity_slight": "1",
        "casualty_class": "1",
        "casualty_distance_banding": "1",
        "casualty_imd_decile": "2",
        "casualty_injury_based": "1",
        "casualty_reference": 2,
        "casualty_severity": "3",
        "casualty_type": "9",
        "collision_index": "2025131626301",
        "collision_ref_no": "131626301",
        "collision_year": 2025,
        "enhanced_casualty_severity": "3",
        "lsoa_of_casualty": "E01010942",
        "pedestrian_location": "0",
        "pedestrian_movement": "0",
        "pedestrian_road_maintenance_worker": "0",
        "sex_of_casualty": "2",
        "vehicle_reference": 2,
        "geometry_source": "inherited_from_linked_collision",
        "source_year": 2025
      }
    },
    {
      "type": "Feature",
      "id": "2025131671917:1",
      "geometry": {
        "type": "Point",
        "coordinates": [
          -1.73888,
          53.68845
        ]
      },
      "properties": {
        "age_band_of_casualty": "6",
        "age_of_casualty": 33,
        "bus_or_coach_passenger": "0",
        "car_passenger": "0",
        "casualty_adjusted_severity_serious": "0",
        "casualty_adjusted_severity_slight": "1",
        "casualty_class": "1",
        "casualty_distance_banding": "1",
        "casualty_imd_decile": "1",
        "casualty_injury_based": "1",
        "casualty_reference": 1,
        "casualty_severity": "3",
        "casualty_type": "9",
        "collision_index": "2025131671917",
        "collision_ref_no": "131671917",
        "collision_year": 2025,
        "enhanced_casualty_severity": "3",
        "lsoa_of_casualty": "E01011143",
        "pedestrian_location": "0",
        "pedestrian_movement": "0",
        "pedestrian_road_maintenance_worker": "0",
        "sex_of_casualty": "2",
        "vehicle_reference": 2,
        "geometry_source": "inherited_from_linked_collision",
        "source_year": 2025
      }
    },
    {
      "type": "Feature",
      "id": "2025131544545:4",
      "geometry": {
        "type": "Point",
        "coordinates": [
          -1.91413,
          53.7063
        ]
      },
      "properties": {
        "age_band_of_casualty": "6",
        "age_of_casualty": 31,
        "bus_or_coach_passenger": "0",
        "car_passenger": "0",
        "casualty_adjusted_severity_serious": "0",
        "casualty_adjusted_severity_slight": "1",
        "casualty_class": "1",
        "casualty_distance_banding": "3",
        "casualty_imd_decile": "8",
        "casualty_injury_based": "1",
        "casualty_reference": 4,
        "casualty_severity": "3",
        "casualty_type": "9",
        "collision_index": "2025131544545",
        "collision_ref_no": "131544545",
        "collision_year": 2025,
        "enhanced_casualty_severity": "3",
        "lsoa_of_casualty": "E01010568",
        "pedestrian_location": "0",
        "pedestrian_movement": "0",
        "pedestrian_road_maintenance_worker": "0",
        "sex_of_casualty": "2",
        "vehicle_reference": 2,
        "geometry_source": "inherited_from_linked_collision",
        "source_year": 2025
      }
    },
    {
      "type": "Feature",
      "id": "2025131625807:1",
      "geometry": {
        "type": "Point",
        "coordinates": [
          -1.77614,
          53.72269
        ]
      },
      "properties": {
        "age_band_of_casualty": "8",
        "age_of_casualty": 51,
        "bus_or_coach_passenger": "0",
        "car_passenger": "0",
        "casualty_adjusted_severity_serious": "0",
        "casualty_adjusted_severity_slight": "1",
        "casualty_class": "1",
        "casualty_distance_banding": "2",
        "casualty_imd_decile": "1",
        "casualty_injury_based": "1",
        "casualty_reference": 1,
        "casualty_severity": "3",
        "casualty_type": "9",
        "collision_index": "2025131625807",
        "collision_ref_no": "131625807",
        "collision_year": 2025,
        "enhanced_casualty_severity": "3",
        "lsoa_of_casualty": "E01010730",
        "pedestrian_location": "0",
        "pedestrian_movement": "0",
        "pedestrian_road_maintenance_worker": "0",
        "sex_of_casualty": "1",
        "vehicle_reference": 2,
        "geometry_source": "inherited_from_linked_collision",
        "source_year": 2025
      }
    },
    {
      "type": "Feature",
      "id": "2025131594581:1",
      "geometry": {
        "type": "Point",
        "coordinates": [
          -1.79061,
          53.70348
        ]
      },
      "properties": {
        "age_band_of_casualty": "9",
        "age_of_casualty": 59,
        "bus_or_coach_passenger": "0",
        "car_passenger": "0",
        "casualty_adjusted_severity_serious": "0",
        "casualty_adjusted_severity_slight": "1",
        "casualty_class": "1",
        "casualty_distance_banding": "1",
        "casualty_imd_decile": "6",
        "casualty_injury_based": "1",
        "casualty_reference": 1,
        "casualty_severity": "3",
        "casualty_type": "1",
        "collision_index": "2025131594581",
        "collision_ref_no": "131594581",
        "collision_year": 2025,
        "enhanced_casualty_severity": "3",
        "lsoa_of_casualty": "E01011062",
        "pedestrian_location": "0",
        "pedestrian_movement": "0",
        "pedestrian_road_maintenance_worker": "0",
        "sex_of_casualty": "1",
        "vehicle_reference": 2,
        "geometry_source": "inherited_from_linked_collision",
        "source_year": 2025
      }
    },
    {
      "type": "Feature",
      "id": "2025131669744:2",
      "geometry": {
        "type": "Point",
        "coordinates": [
          -1.81579,
          53.7532
        ]
      },
      "properties": {
        "age_band_of_casualty": "6",
        "age_of_casualty": 32,
        "bus_or_coach_passenger": "0",
        "car_passenger": "-1",
        "casualty_adjusted_severity_serious": "0",
        "casualty_adjusted_severity_slight": "1",
        "casualty_class": "2",
        "casualty_distance_banding": "2",
        "casualty_imd_decile": "1",
        "casualty_injury_based": "1",
        "casualty_reference": 2,
        "casualty_severity": "3",
        "casualty_type": "5",
        "collision_index": "2025131669744",
        "collision_ref_no": "131669744",
        "collision_year": 2025,
        "enhanced_casualty_severity": "3",
        "lsoa_of_casualty": "E01010826",
        "pedestrian_location": "0",
        "pedestrian_movement": "0",
        "pedestrian_road_maintenance_worker": "0",
        "sex_of_casualty": "2",
        "vehicle_reference": 2,
        "geometry_source": "inherited_from_linked_collision",
        "source_year": 2025
      }
    },
    {
      "type": "Feature",
      "id": "2025131546230:1",
      "geometry": {
        "type": "Point",
        "coordinates": [
          -1.8741,
          53.73473
        ]
      },
      "properties": {
        "age_band_of_casualty": "3",
        "age_of_casualty": 15,
        "bus_or_coach_passenger": "0",
        "car_passenger": "0",
        "casualty_adjusted_severity_serious": "0",
        "casualty_adjusted_severity_slight": "1",
        "casualty_class": "3",
        "casualty_distance_banding": "1",
        "casualty_imd_decile": "2",
        "casualty_injury_based": "1",
        "casualty_reference": 1,
        "casualty_severity": "3",
        "casualty_type": "0",
        "collision_index": "2025131546230",
        "collision_ref_no": "131546230",
        "collision_year": 2025,
        "enhanced_casualty_severity": "3",
        "lsoa_of_casualty": "E01010961",
        "pedestrian_location": "5",
        "pedestrian_movement": "3",
        "pedestrian_road_maintenance_worker": "-1",
        "sex_of_casualty": "2",
        "vehicle_reference": 1,
        "geometry_source": "inherited_from_linked_collision",
        "source_year": 2025
      }
    },
    {
      "type": "Feature",
      "id": "2025131551927:1",
      "geometry": {
        "type": "Point",
        "coordinates": [
          -1.87679,
          53.74138
        ]
      },
      "properties": {
        "age_band_of_casualty": "7",
        "age_of_casualty": 43,
        "bus_or_coach_passenger": "0",
        "car_passenger": "0",
        "casualty_adjusted_severity_serious": "0",
        "casualty_adjusted_severity_slight": "1",
        "casualty_class": "1",
        "casualty_distance_banding": "3",
        "casualty_imd_decile": "1",
        "casualty_injury_based": "1",
        "casualty_reference": 1,
        "casualty_severity": "3",
        "casualty_type": "9",
        "collision_index": "2025131551927",
        "collision_ref_no": "131551927",
        "collision_year": 2025,
        "enhanced_casualty_severity": "3",
        "lsoa_of_casualty": "E01010614",
        "pedestrian_location": "0",
        "pedestrian_movement": "0",
        "pedestrian_road_maintenance_worker": "0",
        "sex_of_casualty": "1",
        "vehicle_reference": 2,
        "geometry_source": "inherited_from_linked_collision",
        "source_year": 2025
      }
    },
    {
      "type": "Feature",
      "id": "2025131634992:1",
      "geometry": {
        "type": "Point",
        "coordinates": [
          -1.91512,
          53.68119
        ]
      },
      "properties": {
        "age_band_of_casualty": "8",
        "age_of_casualty": 52,
        "bus_or_coach_passenger": "0",
        "car_passenger": "0",
        "casualty_adjusted_severity_serious": "0",
        "casualty_adjusted_severity_slight": "1",
        "casualty_class": "1",
        "casualty_distance_banding": "1",
        "casualty_imd_decile": "4",
        "casualty_injury_based": "1",
        "casualty_reference": 1,
        "casualty_severity": "3",
        "casualty_type": "9",
        "collision_index": "2025131634992",
        "collision_ref_no": "131634992",
        "collision_year": 2025,
        "enhanced_casualty_severity": "3",
        "lsoa_of_casualty": "E01010902",
        "pedestrian_location": "0",
        "pedestrian_movement": "0",
        "pedestrian_road_maintenance_worker": "0",
        "sex_of_casualty": "1",
        "vehicle_reference": 2,
        "geometry_source": "inherited_from_linked_collision",
        "source_year": 2025
      }
    },
    {
      "type": "Feature",
      "id": "2025131675734:2",
      "geometry": {
        "type": "Point",
        "coordinates": [
          -1.86702,
          53.67638
        ]
      },
      "properties": {
        "age_band_of_casualty": "9",
        "age_of_casualty": 58,
        "bus_or_coach_passenger": "0",
        "car_passenger": "0",
        "casualty_adjusted_severity_serious": "0",
        "casualty_adjusted_severity_slight": "1",
        "casualty_class": "1",
        "casualty_distance_banding": "3",
        "casualty_imd_decile": "3",
        "casualty_injury_based": "1",
        "casualty_reference": 2,
        "casualty_severity": "3",
        "casualty_type": "9",
        "collision_index": "2025131675734",
        "collision_ref_no": "131675734",
        "collision_year": 2025,
        "enhanced_casualty_severity": "3",
        "lsoa_of_casualty": "E01010762",
        "pedestrian_location": "0",
        "pedestrian_movement": "0",
        "pedestrian_road_maintenance_worker": "0",
        "sex_of_casualty": "2",
        "vehicle_reference": 1,
        "geometry_source": "inherited_from_linked_collision",
        "source_year": 2025
      }
    },
    {
      "type": "Feature",
      "id": "2025131677845:1",
      "geometry": {
        "type": "Point",
        "coordinates": [
          -1.89578,
          53.76428
        ]
      },
      "properties": {
        "age_band_of_casualty": "8",
        "age_of_casualty": 52,
        "bus_or_coach_passenger": "0",
        "car_passenger": "0",
        "casualty_adjusted_severity_serious": "1",
        "casualty_adjusted_severity_slight": "0",
        "casualty_class": "1",
        "casualty_distance_banding": "1",
        "casualty_imd_decile": "2",
        "casualty_injury_based": "1",
        "casualty_reference": 1,
        "casualty_severity": "2",
        "casualty_type": "9",
        "collision_index": "2025131677845",
        "collision_ref_no": "131677845",
        "collision_year": 2025,
        "enhanced_casualty_severity": "5",
        "lsoa_of_casualty": "E01010942",
        "pedestrian_location": "0",
        "pedestrian_movement": "0",
        "pedestrian_road_maintenance_worker": "0",
        "sex_of_casualty": "1",
        "vehicle_reference": 1,
        "geometry_source": "inherited_from_linked_collision",
        "source_year": 2025
      }
    },
    {
      "type": "Feature",
      "id": "2025131567293:1",
      "geometry": {
        "type": "Point",
        "coordinates": [
          -1.77681,
          53.72256
        ]
      },
      "properties": {
        "age_band_of_casualty": "4",
        "age_of_casualty": 18,
        "bus_or_coach_passenger": "0",
        "car_passenger": "0",
        "casualty_adjusted_severity_serious": "0",
        "casualty_adjusted_severity_slight": "1",
        "casualty_class": "3",
        "casualty_distance_banding": "1",
        "casualty_imd_decile": "6",
        "casualty_injury_based": "1",
        "casualty_reference": 1,
        "casualty_severity": "3",
        "casualty_type": "0",
        "collision_index": "2025131567293",
        "collision_ref_no": "131567293",
        "collision_year": 2025,
        "enhanced_casualty_severity": "3",
        "lsoa_of_casualty": "E01010908",
        "pedestrian_location": "8",
        "pedestrian_movement": "1",
        "pedestrian_road_maintenance_worker": "-1",
        "sex_of_casualty": "2",
        "vehicle_reference": 1,
        "geometry_source": "inherited_from_linked_collision",
        "source_year": 2025
      }
    },
    {
      "type": "Feature",
      "id": "2025131592680:2",
      "geometry": {
        "type": "Point",
        "coordinates": [
          -1.89597,
          53.76474
        ]
      },
      "properties": {
        "age_band_of_casualty": "6",
        "age_of_casualty": 30,
        "bus_or_coach_passenger": "0",
        "car_passenger": "0",
        "casualty_adjusted_severity_serious": "1",
        "casualty_adjusted_severity_slight": "0",
        "casualty_class": "1",
        "casualty_distance_banding": "3",
        "casualty_imd_decile": "1",
        "casualty_injury_based": "1",
        "casualty_reference": 2,
        "casualty_severity": "2",
        "casualty_type": "9",
        "collision_index": "2025131592680",
        "collision_ref_no": "131592680",
        "collision_year": 2025,
        "enhanced_casualty_severity": "7",
        "lsoa_of_casualty": "E01010701",
        "pedestrian_location": "0",
        "pedestrian_movement": "0",
        "pedestrian_road_maintenance_worker": "0",
        "sex_of_casualty": "1",
        "vehicle_reference": 2,
        "geometry_source": "inherited_from_linked_collision",
        "source_year": 2025
      }
    },
    {
      "type": "Feature",
      "id": "2025131634384:1",
      "geometry": {
        "type": "Point",
        "coordinates": [
          -1.89561,
          53.723
        ]
      },
      "properties": {
        "age_band_of_casualty": "2",
        "age_of_casualty": 9,
        "bus_or_coach_passenger": "0",
        "car_passenger": "0",
        "casualty_adjusted_severity_serious": "1",
        "casualty_adjusted_severity_slight": "0",
        "casualty_class": "1",
        "casualty_distance_banding": "1",
        "casualty_imd_decile": "1",
        "casualty_injury_based": "1",
        "casualty_reference": 1,
        "casualty_severity": "2",
        "casualty_type": "1",
        "collision_index": "2025131634384",
        "collision_ref_no": "131634384",
        "collision_year": 2025,
        "enhanced_casualty_severity": "7",
        "lsoa_of_casualty": "E01010996",
        "pedestrian_location": "0",
        "pedestrian_movement": "0",
        "pedestrian_road_maintenance_worker": "0",
        "sex_of_casualty": "1",
        "vehicle_reference": 2,
        "geometry_source": "inherited_from_linked_collision",
        "source_year": 2025
      }
    },
    {
      "type": "Feature",
      "id": "2025131550021:1",
      "geometry": {
        "type": "Point",
        "coordinates": [
          -1.99577,
          53.63943
        ]
      },
      "properties": {
        "age_band_of_casualty": "3",
        "age_of_casualty": 15,
        "bus_or_coach_passenger": "0",
        "car_passenger": "0",
        "casualty_adjusted_severity_serious": "0",
        "casualty_adjusted_severity_slight": "1",
        "casualty_class": "2",
        "casualty_distance_banding": "3",
        "casualty_imd_decile": "5",
        "casualty_injury_based": "1",
        "casualty_reference": 1,
        "casualty_severity": "3",
        "casualty_type": "9",
        "collision_index": "2025131550021",
        "collision_ref_no": "131550021",
        "collision_year": 2025,
        "enhanced_casualty_severity": "3",
        "lsoa_of_casualty": "E01010990",
        "pedestrian_location": "0",
        "pedestrian_movement": "0",
        "pedestrian_road_maintenance_worker": "0",
        "sex_of_casualty": "2",
        "vehicle_reference": 1,
        "geometry_source": "inherited_from_linked_collision",
        "source_year": 2025
      }
    },
    {
      "type": "Feature",
      "id": "2025131558866:1",
      "geometry": {
        "type": "Point",
        "coordinates": [
          -1.93887,
          53.74448
        ]
      },
      "properties": {
        "age_band_of_casualty": "4",
        "age_of_casualty": 18,
        "bus_or_coach_passenger": "0",
        "car_passenger": "1",
        "casualty_adjusted_severity_serious": "0",
        "casualty_adjusted_severity_slight": "1",
        "casualty_class": "2",
        "casualty_distance_banding": "3",
        "casualty_imd_decile": "2",
        "casualty_injury_based": "1",
        "casualty_reference": 1,
        "casualty_severity": "3",
        "casualty_type": "9",
        "collision_index": "2025131558866",
        "collision_ref_no": "131558866",
        "collision_year": 2025,
        "enhanced_casualty_severity": "3",
        "lsoa_of_casualty": "E01010988",
        "pedestrian_location": "0",
        "pedestrian_movement": "0",
        "pedestrian_road_maintenance_worker": "0",
        "sex_of_casualty": "1",
        "vehicle_reference": 1,
        "geometry_source": "inherited_from_linked_collision",
        "source_year": 2025
      }
    },
    {
      "type": "Feature",
      "id": "2025131644778:1",
      "geometry": {
        "type": "Point",
        "coordinates": [
          -1.7871,
          53.71123
        ]
      },
      "properties": {
        "age_band_of_casualty": "7",
        "age_of_casualty": 38,
        "bus_or_coach_passenger": "0",
        "car_passenger": "0",
        "casualty_adjusted_severity_serious": "0",
        "casualty_adjusted_severity_slight": "1",
        "casualty_class": "1",
        "casualty_distance_banding": "1",
        "casualty_imd_decile": "4",
        "casualty_injury_based": "1",
        "casualty_reference": 1,
        "casualty_severity": "3",
        "casualty_type": "9",
        "collision_index": "2025131644778",
        "collision_ref_no": "131644778",
        "collision_year": 2025,
        "enhanced_casualty_severity": "3",
        "lsoa_of_casualty": "E01010878",
        "pedestrian_location": "0",
        "pedestrian_movement": "0",
        "pedestrian_road_maintenance_worker": "0",
        "sex_of_casualty": "2",
        "vehicle_reference": 2,
        "geometry_source": "inherited_from_linked_collision",
        "source_year": 2025
      }
    },
    {
      "type": "Feature",
      "id": "2025131668851:1",
      "geometry": {
        "type": "Point",
        "coordinates": [
          -1.87147,
          53.71631
        ]
      },
      "properties": {
        "age_band_of_casualty": "6",
        "age_of_casualty": 30,
        "bus_or_coach_passenger": "0",
        "car_passenger": "1",
        "casualty_adjusted_severity_serious": "0",
        "casualty_adjusted_severity_slight": "1",
        "casualty_class": "2",
        "casualty_distance_banding": "1",
        "casualty_imd_decile": "5",
        "casualty_injury_based": "1",
        "casualty_reference": 1,
        "casualty_severity": "3",
        "casualty_type": "9",
        "collision_index": "2025131668851",
        "collision_ref_no": "131668851",
        "collision_year": 2025,
        "enhanced_casualty_severity": "3",
        "lsoa_of_casualty": "E01010934",
        "pedestrian_location": "0",
        "pedestrian_movement": "0",
        "pedestrian_road_maintenance_worker": "0",
        "sex_of_casualty": "2",
        "vehicle_reference": 1,
        "geometry_source": "inherited_from_linked_collision",
        "source_year": 2025
      }
    },
    {
      "type": "Feature",
      "id": "2025131670654:1",
      "geometry": {
        "type": "Point",
        "coordinates": [
          -1.85913,
          53.71367
        ]
      },
      "properties": {
        "age_band_of_casualty": "5",
        "age_of_casualty": 21,
        "bus_or_coach_passenger": "0",
        "car_passenger": "0",
        "casualty_adjusted_severity_serious": "0",
        "casualty_adjusted_severity_slight": "1",
        "casualty_class": "1",
        "casualty_distance_banding": "2",
        "casualty_imd_decile": "8",
        "casualty_injury_based": "1",
        "casualty_reference": 1,
        "casualty_severity": "3",
        "casualty_type": "9",
        "collision_index": "2025131670654",
        "collision_ref_no": "131670654",
        "collision_year": 2025,
        "enhanced_casualty_severity": "3",
        "lsoa_of_casualty": "E01011203",
        "pedestrian_location": "0",
        "pedestrian_movement": "0",
        "pedestrian_road_maintenance_worker": "0",
        "sex_of_casualty": "2",
        "vehicle_reference": 2,
        "geometry_source": "inherited_from_linked_collision",
        "source_year": 2025
      }
    },
    {
      "type": "Feature",
      "id": "2025131551987:1",
      "geometry": {
        "type": "Point",
        "coordinates": [
          -1.88802,
          53.71446
        ]
      },
      "properties": {
        "age_band_of_casualty": "7",
        "age_of_casualty": 36,
        "bus_or_coach_passenger": "0",
        "car_passenger": "0",
        "casualty_adjusted_severity_serious": "1",
        "casualty_adjusted_severity_slight": "0",
        "casualty_class": "3",
        "casualty_distance_banding": "2",
        "casualty_imd_decile": "7",
        "casualty_injury_based": "1",
        "casualty_reference": 1,
        "casualty_severity": "2",
        "casualty_type": "0",
        "collision_index": "2025131551987",
        "collision_ref_no": "131551987",
        "collision_year": 2025,
        "enhanced_casualty_severity": "7",
        "lsoa_of_casualty": "E01010917",
        "pedestrian_location": "9",
        "pedestrian_movement": "7",
        "pedestrian_road_maintenance_worker": "-1",
        "sex_of_casualty": "1",
        "vehicle_reference": 1,
        "geometry_source": "inherited_from_linked_collision",
        "source_year": 2025
      }
    },
    {
      "type": "Feature",
      "id": "2025131546927:1",
      "geometry": {
        "type": "Point",
        "coordinates": [
          -1.84316,
          53.7306
        ]
      },
      "properties": {
        "age_band_of_casualty": "9",
        "age_of_casualty": 63,
        "bus_or_coach_passenger": "0",
        "car_passenger": "0",
        "casualty_adjusted_severity_serious": "1",
        "casualty_adjusted_severity_slight": "0",
        "casualty_class": "1",
        "casualty_distance_banding": "3",
        "casualty_imd_decile": "7",
        "casualty_injury_based": "1",
        "casualty_reference": 1,
        "casualty_severity": "2",
        "casualty_type": "9",
        "collision_index": "2025131546927",
        "collision_ref_no": "131546927",
        "collision_year": 2025,
        "enhanced_casualty_severity": "6",
        "lsoa_of_casualty": "E01010952",
        "pedestrian_location": "0",
        "pedestrian_movement": "0",
        "pedestrian_road_maintenance_worker": "0",
        "sex_of_casualty": "2",
        "vehicle_reference": 1,
        "geometry_source": "inherited_from_linked_collision",
        "source_year": 2025
      }
    },
    {
      "type": "Feature",
      "id": "2025131554705:1",
      "geometry": {
        "type": "Point",
        "coordinates": [
          -1.8706,
          53.74316
        ]
      },
      "properties": {
        "age_band_of_casualty": "7",
        "age_of_casualty": 45,
        "bus_or_coach_passenger": "0",
        "car_passenger": "0",
        "casualty_adjusted_severity_serious": "1",
        "casualty_adjusted_severity_slight": "0",
        "casualty_class": "1",
        "casualty_distance_banding": "2",
        "casualty_imd_decile": "7",
        "casualty_injury_based": "1",
        "casualty_reference": 1,
        "casualty_severity": "2",
        "casualty_type": "9",
        "collision_index": "2025131554705",
        "collision_ref_no": "131554705",
        "collision_year": 2025,
        "enhanced_casualty_severity": "7",
        "lsoa_of_casualty": "E01010899",
        "pedestrian_location": "0",
        "pedestrian_movement": "0",
        "pedestrian_road_maintenance_worker": "0",
        "sex_of_casualty": "2",
        "vehicle_reference": 2,
        "geometry_source": "inherited_from_linked_collision",
        "source_year": 2025
      }
    },
    {
      "type": "Feature",
      "id": "2025131650290:5",
      "geometry": {
        "type": "Point",
        "coordinates": [
          -1.90924,
          53.71761
        ]
      },
      "properties": {
        "age_band_of_casualty": "6",
        "age_of_casualty": 26,
        "bus_or_coach_passenger": "0",
        "car_passenger": "1",
        "casualty_adjusted_severity_serious": "1",
        "casualty_adjusted_severity_slight": "0",
        "casualty_class": "2",
        "casualty_distance_banding": "3",
        "casualty_imd_decile": "2",
        "casualty_injury_based": "1",
        "casualty_reference": 5,
        "casualty_severity": "2",
        "casualty_type": "9",
        "collision_index": "2025131650290",
        "collision_ref_no": "131650290",
        "collision_year": 2025,
        "enhanced_casualty_severity": "5",
        "lsoa_of_casualty": "E01010673",
        "pedestrian_location": "0",
        "pedestrian_movement": "0",
        "pedestrian_road_maintenance_worker": "0",
        "sex_of_casualty": "1",
        "vehicle_reference": 1,
        "geometry_source": "inherited_from_linked_collision",
        "source_year": 2025
      }
    },
    {
      "type": "Feature",
      "id": "2025131664922:2",
      "geometry": {
        "type": "Point",
        "coordinates": [
          -1.90305,
          53.71049
        ]
      },
      "properties": {
        "age_band_of_casualty": "5",
        "age_of_casualty": 24,
        "bus_or_coach_passenger": "0",
        "car_passenger": "1",
        "casualty_adjusted_severity_serious": "0",
        "casualty_adjusted_severity_slight": "1",
        "casualty_class": "2",
        "casualty_distance_banding": "2",
        "casualty_imd_decile": "2",
        "casualty_injury_based": "1",
        "casualty_reference": 2,
        "casualty_severity": "3",
        "casualty_type": "9",
        "collision_index": "2025131664922",
        "collision_ref_no": "131664922",
        "collision_year": 2025,
        "enhanced_casualty_severity": "3",
        "lsoa_of_casualty": "E01010752",
        "pedestrian_location": "0",
        "pedestrian_movement": "0",
        "pedestrian_road_maintenance_worker": "0",
        "sex_of_casualty": "2",
        "vehicle_reference": 2,
        "geometry_source": "inherited_from_linked_collision",
        "source_year": 2025
      }
    },
    {
      "type": "Feature",
      "id": "2025131551932:1",
      "geometry": {
        "type": "Point",
        "coordinates": [
          -1.90431,
          53.7334
        ]
      },
      "properties": {
        "age_band_of_casualty": "4",
        "age_of_casualty": 19,
        "bus_or_coach_passenger": "0",
        "car_passenger": "2",
        "casualty_adjusted_severity_serious": "1",
        "casualty_adjusted_severity_slight": "0",
        "casualty_class": "2",
        "casualty_distance_banding": "1",
        "casualty_imd_decile": "1",
        "casualty_injury_based": "1",
        "casualty_reference": 1,
        "casualty_severity": "2",
        "casualty_type": "9",
        "collision_index": "2025131551932",
        "collision_ref_no": "131551932",
        "collision_year": 2025,
        "enhanced_casualty_severity": "7",
        "lsoa_of_casualty": "E01010938",
        "pedestrian_location": "0",
        "pedestrian_movement": "0",
        "pedestrian_road_maintenance_worker": "0",
        "sex_of_casualty": "1",
        "vehicle_reference": 1,
        "geometry_source": "inherited_from_linked_collision",
        "source_year": 2025
      }
    },
    {
      "type": "Feature",
      "id": "2025131559837:1",
      "geometry": {
        "type": "Point",
        "coordinates": [
          -1.85881,
          53.72259
        ]
      },
      "properties": {
        "age_band_of_casualty": "8",
        "age_of_casualty": 53,
        "bus_or_coach_passenger": "0",
        "car_passenger": "0",
        "casualty_adjusted_severity_serious": "0",
        "casualty_adjusted_severity_slight": "1",
        "casualty_class": "3",
        "casualty_distance_banding": "2",
        "casualty_imd_decile": "7",
        "casualty_injury_based": "1",
        "casualty_reference": 1,
        "casualty_severity": "3",
        "casualty_type": "0",
        "collision_index": "2025131559837",
        "collision_ref_no": "131559837",
        "collision_year": 2025,
        "enhanced_casualty_severity": "3",
        "lsoa_of_casualty": "E01010917",
        "pedestrian_location": "5",
        "pedestrian_movement": "1",
        "pedestrian_road_maintenance_worker": "-1",
        "sex_of_casualty": "2",
        "vehicle_reference": 1,
        "geometry_source": "inherited_from_linked_collision",
        "source_year": 2025
      }
    },
    {
      "type": "Feature",
      "id": "2025131687248:1",
      "geometry": {
        "type": "Point",
        "coordinates": [
          -1.8313,
          53.67897
        ]
      },
      "properties": {
        "age_band_of_casualty": "7",
        "age_of_casualty": 44,
        "bus_or_coach_passenger": "0",
        "car_passenger": "0",
        "casualty_adjusted_severity_serious": "0",
        "casualty_adjusted_severity_slight": "1",
        "casualty_class": "3",
        "casualty_distance_banding": "1",
        "casualty_imd_decile": "2",
        "casualty_injury_based": "1",
        "casualty_reference": 1,
        "casualty_severity": "3",
        "casualty_type": "0",
        "collision_index": "2025131687248",
        "collision_ref_no": "131687248",
        "collision_year": 2025,
        "enhanced_casualty_severity": "3",
        "lsoa_of_casualty": "E01010894",
        "pedestrian_location": "10",
        "pedestrian_movement": "3",
        "pedestrian_road_maintenance_worker": "-1",
        "sex_of_casualty": "2",
        "vehicle_reference": 1,
        "geometry_source": "inherited_from_linked_collision",
        "source_year": 2025
      }
    },
    {
      "type": "Feature",
      "id": "2025131551012:1",
      "geometry": {
        "type": "Point",
        "coordinates": [
          -1.88171,
          53.7226
        ]
      },
      "properties": {
        "age_band_of_casualty": "2",
        "age_of_casualty": 6,
        "bus_or_coach_passenger": "0",
        "car_passenger": "1",
        "casualty_adjusted_severity_serious": "0",
        "casualty_adjusted_severity_slight": "1",
        "casualty_class": "2",
        "casualty_distance_banding": "1",
        "casualty_imd_decile": "6",
        "casualty_injury_based": "1",
        "casualty_reference": 1,
        "casualty_severity": "3",
        "casualty_type": "19",
        "collision_index": "2025131551012",
        "collision_ref_no": "131551012",
        "collision_year": 2025,
        "enhanced_casualty_severity": "3",
        "lsoa_of_casualty": "E01010975",
        "pedestrian_location": "0",
        "pedestrian_movement": "0",
        "pedestrian_road_maintenance_worker": "0",
        "sex_of_casualty": "2",
        "vehicle_reference": 2,
        "geometry_source": "inherited_from_linked_collision",
        "source_year": 2025
      }
    },
    {
      "type": "Feature",
      "id": "2025131553162:1",
      "geometry": {
        "type": "Point",
        "coordinates": [
          -1.74423,
          53.70813
        ]
      },
      "properties": {
        "age_band_of_casualty": "6",
        "age_of_casualty": 28,
        "bus_or_coach_passenger": "0",
        "car_passenger": "0",
        "casualty_adjusted_severity_serious": "0",
        "casualty_adjusted_severity_slight": "1",
        "casualty_class": "1",
        "casualty_distance_banding": "4",
        "casualty_imd_decile": "2",
        "casualty_injury_based": "1",
        "casualty_reference": 1,
        "casualty_severity": "3",
        "casualty_type": "19",
        "collision_index": "2025131553162",
        "collision_ref_no": "131553162",
        "collision_year": 2025,
        "enhanced_casualty_severity": "3",
        "lsoa_of_casualty": "E01005886",
        "pedestrian_location": "0",
        "pedestrian_movement": "0",
        "pedestrian_road_maintenance_worker": "0",
        "sex_of_casualty": "1",
        "vehicle_reference": 2,
        "geometry_source": "inherited_from_linked_collision",
        "source_year": 2025
      }
    },
    {
      "type": "Feature",
      "id": "2025131587922:2",
      "geometry": {
        "type": "Point",
        "coordinates": [
          -1.85147,
          53.69892
        ]
      },
      "properties": {
        "age_band_of_casualty": "6",
        "age_of_casualty": 33,
        "bus_or_coach_passenger": "0",
        "car_passenger": "1",
        "casualty_adjusted_severity_serious": "0",
        "casualty_adjusted_severity_slight": "1",
        "casualty_class": "2",
        "casualty_distance_banding": "-1",
        "casualty_imd_decile": "-1",
        "casualty_injury_based": "1",
        "casualty_reference": 2,
        "casualty_severity": "3",
        "casualty_type": "9",
        "collision_index": "2025131587922",
        "collision_ref_no": "131587922",
        "collision_year": 2025,
        "enhanced_casualty_severity": "3",
        "lsoa_of_casualty": "-1",
        "pedestrian_location": "0",
        "pedestrian_movement": "0",
        "pedestrian_road_maintenance_worker": "0",
        "sex_of_casualty": "1",
        "vehicle_reference": 2,
        "geometry_source": "inherited_from_linked_collision",
        "source_year": 2025
      }
    },
    {
      "type": "Feature",
      "id": "2025131602573:1",
      "geometry": {
        "type": "Point",
        "coordinates": [
          -1.76027,
          53.69715
        ]
      },
      "properties": {
        "age_band_of_casualty": "7",
        "age_of_casualty": 39,
        "bus_or_coach_passenger": "0",
        "car_passenger": "0",
        "casualty_adjusted_severity_serious": "1",
        "casualty_adjusted_severity_slight": "0",
        "casualty_class": "1",
        "casualty_distance_banding": "1",
        "casualty_imd_decile": "7",
        "casualty_injury_based": "1",
        "casualty_reference": 1,
        "casualty_severity": "2",
        "casualty_type": "5",
        "collision_index": "2025131602573",
        "collision_ref_no": "131602573",
        "collision_year": 2025,
        "enhanced_casualty_severity": "7",
        "lsoa_of_casualty": "E01010905",
        "pedestrian_location": "0",
        "pedestrian_movement": "0",
        "pedestrian_road_maintenance_worker": "0",
        "sex_of_casualty": "1",
        "vehicle_reference": 2,
        "geometry_source": "inherited_from_linked_collision",
        "source_year": 2025
      }
    },
    {
      "type": "Feature",
      "id": "2025131635654:1",
      "geometry": {
        "type": "Point",
        "coordinates": [
          -1.94255,
          53.70438
        ]
      },
      "properties": {
        "age_band_of_casualty": "6",
        "age_of_casualty": 27,
        "bus_or_coach_passenger": "0",
        "car_passenger": "0",
        "casualty_adjusted_severity_serious": "0",
        "casualty_adjusted_severity_slight": "1",
        "casualty_class": "1",
        "casualty_distance_banding": "1",
        "casualty_imd_decile": "7",
        "casualty_injury_based": "1",
        "casualty_reference": 1,
        "casualty_severity": "3",
        "casualty_type": "90",
        "collision_index": "2025131635654",
        "collision_ref_no": "131635654",
        "collision_year": 2025,
        "enhanced_casualty_severity": "3",
        "lsoa_of_casualty": "E01010952",
        "pedestrian_location": "0",
        "pedestrian_movement": "0",
        "pedestrian_road_maintenance_worker": "0",
        "sex_of_casualty": "1",
        "vehicle_reference": 1,
        "geometry_source": "inherited_from_linked_collision",
        "source_year": 2025
      }
    },
    {
      "type": "Feature",
      "id": "2025131632500:1",
      "geometry": {
        "type": "Point",
        "coordinates": [
          -1.83875,
          53.68199
        ]
      },
      "properties": {
        "age_band_of_casualty": "3",
        "age_of_casualty": 15,
        "bus_or_coach_passenger": "0",
        "car_passenger": "0",
        "casualty_adjusted_severity_serious": "0",
        "casualty_adjusted_severity_slight": "1",
        "casualty_class": "3",
        "casualty_distance_banding": "1",
        "casualty_imd_decile": "2",
        "casualty_injury_based": "1",
        "casualty_reference": 1,
        "casualty_severity": "3",
        "casualty_type": "0",
        "collision_index": "2025131632500",
        "collision_ref_no": "131632500",
        "collision_year": 2025,
        "enhanced_casualty_severity": "3",
        "lsoa_of_casualty": "E01010894",
        "pedestrian_location": "8",
        "pedestrian_movement": "9",
        "pedestrian_road_maintenance_worker": "-1",
        "sex_of_casualty": "1",
        "vehicle_reference": 1,
        "geometry_source": "inherited_from_linked_collision",
        "source_year": 2025
      }
    },
    {
      "type": "Feature",
      "id": "2025131629897:1",
      "geometry": {
        "type": "Point",
        "coordinates": [
          -1.85827,
          53.72173
        ]
      },
      "properties": {
        "age_band_of_casualty": "11",
        "age_of_casualty": 77,
        "bus_or_coach_passenger": "0",
        "car_passenger": "0",
        "casualty_adjusted_severity_serious": "0",
        "casualty_adjusted_severity_slight": "1",
        "casualty_class": "3",
        "casualty_distance_banding": "1",
        "casualty_imd_decile": "8",
        "casualty_injury_based": "1",
        "casualty_reference": 1,
        "casualty_severity": "3",
        "casualty_type": "0",
        "collision_index": "2025131629897",
        "collision_ref_no": "131629897",
        "collision_year": 2025,
        "enhanced_casualty_severity": "3",
        "lsoa_of_casualty": "E01010973",
        "pedestrian_location": "5",
        "pedestrian_movement": "1",
        "pedestrian_road_maintenance_worker": "-1",
        "sex_of_casualty": "1",
        "vehicle_reference": 1,
        "geometry_source": "inherited_from_linked_collision",
        "source_year": 2025
      }
    },
    {
      "type": "Feature",
      "id": "2025131630695:2",
      "geometry": {
        "type": "Point",
        "coordinates": [
          -1.944,
          53.7217
        ]
      },
      "properties": {
        "age_band_of_casualty": "4",
        "age_of_casualty": 20,
        "bus_or_coach_passenger": "0",
        "car_passenger": "1",
        "casualty_adjusted_severity_serious": "0",
        "casualty_adjusted_severity_slight": "1",
        "casualty_class": "2",
        "casualty_distance_banding": "2",
        "casualty_imd_decile": "3",
        "casualty_injury_based": "1",
        "casualty_reference": 2,
        "casualty_severity": "3",
        "casualty_type": "9",
        "collision_index": "2025131630695",
        "collision_ref_no": "131630695",
        "collision_year": 2025,
        "enhanced_casualty_severity": "3",
        "lsoa_of_casualty": "E01010984",
        "pedestrian_location": "0",
        "pedestrian_movement": "0",
        "pedestrian_road_maintenance_worker": "0",
        "sex_of_casualty": "2",
        "vehicle_reference": 1,
        "geometry_source": "inherited_from_linked_collision",
        "source_year": 2025
      }
    },
    {
      "type": "Feature",
      "id": "2025131669695:1",
      "geometry": {
        "type": "Point",
        "coordinates": [
          -1.75177,
          53.69533
        ]
      },
      "properties": {
        "age_band_of_casualty": "7",
        "age_of_casualty": 36,
        "bus_or_coach_passenger": "0",
        "car_passenger": "1",
        "casualty_adjusted_severity_serious": "0",
        "casualty_adjusted_severity_slight": "1",
        "casualty_class": "2",
        "casualty_distance_banding": "4",
        "casualty_imd_decile": "2",
        "casualty_injury_based": "1",
        "casualty_reference": 1,
        "casualty_severity": "3",
        "casualty_type": "9",
        "collision_index": "2025131669695",
        "collision_ref_no": "131669695",
        "collision_year": 2025,
        "enhanced_casualty_severity": "3",
        "lsoa_of_casualty": "E01005462",
        "pedestrian_location": "0",
        "pedestrian_movement": "0",
        "pedestrian_road_maintenance_worker": "0",
        "sex_of_casualty": "2",
        "vehicle_reference": 1,
        "geometry_source": "inherited_from_linked_collision",
        "source_year": 2025
      }
    },
    {
      "type": "Feature",
      "id": "2025131681824:1",
      "geometry": {
        "type": "Point",
        "coordinates": [
          -1.74342,
          53.70415
        ]
      },
      "properties": {
        "age_band_of_casualty": "6",
        "age_of_casualty": 29,
        "bus_or_coach_passenger": "0",
        "car_passenger": "0",
        "casualty_adjusted_severity_serious": "0",
        "casualty_adjusted_severity_slight": "1",
        "casualty_class": "1",
        "casualty_distance_banding": "4",
        "casualty_imd_decile": "2",
        "casualty_injury_based": "1",
        "casualty_reference": 1,
        "casualty_severity": "3",
        "casualty_type": "9",
        "collision_index": "2025131681824",
        "collision_ref_no": "131681824",
        "collision_year": 2025,
        "enhanced_casualty_severity": "3",
        "lsoa_of_casualty": "E01005950",
        "pedestrian_location": "0",
        "pedestrian_movement": "0",
        "pedestrian_road_maintenance_worker": "0",
        "sex_of_casualty": "1",
        "vehicle_reference": 2,
        "geometry_source": "inherited_from_linked_collision",
        "source_year": 2025
      }
    },
    {
      "type": "Feature",
      "id": "2025131577295:1",
      "geometry": {
        "type": "Point",
        "coordinates": [
          -1.88643,
          53.71992
        ]
      },
      "properties": {
        "age_band_of_casualty": "6",
        "age_of_casualty": 26,
        "bus_or_coach_passenger": "0",
        "car_passenger": "0",
        "casualty_adjusted_severity_serious": "0",
        "casualty_adjusted_severity_slight": "1",
        "casualty_class": "1",
        "casualty_distance_banding": "1",
        "casualty_imd_decile": "1",
        "casualty_injury_based": "1",
        "casualty_reference": 1,
        "casualty_severity": "3",
        "casualty_type": "9",
        "collision_index": "2025131577295",
        "collision_ref_no": "131577295",
        "collision_year": 2025,
        "enhanced_casualty_severity": "3",
        "lsoa_of_casualty": "E01010966",
        "pedestrian_location": "0",
        "pedestrian_movement": "0",
        "pedestrian_road_maintenance_worker": "0",
        "sex_of_casualty": "1",
        "vehicle_reference": 1,
        "geometry_source": "inherited_from_linked_collision",
        "source_year": 2025
      }
    },
    {
      "type": "Feature",
      "id": "2025131593517:1",
      "geometry": {
        "type": "Point",
        "coordinates": [
          -1.7447,
          53.70946
        ]
      },
      "properties": {
        "age_band_of_casualty": "9",
        "age_of_casualty": 57,
        "bus_or_coach_passenger": "0",
        "car_passenger": "0",
        "casualty_adjusted_severity_serious": "0",
        "casualty_adjusted_severity_slight": "1",
        "casualty_class": "1",
        "casualty_distance_banding": "1",
        "casualty_imd_decile": "6",
        "casualty_injury_based": "1",
        "casualty_reference": 1,
        "casualty_severity": "3",
        "casualty_type": "9",
        "collision_index": "2025131593517",
        "collision_ref_no": "131593517",
        "collision_year": 2025,
        "enhanced_casualty_severity": "3",
        "lsoa_of_casualty": "E01011068",
        "pedestrian_location": "0",
        "pedestrian_movement": "0",
        "pedestrian_road_maintenance_worker": "0",
        "sex_of_casualty": "2",
        "vehicle_reference": 2,
        "geometry_source": "inherited_from_linked_collision",
        "source_year": 2025
      }
    },
    {
      "type": "Feature",
      "id": "2025131639046:4",
      "geometry": {
        "type": "Point",
        "coordinates": [
          -1.88509,
          53.71761
        ]
      },
      "properties": {
        "age_band_of_casualty": "2",
        "age_of_casualty": 6,
        "bus_or_coach_passenger": "0",
        "car_passenger": "2",
        "casualty_adjusted_severity_serious": "0",
        "casualty_adjusted_severity_slight": "1",
        "casualty_class": "2",
        "casualty_distance_banding": "1",
        "casualty_imd_decile": "2",
        "casualty_injury_based": "1",
        "casualty_reference": 4,
        "casualty_severity": "3",
        "casualty_type": "9",
        "collision_index": "2025131639046",
        "collision_ref_no": "131639046",
        "collision_year": 2025,
        "enhanced_casualty_severity": "3",
        "lsoa_of_casualty": "E01011002",
        "pedestrian_location": "0",
        "pedestrian_movement": "0",
        "pedestrian_road_maintenance_worker": "0",
        "sex_of_casualty": "1",
        "vehicle_reference": 1,
        "geometry_source": "inherited_from_linked_collision",
        "source_year": 2025
      }
    },
    {
      "type": "Feature",
      "id": "2025131564179:2",
      "geometry": {
        "type": "Point",
        "coordinates": [
          -1.83497,
          53.75574
        ]
      },
      "properties": {
        "age_band_of_casualty": "4",
        "age_of_casualty": 18,
        "bus_or_coach_passenger": "0",
        "car_passenger": "1",
        "casualty_adjusted_severity_serious": "0",
        "casualty_adjusted_severity_slight": "1",
        "casualty_class": "2",
        "casualty_distance_banding": "1",
        "casualty_imd_decile": "6",
        "casualty_injury_based": "1",
        "casualty_reference": 2,
        "casualty_severity": "3",
        "casualty_type": "9",
        "collision_index": "2025131564179",
        "collision_ref_no": "131564179",
        "collision_year": 2025,
        "enhanced_casualty_severity": "3",
        "lsoa_of_casualty": "E01010634",
        "pedestrian_location": "0",
        "pedestrian_movement": "0",
        "pedestrian_road_maintenance_worker": "0",
        "sex_of_casualty": "2",
        "vehicle_reference": 1,
        "geometry_source": "inherited_from_linked_collision",
        "source_year": 2025
      }
    },
    {
      "type": "Feature",
      "id": "2025131599717:3",
      "geometry": {
        "type": "Point",
        "coordinates": [
          -1.88916,
          53.71966
        ]
      },
      "properties": {
        "age_band_of_casualty": "4",
        "age_of_casualty": 18,
        "bus_or_coach_passenger": "0",
        "car_passenger": "0",
        "casualty_adjusted_severity_serious": "0",
        "casualty_adjusted_severity_slight": "0",
        "casualty_class": "1",
        "casualty_distance_banding": "1",
        "casualty_imd_decile": "7",
        "casualty_injury_based": "1",
        "casualty_reference": 3,
        "casualty_severity": "1",
        "casualty_type": "9",
        "collision_index": "2025131599717",
        "collision_ref_no": "131599717",
        "collision_year": 2025,
        "enhanced_casualty_severity": "1",
        "lsoa_of_casualty": "E01010972",
        "pedestrian_location": "0",
        "pedestrian_movement": "0",
        "pedestrian_road_maintenance_worker": "0",
        "sex_of_casualty": "1",
        "vehicle_reference": 2,
        "geometry_source": "inherited_from_linked_collision",
        "source_year": 2025
      }
    },
    {
      "type": "Feature",
      "id": "2025131610587:1",
      "geometry": {
        "type": "Point",
        "coordinates": [
          -1.93663,
          53.7035
        ]
      },
      "properties": {
        "age_band_of_casualty": "8",
        "age_of_casualty": 48,
        "bus_or_coach_passenger": "0",
        "car_passenger": "0",
        "casualty_adjusted_severity_serious": "1",
        "casualty_adjusted_severity_slight": "0",
        "casualty_class": "1",
        "casualty_distance_banding": "1",
        "casualty_imd_decile": "7",
        "casualty_injury_based": "1",
        "casualty_reference": 1,
        "casualty_severity": "2",
        "casualty_type": "9",
        "collision_index": "2025131610587",
        "collision_ref_no": "131610587",
        "collision_year": 2025,
        "enhanced_casualty_severity": "6",
        "lsoa_of_casualty": "E01010899",
        "pedestrian_location": "0",
        "pedestrian_movement": "0",
        "pedestrian_road_maintenance_worker": "0",
        "sex_of_casualty": "1",
        "vehicle_reference": 2,
        "geometry_source": "inherited_from_linked_collision",
        "source_year": 2025
      }
    },
    {
      "type": "Feature",
      "id": "2025131669695:2",
      "geometry": {
        "type": "Point",
        "coordinates": [
          -1.75177,
          53.69533
        ]
      },
      "properties": {
        "age_band_of_casualty": "9",
        "age_of_casualty": 58,
        "bus_or_coach_passenger": "0",
        "car_passenger": "0",
        "casualty_adjusted_severity_serious": "0",
        "casualty_adjusted_severity_slight": "1",
        "casualty_class": "1",
        "casualty_distance_banding": "4",
        "casualty_imd_decile": "2",
        "casualty_injury_based": "1",
        "casualty_reference": 2,
        "casualty_severity": "3",
        "casualty_type": "9",
        "collision_index": "2025131669695",
        "collision_ref_no": "131669695",
        "collision_year": 2025,
        "enhanced_casualty_severity": "3",
        "lsoa_of_casualty": "E01005462",
        "pedestrian_location": "0",
        "pedestrian_movement": "0",
        "pedestrian_road_maintenance_worker": "0",
        "sex_of_casualty": "1",
        "vehicle_reference": 1,
        "geometry_source": "inherited_from_linked_collision",
        "source_year": 2025
      }
    },
    {
      "type": "Feature",
      "id": "2025131573407:1",
      "geometry": {
        "type": "Point",
        "coordinates": [
          -1.79961,
          53.6915
        ]
      },
      "properties": {
        "age_band_of_casualty": "3",
        "age_of_casualty": 12,
        "bus_or_coach_passenger": "0",
        "car_passenger": "0",
        "casualty_adjusted_severity_serious": "1",
        "casualty_adjusted_severity_slight": "0",
        "casualty_class": "1",
        "casualty_distance_banding": "1",
        "casualty_imd_decile": "2",
        "casualty_injury_based": "1",
        "casualty_reference": 1,
        "casualty_severity": "2",
        "casualty_type": "23",
        "collision_index": "2025131573407",
        "collision_ref_no": "131573407",
        "collision_year": 2025,
        "enhanced_casualty_severity": "7",
        "lsoa_of_casualty": "E01010891",
        "pedestrian_location": "0",
        "pedestrian_movement": "0",
        "pedestrian_road_maintenance_worker": "0",
        "sex_of_casualty": "-1",
        "vehicle_reference": 1,
        "geometry_source": "inherited_from_linked_collision",
        "source_year": 2025
      }
    },
    {
      "type": "Feature",
      "id": "2025131642564:1",
      "geometry": {
        "type": "Point",
        "coordinates": [
          -1.87608,
          53.75158
        ]
      },
      "properties": {
        "age_band_of_casualty": "3",
        "age_of_casualty": 12,
        "bus_or_coach_passenger": "0",
        "car_passenger": "0",
        "casualty_adjusted_severity_serious": "0",
        "casualty_adjusted_severity_slight": "1",
        "casualty_class": "1",
        "casualty_distance_banding": "1",
        "casualty_imd_decile": "6",
        "casualty_injury_based": "1",
        "casualty_reference": 1,
        "casualty_severity": "3",
        "casualty_type": "23",
        "collision_index": "2025131642564",
        "collision_ref_no": "131642564",
        "collision_year": 2025,
        "enhanced_casualty_severity": "3",
        "lsoa_of_casualty": "E01010915",
        "pedestrian_location": "0",
        "pedestrian_movement": "0",
        "pedestrian_road_maintenance_worker": "0",
        "sex_of_casualty": "1",
        "vehicle_reference": 1,
        "geometry_source": "inherited_from_linked_collision",
        "source_year": 2025
      }
    },
    {
      "type": "Feature",
      "id": "2025131561065:1",
      "geometry": {
        "type": "Point",
        "coordinates": [
          -1.88571,
          53.71757
        ]
      },
      "properties": {
        "age_band_of_casualty": "6",
        "age_of_casualty": 30,
        "bus_or_coach_passenger": "0",
        "car_passenger": "0",
        "casualty_adjusted_severity_serious": "0",
        "casualty_adjusted_severity_slight": "1",
        "casualty_class": "3",
        "casualty_distance_banding": "1",
        "casualty_imd_decile": "1",
        "casualty_injury_based": "1",
        "casualty_reference": 1,
        "casualty_severity": "3",
        "casualty_type": "0",
        "collision_index": "2025131561065",
        "collision_ref_no": "131561065",
        "collision_year": 2025,
        "enhanced_casualty_severity": "3",
        "lsoa_of_casualty": "E01011001",
        "pedestrian_location": "5",
        "pedestrian_movement": "1",
        "pedestrian_road_maintenance_worker": "-1",
        "sex_of_casualty": "2",
        "vehicle_reference": 1,
        "geometry_source": "inherited_from_linked_collision",
        "source_year": 2025
      }
    },
    {
      "type": "Feature",
      "id": "2025131596634:1",
      "geometry": {
        "type": "Point",
        "coordinates": [
          -2.09025,
          53.71443
        ]
      },
      "properties": {
        "age_band_of_casualty": "3",
        "age_of_casualty": 13,
        "bus_or_coach_passenger": "0",
        "car_passenger": "0",
        "casualty_adjusted_severity_serious": "0",
        "casualty_adjusted_severity_slight": "1",
        "casualty_class": "3",
        "casualty_distance_banding": "1",
        "casualty_imd_decile": "2",
        "casualty_injury_based": "1",
        "casualty_reference": 1,
        "casualty_severity": "3",
        "casualty_type": "0",
        "collision_index": "2025131596634",
        "collision_ref_no": "131596634",
        "collision_year": 2025,
        "enhanced_casualty_severity": "3",
        "lsoa_of_casualty": "E01010988",
        "pedestrian_location": "8",
        "pedestrian_movement": "1",
        "pedestrian_road_maintenance_worker": "-1",
        "sex_of_casualty": "1",
        "vehicle_reference": 1,
        "geometry_source": "inherited_from_linked_collision",
        "source_year": 2025
      }
    },
    {
      "type": "Feature",
      "id": "2025131657341:1",
      "geometry": {
        "type": "Point",
        "coordinates": [
          -1.80482,
          53.75728
        ]
      },
      "properties": {
        "age_band_of_casualty": "9",
        "age_of_casualty": 57,
        "bus_or_coach_passenger": "0",
        "car_passenger": "0",
        "casualty_adjusted_severity_serious": "0",
        "casualty_adjusted_severity_slight": "1",
        "casualty_class": "1",
        "casualty_distance_banding": "1",
        "casualty_imd_decile": "4",
        "casualty_injury_based": "1",
        "casualty_reference": 1,
        "casualty_severity": "3",
        "casualty_type": "1",
        "collision_index": "2025131657341",
        "collision_ref_no": "131657341",
        "collision_year": 2025,
        "enhanced_casualty_severity": "3",
        "lsoa_of_casualty": "E01010798",
        "pedestrian_location": "0",
        "pedestrian_movement": "0",
        "pedestrian_road_maintenance_worker": "0",
        "sex_of_casualty": "1",
        "vehicle_reference": 2,
        "geometry_source": "inherited_from_linked_collision",
        "source_year": 2025
      }
    },
    {
      "type": "Feature",
      "id": "2025131624087:1",
      "geometry": {
        "type": "Point",
        "coordinates": [
          -1.86727,
          53.67529
        ]
      },
      "properties": {
        "age_band_of_casualty": "8",
        "age_of_casualty": 46,
        "bus_or_coach_passenger": "0",
        "car_passenger": "0",
        "casualty_adjusted_severity_serious": "1",
        "casualty_adjusted_severity_slight": "0",
        "casualty_class": "1",
        "casualty_distance_banding": "1",
        "casualty_imd_decile": "4",
        "casualty_injury_based": "1",
        "casualty_reference": 1,
        "casualty_severity": "2",
        "casualty_type": "3",
        "collision_index": "2025131624087",
        "collision_ref_no": "131624087",
        "collision_year": 2025,
        "enhanced_casualty_severity": "7",
        "lsoa_of_casualty": "E01010902",
        "pedestrian_location": "0",
        "pedestrian_movement": "0",
        "pedestrian_road_maintenance_worker": "0",
        "sex_of_casualty": "1",
        "vehicle_reference": 2,
        "geometry_source": "inherited_from_linked_collision",
        "source_year": 2025
      }
    },
    {
      "type": "Feature",
      "id": "2025131614368:1",
      "geometry": {
        "type": "Point",
        "coordinates": [
          -2.09238,
          53.6835
        ]
      },
      "properties": {
        "age_band_of_casualty": "9",
        "age_of_casualty": 60,
        "bus_or_coach_passenger": "0",
        "car_passenger": "0",
        "casualty_adjusted_severity_serious": "0",
        "casualty_adjusted_severity_slight": "1",
        "casualty_class": "1",
        "casualty_distance_banding": "1",
        "casualty_imd_decile": "3",
        "casualty_injury_based": "1",
        "casualty_reference": 1,
        "casualty_severity": "3",
        "casualty_type": "5",
        "collision_index": "2025131614368",
        "collision_ref_no": "131614368",
        "collision_year": 2025,
        "enhanced_casualty_severity": "3",
        "lsoa_of_casualty": "E01005518",
        "pedestrian_location": "0",
        "pedestrian_movement": "0",
        "pedestrian_road_maintenance_worker": "0",
        "sex_of_casualty": "1",
        "vehicle_reference": 2,
        "geometry_source": "inherited_from_linked_collision",
        "source_year": 2025
      }
    },
    {
      "type": "Feature",
      "id": "2025131551932:2",
      "geometry": {
        "type": "Point",
        "coordinates": [
          -1.90431,
          53.7334
        ]
      },
      "properties": {
        "age_band_of_casualty": "6",
        "age_of_casualty": 32,
        "bus_or_coach_passenger": "0",
        "car_passenger": "0",
        "casualty_adjusted_severity_serious": "1",
        "casualty_adjusted_severity_slight": "0",
        "casualty_class": "1",
        "casualty_distance_banding": "2",
        "casualty_imd_decile": "4",
        "casualty_injury_based": "1",
        "casualty_reference": 2,
        "casualty_severity": "2",
        "casualty_type": "9",
        "collision_index": "2025131551932",
        "collision_ref_no": "131551932",
        "collision_year": 2025,
        "enhanced_casualty_severity": "6",
        "lsoa_of_casualty": "E01010898",
        "pedestrian_location": "0",
        "pedestrian_movement": "0",
        "pedestrian_road_maintenance_worker": "0",
        "sex_of_casualty": "2",
        "vehicle_reference": 2,
        "geometry_source": "inherited_from_linked_collision",
        "source_year": 2025
      }
    },
    {
      "type": "Feature",
      "id": "2025131578476:1",
      "geometry": {
        "type": "Point",
        "coordinates": [
          -1.98258,
          53.73061
        ]
      },
      "properties": {
        "age_band_of_casualty": "10",
        "age_of_casualty": 69,
        "bus_or_coach_passenger": "0",
        "car_passenger": "0",
        "casualty_adjusted_severity_serious": "0",
        "casualty_adjusted_severity_slight": "1",
        "casualty_class": "1",
        "casualty_distance_banding": "3",
        "casualty_imd_decile": "7",
        "casualty_injury_based": "1",
        "casualty_reference": 1,
        "casualty_severity": "3",
        "casualty_type": "9",
        "collision_index": "2025131578476",
        "collision_ref_no": "131578476",
        "collision_year": 2025,
        "enhanced_casualty_severity": "3",
        "lsoa_of_casualty": "E01010905",
        "pedestrian_location": "0",
        "pedestrian_movement": "0",
        "pedestrian_road_maintenance_worker": "0",
        "sex_of_casualty": "1",
        "vehicle_reference": 1,
        "geometry_source": "inherited_from_linked_collision",
        "source_year": 2025
      }
    },
    {
      "type": "Feature",
      "id": "2025131627008:3",
      "geometry": {
        "type": "Point",
        "coordinates": [
          -1.84398,
          53.73025
        ]
      },
      "properties": {
        "age_band_of_casualty": "9",
        "age_of_casualty": 63,
        "bus_or_coach_passenger": "0",
        "car_passenger": "2",
        "casualty_adjusted_severity_serious": "0",
        "casualty_adjusted_severity_slight": "1",
        "casualty_class": "2",
        "casualty_distance_banding": "4",
        "casualty_imd_decile": "8",
        "casualty_injury_based": "1",
        "casualty_reference": 3,
        "casualty_severity": "3",
        "casualty_type": "9",
        "collision_index": "2025131627008",
        "collision_ref_no": "131627008",
        "collision_year": 2025,
        "enhanced_casualty_severity": "3",
        "lsoa_of_casualty": "E01011414",
        "pedestrian_location": "0",
        "pedestrian_movement": "0",
        "pedestrian_road_maintenance_worker": "0",
        "sex_of_casualty": "2",
        "vehicle_reference": 2,
        "geometry_source": "inherited_from_linked_collision",
        "source_year": 2025
      }
    },
    {
      "type": "Feature",
      "id": "2025131630504:1",
      "geometry": {
        "type": "Point",
        "coordinates": [
          -1.7476,
          53.69836
        ]
      },
      "properties": {
        "age_band_of_casualty": "10",
        "age_of_casualty": 66,
        "bus_or_coach_passenger": "0",
        "car_passenger": "0",
        "casualty_adjusted_severity_serious": "0",
        "casualty_adjusted_severity_slight": "1",
        "casualty_class": "1",
        "casualty_distance_banding": "3",
        "casualty_imd_decile": "5",
        "casualty_injury_based": "1",
        "casualty_reference": 1,
        "casualty_severity": "3",
        "casualty_type": "9",
        "collision_index": "2025131630504",
        "collision_ref_no": "131630504",
        "collision_year": 2025,
        "enhanced_casualty_severity": "3",
        "lsoa_of_casualty": "E01011586",
        "pedestrian_location": "0",
        "pedestrian_movement": "0",
        "pedestrian_road_maintenance_worker": "0",
        "sex_of_casualty": "1",
        "vehicle_reference": 2,
        "geometry_source": "inherited_from_linked_collision",
        "source_year": 2025
      }
    },
    {
      "type": "Feature",
      "id": "2025131687417:1",
      "geometry": {
        "type": "Point",
        "coordinates": [
          -1.86877,
          53.74062
        ]
      },
      "properties": {
        "age_band_of_casualty": "6",
        "age_of_casualty": 31,
        "bus_or_coach_passenger": "0",
        "car_passenger": "0",
        "casualty_adjusted_severity_serious": "0",
        "casualty_adjusted_severity_slight": "1",
        "casualty_class": "2",
        "casualty_distance_banding": "2",
        "casualty_imd_decile": "8",
        "casualty_injury_based": "1",
        "casualty_reference": 1,
        "casualty_severity": "3",
        "casualty_type": "9",
        "collision_index": "2025131687417",
        "collision_ref_no": "131687417",
        "collision_year": 2025,
        "enhanced_casualty_severity": "3",
        "lsoa_of_casualty": "E01010904",
        "pedestrian_location": "0",
        "pedestrian_movement": "0",
        "pedestrian_road_maintenance_worker": "0",
        "sex_of_casualty": "1",
        "vehicle_reference": 1,
        "geometry_source": "inherited_from_linked_collision",
        "source_year": 2025
      }
    },
    {
      "type": "Feature",
      "id": "2025131688362:3",
      "geometry": {
        "type": "Point",
        "coordinates": [
          -1.86139,
          53.73475
        ]
      },
      "properties": {
        "age_band_of_casualty": "3",
        "age_of_casualty": 15,
        "bus_or_coach_passenger": "0",
        "car_passenger": "0",
        "casualty_adjusted_severity_serious": "0",
        "casualty_adjusted_severity_slight": "1",
        "casualty_class": "2",
        "casualty_distance_banding": "1",
        "casualty_imd_decile": "5",
        "casualty_injury_based": "1",
        "casualty_reference": 3,
        "casualty_severity": "3",
        "casualty_type": "9",
        "collision_index": "2025131688362",
        "collision_ref_no": "131688362",
        "collision_year": 2025,
        "enhanced_casualty_severity": "3",
        "lsoa_of_casualty": "E01010934",
        "pedestrian_location": "0",
        "pedestrian_movement": "0",
        "pedestrian_road_maintenance_worker": "0",
        "sex_of_casualty": "1",
        "vehicle_reference": 1,
        "geometry_source": "inherited_from_linked_collision",
        "source_year": 2025
      }
    },
    {
      "type": "Feature",
      "id": "2025131688362:2",
      "geometry": {
        "type": "Point",
        "coordinates": [
          -1.86139,
          53.73475
        ]
      },
      "properties": {
        "age_band_of_casualty": "7",
        "age_of_casualty": 42,
        "bus_or_coach_passenger": "0",
        "car_passenger": "0",
        "casualty_adjusted_severity_serious": "0",
        "casualty_adjusted_severity_slight": "1",
        "casualty_class": "1",
        "casualty_distance_banding": "1",
        "casualty_imd_decile": "5",
        "casualty_injury_based": "1",
        "casualty_reference": 2,
        "casualty_severity": "3",
        "casualty_type": "9",
        "collision_index": "2025131688362",
        "collision_ref_no": "131688362",
        "collision_year": 2025,
        "enhanced_casualty_severity": "3",
        "lsoa_of_casualty": "E01010934",
        "pedestrian_location": "0",
        "pedestrian_movement": "0",
        "pedestrian_road_maintenance_worker": "0",
        "sex_of_casualty": "2",
        "vehicle_reference": 1,
        "geometry_source": "inherited_from_linked_collision",
        "source_year": 2025
      }
    },
    {
      "type": "Feature",
      "id": "2025131583127:3",
      "geometry": {
        "type": "Point",
        "coordinates": [
          -1.9391,
          53.77458
        ]
      },
      "properties": {
        "age_band_of_casualty": "4",
        "age_of_casualty": 19,
        "bus_or_coach_passenger": "0",
        "car_passenger": "2",
        "casualty_adjusted_severity_serious": "0",
        "casualty_adjusted_severity_slight": "1",
        "casualty_class": "2",
        "casualty_distance_banding": "3",
        "casualty_imd_decile": "1",
        "casualty_injury_based": "1",
        "casualty_reference": 3,
        "casualty_severity": "3",
        "casualty_type": "9",
        "collision_index": "2025131583127",
        "collision_ref_no": "131583127",
        "collision_year": 2025,
        "enhanced_casualty_severity": "3",
        "lsoa_of_casualty": "E01010623",
        "pedestrian_location": "0",
        "pedestrian_movement": "0",
        "pedestrian_road_maintenance_worker": "0",
        "sex_of_casualty": "1",
        "vehicle_reference": 2,
        "geometry_source": "inherited_from_linked_collision",
        "source_year": 2025
      }
    },
    {
      "type": "Feature",
      "id": "2025131610347:2",
      "geometry": {
        "type": "Point",
        "coordinates": [
          -1.85794,
          53.7074
        ]
      },
      "properties": {
        "age_band_of_casualty": "11",
        "age_of_casualty": 79,
        "bus_or_coach_passenger": "0",
        "car_passenger": "0",
        "casualty_adjusted_severity_serious": "1",
        "casualty_adjusted_severity_slight": "0",
        "casualty_class": "1",
        "casualty_distance_banding": "1",
        "casualty_imd_decile": "9",
        "casualty_injury_based": "1",
        "casualty_reference": 2,
        "casualty_severity": "2",
        "casualty_type": "9",
        "collision_index": "2025131610347",
        "collision_ref_no": "131610347",
        "collision_year": 2025,
        "enhanced_casualty_severity": "6",
        "lsoa_of_casualty": "E01010953",
        "pedestrian_location": "0",
        "pedestrian_movement": "0",
        "pedestrian_road_maintenance_worker": "0",
        "sex_of_casualty": "1",
        "vehicle_reference": 1,
        "geometry_source": "inherited_from_linked_collision",
        "source_year": 2025
      }
    },
    {
      "type": "Feature",
      "id": "2025131563856:1",
      "geometry": {
        "type": "Point",
        "coordinates": [
          -1.83063,
          53.72915
        ]
      },
      "properties": {
        "age_band_of_casualty": "8",
        "age_of_casualty": 53,
        "bus_or_coach_passenger": "0",
        "car_passenger": "0",
        "casualty_adjusted_severity_serious": "0",
        "casualty_adjusted_severity_slight": "1",
        "casualty_class": "1",
        "casualty_distance_banding": "2",
        "casualty_imd_decile": "1",
        "casualty_injury_based": "1",
        "casualty_reference": 1,
        "casualty_severity": "3",
        "casualty_type": "4",
        "collision_index": "2025131563856",
        "collision_ref_no": "131563856",
        "collision_year": 2025,
        "enhanced_casualty_severity": "3",
        "lsoa_of_casualty": "E01010926",
        "pedestrian_location": "0",
        "pedestrian_movement": "0",
        "pedestrian_road_maintenance_worker": "0",
        "sex_of_casualty": "1",
        "vehicle_reference": 2,
        "geometry_source": "inherited_from_linked_collision",
        "source_year": 2025
      }
    },
    {
      "type": "Feature",
      "id": "2025131545657:1",
      "geometry": {
        "type": "Point",
        "coordinates": [
          -1.85671,
          53.68657
        ]
      },
      "properties": {
        "age_band_of_casualty": "10",
        "age_of_casualty": 71,
        "bus_or_coach_passenger": "0",
        "car_passenger": "0",
        "casualty_adjusted_severity_serious": "1",
        "casualty_adjusted_severity_slight": "0",
        "casualty_class": "3",
        "casualty_distance_banding": "1",
        "casualty_imd_decile": "4",
        "casualty_injury_based": "1",
        "casualty_reference": 1,
        "casualty_severity": "2",
        "casualty_type": "0",
        "collision_index": "2025131545657",
        "collision_ref_no": "131545657",
        "collision_year": 2025,
        "enhanced_casualty_severity": "7",
        "lsoa_of_casualty": "E01010898",
        "pedestrian_location": "5",
        "pedestrian_movement": "4",
        "pedestrian_road_maintenance_worker": "-1",
        "sex_of_casualty": "2",
        "vehicle_reference": 1,
        "geometry_source": "inherited_from_linked_collision",
        "source_year": 2025
      }
    },
    {
      "type": "Feature",
      "id": "2025131549819:2",
      "geometry": {
        "type": "Point",
        "coordinates": [
          -1.8091,
          53.75663
        ]
      },
      "properties": {
        "age_band_of_casualty": "7",
        "age_of_casualty": 45,
        "bus_or_coach_passenger": "0",
        "car_passenger": "0",
        "casualty_adjusted_severity_serious": "0",
        "casualty_adjusted_severity_slight": "1",
        "casualty_class": "1",
        "casualty_distance_banding": "1",
        "casualty_imd_decile": "2",
        "casualty_injury_based": "1",
        "casualty_reference": 2,
        "casualty_severity": "3",
        "casualty_type": "9",
        "collision_index": "2025131549819",
        "collision_ref_no": "131549819",
        "collision_year": 2025,
        "enhanced_casualty_severity": "3",
        "lsoa_of_casualty": "E01010759",
        "pedestrian_location": "0",
        "pedestrian_movement": "0",
        "pedestrian_road_maintenance_worker": "0",
        "sex_of_casualty": "1",
        "vehicle_reference": 3,
        "geometry_source": "inherited_from_linked_collision",
        "source_year": 2025
      }
    },
    {
      "type": "Feature",
      "id": "2025131610587:2",
      "geometry": {
        "type": "Point",
        "coordinates": [
          -1.93663,
          53.7035
        ]
      },
      "properties": {
        "age_band_of_casualty": "3",
        "age_of_casualty": 14,
        "bus_or_coach_passenger": "0",
        "car_passenger": "1",
        "casualty_adjusted_severity_serious": "0",
        "casualty_adjusted_severity_slight": "1",
        "casualty_class": "2",
        "casualty_distance_banding": "1",
        "casualty_imd_decile": "7",
        "casualty_injury_based": "1",
        "casualty_reference": 2,
        "casualty_severity": "3",
        "casualty_type": "9",
        "collision_index": "2025131610587",
        "collision_ref_no": "131610587",
        "collision_year": 2025,
        "enhanced_casualty_severity": "3",
        "lsoa_of_casualty": "E01010899",
        "pedestrian_location": "0",
        "pedestrian_movement": "0",
        "pedestrian_road_maintenance_worker": "0",
        "sex_of_casualty": "2",
        "vehicle_reference": 2,
        "geometry_source": "inherited_from_linked_collision",
        "source_year": 2025
      }
    },
    {
      "type": "Feature",
      "id": "2025131557723:1",
      "geometry": {
        "type": "Point",
        "coordinates": [
          -2.09831,
          53.71293
        ]
      },
      "properties": {
        "age_band_of_casualty": "9",
        "age_of_casualty": 61,
        "bus_or_coach_passenger": "0",
        "car_passenger": "0",
        "casualty_adjusted_severity_serious": "0",
        "casualty_adjusted_severity_slight": "1",
        "casualty_class": "3",
        "casualty_distance_banding": "1",
        "casualty_imd_decile": "4",
        "casualty_injury_based": "1",
        "casualty_reference": 1,
        "casualty_severity": "3",
        "casualty_type": "0",
        "collision_index": "2025131557723",
        "collision_ref_no": "131557723",
        "collision_year": 2025,
        "enhanced_casualty_severity": "3",
        "lsoa_of_casualty": "E01010985",
        "pedestrian_location": "1",
        "pedestrian_movement": "1",
        "pedestrian_road_maintenance_worker": "-1",
        "sex_of_casualty": "2",
        "vehicle_reference": 1,
        "geometry_source": "inherited_from_linked_collision",
        "source_year": 2025
      }
    },
    {
      "type": "Feature",
      "id": "2025131558520:1",
      "geometry": {
        "type": "Point",
        "coordinates": [
          -1.81942,
          53.6879
        ]
      },
      "properties": {
        "age_band_of_casualty": "7",
        "age_of_casualty": 38,
        "bus_or_coach_passenger": "0",
        "car_passenger": "0",
        "casualty_adjusted_severity_serious": "0",
        "casualty_adjusted_severity_slight": "1",
        "casualty_class": "3",
        "casualty_distance_banding": "1",
        "casualty_imd_decile": "5",
        "casualty_injury_based": "1",
        "casualty_reference": 1,
        "casualty_severity": "3",
        "casualty_type": "0",
        "collision_index": "2025131558520",
        "collision_ref_no": "131558520",
        "collision_year": 2025,
        "enhanced_casualty_severity": "3",
        "lsoa_of_casualty": "E01010945",
        "pedestrian_location": "6",
        "pedestrian_movement": "9",
        "pedestrian_road_maintenance_worker": "-1",
        "sex_of_casualty": "1",
        "vehicle_reference": 1,
        "geometry_source": "inherited_from_linked_collision",
        "source_year": 2025
      }
    },
    {
      "type": "Feature",
      "id": "2025131678702:1",
      "geometry": {
        "type": "Point",
        "coordinates": [
          -1.81187,
          53.72843
        ]
      },
      "properties": {
        "age_band_of_casualty": "8",
        "age_of_casualty": 49,
        "bus_or_coach_passenger": "0",
        "car_passenger": "0",
        "casualty_adjusted_severity_serious": "0",
        "casualty_adjusted_severity_slight": "1",
        "casualty_class": "3",
        "casualty_distance_banding": "1",
        "casualty_imd_decile": "8",
        "casualty_injury_based": "1",
        "casualty_reference": 1,
        "casualty_severity": "3",
        "casualty_type": "0",
        "collision_index": "2025131678702",
        "collision_ref_no": "131678702",
        "collision_year": 2025,
        "enhanced_casualty_severity": "3",
        "lsoa_of_casualty": "E01010907",
        "pedestrian_location": "7",
        "pedestrian_movement": "3",
        "pedestrian_road_maintenance_worker": "-1",
        "sex_of_casualty": "1",
        "vehicle_reference": 1,
        "geometry_source": "inherited_from_linked_collision",
        "source_year": 2025
      }
    },
    {
      "type": "Feature",
      "id": "2025131639046:2",
      "geometry": {
        "type": "Point",
        "coordinates": [
          -1.88509,
          53.71761
        ]
      },
      "properties": {
        "age_band_of_casualty": "8",
        "age_of_casualty": 46,
        "bus_or_coach_passenger": "0",
        "car_passenger": "0",
        "casualty_adjusted_severity_serious": "1",
        "casualty_adjusted_severity_slight": "0",
        "casualty_class": "1",
        "casualty_distance_banding": "1",
        "casualty_imd_decile": "2",
        "casualty_injury_based": "1",
        "casualty_reference": 2,
        "casualty_severity": "2",
        "casualty_type": "9",
        "collision_index": "2025131639046",
        "collision_ref_no": "131639046",
        "collision_year": 2025,
        "enhanced_casualty_severity": "6",
        "lsoa_of_casualty": "E01011002",
        "pedestrian_location": "0",
        "pedestrian_movement": "0",
        "pedestrian_road_maintenance_worker": "0",
        "sex_of_casualty": "2",
        "vehicle_reference": 1,
        "geometry_source": "inherited_from_linked_collision",
        "source_year": 2025
      }
    },
    {
      "type": "Feature",
      "id": "2025131568621:1",
      "geometry": {
        "type": "Point",
        "coordinates": [
          -1.82961,
          53.67259
        ]
      },
      "properties": {
        "age_band_of_casualty": "4",
        "age_of_casualty": 20,
        "bus_or_coach_passenger": "0",
        "car_passenger": "0",
        "casualty_adjusted_severity_serious": "1",
        "casualty_adjusted_severity_slight": "0",
        "casualty_class": "1",
        "casualty_distance_banding": "1",
        "casualty_imd_decile": "2",
        "casualty_injury_based": "1",
        "casualty_reference": 1,
        "casualty_severity": "2",
        "casualty_type": "9",
        "collision_index": "2025131568621",
        "collision_ref_no": "131568621",
        "collision_year": 2025,
        "enhanced_casualty_severity": "7",
        "lsoa_of_casualty": "E01011040",
        "pedestrian_location": "0",
        "pedestrian_movement": "0",
        "pedestrian_road_maintenance_worker": "0",
        "sex_of_casualty": "1",
        "vehicle_reference": 1,
        "geometry_source": "inherited_from_linked_collision",
        "source_year": 2025
      }
    },
    {
      "type": "Feature",
      "id": "2025131591605:1",
      "geometry": {
        "type": "Point",
        "coordinates": [
          -1.851,
          53.72406
        ]
      },
      "properties": {
        "age_band_of_casualty": "5",
        "age_of_casualty": 23,
        "bus_or_coach_passenger": "0",
        "car_passenger": "0",
        "casualty_adjusted_severity_serious": "0",
        "casualty_adjusted_severity_slight": "1",
        "casualty_class": "1",
        "casualty_distance_banding": "1",
        "casualty_imd_decile": "5",
        "casualty_injury_based": "1",
        "casualty_reference": 1,
        "casualty_severity": "3",
        "casualty_type": "9",
        "collision_index": "2025131591605",
        "collision_ref_no": "131591605",
        "collision_year": 2025,
        "enhanced_casualty_severity": "3",
        "lsoa_of_casualty": "E01010939",
        "pedestrian_location": "0",
        "pedestrian_movement": "0",
        "pedestrian_road_maintenance_worker": "0",
        "sex_of_casualty": "2",
        "vehicle_reference": 2,
        "geometry_source": "inherited_from_linked_collision",
        "source_year": 2025
      }
    },
    {
      "type": "Feature",
      "id": "2025131592680:1",
      "geometry": {
        "type": "Point",
        "coordinates": [
          -1.89597,
          53.76474
        ]
      },
      "properties": {
        "age_band_of_casualty": "5",
        "age_of_casualty": 22,
        "bus_or_coach_passenger": "0",
        "car_passenger": "0",
        "casualty_adjusted_severity_serious": "1",
        "casualty_adjusted_severity_slight": "0",
        "casualty_class": "1",
        "casualty_distance_banding": "1",
        "casualty_imd_decile": "1",
        "casualty_injury_based": "1",
        "casualty_reference": 1,
        "casualty_severity": "2",
        "casualty_type": "9",
        "collision_index": "2025131592680",
        "collision_ref_no": "131592680",
        "collision_year": 2025,
        "enhanced_casualty_severity": "7",
        "lsoa_of_casualty": "E01010924",
        "pedestrian_location": "0",
        "pedestrian_movement": "0",
        "pedestrian_road_maintenance_worker": "0",
        "sex_of_casualty": "2",
        "vehicle_reference": 1,
        "geometry_source": "inherited_from_linked_collision",
        "source_year": 2025
      }
    },
    {
      "type": "Feature",
      "id": "2025131604005:1",
      "geometry": {
        "type": "Point",
        "coordinates": [
          -1.82442,
          53.67346
        ]
      },
      "properties": {
        "age_band_of_casualty": "9",
        "age_of_casualty": 63,
        "bus_or_coach_passenger": "0",
        "car_passenger": "0",
        "casualty_adjusted_severity_serious": "0",
        "casualty_adjusted_severity_slight": "1",
        "casualty_class": "1",
        "casualty_distance_banding": "4",
        "casualty_imd_decile": "1",
        "casualty_injury_based": "1",
        "casualty_reference": 1,
        "casualty_severity": "3",
        "casualty_type": "9",
        "collision_index": "2025131604005",
        "collision_ref_no": "131604005",
        "collision_year": 2025,
        "enhanced_casualty_severity": "3",
        "lsoa_of_casualty": "E01005433",
        "pedestrian_location": "0",
        "pedestrian_movement": "0",
        "pedestrian_road_maintenance_worker": "0",
        "sex_of_casualty": "1",
        "vehicle_reference": 2,
        "geometry_source": "inherited_from_linked_collision",
        "source_year": 2025
      }
    },
    {
      "type": "Feature",
      "id": "2025131611201:1",
      "geometry": {
        "type": "Point",
        "coordinates": [
          -1.94338,
          53.72061
        ]
      },
      "properties": {
        "age_band_of_casualty": "11",
        "age_of_casualty": 86,
        "bus_or_coach_passenger": "0",
        "car_passenger": "0",
        "casualty_adjusted_severity_serious": "0",
        "casualty_adjusted_severity_slight": "1",
        "casualty_class": "1",
        "casualty_distance_banding": "2",
        "casualty_imd_decile": "7",
        "casualty_injury_based": "1",
        "casualty_reference": 1,
        "casualty_severity": "3",
        "casualty_type": "9",
        "collision_index": "2025131611201",
        "collision_ref_no": "131611201",
        "collision_year": 2025,
        "enhanced_casualty_severity": "3",
        "lsoa_of_casualty": "E01010901",
        "pedestrian_location": "0",
        "pedestrian_movement": "0",
        "pedestrian_road_maintenance_worker": "0",
        "sex_of_casualty": "1",
        "vehicle_reference": 1,
        "geometry_source": "inherited_from_linked_collision",
        "source_year": 2025
      }
    },
    {
      "type": "Feature",
      "id": "2025131687852:1",
      "geometry": {
        "type": "Point",
        "coordinates": [
          -1.91375,
          53.70709
        ]
      },
      "properties": {
        "age_band_of_casualty": "4",
        "age_of_casualty": 16,
        "bus_or_coach_passenger": "0",
        "car_passenger": "-1",
        "casualty_adjusted_severity_serious": "0",
        "casualty_adjusted_severity_slight": "1",
        "casualty_class": "2",
        "casualty_distance_banding": "-1",
        "casualty_imd_decile": "-1",
        "casualty_injury_based": "1",
        "casualty_reference": 1,
        "casualty_severity": "3",
        "casualty_type": "23",
        "collision_index": "2025131687852",
        "collision_ref_no": "131687852",
        "collision_year": 2025,
        "enhanced_casualty_severity": "3",
        "lsoa_of_casualty": "-1",
        "pedestrian_location": "0",
        "pedestrian_movement": "0",
        "pedestrian_road_maintenance_worker": "0",
        "sex_of_casualty": "1",
        "vehicle_reference": 2,
        "geometry_source": "inherited_from_linked_collision",
        "source_year": 2025
      }
    },
    {
      "type": "Feature",
      "id": "2025131600221:1",
      "geometry": {
        "type": "Point",
        "coordinates": [
          -1.88176,
          53.71508
        ]
      },
      "properties": {
        "age_band_of_casualty": "9",
        "age_of_casualty": 63,
        "bus_or_coach_passenger": "0",
        "car_passenger": "0",
        "casualty_adjusted_severity_serious": "0",
        "casualty_adjusted_severity_slight": "1",
        "casualty_class": "3",
        "casualty_distance_banding": "1",
        "casualty_imd_decile": "9",
        "casualty_injury_based": "1",
        "casualty_reference": 1,
        "casualty_severity": "3",
        "casualty_type": "0",
        "collision_index": "2025131600221",
        "collision_ref_no": "131600221",
        "collision_year": 2025,
        "enhanced_casualty_severity": "3",
        "lsoa_of_casualty": "E01010953",
        "pedestrian_location": "6",
        "pedestrian_movement": "9",
        "pedestrian_road_maintenance_worker": "-1",
        "sex_of_casualty": "1",
        "vehicle_reference": 1,
        "geometry_source": "inherited_from_linked_collision",
        "source_year": 2025
      }
    },
    {
      "type": "Feature",
      "id": "2025131550416:1",
      "geometry": {
        "type": "Point",
        "coordinates": [
          -1.77985,
          53.69241
        ]
      },
      "properties": {
        "age_band_of_casualty": "9",
        "age_of_casualty": 58,
        "bus_or_coach_passenger": "0",
        "car_passenger": "1",
        "casualty_adjusted_severity_serious": "0",
        "casualty_adjusted_severity_slight": "1",
        "casualty_class": "2",
        "casualty_distance_banding": "1",
        "casualty_imd_decile": "3",
        "casualty_injury_based": "1",
        "casualty_reference": 1,
        "casualty_severity": "3",
        "casualty_type": "9",
        "collision_index": "2025131550416",
        "collision_ref_no": "131550416",
        "collision_year": 2025,
        "enhanced_casualty_severity": "3",
        "lsoa_of_casualty": "E01010949",
        "pedestrian_location": "0",
        "pedestrian_movement": "0",
        "pedestrian_road_maintenance_worker": "0",
        "sex_of_casualty": "1",
        "vehicle_reference": 2,
        "geometry_source": "inherited_from_linked_collision",
        "source_year": 2025
      }
    },
    {
      "type": "Feature",
      "id": "2025131570802:3",
      "geometry": {
        "type": "Point",
        "coordinates": [
          -1.86505,
          53.72808
        ]
      },
      "properties": {
        "age_band_of_casualty": "4",
        "age_of_casualty": 20,
        "bus_or_coach_passenger": "0",
        "car_passenger": "0",
        "casualty_adjusted_severity_serious": "0",
        "casualty_adjusted_severity_slight": "1",
        "casualty_class": "1",
        "casualty_distance_banding": "2",
        "casualty_imd_decile": "7",
        "casualty_injury_based": "1",
        "casualty_reference": 3,
        "casualty_severity": "3",
        "casualty_type": "9",
        "collision_index": "2025131570802",
        "collision_ref_no": "131570802",
        "collision_year": 2025,
        "enhanced_casualty_severity": "3",
        "lsoa_of_casualty": "E01010892",
        "pedestrian_location": "0",
        "pedestrian_movement": "0",
        "pedestrian_road_maintenance_worker": "0",
        "sex_of_casualty": "1",
        "vehicle_reference": 1,
        "geometry_source": "inherited_from_linked_collision",
        "source_year": 2025
      }
    },
    {
      "type": "Feature",
      "id": "2025131639046:1",
      "geometry": {
        "type": "Point",
        "coordinates": [
          -1.88509,
          53.71761
        ]
      },
      "properties": {
        "age_band_of_casualty": "9",
        "age_of_casualty": 64,
        "bus_or_coach_passenger": "0",
        "car_passenger": "1",
        "casualty_adjusted_severity_serious": "1",
        "casualty_adjusted_severity_slight": "0",
        "casualty_class": "2",
        "casualty_distance_banding": "1",
        "casualty_imd_decile": "2",
        "casualty_injury_based": "1",
        "casualty_reference": 1,
        "casualty_severity": "2",
        "casualty_type": "9",
        "collision_index": "2025131639046",
        "collision_ref_no": "131639046",
        "collision_year": 2025,
        "enhanced_casualty_severity": "6",
        "lsoa_of_casualty": "E01011000",
        "pedestrian_location": "0",
        "pedestrian_movement": "0",
        "pedestrian_road_maintenance_worker": "0",
        "sex_of_casualty": "2",
        "vehicle_reference": 1,
        "geometry_source": "inherited_from_linked_collision",
        "source_year": 2025
      }
    },
    {
      "type": "Feature",
      "id": "2025131626404:1",
      "geometry": {
        "type": "Point",
        "coordinates": [
          -1.91481,
          53.70581
        ]
      },
      "properties": {
        "age_band_of_casualty": "2",
        "age_of_casualty": 10,
        "bus_or_coach_passenger": "0",
        "car_passenger": "0",
        "casualty_adjusted_severity_serious": "1",
        "casualty_adjusted_severity_slight": "0",
        "casualty_class": "3",
        "casualty_distance_banding": "1",
        "casualty_imd_decile": "2",
        "casualty_injury_based": "1",
        "casualty_reference": 1,
        "casualty_severity": "2",
        "casualty_type": "0",
        "collision_index": "2025131626404",
        "collision_ref_no": "131626404",
        "collision_year": 2025,
        "enhanced_casualty_severity": "7",
        "lsoa_of_casualty": "E01010979",
        "pedestrian_location": "5",
        "pedestrian_movement": "1",
        "pedestrian_road_maintenance_worker": "-1",
        "sex_of_casualty": "1",
        "vehicle_reference": 1,
        "geometry_source": "inherited_from_linked_collision",
        "source_year": 2025
      }
    },
    {
      "type": "Feature",
      "id": "2025131583127:1",
      "geometry": {
        "type": "Point",
        "coordinates": [
          -1.9391,
          53.77458
        ]
      },
      "properties": {
        "age_band_of_casualty": "4",
        "age_of_casualty": 19,
        "bus_or_coach_passenger": "0",
        "car_passenger": "0",
        "casualty_adjusted_severity_serious": "1",
        "casualty_adjusted_severity_slight": "0",
        "casualty_class": "1",
        "casualty_distance_banding": "3",
        "casualty_imd_decile": "1",
        "casualty_injury_based": "1",
        "casualty_reference": 1,
        "casualty_severity": "2",
        "casualty_type": "9",
        "collision_index": "2025131583127",
        "collision_ref_no": "131583127",
        "collision_year": 2025,
        "enhanced_casualty_severity": "7",
        "lsoa_of_casualty": "E01010623",
        "pedestrian_location": "0",
        "pedestrian_movement": "0",
        "pedestrian_road_maintenance_worker": "0",
        "sex_of_casualty": "1",
        "vehicle_reference": 1,
        "geometry_source": "inherited_from_linked_collision",
        "source_year": 2025
      }
    },
    {
      "type": "Feature",
      "id": "2025131617148:2",
      "geometry": {
        "type": "Point",
        "coordinates": [
          -1.94928,
          53.66644
        ]
      },
      "properties": {
        "age_band_of_casualty": "7",
        "age_of_casualty": 36,
        "bus_or_coach_passenger": "0",
        "car_passenger": "0",
        "casualty_adjusted_severity_serious": "0",
        "casualty_adjusted_severity_slight": "1",
        "casualty_class": "1",
        "casualty_distance_banding": "3",
        "casualty_imd_decile": "8",
        "casualty_injury_based": "1",
        "casualty_reference": 2,
        "casualty_severity": "3",
        "casualty_type": "9",
        "collision_index": "2025131617148",
        "collision_ref_no": "131617148",
        "collision_year": 2025,
        "enhanced_casualty_severity": "3",
        "lsoa_of_casualty": "E01005411",
        "pedestrian_location": "0",
        "pedestrian_movement": "0",
        "pedestrian_road_maintenance_worker": "0",
        "sex_of_casualty": "1",
        "vehicle_reference": 2,
        "geometry_source": "inherited_from_linked_collision",
        "source_year": 2025
      }
    },
    {
      "type": "Feature",
      "id": "2025131716140:1",
      "geometry": {
        "type": "Point",
        "coordinates": [
          -1.88129,
          53.72533
        ]
      },
      "properties": {
        "age_band_of_casualty": "6",
        "age_of_casualty": 31,
        "bus_or_coach_passenger": "0",
        "car_passenger": "0",
        "casualty_adjusted_severity_serious": "0",
        "casualty_adjusted_severity_slight": "1",
        "casualty_class": "1",
        "casualty_distance_banding": "-1",
        "casualty_imd_decile": "-1",
        "casualty_injury_based": "1",
        "casualty_reference": 1,
        "casualty_severity": "3",
        "casualty_type": "9",
        "collision_index": "2025131716140",
        "collision_ref_no": "131716140",
        "collision_year": 2025,
        "enhanced_casualty_severity": "3",
        "lsoa_of_casualty": "-1",
        "pedestrian_location": "0",
        "pedestrian_movement": "0",
        "pedestrian_road_maintenance_worker": "0",
        "sex_of_casualty": "2",
        "vehicle_reference": 2,
        "geometry_source": "inherited_from_linked_collision",
        "source_year": 2025
      }
    },
    {
      "type": "Feature",
      "id": "2025131595542:1",
      "geometry": {
        "type": "Point",
        "coordinates": [
          -1.82824,
          53.68681
        ]
      },
      "properties": {
        "age_band_of_casualty": "11",
        "age_of_casualty": 82,
        "bus_or_coach_passenger": "0",
        "car_passenger": "0",
        "casualty_adjusted_severity_serious": "0",
        "casualty_adjusted_severity_slight": "1",
        "casualty_class": "1",
        "casualty_distance_banding": "1",
        "casualty_imd_decile": "7",
        "casualty_injury_based": "1",
        "casualty_reference": 1,
        "casualty_severity": "3",
        "casualty_type": "4",
        "collision_index": "2025131595542",
        "collision_ref_no": "131595542",
        "collision_year": 2025,
        "enhanced_casualty_severity": "3",
        "lsoa_of_casualty": "E01010901",
        "pedestrian_location": "0",
        "pedestrian_movement": "0",
        "pedestrian_road_maintenance_worker": "0",
        "sex_of_casualty": "1",
        "vehicle_reference": 1,
        "geometry_source": "inherited_from_linked_collision",
        "source_year": 2025
      }
    },
    {
      "type": "Feature",
      "id": "2025131564175:1",
      "geometry": {
        "type": "Point",
        "coordinates": [
          -1.83973,
          53.73221
        ]
      },
      "properties": {
        "age_band_of_casualty": "7",
        "age_of_casualty": 43,
        "bus_or_coach_passenger": "0",
        "car_passenger": "0",
        "casualty_adjusted_severity_serious": "0",
        "casualty_adjusted_severity_slight": "1",
        "casualty_class": "1",
        "casualty_distance_banding": "2",
        "casualty_imd_decile": "4",
        "casualty_injury_based": "1",
        "casualty_reference": 1,
        "casualty_severity": "3",
        "casualty_type": "9",
        "collision_index": "2025131564175",
        "collision_ref_no": "131564175",
        "collision_year": 2025,
        "enhanced_casualty_severity": "3",
        "lsoa_of_casualty": "E01010890",
        "pedestrian_location": "0",
        "pedestrian_movement": "0",
        "pedestrian_road_maintenance_worker": "0",
        "sex_of_casualty": "2",
        "vehicle_reference": 1,
        "geometry_source": "inherited_from_linked_collision",
        "source_year": 2025
      }
    },
    {
      "type": "Feature",
      "id": "2025131570861:2",
      "geometry": {
        "type": "Point",
        "coordinates": [
          -1.74946,
          53.69709
        ]
      },
      "properties": {
        "age_band_of_casualty": "9",
        "age_of_casualty": 60,
        "bus_or_coach_passenger": "0",
        "car_passenger": "1",
        "casualty_adjusted_severity_serious": "0",
        "casualty_adjusted_severity_slight": "1",
        "casualty_class": "2",
        "casualty_distance_banding": "2",
        "casualty_imd_decile": "8",
        "casualty_injury_based": "1",
        "casualty_reference": 2,
        "casualty_severity": "3",
        "casualty_type": "9",
        "collision_index": "2025131570861",
        "collision_ref_no": "131570861",
        "collision_year": 2025,
        "enhanced_casualty_severity": "3",
        "lsoa_of_casualty": "E01011210",
        "pedestrian_location": "0",
        "pedestrian_movement": "0",
        "pedestrian_road_maintenance_worker": "0",
        "sex_of_casualty": "2",
        "vehicle_reference": 1,
        "geometry_source": "inherited_from_linked_collision",
        "source_year": 2025
      }
    },
    {
      "type": "Feature",
      "id": "2025131614478:1",
      "geometry": {
        "type": "Point",
        "coordinates": [
          -2.01861,
          53.63094
        ]
      },
      "properties": {
        "age_band_of_casualty": "7",
        "age_of_casualty": 39,
        "bus_or_coach_passenger": "0",
        "car_passenger": "0",
        "casualty_adjusted_severity_serious": "0",
        "casualty_adjusted_severity_slight": "1",
        "casualty_class": "1",
        "casualty_distance_banding": "4",
        "casualty_imd_decile": "2",
        "casualty_injury_based": "1",
        "casualty_reference": 1,
        "casualty_severity": "3",
        "casualty_type": "9",
        "collision_index": "2025131614478",
        "collision_ref_no": "131614478",
        "collision_year": 2025,
        "enhanced_casualty_severity": "3",
        "lsoa_of_casualty": "E01033899",
        "pedestrian_location": "0",
        "pedestrian_movement": "0",
        "pedestrian_road_maintenance_worker": "0",
        "sex_of_casualty": "1",
        "vehicle_reference": 1,
        "geometry_source": "inherited_from_linked_collision",
        "source_year": 2025
      }
    },
    {
      "type": "Feature",
      "id": "2025131628428:1",
      "geometry": {
        "type": "Point",
        "coordinates": [
          -1.93937,
          53.67545
        ]
      },
      "properties": {
        "age_band_of_casualty": "11",
        "age_of_casualty": 82,
        "bus_or_coach_passenger": "0",
        "car_passenger": "1",
        "casualty_adjusted_severity_serious": "0",
        "casualty_adjusted_severity_slight": "1",
        "casualty_class": "2",
        "casualty_distance_banding": "-1",
        "casualty_imd_decile": "-1",
        "casualty_injury_based": "1",
        "casualty_reference": 1,
        "casualty_severity": "3",
        "casualty_type": "9",
        "collision_index": "2025131628428",
        "collision_ref_no": "131628428",
        "collision_year": 2025,
        "enhanced_casualty_severity": "3",
        "lsoa_of_casualty": "-1",
        "pedestrian_location": "0",
        "pedestrian_movement": "0",
        "pedestrian_road_maintenance_worker": "0",
        "sex_of_casualty": "2",
        "vehicle_reference": 1,
        "geometry_source": "inherited_from_linked_collision",
        "source_year": 2025
      }
    },
    {
      "type": "Feature",
      "id": "2025131637778:1",
      "geometry": {
        "type": "Point",
        "coordinates": [
          -1.89603,
          53.7286
        ]
      },
      "properties": {
        "age_band_of_casualty": "5",
        "age_of_casualty": 25,
        "bus_or_coach_passenger": "0",
        "car_passenger": "0",
        "casualty_adjusted_severity_serious": "1",
        "casualty_adjusted_severity_slight": "0",
        "casualty_class": "1",
        "casualty_distance_banding": "1",
        "casualty_imd_decile": "2",
        "casualty_injury_based": "1",
        "casualty_reference": 1,
        "casualty_severity": "2",
        "casualty_type": "9",
        "collision_index": "2025131637778",
        "collision_ref_no": "131637778",
        "collision_year": 2025,
        "enhanced_casualty_severity": "7",
        "lsoa_of_casualty": "E01010930",
        "pedestrian_location": "0",
        "pedestrian_movement": "0",
        "pedestrian_road_maintenance_worker": "0",
        "sex_of_casualty": "1",
        "vehicle_reference": 1,
        "geometry_source": "inherited_from_linked_collision",
        "source_year": 2025
      }
    },
    {
      "type": "Feature",
      "id": "2025131652843:1",
      "geometry": {
        "type": "Point",
        "coordinates": [
          -1.95056,
          53.66976
        ]
      },
      "properties": {
        "age_band_of_casualty": "9",
        "age_of_casualty": 62,
        "bus_or_coach_passenger": "0",
        "car_passenger": "0",
        "casualty_adjusted_severity_serious": "0",
        "casualty_adjusted_severity_slight": "1",
        "casualty_class": "3",
        "casualty_distance_banding": "1",
        "casualty_imd_decile": "9",
        "casualty_injury_based": "1",
        "casualty_reference": 1,
        "casualty_severity": "3",
        "casualty_type": "0",
        "collision_index": "2025131652843",
        "collision_ref_no": "131652843",
        "collision_year": 2025,
        "enhanced_casualty_severity": "3",
        "lsoa_of_casualty": "E01010954",
        "pedestrian_location": "6",
        "pedestrian_movement": "9",
        "pedestrian_road_maintenance_worker": "-1",
        "sex_of_casualty": "2",
        "vehicle_reference": 1,
        "geometry_source": "inherited_from_linked_collision",
        "source_year": 2025
      }
    },
    {
      "type": "Feature",
      "id": "2025131604762:2",
      "geometry": {
        "type": "Point",
        "coordinates": [
          -1.94417,
          53.77765
        ]
      },
      "properties": {
        "age_band_of_casualty": "2",
        "age_of_casualty": 10,
        "bus_or_coach_passenger": "0",
        "car_passenger": "2",
        "casualty_adjusted_severity_serious": "1",
        "casualty_adjusted_severity_slight": "0",
        "casualty_class": "2",
        "casualty_distance_banding": "-1",
        "casualty_imd_decile": "-1",
        "casualty_injury_based": "1",
        "casualty_reference": 2,
        "casualty_severity": "2",
        "casualty_type": "9",
        "collision_index": "2025131604762",
        "collision_ref_no": "131604762",
        "collision_year": 2025,
        "enhanced_casualty_severity": "5",
        "lsoa_of_casualty": "-1",
        "pedestrian_location": "0",
        "pedestrian_movement": "0",
        "pedestrian_road_maintenance_worker": "0",
        "sex_of_casualty": "1",
        "vehicle_reference": 1,
        "geometry_source": "inherited_from_linked_collision",
        "source_year": 2025
      }
    },
    {
      "type": "Feature",
      "id": "2025131650632:2",
      "geometry": {
        "type": "Point",
        "coordinates": [
          -2.02548,
          53.74175
        ]
      },
      "properties": {
        "age_band_of_casualty": "6",
        "age_of_casualty": 31,
        "bus_or_coach_passenger": "0",
        "car_passenger": "0",
        "casualty_adjusted_severity_serious": "0",
        "casualty_adjusted_severity_slight": "1",
        "casualty_class": "1",
        "casualty_distance_banding": "2",
        "casualty_imd_decile": "2",
        "casualty_injury_based": "1",
        "casualty_reference": 2,
        "casualty_severity": "3",
        "casualty_type": "9",
        "collision_index": "2025131650632",
        "collision_ref_no": "131650632",
        "collision_year": 2025,
        "enhanced_casualty_severity": "3",
        "lsoa_of_casualty": "E01010983",
        "pedestrian_location": "0",
        "pedestrian_movement": "0",
        "pedestrian_road_maintenance_worker": "0",
        "sex_of_casualty": "1",
        "vehicle_reference": 2,
        "geometry_source": "inherited_from_linked_collision",
        "source_year": 2025
      }
    },
    {
      "type": "Feature",
      "id": "2025131584591:1",
      "geometry": {
        "type": "Point",
        "coordinates": [
          -1.80795,
          53.75691
        ]
      },
      "properties": {
        "age_band_of_casualty": "4",
        "age_of_casualty": 18,
        "bus_or_coach_passenger": "0",
        "car_passenger": "0",
        "casualty_adjusted_severity_serious": "0",
        "casualty_adjusted_severity_slight": "1",
        "casualty_class": "1",
        "casualty_distance_banding": "1",
        "casualty_imd_decile": "2",
        "casualty_injury_based": "1",
        "casualty_reference": 1,
        "casualty_severity": "3",
        "casualty_type": "1",
        "collision_index": "2025131584591",
        "collision_ref_no": "131584591",
        "collision_year": 2025,
        "enhanced_casualty_severity": "3",
        "lsoa_of_casualty": "E01010864",
        "pedestrian_location": "0",
        "pedestrian_movement": "0",
        "pedestrian_road_maintenance_worker": "0",
        "sex_of_casualty": "1",
        "vehicle_reference": 2,
        "geometry_source": "inherited_from_linked_collision",
        "source_year": 2025
      }
    },
    {
      "type": "Feature",
      "id": "2025131576945:1",
      "geometry": {
        "type": "Point",
        "coordinates": [
          -1.85913,
          53.71351
        ]
      },
      "properties": {
        "age_band_of_casualty": "6",
        "age_of_casualty": 26,
        "bus_or_coach_passenger": "0",
        "car_passenger": "0",
        "casualty_adjusted_severity_serious": "0",
        "casualty_adjusted_severity_slight": "1",
        "casualty_class": "1",
        "casualty_distance_banding": "1",
        "casualty_imd_decile": "1",
        "casualty_injury_based": "1",
        "casualty_reference": 1,
        "casualty_severity": "3",
        "casualty_type": "9",
        "collision_index": "2025131576945",
        "collision_ref_no": "131576945",
        "collision_year": 2025,
        "enhanced_casualty_severity": "3",
        "lsoa_of_casualty": "E01010995",
        "pedestrian_location": "0",
        "pedestrian_movement": "0",
        "pedestrian_road_maintenance_worker": "0",
        "sex_of_casualty": "1",
        "vehicle_reference": 1,
        "geometry_source": "inherited_from_linked_collision",
        "source_year": 2025
      }
    },
    {
      "type": "Feature",
      "id": "2025131591383:2",
      "geometry": {
        "type": "Point",
        "coordinates": [
          -1.87118,
          53.72646
        ]
      },
      "properties": {
        "age_band_of_casualty": "6",
        "age_of_casualty": 29,
        "bus_or_coach_passenger": "0",
        "car_passenger": "1",
        "casualty_adjusted_severity_serious": "0",
        "casualty_adjusted_severity_slight": "1",
        "casualty_class": "2",
        "casualty_distance_banding": "1",
        "casualty_imd_decile": "1",
        "casualty_injury_based": "1",
        "casualty_reference": 2,
        "casualty_severity": "3",
        "casualty_type": "9",
        "collision_index": "2025131591383",
        "collision_ref_no": "131591383",
        "collision_year": 2025,
        "enhanced_casualty_severity": "3",
        "lsoa_of_casualty": "E01034582",
        "pedestrian_location": "0",
        "pedestrian_movement": "0",
        "pedestrian_road_maintenance_worker": "0",
        "sex_of_casualty": "2",
        "vehicle_reference": 1,
        "geometry_source": "inherited_from_linked_collision",
        "source_year": 2025
      }
    }
  ]
}