{
  "type": "FeatureCollection",
  "features": [
    {
      "type": "Feature",
      "id": "2022131145007:1",
      "geometry": {
        "type": "Point",
        "coordinates": [
          -1.885856,
          53.725328
        ]
      },
      "properties": {
        "age_band_of_casualty": "3",
        "age_of_casualty": 13,
        "bus_or_coach_passenger": "0",
        "car_passenger": "0",
        "casualty_adjusted_severity_serious": "1",
        "casualty_adjusted_severity_slight": "0",
        "casualty_class": "1",
        "casualty_distance_banding": "-1",
        "casualty_imd_decile": "1",
        "casualty_injury_based": "1",
        "casualty_reference": 1,
        "casualty_severity": "2",
        "casualty_type": "1",
        "collision_index": "2022131145007",
        "collision_ref_no": "131145007",
        "collision_year": 2022,
        "enhanced_casualty_severity": "7",
        "lsoa_of_casualty": "E01010966",
        "pedestrian_location": "0",
        "pedestrian_movement": "0",
        "pedestrian_road_maintenance_worker": "0",
        "sex_of_casualty": "1",
        "vehicle_reference": 1,
        "geometry_source": "inherited_from_linked_collision",
        "source_year": 2022
      }
    },
    {
      "type": "Feature",
      "id": "2022131166672:1",
      "geometry": {
        "type": "Point",
        "coordinates": [
          -1.856185,
          53.697523
        ]
      },
      "properties": {
        "age_band_of_casualty": "8",
        "age_of_casualty": 54,
        "bus_or_coach_passenger": "0",
        "car_passenger": "0",
        "casualty_adjusted_severity_serious": "0",
        "casualty_adjusted_severity_slight": "1",
        "casualty_class": "1",
        "casualty_distance_banding": "-1",
        "casualty_imd_decile": "1",
        "casualty_injury_based": "1",
        "casualty_reference": 1,
        "casualty_severity": "3",
        "casualty_type": "1",
        "collision_index": "2022131166672",
        "collision_ref_no": "131166672",
        "collision_year": 2022,
        "enhanced_casualty_severity": "3",
        "lsoa_of_casualty": "E01010994",
        "pedestrian_location": "0",
        "pedestrian_movement": "0",
        "pedestrian_road_maintenance_worker": "0",
        "sex_of_casualty": "1",
        "vehicle_reference": 2,
        "geometry_source": "inherited_from_linked_collision",
        "source_year": 2022
      }
    },
    {
      "type": "Feature",
      "id": "2022131171826:1",
      "geometry": {
        "type": "Point",
        "coordinates": [
          -2.129025,
          53.709493
        ]
      },
      "properties": {
        "age_band_of_casualty": "7",
        "age_of_casualty": 43,
        "bus_or_coach_passenger": "0",
        "car_passenger": "0",
        "casualty_adjusted_severity_serious": "1",
        "casualty_adjusted_severity_slight": "0",
        "casualty_class": "1",
        "casualty_distance_banding": "-1",
        "casualty_imd_decile": "3",
        "casualty_injury_based": "1",
        "casualty_reference": 1,
        "casualty_severity": "2",
        "casualty_type": "5",
        "collision_index": "2022131171826",
        "collision_ref_no": "131171826",
        "collision_year": 2022,
        "enhanced_casualty_severity": "5",
        "lsoa_of_casualty": "E01025388",
        "pedestrian_location": "0",
        "pedestrian_movement": "0",
        "pedestrian_road_maintenance_worker": "0",
        "sex_of_casualty": "1",
        "vehicle_reference": 1,
        "geometry_source": "inherited_from_linked_collision",
        "source_year": 2022
      }
    },
    {
      "type": "Feature",
      "id": "2022131218350:1",
      "geometry": {
        "type": "Point",
        "coordinates": [
          -1.772138,
          53.712241
        ]
      },
      "properties": {
        "age_band_of_casualty": "7",
        "age_of_casualty": 40,
        "bus_or_coach_passenger": "0",
        "car_passenger": "0",
        "casualty_adjusted_severity_serious": "0",
        "casualty_adjusted_severity_slight": "1",
        "casualty_class": "1",
        "casualty_distance_banding": "-1",
        "casualty_imd_decile": "5",
        "casualty_injury_based": "1",
        "casualty_reference": 1,
        "casualty_severity": "3",
        "casualty_type": "9",
        "collision_index": "2022131218350",
        "collision_ref_no": "131218350",
        "collision_year": 2022,
        "enhanced_casualty_severity": "3",
        "lsoa_of_casualty": "E01010865",
        "pedestrian_location": "0",
        "pedestrian_movement": "0",
        "pedestrian_road_maintenance_worker": "0",
        "sex_of_casualty": "1",
        "vehicle_reference": 1,
        "geometry_source": "inherited_from_linked_collision",
        "source_year": 2022
      }
    },
    {
      "type": "Feature",
      "id": "2022131178323:1",
      "geometry": {
        "type": "Point",
        "coordinates": [
          -1.882583,
          53.714251
        ]
      },
      "properties": {
        "age_band_of_casualty": "3",
        "age_of_casualty": 14,
        "bus_or_coach_passenger": "0",
        "car_passenger": "0",
        "casualty_adjusted_severity_serious": "0",
        "casualty_adjusted_severity_slight": "1",
        "casualty_class": "3",
        "casualty_distance_banding": "-1",
        "casualty_imd_decile": "-1",
        "casualty_injury_based": "1",
        "casualty_reference": 1,
        "casualty_severity": "3",
        "casualty_type": "0",
        "collision_index": "2022131178323",
        "collision_ref_no": "131178323",
        "collision_year": 2022,
        "enhanced_casualty_severity": "3",
        "lsoa_of_casualty": "-1",
        "pedestrian_location": "1",
        "pedestrian_movement": "1",
        "pedestrian_road_maintenance_worker": "2",
        "sex_of_casualty": "1",
        "vehicle_reference": 1,
        "geometry_source": "inherited_from_linked_collision",
        "source_year": 2022
      }
    },
    {
      "type": "Feature",
      "id": "2022131221973:1",
      "geometry": {
        "type": "Point",
        "coordinates": [
          -2.017156,
          53.741245
        ]
      },
      "properties": {
        "age_band_of_casualty": "7",
        "age_of_casualty": 41,
        "bus_or_coach_passenger": "0",
        "car_passenger": "0",
        "casualty_adjusted_severity_serious": "0",
        "casualty_adjusted_severity_slight": "1",
        "casualty_class": "3",
        "casualty_distance_banding": "-1",
        "casualty_imd_decile": "7",
        "casualty_injury_based": "1",
        "casualty_reference": 1,
        "casualty_severity": "3",
        "casualty_type": "0",
        "collision_index": "2022131221973",
        "collision_ref_no": "131221973",
        "collision_year": 2022,
        "enhanced_casualty_severity": "3",
        "lsoa_of_casualty": "E01010918",
        "pedestrian_location": "1",
        "pedestrian_movement": "9",
        "pedestrian_road_maintenance_worker": "2",
        "sex_of_casualty": "1",
        "vehicle_reference": 1,
        "geometry_source": "inherited_from_linked_collision",
        "source_year": 2022
      }
    },
    {
      "type": "Feature",
      "id": "2022131249303:1",
      "geometry": {
        "type": "Point",
        "coordinates": [
          -2.047104,
          53.732311
        ]
      },
      "properties": {
        "age_band_of_casualty": "4",
        "age_of_casualty": 16,
        "bus_or_coach_passenger": "0",
        "car_passenger": "0",
        "casualty_adjusted_severity_serious": "1",
        "casualty_adjusted_severity_slight": "0",
        "casualty_class": "3",
        "casualty_distance_banding": "-1",
        "casualty_imd_decile": "4",
        "casualty_injury_based": "1",
        "casualty_reference": 1,
        "casualty_severity": "2",
        "casualty_type": "0",
        "collision_index": "2022131249303",
        "collision_ref_no": "131249303",
        "collision_year": 2022,
        "enhanced_casualty_severity": "7",
        "lsoa_of_casualty": "E01010886",
        "pedestrian_location": "5",
        "pedestrian_movement": "3",
        "pedestrian_road_maintenance_worker": "2",
        "sex_of_casualty": "1",
        "vehicle_reference": 1,
        "geometry_source": "inherited_from_linked_collision",
        "source_year": 2022
      }
    },
    {
      "type": "Feature",
      "id": "2022131250550:1",
      "geometry": {
        "type": "Point",
        "coordinates": [
          -1.783678,
          53.69852
        ]
      },
      "properties": {
        "age_band_of_casualty": "9",
        "age_of_casualty": 60,
        "bus_or_coach_passenger": "0",
        "car_passenger": "0",
        "casualty_adjusted_severity_serious": "1",
        "casualty_adjusted_severity_slight": "0",
        "casualty_class": "3",
        "casualty_distance_banding": "-1",
        "casualty_imd_decile": "6",
        "casualty_injury_based": "1",
        "casualty_reference": 1,
        "casualty_severity": "2",
        "casualty_type": "0",
        "collision_index": "2022131250550",
        "collision_ref_no": "131250550",
        "collision_year": 2022,
        "enhanced_casualty_severity": "7",
        "lsoa_of_casualty": "E01010948",
        "pedestrian_location": "8",
        "pedestrian_movement": "3",
        "pedestrian_road_maintenance_worker": "2",
        "sex_of_casualty": "1",
        "vehicle_reference": 1,
        "geometry_source": "inherited_from_linked_collision",
        "source_year": 2022
      }
    },
    {
      "type": "Feature",
      "id": "2022131141071:1",
      "geometry": {
        "type": "Point",
        "coordinates": [
          -1.871274,
          53.721296
        ]
      },
      "properties": {
        "age_band_of_casualty": "7",
        "age_of_casualty": 37,
        "bus_or_coach_passenger": "0",
        "car_passenger": "0",
        "casualty_adjusted_severity_serious": "0",
        "casualty_adjusted_severity_slight": "1",
        "casualty_class": "1",
        "casualty_distance_banding": "-1",
        "casualty_imd_decile": "3",
        "casualty_injury_based": "1",
        "casualty_reference": 1,
        "casualty_severity": "3",
        "casualty_type": "9",
        "collision_index": "2022131141071",
        "collision_ref_no": "131141071",
        "collision_year": 2022,
        "enhanced_casualty_severity": "3",
        "lsoa_of_casualty": "E01010998",
        "pedestrian_location": "0",
        "pedestrian_movement": "0",
        "pedestrian_road_maintenance_worker": "0",
        "sex_of_casualty": "2",
        "vehicle_reference": 1,
        "geometry_source": "inherited_from_linked_collision",
        "source_year": 2022
      }
    },
    {
      "type": "Feature",
      "id": "2022131170544:1",
      "geometry": {
        "type": "Point",
        "coordinates": [
          -1.937355,
          53.715039
        ]
      },
      "properties": {
        "age_band_of_casualty": "8",
        "age_of_casualty": 54,
        "bus_or_coach_passenger": "0",
        "car_passenger": "0",
        "casualty_adjusted_severity_serious": "0",
        "casualty_adjusted_severity_slight": "1",
        "casualty_class": "1",
        "casualty_distance_banding": "-1",
        "casualty_imd_decile": "7",
        "casualty_injury_based": "1",
        "casualty_reference": 1,
        "casualty_severity": "3",
        "casualty_type": "9",
        "collision_index": "2022131170544",
        "collision_ref_no": "131170544",
        "collision_year": 2022,
        "enhanced_casualty_severity": "3",
        "lsoa_of_casualty": "E01010918",
        "pedestrian_location": "0",
        "pedestrian_movement": "0",
        "pedestrian_road_maintenance_worker": "0",
        "sex_of_casualty": "2",
        "vehicle_reference": 2,
        "geometry_source": "inherited_from_linked_collision",
        "source_year": 2022
      }
    },
    {
      "type": "Feature",
      "id": "2022131175005:1",
      "geometry": {
        "type": "Point",
        "coordinates": [
          -1.793536,
          53.689567
        ]
      },
      "properties": {
        "age_band_of_casualty": "11",
        "age_of_casualty": 87,
        "bus_or_coach_passenger": "0",
        "car_passenger": "0",
        "casualty_adjusted_severity_serious": "0",
        "casualty_adjusted_severity_slight": "1",
        "casualty_class": "3",
        "casualty_distance_banding": "-1",
        "casualty_imd_decile": "6",
        "casualty_injury_based": "1",
        "casualty_reference": 1,
        "casualty_severity": "3",
        "casualty_type": "0",
        "collision_index": "2022131175005",
        "collision_ref_no": "131175005",
        "collision_year": 2022,
        "enhanced_casualty_severity": "3",
        "lsoa_of_casualty": "E01010948",
        "pedestrian_location": "10",
        "pedestrian_movement": "3",
        "pedestrian_road_maintenance_worker": "2",
        "sex_of_casualty": "1",
        "vehicle_reference": 1,
        "geometry_source": "inherited_from_linked_collision",
        "source_year": 2022
      }
    },
    {
      "type": "Feature",
      "id": "2022131152244:2",
      "geometry": {
        "type": "Point",
        "coordinates": [
          -1.977609,
          53.637027
        ]
      },
      "properties": {
        "age_band_of_casualty": "7",
        "age_of_casualty": 38,
        "bus_or_coach_passenger": "0",
        "car_passenger": "0",
        "casualty_adjusted_severity_serious": "0",
        "casualty_adjusted_severity_slight": "1",
        "casualty_class": "1",
        "casualty_distance_banding": "-1",
        "casualty_imd_decile": "6",
        "casualty_injury_based": "1",
        "casualty_reference": 2,
        "casualty_severity": "3",
        "casualty_type": "9",
        "collision_index": "2022131152244",
        "collision_ref_no": "131152244",
        "collision_year": 2022,
        "enhanced_casualty_severity": "3",
        "lsoa_of_casualty": "E01010948",
        "pedestrian_location": "0",
        "pedestrian_movement": "0",
        "pedestrian_road_maintenance_worker": "0",
        "sex_of_casualty": "1",
        "vehicle_reference": 1,
        "geometry_source": "inherited_from_linked_collision",
        "source_year": 2022
      }
    },
    {
      "type": "Feature",
      "id": "2022131162602:1",
      "geometry": {
        "type": "Point",
        "coordinates": [
          -1.996563,
          53.783058
        ]
      },
      "properties": {
        "age_band_of_casualty": "9",
        "age_of_casualty": 60,
        "bus_or_coach_passenger": "0",
        "car_passenger": "0",
        "casualty_adjusted_severity_serious": "0",
        "casualty_adjusted_severity_slight": "0",
        "casualty_class": "1",
        "casualty_distance_banding": "-1",
        "casualty_imd_decile": "5",
        "casualty_injury_based": "1",
        "casualty_reference": 1,
        "casualty_severity": "1",
        "casualty_type": "9",
        "collision_index": "2022131162602",
        "collision_ref_no": "131162602",
        "collision_year": 2022,
        "enhanced_casualty_severity": "1",
        "lsoa_of_casualty": "E01010788",
        "pedestrian_location": "0",
        "pedestrian_movement": "0",
        "pedestrian_road_maintenance_worker": "0",
        "sex_of_casualty": "1",
        "vehicle_reference": 1,
        "geometry_source": "inherited_from_linked_collision",
        "source_year": 2022
      }
    },
    {
      "type": "Feature",
      "id": "2022131203177:1",
      "geometry": {
        "type": "Point",
        "coordinates": [
          -1.952997,
          53.641936
        ]
      },
      "properties": {
        "age_band_of_casualty": "8",
        "age_of_casualty": 51,
        "bus_or_coach_passenger": "0",
        "car_passenger": "0",
        "casualty_adjusted_severity_serious": "0",
        "casualty_adjusted_severity_slight": "1",
        "casualty_class": "1",
        "casualty_distance_banding": "-1",
        "casualty_imd_decile": "2",
        "casualty_injury_based": "1",
        "casualty_reference": 1,
        "casualty_severity": "3",
        "casualty_type": "9",
        "collision_index": "2022131203177",
        "collision_ref_no": "131203177",
        "collision_year": 2022,
        "enhanced_casualty_severity": "3",
        "lsoa_of_casualty": "E01005430",
        "pedestrian_location": "0",
        "pedestrian_movement": "0",
        "pedestrian_road_maintenance_worker": "0",
        "sex_of_casualty": "2",
        "vehicle_reference": 2,
        "geometry_source": "inherited_from_linked_collision",
        "source_year": 2022
      }
    },
    {
      "type": "Feature",
      "id": "2022131231345:2",
      "geometry": {
        "type": "Point",
        "coordinates": [
          -1.876263,
          53.740751
        ]
      },
      "properties": {
        "age_band_of_casualty": "9",
        "age_of_casualty": 58,
        "bus_or_coach_passenger": "0",
        "car_passenger": "0",
        "casualty_adjusted_severity_serious": "1",
        "casualty_adjusted_severity_slight": "0",
        "casualty_class": "1",
        "casualty_distance_banding": "-1",
        "casualty_imd_decile": "1",
        "casualty_injury_based": "1",
        "casualty_reference": 2,
        "casualty_severity": "2",
        "casualty_type": "9",
        "collision_index": "2022131231345",
        "collision_ref_no": "131231345",
        "collision_year": 2022,
        "enhanced_casualty_severity": "6",
        "lsoa_of_casualty": "E01010924",
        "pedestrian_location": "0",
        "pedestrian_movement": "0",
        "pedestrian_road_maintenance_worker": "0",
        "sex_of_casualty": "2",
        "vehicle_reference": 2,
        "geometry_source": "inherited_from_linked_collision",
        "source_year": 2022
      }
    },
    {
      "type": "Feature",
      "id": "2022131216800:3",
      "geometry": {
        "type": "Point",
        "coordinates": [
          -1.859242,
          53.711925
        ]
      },
      "properties": {
        "age_band_of_casualty": "7",
        "age_of_casualty": 37,
        "bus_or_coach_passenger": "0",
        "car_passenger": "0",
        "casualty_adjusted_severity_serious": "0",
        "casualty_adjusted_severity_slight": "1",
        "casualty_class": "2",
        "casualty_distance_banding": "-1",
        "casualty_imd_decile": "2",
        "casualty_injury_based": "1",
        "casualty_reference": 3,
        "casualty_severity": "3",
        "casualty_type": "11",
        "collision_index": "2022131216800",
        "collision_ref_no": "131216800",
        "collision_year": 2022,
        "enhanced_casualty_severity": "3",
        "lsoa_of_casualty": "E01010894",
        "pedestrian_location": "0",
        "pedestrian_movement": "0",
        "pedestrian_road_maintenance_worker": "0",
        "sex_of_casualty": "2",
        "vehicle_reference": 1,
        "geometry_source": "inherited_from_linked_collision",
        "source_year": 2022
      }
    },
    {
      "type": "Feature",
      "id": "2022131143910:2",
      "geometry": {
        "type": "Point",
        "coordinates": [
          -1.837708,
          53.685464
        ]
      },
      "properties": {
        "age_band_of_casualty": "3",
        "age_of_casualty": 12,
        "bus_or_coach_passenger": "0",
        "car_passenger": "0",
        "casualty_adjusted_severity_serious": "0",
        "casualty_adjusted_severity_slight": "1",
        "casualty_class": "3",
        "casualty_distance_banding": "-1",
        "casualty_imd_decile": "4",
        "casualty_injury_based": "1",
        "casualty_reference": 2,
        "casualty_severity": "3",
        "casualty_type": "0",
        "collision_index": "2022131143910",
        "collision_ref_no": "131143910",
        "collision_year": 2022,
        "enhanced_casualty_severity": "3",
        "lsoa_of_casualty": "E01010893",
        "pedestrian_location": "5",
        "pedestrian_movement": "4",
        "pedestrian_road_maintenance_worker": "2",
        "sex_of_casualty": "1",
        "vehicle_reference": 1,
        "geometry_source": "inherited_from_linked_collision",
        "source_year": 2022
      }
    },
    {
      "type": "Feature",
      "id": "2022131222699:1",
      "geometry": {
        "type": "Point",
        "coordinates": [
          -1.861393,
          53.721446
        ]
      },
      "properties": {
        "age_band_of_casualty": "6",
        "age_of_casualty": 29,
        "bus_or_coach_passenger": "0",
        "car_passenger": "0",
        "casualty_adjusted_severity_serious": "0",
        "casualty_adjusted_severity_slight": "1",
        "casualty_class": "3",
        "casualty_distance_banding": "-1",
        "casualty_imd_decile": "-1",
        "casualty_injury_based": "1",
        "casualty_reference": 1,
        "casualty_severity": "3",
        "casualty_type": "0",
        "collision_index": "2022131222699",
        "collision_ref_no": "131222699",
        "collision_year": 2022,
        "enhanced_casualty_severity": "3",
        "lsoa_of_casualty": "-1",
        "pedestrian_location": "9",
        "pedestrian_movement": "9",
        "pedestrian_road_maintenance_worker": "-1",
        "sex_of_casualty": "1",
        "vehicle_reference": 1,
        "geometry_source": "inherited_from_linked_collision",
        "source_year": 2022
      }
    },
    {
      "type": "Feature",
      "id": "2022131147159:1",
      "geometry": {
        "type": "Point",
        "coordinates": [
          -1.862847,
          53.721457
        ]
      },
      "properties": {
        "age_band_of_casualty": "8",
        "age_of_casualty": 46,
        "bus_or_coach_passenger": "0",
        "car_passenger": "0",
        "casualty_adjusted_severity_serious": "0",
        "casualty_adjusted_severity_slight": "1",
        "casualty_class": "1",
        "casualty_distance_banding": "-1",
        "casualty_imd_decile": "1",
        "casualty_injury_based": "1",
        "casualty_reference": 1,
        "casualty_severity": "3",
        "casualty_type": "9",
        "collision_index": "2022131147159",
        "collision_ref_no": "131147159",
        "collision_year": 2022,
        "enhanced_casualty_severity": "3",
        "lsoa_of_casualty": "E01010964",
        "pedestrian_location": "0",
        "pedestrian_movement": "0",
        "pedestrian_road_maintenance_worker": "0",
        "sex_of_casualty": "2",
        "vehicle_reference": 1,
        "geometry_source": "inherited_from_linked_collision",
        "source_year": 2022
      }
    },
    {
      "type": "Feature",
      "id": "2022131165683:2",
      "geometry": {
        "type": "Point",
        "coordinates": [
          -1.886379,
          53.722488
        ]
      },
      "properties": {
        "age_band_of_casualty": "6",
        "age_of_casualty": 30,
        "bus_or_coach_passenger": "0",
        "car_passenger": "0",
        "casualty_adjusted_severity_serious": "0",
        "casualty_adjusted_severity_slight": "1",
        "casualty_class": "1",
        "casualty_distance_banding": "-1",
        "casualty_imd_decile": "4",
        "casualty_injury_based": "1",
        "casualty_reference": 2,
        "casualty_severity": "3",
        "casualty_type": "9",
        "collision_index": "2022131165683",
        "collision_ref_no": "131165683",
        "collision_year": 2022,
        "enhanced_casualty_severity": "3",
        "lsoa_of_casualty": "E01001179",
        "pedestrian_location": "0",
        "pedestrian_movement": "0",
        "pedestrian_road_maintenance_worker": "0",
        "sex_of_casualty": "2",
        "vehicle_reference": 2,
        "geometry_source": "inherited_from_linked_collision",
        "source_year": 2022
      }
    },
    {
      "type": "Feature",
      "id": "2022131165795:1",
      "geometry": {
        "type": "Point",
        "coordinates": [
          -1.896854,
          53.73367
        ]
      },
      "properties": {
        "age_band_of_casualty": "4",
        "age_of_casualty": 19,
        "bus_or_coach_passenger": "0",
        "car_passenger": "0",
        "casualty_adjusted_severity_serious": "0",
        "casualty_adjusted_severity_slight": "1",
        "casualty_class": "1",
        "casualty_distance_banding": "-1",
        "casualty_imd_decile": "6",
        "casualty_injury_based": "1",
        "casualty_reference": 1,
        "casualty_severity": "3",
        "casualty_type": "9",
        "collision_index": "2022131165795",
        "collision_ref_no": "131165795",
        "collision_year": 2022,
        "enhanced_casualty_severity": "3",
        "lsoa_of_casualty": "E01010927",
        "pedestrian_location": "0",
        "pedestrian_movement": "0",
        "pedestrian_road_maintenance_worker": "0",
        "sex_of_casualty": "1",
        "vehicle_reference": 2,
        "geometry_source": "inherited_from_linked_collision",
        "source_year": 2022
      }
    },
    {
      "type": "Feature",
      "id": "2022131209060:1",
      "geometry": {
        "type": "Point",
        "coordinates": [
          -1.830034,
          53.696266
        ]
      },
      "properties": {
        "age_band_of_casualty": "9",
        "age_of_casualty": 62,
        "bus_or_coach_passenger": "0",
        "car_passenger": "0",
        "casualty_adjusted_severity_serious": "0",
        "casualty_adjusted_severity_slight": "1",
        "casualty_class": "1",
        "casualty_distance_banding": "-1",
        "casualty_imd_decile": "2",
        "casualty_injury_based": "1",
        "casualty_reference": 1,
        "casualty_severity": "3",
        "casualty_type": "9",
        "collision_index": "2022131209060",
        "collision_ref_no": "131209060",
        "collision_year": 2022,
        "enhanced_casualty_severity": "3",
        "lsoa_of_casualty": "E01011002",
        "pedestrian_location": "0",
        "pedestrian_movement": "0",
        "pedestrian_road_maintenance_worker": "0",
        "sex_of_casualty": "1",
        "vehicle_reference": 2,
        "geometry_source": "inherited_from_linked_collision",
        "source_year": 2022
      }
    },
    {
      "type": "Feature",
      "id": "2022131246203:1",
      "geometry": {
        "type": "Point",
        "coordinates": [
          -1.859258,
          53.711782
        ]
      },
      "properties": {
        "age_band_of_casualty": "9",
        "age_of_casualty": 62,
        "bus_or_coach_passenger": "0",
        "car_passenger": "1",
        "casualty_adjusted_severity_serious": "0",
        "casualty_adjusted_severity_slight": "1",
        "casualty_class": "2",
        "casualty_distance_banding": "-1",
        "casualty_imd_decile": "1",
        "casualty_injury_based": "1",
        "casualty_reference": 1,
        "casualty_severity": "3",
        "casualty_type": "9",
        "collision_index": "2022131246203",
        "collision_ref_no": "131246203",
        "collision_year": 2022,
        "enhanced_casualty_severity": "3",
        "lsoa_of_casualty": "E01010925",
        "pedestrian_location": "0",
        "pedestrian_movement": "0",
        "pedestrian_road_maintenance_worker": "0",
        "sex_of_casualty": "2",
        "vehicle_reference": 1,
        "geometry_source": "inherited_from_linked_collision",
        "source_year": 2022
      }
    },
    {
      "type": "Feature",
      "id": "2022131200259:1",
      "geometry": {
        "type": "Point",
        "coordinates": [
          -2.104142,
          53.70683
        ]
      },
      "properties": {
        "age_band_of_casualty": "3",
        "age_of_casualty": 11,
        "bus_or_coach_passenger": "0",
        "car_passenger": "0",
        "casualty_adjusted_severity_serious": "0",
        "casualty_adjusted_severity_slight": "1",
        "casualty_class": "3",
        "casualty_distance_banding": "-1",
        "casualty_imd_decile": "4",
        "casualty_injury_based": "1",
        "casualty_reference": 1,
        "casualty_severity": "3",
        "casualty_type": "0",
        "collision_index": "2022131200259",
        "collision_ref_no": "131200259",
        "collision_year": 2022,
        "enhanced_casualty_severity": "3",
        "lsoa_of_casualty": "E01010987",
        "pedestrian_location": "5",
        "pedestrian_movement": "1",
        "pedestrian_road_maintenance_worker": "1",
        "sex_of_casualty": "2",
        "vehicle_reference": 1,
        "geometry_source": "inherited_from_linked_collision",
        "source_year": 2022
      }
    },
    {
      "type": "Feature",
      "id": "2022131157381:2",
      "geometry": {
        "type": "Point",
        "coordinates": [
          -1.949717,
          53.665709
        ]
      },
      "properties": {
        "age_band_of_casualty": "10",
        "age_of_casualty": 75,
        "bus_or_coach_passenger": "0",
        "car_passenger": "0",
        "casualty_adjusted_severity_serious": "0",
        "casualty_adjusted_severity_slight": "1",
        "casualty_class": "1",
        "casualty_distance_banding": "-1",
        "casualty_imd_decile": "7",
        "casualty_injury_based": "1",
        "casualty_reference": 2,
        "casualty_severity": "3",
        "casualty_type": "9",
        "collision_index": "2022131157381",
        "collision_ref_no": "131157381",
        "collision_year": 2022,
        "enhanced_casualty_severity": "3",
        "lsoa_of_casualty": "E01010955",
        "pedestrian_location": "0",
        "pedestrian_movement": "0",
        "pedestrian_road_maintenance_worker": "0",
        "sex_of_casualty": "2",
        "vehicle_reference": 3,
        "geometry_source": "inherited_from_linked_collision",
        "source_year": 2022
      }
    },
    {
      "type": "Feature",
      "id": "2022131163856:2",
      "geometry": {
        "type": "Point",
        "coordinates": [
          -1.955528,
          53.708935
        ]
      },
      "properties": {
        "age_band_of_casualty": "6",
        "age_of_casualty": 33,
        "bus_or_coach_passenger": "0",
        "car_passenger": "0",
        "casualty_adjusted_severity_serious": "0",
        "casualty_adjusted_severity_slight": "1",
        "casualty_class": "1",
        "casualty_distance_banding": "-1",
        "casualty_imd_decile": "7",
        "casualty_injury_based": "1",
        "casualty_reference": 2,
        "casualty_severity": "3",
        "casualty_type": "9",
        "collision_index": "2022131163856",
        "collision_ref_no": "131163856",
        "collision_year": 2022,
        "enhanced_casualty_severity": "3",
        "lsoa_of_casualty": "E01010918",
        "pedestrian_location": "0",
        "pedestrian_movement": "0",
        "pedestrian_road_maintenance_worker": "0",
        "sex_of_casualty": "1",
        "vehicle_reference": 2,
        "geometry_source": "inherited_from_linked_collision",
        "source_year": 2022
      }
    },
    {
      "type": "Feature",
      "id": "2022131173354:1",
      "geometry": {
        "type": "Point",
        "coordinates": [
          -1.838968,
          53.732537
        ]
      },
      "properties": {
        "age_band_of_casualty": "7",
        "age_of_casualty": 38,
        "bus_or_coach_passenger": "0",
        "car_passenger": "0",
        "casualty_adjusted_severity_serious": "1",
        "casualty_adjusted_severity_slight": "0",
        "casualty_class": "1",
        "casualty_distance_banding": "-1",
        "casualty_imd_decile": "7",
        "casualty_injury_based": "1",
        "casualty_reference": 1,
        "casualty_severity": "2",
        "casualty_type": "1",
        "collision_index": "2022131173354",
        "collision_ref_no": "131173354",
        "collision_year": 2022,
        "enhanced_casualty_severity": "7",
        "lsoa_of_casualty": "E01010760",
        "pedestrian_location": "0",
        "pedestrian_movement": "0",
        "pedestrian_road_maintenance_worker": "0",
        "sex_of_casualty": "1",
        "vehicle_reference": 1,
        "geometry_source": "inherited_from_linked_collision",
        "source_year": 2022
      }
    },
    {
      "type": "Feature",
      "id": "2022131137974:1",
      "geometry": {
        "type": "Point",
        "coordinates": [
          -1.845282,
          53.717858
        ]
      },
      "properties": {
        "age_band_of_casualty": "7",
        "age_of_casualty": 41,
        "bus_or_coach_passenger": "0",
        "car_passenger": "0",
        "casualty_adjusted_severity_serious": "0",
        "casualty_adjusted_severity_slight": "1",
        "casualty_class": "1",
        "casualty_distance_banding": "-1",
        "casualty_imd_decile": "2",
        "casualty_injury_based": "1",
        "casualty_reference": 1,
        "casualty_severity": "3",
        "casualty_type": "9",
        "collision_index": "2022131137974",
        "collision_ref_no": "131137974",
        "collision_year": 2022,
        "enhanced_casualty_severity": "3",
        "lsoa_of_casualty": "E01010930",
        "pedestrian_location": "0",
        "pedestrian_movement": "0",
        "pedestrian_road_maintenance_worker": "0",
        "sex_of_casualty": "1",
        "vehicle_reference": 2,
        "geometry_source": "inherited_from_linked_collision",
        "source_year": 2022
      }
    },
    {
      "type": "Feature",
      "id": "2022131192116:1",
      "geometry": {
        "type": "Point",
        "coordinates": [
          -1.955313,
          53.640544
        ]
      },
      "properties": {
        "age_band_of_casualty": "10",
        "age_of_casualty": 75,
        "bus_or_coach_passenger": "0",
        "car_passenger": "1",
        "casualty_adjusted_severity_serious": "0",
        "casualty_adjusted_severity_slight": "1",
        "casualty_class": "2",
        "casualty_distance_banding": "-1",
        "casualty_imd_decile": "8",
        "casualty_injury_based": "1",
        "casualty_reference": 1,
        "casualty_severity": "3",
        "casualty_type": "9",
        "collision_index": "2022131192116",
        "collision_ref_no": "131192116",
        "collision_year": 2022,
        "enhanced_casualty_severity": "3",
        "lsoa_of_casualty": "E01012791",
        "pedestrian_location": "0",
        "pedestrian_movement": "0",
        "pedestrian_road_maintenance_worker": "0",
        "sex_of_casualty": "2",
        "vehicle_reference": 2,
        "geometry_source": "inherited_from_linked_collision",
        "source_year": 2022
      }
    },
    {
      "type": "Feature",
      "id": "2022131208808:1",
      "geometry": {
        "type": "Point",
        "coordinates": [
          -1.873598,
          53.673895
        ]
      },
      "properties": {
        "age_band_of_casualty": "6",
        "age_of_casualty": 29,
        "bus_or_coach_passenger": "0",
        "car_passenger": "2",
        "casualty_adjusted_severity_serious": "0",
        "casualty_adjusted_severity_slight": "1",
        "casualty_class": "2",
        "casualty_distance_banding": "-1",
        "casualty_imd_decile": "5",
        "casualty_injury_based": "1",
        "casualty_reference": 1,
        "casualty_severity": "3",
        "casualty_type": "9",
        "collision_index": "2022131208808",
        "collision_ref_no": "131208808",
        "collision_year": 2022,
        "enhanced_casualty_severity": "3",
        "lsoa_of_casualty": "E01010898",
        "pedestrian_location": "0",
        "pedestrian_movement": "0",
        "pedestrian_road_maintenance_worker": "0",
        "sex_of_casualty": "2",
        "vehicle_reference": 1,
        "geometry_source": "inherited_from_linked_collision",
        "source_year": 2022
      }
    },
    {
      "type": "Feature",
      "id": "2022131213456:1",
      "geometry": {
        "type": "Point",
        "coordinates": [
          -1.837421,
          53.732543
        ]
      },
      "properties": {
        "age_band_of_casualty": "6",
        "age_of_casualty": 31,
        "bus_or_coach_passenger": "0",
        "car_passenger": "0",
        "casualty_adjusted_severity_serious": "1",
        "casualty_adjusted_severity_slight": "0",
        "casualty_class": "1",
        "casualty_distance_banding": "-1",
        "casualty_imd_decile": "5",
        "casualty_injury_based": "1",
        "casualty_reference": 1,
        "casualty_severity": "2",
        "casualty_type": "9",
        "collision_index": "2022131213456",
        "collision_ref_no": "131213456",
        "collision_year": 2022,
        "enhanced_casualty_severity": "7",
        "lsoa_of_casualty": "E01010951",
        "pedestrian_location": "0",
        "pedestrian_movement": "0",
        "pedestrian_road_maintenance_worker": "0",
        "sex_of_casualty": "1",
        "vehicle_reference": 1,
        "geometry_source": "inherited_from_linked_collision",
        "source_year": 2022
      }
    },
    {
      "type": "Feature",
      "id": "2022131170515:2",
      "geometry": {
        "type": "Point",
        "coordinates": [
          -1.840463,
          53.689782
        ]
      },
      "properties": {
        "age_band_of_casualty": "8",
        "age_of_casualty": 54,
        "bus_or_coach_passenger": "0",
        "car_passenger": "0",
        "casualty_adjusted_severity_serious": "0",
        "casualty_adjusted_severity_slight": "1",
        "casualty_class": "2",
        "casualty_distance_banding": "-1",
        "casualty_imd_decile": "6",
        "casualty_injury_based": "1",
        "casualty_reference": 2,
        "casualty_severity": "3",
        "casualty_type": "19",
        "collision_index": "2022131170515",
        "collision_ref_no": "131170515",
        "collision_year": 2022,
        "enhanced_casualty_severity": "3",
        "lsoa_of_casualty": "E01011005",
        "pedestrian_location": "0",
        "pedestrian_movement": "0",
        "pedestrian_road_maintenance_worker": "0",
        "sex_of_casualty": "1",
        "vehicle_reference": 2,
        "geometry_source": "inherited_from_linked_collision",
        "source_year": 2022
      }
    },
    {
      "type": "Feature",
      "id": "2022131245007:1",
      "geometry": {
        "type": "Point",
        "coordinates": [
          -1.863342,
          53.723004
        ]
      },
      "properties": {
        "age_band_of_casualty": "7",
        "age_of_casualty": 43,
        "bus_or_coach_passenger": "0",
        "car_passenger": "0",
        "casualty_adjusted_severity_serious": "1",
        "casualty_adjusted_severity_slight": "0",
        "casualty_class": "3",
        "casualty_distance_banding": "-1",
        "casualty_imd_decile": "4",
        "casualty_injury_based": "1",
        "casualty_reference": 1,
        "casualty_severity": "2",
        "casualty_type": "0",
        "collision_index": "2022131245007",
        "collision_ref_no": "131245007",
        "collision_year": 2022,
        "enhanced_casualty_severity": "7",
        "lsoa_of_casualty": "E01010877",
        "pedestrian_location": "5",
        "pedestrian_movement": "3",
        "pedestrian_road_maintenance_worker": "2",
        "sex_of_casualty": "1",
        "vehicle_reference": 1,
        "geometry_source": "inherited_from_linked_collision",
        "source_year": 2022
      }
    },
    {
      "type": "Feature",
      "id": "2022131177015:1",
      "geometry": {
        "type": "Point",
        "coordinates": [
          -1.857607,
          53.707232
        ]
      },
      "properties": {
        "age_band_of_casualty": "7",
        "age_of_casualty": 36,
        "bus_or_coach_passenger": "0",
        "car_passenger": "0",
        "casualty_adjusted_severity_serious": "0",
        "casualty_adjusted_severity_slight": "1",
        "casualty_class": "1",
        "casualty_distance_banding": "-1",
        "casualty_imd_decile": "1",
        "casualty_injury_based": "1",
        "casualty_reference": 1,
        "casualty_severity": "3",
        "casualty_type": "9",
        "collision_index": "2022131177015",
        "collision_ref_no": "131177015",
        "collision_year": 2022,
        "enhanced_casualty_severity": "3",
        "lsoa_of_casualty": "E01010994",
        "pedestrian_location": "0",
        "pedestrian_movement": "0",
        "pedestrian_road_maintenance_worker": "0",
        "sex_of_casualty": "1",
        "vehicle_reference": 1,
        "geometry_source": "inherited_from_linked_collision",
        "source_year": 2022
      }
    },
    {
      "type": "Feature",
      "id": "2022131183857:1",
      "geometry": {
        "type": "Point",
        "coordinates": [
          -1.868103,
          53.751627
        ]
      },
      "properties": {
        "age_band_of_casualty": "8",
        "age_of_casualty": 49,
        "bus_or_coach_passenger": "0",
        "car_passenger": "0",
        "casualty_adjusted_severity_serious": "0",
        "casualty_adjusted_severity_slight": "1",
        "casualty_class": "1",
        "casualty_distance_banding": "-1",
        "casualty_imd_decile": "8",
        "casualty_injury_based": "1",
        "casualty_reference": 1,
        "casualty_severity": "3",
        "casualty_type": "9",
        "collision_index": "2022131183857",
        "collision_ref_no": "131183857",
        "collision_year": 2022,
        "enhanced_casualty_severity": "3",
        "lsoa_of_casualty": "E01010672",
        "pedestrian_location": "0",
        "pedestrian_movement": "0",
        "pedestrian_road_maintenance_worker": "0",
        "sex_of_casualty": "1",
        "vehicle_reference": 2,
        "geometry_source": "inherited_from_linked_collision",
        "source_year": 2022
      }
    },
    {
      "type": "Feature",
      "id": "2022131216066:2",
      "geometry": {
        "type": "Point",
        "coordinates": [
          -1.802063,
          53.724815
        ]
      },
      "properties": {
        "age_band_of_casualty": "4",
        "age_of_casualty": 17,
        "bus_or_coach_passenger": "0",
        "car_passenger": "1",
        "casualty_adjusted_severity_serious": "0",
        "casualty_adjusted_severity_slight": "1",
        "casualty_class": "2",
        "casualty_distance_banding": "-1",
        "casualty_imd_decile": "6",
        "casualty_injury_based": "1",
        "casualty_reference": 2,
        "casualty_severity": "3",
        "casualty_type": "9",
        "collision_index": "2022131216066",
        "collision_ref_no": "131216066",
        "collision_year": 2022,
        "enhanced_casualty_severity": "3",
        "lsoa_of_casualty": "E01010909",
        "pedestrian_location": "0",
        "pedestrian_movement": "0",
        "pedestrian_road_maintenance_worker": "0",
        "sex_of_casualty": "2",
        "vehicle_reference": 1,
        "geometry_source": "inherited_from_linked_collision",
        "source_year": 2022
      }
    },
    {
      "type": "Feature",
      "id": "2022131217953:1",
      "geometry": {
        "type": "Point",
        "coordinates": [
          -1.912263,
          53.707931
        ]
      },
      "properties": {
        "age_band_of_casualty": "7",
        "age_of_casualty": 39,
        "bus_or_coach_passenger": "0",
        "car_passenger": "0",
        "casualty_adjusted_severity_serious": "0",
        "casualty_adjusted_severity_slight": "1",
        "casualty_class": "1",
        "casualty_distance_banding": "-1",
        "casualty_imd_decile": "2",
        "casualty_injury_based": "1",
        "casualty_reference": 1,
        "casualty_severity": "3",
        "casualty_type": "9",
        "collision_index": "2022131217953",
        "collision_ref_no": "131217953",
        "collision_year": 2022,
        "enhanced_casualty_severity": "3",
        "lsoa_of_casualty": "E01011079",
        "pedestrian_location": "0",
        "pedestrian_movement": "0",
        "pedestrian_road_maintenance_worker": "0",
        "sex_of_casualty": "1",
        "vehicle_reference": 2,
        "geometry_source": "inherited_from_linked_collision",
        "source_year": 2022
      }
    },
    {
      "type": "Feature",
      "id": "2022131233396:1",
      "geometry": {
        "type": "Point",
        "coordinates": [
          -1.974009,
          53.638024
        ]
      },
      "properties": {
        "age_band_of_casualty": "5",
        "age_of_casualty": 24,
        "bus_or_coach_passenger": "0",
        "car_passenger": "0",
        "casualty_adjusted_severity_serious": "0",
        "casualty_adjusted_severity_slight": "1",
        "casualty_class": "1",
        "casualty_distance_banding": "-1",
        "casualty_imd_decile": "2",
        "casualty_injury_based": "1",
        "casualty_reference": 1,
        "casualty_severity": "3",
        "casualty_type": "9",
        "collision_index": "2022131233396",
        "collision_ref_no": "131233396",
        "collision_year": 2022,
        "enhanced_casualty_severity": "3",
        "lsoa_of_casualty": "E01018739",
        "pedestrian_location": "0",
        "pedestrian_movement": "0",
        "pedestrian_road_maintenance_worker": "0",
        "sex_of_casualty": "1",
        "vehicle_reference": 2,
        "geometry_source": "inherited_from_linked_collision",
        "source_year": 2022
      }
    },
    {
      "type": "Feature",
      "id": "2022131208704:2",
      "geometry": {
        "type": "Point",
        "coordinates": [
          -1.828449,
          53.739659
        ]
      },
      "properties": {
        "age_band_of_casualty": "9",
        "age_of_casualty": 58,
        "bus_or_coach_passenger": "0",
        "car_passenger": "1",
        "casualty_adjusted_severity_serious": "0",
        "casualty_adjusted_severity_slight": "1",
        "casualty_class": "2",
        "casualty_distance_banding": "-1",
        "casualty_imd_decile": "10",
        "casualty_injury_based": "1",
        "casualty_reference": 2,
        "casualty_severity": "3",
        "casualty_type": "9",
        "collision_index": "2022131208704",
        "collision_ref_no": "131208704",
        "collision_year": 2022,
        "enhanced_casualty_severity": "3",
        "lsoa_of_casualty": "E01010936",
        "pedestrian_location": "0",
        "pedestrian_movement": "0",
        "pedestrian_road_maintenance_worker": "0",
        "sex_of_casualty": "2",
        "vehicle_reference": 2,
        "geometry_source": "inherited_from_linked_collision",
        "source_year": 2022
      }
    },
    {
      "type": "Feature",
      "id": "2022131132618:1",
      "geometry": {
        "type": "Point",
        "coordinates": [
          -1.891271,
          53.717945
        ]
      },
      "properties": {
        "age_band_of_casualty": "8",
        "age_of_casualty": 47,
        "bus_or_coach_passenger": "0",
        "car_passenger": "0",
        "casualty_adjusted_severity_serious": "0",
        "casualty_adjusted_severity_slight": "1",
        "casualty_class": "3",
        "casualty_distance_banding": "-1",
        "casualty_imd_decile": "1",
        "casualty_injury_based": "1",
        "casualty_reference": 1,
        "casualty_severity": "3",
        "casualty_type": "0",
        "collision_index": "2022131132618",
        "collision_ref_no": "131132618",
        "collision_year": 2022,
        "enhanced_casualty_severity": "3",
        "lsoa_of_casualty": "E01005429",
        "pedestrian_location": "9",
        "pedestrian_movement": "5",
        "pedestrian_road_maintenance_worker": "2",
        "sex_of_casualty": "2",
        "vehicle_reference": 1,
        "geometry_source": "inherited_from_linked_collision",
        "source_year": 2022
      }
    },
    {
      "type": "Feature",
      "id": "2022131176663:1",
      "geometry": {
        "type": "Point",
        "coordinates": [
          -1.909855,
          53.71485
        ]
      },
      "properties": {
        "age_band_of_casualty": "5",
        "age_of_casualty": 21,
        "bus_or_coach_passenger": "0",
        "car_passenger": "0",
        "casualty_adjusted_severity_serious": "1",
        "casualty_adjusted_severity_slight": "0",
        "casualty_class": "1",
        "casualty_distance_banding": "-1",
        "casualty_imd_decile": "6",
        "casualty_injury_based": "1",
        "casualty_reference": 1,
        "casualty_severity": "2",
        "casualty_type": "3",
        "collision_index": "2022131176663",
        "collision_ref_no": "131176663",
        "collision_year": 2022,
        "enhanced_casualty_severity": "7",
        "lsoa_of_casualty": "E01010975",
        "pedestrian_location": "0",
        "pedestrian_movement": "0",
        "pedestrian_road_maintenance_worker": "0",
        "sex_of_casualty": "1",
        "vehicle_reference": 1,
        "geometry_source": "inherited_from_linked_collision",
        "source_year": 2022
      }
    },
    {
      "type": "Feature",
      "id": "2022131166799:1",
      "geometry": {
        "type": "Point",
        "coordinates": [
          -1.967868,
          53.639092
        ]
      },
      "properties": {
        "age_band_of_casualty": "7",
        "age_of_casualty": 36,
        "bus_or_coach_passenger": "0",
        "car_passenger": "0",
        "casualty_adjusted_severity_serious": "0",
        "casualty_adjusted_severity_slight": "1",
        "casualty_class": "1",
        "casualty_distance_banding": "-1",
        "casualty_imd_decile": "8",
        "casualty_injury_based": "1",
        "casualty_reference": 1,
        "casualty_severity": "3",
        "casualty_type": "19",
        "collision_index": "2022131166799",
        "collision_ref_no": "131166799",
        "collision_year": 2022,
        "enhanced_casualty_severity": "3",
        "lsoa_of_casualty": "E01004935",
        "pedestrian_location": "0",
        "pedestrian_movement": "0",
        "pedestrian_road_maintenance_worker": "0",
        "sex_of_casualty": "1",
        "vehicle_reference": 2,
        "geometry_source": "inherited_from_linked_collision",
        "source_year": 2022
      }
    },
    {
      "type": "Feature",
      "id": "2022131201378:1",
      "geometry": {
        "type": "Point",
        "coordinates": [
          -1.801622,
          53.715448
        ]
      },
      "properties": {
        "age_band_of_casualty": "6",
        "age_of_casualty": 30,
        "bus_or_coach_passenger": "0",
        "car_passenger": "0",
        "casualty_adjusted_severity_serious": "0",
        "casualty_adjusted_severity_slight": "1",
        "casualty_class": "3",
        "casualty_distance_banding": "-1",
        "casualty_imd_decile": "10",
        "casualty_injury_based": "1",
        "casualty_reference": 1,
        "casualty_severity": "3",
        "casualty_type": "0",
        "collision_index": "2022131201378",
        "collision_ref_no": "131201378",
        "collision_year": 2022,
        "enhanced_casualty_severity": "3",
        "lsoa_of_casualty": "E01013060",
        "pedestrian_location": "10",
        "pedestrian_movement": "9",
        "pedestrian_road_maintenance_worker": "1",
        "sex_of_casualty": "2",
        "vehicle_reference": 1,
        "geometry_source": "inherited_from_linked_collision",
        "source_year": 2022
      }
    },
    {
      "type": "Feature",
      "id": "2022131140165:1",
      "geometry": {
        "type": "Point",
        "coordinates": [
          -1.732682,
          53.684126
        ]
      },
      "properties": {
        "age_band_of_casualty": "9",
        "age_of_casualty": 58,
        "bus_or_coach_passenger": "0",
        "car_passenger": "0",
        "casualty_adjusted_severity_serious": "0",
        "casualty_adjusted_severity_slight": "1",
        "casualty_class": "1",
        "casualty_distance_banding": "-1",
        "casualty_imd_decile": "2",
        "casualty_injury_based": "1",
        "casualty_reference": 1,
        "casualty_severity": "3",
        "casualty_type": "9",
        "collision_index": "2022131140165",
        "collision_ref_no": "131140165",
        "collision_year": 2022,
        "enhanced_casualty_severity": "3",
        "lsoa_of_casualty": "E01011220",
        "pedestrian_location": "0",
        "pedestrian_movement": "0",
        "pedestrian_road_maintenance_worker": "0",
        "sex_of_casualty": "2",
        "vehicle_reference": 2,
        "geometry_source": "inherited_from_linked_collision",
        "source_year": 2022
      }
    },
    {
      "type": "Feature",
      "id": "2022131254085:1",
      "geometry": {
        "type": "Point",
        "coordinates": [
          -1.935596,
          53.696226
        ]
      },
      "properties": {
        "age_band_of_casualty": "6",
        "age_of_casualty": 29,
        "bus_or_coach_passenger": "0",
        "car_passenger": "0",
        "casualty_adjusted_severity_serious": "0",
        "casualty_adjusted_severity_slight": "1",
        "casualty_class": "1",
        "casualty_distance_banding": "-1",
        "casualty_imd_decile": "3",
        "casualty_injury_based": "1",
        "casualty_reference": 1,
        "casualty_severity": "3",
        "casualty_type": "9",
        "collision_index": "2022131254085",
        "collision_ref_no": "131254085",
        "collision_year": 2022,
        "enhanced_casualty_severity": "3",
        "lsoa_of_casualty": "E01010940",
        "pedestrian_location": "0",
        "pedestrian_movement": "0",
        "pedestrian_road_maintenance_worker": "0",
        "sex_of_casualty": "1",
        "vehicle_reference": 1,
        "geometry_source": "inherited_from_linked_collision",
        "source_year": 2022
      }
    },
    {
      "type": "Feature",
      "id": "2022131137403:3",
      "geometry": {
        "type": "Point",
        "coordinates": [
          -1.857762,
          53.719438
        ]
      },
      "properties": {
        "age_band_of_casualty": "8",
        "age_of_casualty": 49,
        "bus_or_coach_passenger": "0",
        "car_passenger": "1",
        "casualty_adjusted_severity_serious": "1",
        "casualty_adjusted_severity_slight": "0",
        "casualty_class": "2",
        "casualty_distance_banding": "-1",
        "casualty_imd_decile": "1",
        "casualty_injury_based": "1",
        "casualty_reference": 3,
        "casualty_severity": "2",
        "casualty_type": "9",
        "collision_index": "2022131137403",
        "collision_ref_no": "131137403",
        "collision_year": 2022,
        "enhanced_casualty_severity": "7",
        "lsoa_of_casualty": "E01010994",
        "pedestrian_location": "0",
        "pedestrian_movement": "0",
        "pedestrian_road_maintenance_worker": "0",
        "sex_of_casualty": "1",
        "vehicle_reference": 2,
        "geometry_source": "inherited_from_linked_collision",
        "source_year": 2022
      }
    },
    {
      "type": "Feature",
      "id": "2022131165683:5",
      "geometry": {
        "type": "Point",
        "coordinates": [
          -1.886379,
          53.722488
        ]
      },
      "properties": {
        "age_band_of_casualty": "2",
        "age_of_casualty": 10,
        "bus_or_coach_passenger": "0",
        "car_passenger": "1",
        "casualty_adjusted_severity_serious": "0",
        "casualty_adjusted_severity_slight": "1",
        "casualty_class": "2",
        "casualty_distance_banding": "-1",
        "casualty_imd_decile": "1",
        "casualty_injury_based": "1",
        "casualty_reference": 5,
        "casualty_severity": "3",
        "casualty_type": "9",
        "collision_index": "2022131165683",
        "collision_ref_no": "131165683",
        "collision_year": 2022,
        "enhanced_casualty_severity": "3",
        "lsoa_of_casualty": "E01010964",
        "pedestrian_location": "0",
        "pedestrian_movement": "0",
        "pedestrian_road_maintenance_worker": "0",
        "sex_of_casualty": "2",
        "vehicle_reference": 2,
        "geometry_source": "inherited_from_linked_collision",
        "source_year": 2022
      }
    },
    {
      "type": "Feature",
      "id": "2022131184876:1",
      "geometry": {
        "type": "Point",
        "coordinates": [
          -1.863165,
          53.726239
        ]
      },
      "properties": {
        "age_band_of_casualty": "7",
        "age_of_casualty": 36,
        "bus_or_coach_passenger": "0",
        "car_passenger": "0",
        "casualty_adjusted_severity_serious": "0",
        "casualty_adjusted_severity_slight": "1",
        "casualty_class": "1",
        "casualty_distance_banding": "-1",
        "casualty_imd_decile": "3",
        "casualty_injury_based": "1",
        "casualty_reference": 1,
        "casualty_severity": "3",
        "casualty_type": "9",
        "collision_index": "2022131184876",
        "collision_ref_no": "131184876",
        "collision_year": 2022,
        "enhanced_casualty_severity": "3",
        "lsoa_of_casualty": "E01010759",
        "pedestrian_location": "0",
        "pedestrian_movement": "0",
        "pedestrian_road_maintenance_worker": "0",
        "sex_of_casualty": "2",
        "vehicle_reference": 2,
        "geometry_source": "inherited_from_linked_collision",
        "source_year": 2022
      }
    },
    {
      "type": "Feature",
      "id": "2022131203264:1",
      "geometry": {
        "type": "Point",
        "coordinates": [
          -1.993179,
          53.784721
        ]
      },
      "properties": {
        "age_band_of_casualty": "10",
        "age_of_casualty": 73,
        "bus_or_coach_passenger": "0",
        "car_passenger": "0",
        "casualty_adjusted_severity_serious": "0",
        "casualty_adjusted_severity_slight": "1",
        "casualty_class": "1",
        "casualty_distance_banding": "-1",
        "casualty_imd_decile": "6",
        "casualty_injury_based": "1",
        "casualty_reference": 1,
        "casualty_severity": "3",
        "casualty_type": "9",
        "collision_index": "2022131203264",
        "collision_ref_no": "131203264",
        "collision_year": 2022,
        "enhanced_casualty_severity": "3",
        "lsoa_of_casualty": "E01010888",
        "pedestrian_location": "0",
        "pedestrian_movement": "0",
        "pedestrian_road_maintenance_worker": "0",
        "sex_of_casualty": "2",
        "vehicle_reference": 1,
        "geometry_source": "inherited_from_linked_collision",
        "source_year": 2022
      }
    },
    {
      "type": "Feature",
      "id": "2022131213340:1",
      "geometry": {
        "type": "Point",
        "coordinates": [
          -1.89656,
          53.742262
        ]
      },
      "properties": {
        "age_band_of_casualty": "5",
        "age_of_casualty": 23,
        "bus_or_coach_passenger": "0",
        "car_passenger": "0",
        "casualty_adjusted_severity_serious": "1",
        "casualty_adjusted_severity_slight": "0",
        "casualty_class": "1",
        "casualty_distance_banding": "-1",
        "casualty_imd_decile": "6",
        "casualty_injury_based": "1",
        "casualty_reference": 1,
        "casualty_severity": "2",
        "casualty_type": "9",
        "collision_index": "2022131213340",
        "collision_ref_no": "131213340",
        "collision_year": 2022,
        "enhanced_casualty_severity": "7",
        "lsoa_of_casualty": "E01010927",
        "pedestrian_location": "0",
        "pedestrian_movement": "0",
        "pedestrian_road_maintenance_worker": "0",
        "sex_of_casualty": "1",
        "vehicle_reference": 1,
        "geometry_source": "inherited_from_linked_collision",
        "source_year": 2022
      }
    },
    {
      "type": "Feature",
      "id": "2022131215910:2",
      "geometry": {
        "type": "Point",
        "coordinates": [
          -1.87536,
          53.723196
        ]
      },
      "properties": {
        "age_band_of_casualty": "2",
        "age_of_casualty": 7,
        "bus_or_coach_passenger": "0",
        "car_passenger": "1",
        "casualty_adjusted_severity_serious": "0",
        "casualty_adjusted_severity_slight": "1",
        "casualty_class": "2",
        "casualty_distance_banding": "-1",
        "casualty_imd_decile": "7",
        "casualty_injury_based": "1",
        "casualty_reference": 2,
        "casualty_severity": "3",
        "casualty_type": "9",
        "collision_index": "2022131215910",
        "collision_ref_no": "131215910",
        "collision_year": 2022,
        "enhanced_casualty_severity": "3",
        "lsoa_of_casualty": "E01010973",
        "pedestrian_location": "0",
        "pedestrian_movement": "0",
        "pedestrian_road_maintenance_worker": "0",
        "sex_of_casualty": "2",
        "vehicle_reference": 2,
        "geometry_source": "inherited_from_linked_collision",
        "source_year": 2022
      }
    },
    {
      "type": "Feature",
      "id": "2022131217379:1",
      "geometry": {
        "type": "Point",
        "coordinates": [
          -1.852737,
          53.704718
        ]
      },
      "properties": {
        "age_band_of_casualty": "5",
        "age_of_casualty": 22,
        "bus_or_coach_passenger": "0",
        "car_passenger": "1",
        "casualty_adjusted_severity_serious": "1",
        "casualty_adjusted_severity_slight": "0",
        "casualty_class": "2",
        "casualty_distance_banding": "-1",
        "casualty_imd_decile": "10",
        "casualty_injury_based": "1",
        "casualty_reference": 1,
        "casualty_severity": "2",
        "casualty_type": "9",
        "collision_index": "2022131217379",
        "collision_ref_no": "131217379",
        "collision_year": 2022,
        "enhanced_casualty_severity": "7",
        "lsoa_of_casualty": "E01010954",
        "pedestrian_location": "0",
        "pedestrian_movement": "0",
        "pedestrian_road_maintenance_worker": "0",
        "sex_of_casualty": "1",
        "vehicle_reference": 1,
        "geometry_source": "inherited_from_linked_collision",
        "source_year": 2022
      }
    },
    {
      "type": "Feature",
      "id": "2022131234086:2",
      "geometry": {
        "type": "Point",
        "coordinates": [
          -1.869166,
          53.741337
        ]
      },
      "properties": {
        "age_band_of_casualty": "7",
        "age_of_casualty": 36,
        "bus_or_coach_passenger": "0",
        "car_passenger": "1",
        "casualty_adjusted_severity_serious": "0",
        "casualty_adjusted_severity_slight": "1",
        "casualty_class": "2",
        "casualty_distance_banding": "-1",
        "casualty_imd_decile": "1",
        "casualty_injury_based": "1",
        "casualty_reference": 2,
        "casualty_severity": "3",
        "casualty_type": "9",
        "collision_index": "2022131234086",
        "collision_ref_no": "131234086",
        "collision_year": 2022,
        "enhanced_casualty_severity": "3",
        "lsoa_of_casualty": "E01010730",
        "pedestrian_location": "0",
        "pedestrian_movement": "0",
        "pedestrian_road_maintenance_worker": "0",
        "sex_of_casualty": "1",
        "vehicle_reference": 2,
        "geometry_source": "inherited_from_linked_collision",
        "source_year": 2022
      }
    },
    {
      "type": "Feature",
      "id": "2022131189829:1",
      "geometry": {
        "type": "Point",
        "coordinates": [
          -1.876328,
          53.73392
        ]
      },
      "properties": {
        "age_band_of_casualty": "3",
        "age_of_casualty": 12,
        "bus_or_coach_passenger": "0",
        "car_passenger": "0",
        "casualty_adjusted_severity_serious": "1",
        "casualty_adjusted_severity_slight": "0",
        "casualty_class": "3",
        "casualty_distance_banding": "-1",
        "casualty_imd_decile": "1",
        "casualty_injury_based": "1",
        "casualty_reference": 1,
        "casualty_severity": "2",
        "casualty_type": "0",
        "collision_index": "2022131189829",
        "collision_ref_no": "131189829",
        "collision_year": 2022,
        "enhanced_casualty_severity": "7",
        "lsoa_of_casualty": "E01010944",
        "pedestrian_location": "5",
        "pedestrian_movement": "1",
        "pedestrian_road_maintenance_worker": "2",
        "sex_of_casualty": "2",
        "vehicle_reference": 1,
        "geometry_source": "inherited_from_linked_collision",
        "source_year": 2022
      }
    },
    {
      "type": "Feature",
      "id": "2022131216934:1",
      "geometry": {
        "type": "Point",
        "coordinates": [
          -1.864228,
          53.725692
        ]
      },
      "properties": {
        "age_band_of_casualty": "7",
        "age_of_casualty": 44,
        "bus_or_coach_passenger": "0",
        "car_passenger": "0",
        "casualty_adjusted_severity_serious": "0",
        "casualty_adjusted_severity_slight": "1",
        "casualty_class": "1",
        "casualty_distance_banding": "-1",
        "casualty_imd_decile": "1",
        "casualty_injury_based": "1",
        "casualty_reference": 1,
        "casualty_severity": "3",
        "casualty_type": "3",
        "collision_index": "2022131216934",
        "collision_ref_no": "131216934",
        "collision_year": 2022,
        "enhanced_casualty_severity": "3",
        "lsoa_of_casualty": "E01011001",
        "pedestrian_location": "0",
        "pedestrian_movement": "0",
        "pedestrian_road_maintenance_worker": "0",
        "sex_of_casualty": "1",
        "vehicle_reference": 2,
        "geometry_source": "inherited_from_linked_collision",
        "source_year": 2022
      }
    },
    {
      "type": "Feature",
      "id": "2022131186656:1",
      "geometry": {
        "type": "Point",
        "coordinates": [
          -1.892653,
          53.722647
        ]
      },
      "properties": {
        "age_band_of_casualty": "6",
        "age_of_casualty": 29,
        "bus_or_coach_passenger": "0",
        "car_passenger": "1",
        "casualty_adjusted_severity_serious": "0",
        "casualty_adjusted_severity_slight": "1",
        "casualty_class": "2",
        "casualty_distance_banding": "-1",
        "casualty_imd_decile": "1",
        "casualty_injury_based": "1",
        "casualty_reference": 1,
        "casualty_severity": "3",
        "casualty_type": "9",
        "collision_index": "2022131186656",
        "collision_ref_no": "131186656",
        "collision_year": 2022,
        "enhanced_casualty_severity": "3",
        "lsoa_of_casualty": "E01010938",
        "pedestrian_location": "0",
        "pedestrian_movement": "0",
        "pedestrian_road_maintenance_worker": "0",
        "sex_of_casualty": "2",
        "vehicle_reference": 1,
        "geometry_source": "inherited_from_linked_collision",
        "source_year": 2022
      }
    },
    {
      "type": "Feature",
      "id": "2022131187714:1",
      "geometry": {
        "type": "Point",
        "coordinates": [
          -1.840643,
          53.682304
        ]
      },
      "properties": {
        "age_band_of_casualty": "7",
        "age_of_casualty": 39,
        "bus_or_coach_passenger": "0",
        "car_passenger": "0",
        "casualty_adjusted_severity_serious": "0",
        "casualty_adjusted_severity_slight": "1",
        "casualty_class": "1",
        "casualty_distance_banding": "-1",
        "casualty_imd_decile": "1",
        "casualty_injury_based": "1",
        "casualty_reference": 1,
        "casualty_severity": "3",
        "casualty_type": "9",
        "collision_index": "2022131187714",
        "collision_ref_no": "131187714",
        "collision_year": 2022,
        "enhanced_casualty_severity": "3",
        "lsoa_of_casualty": "E01010967",
        "pedestrian_location": "0",
        "pedestrian_movement": "0",
        "pedestrian_road_maintenance_worker": "0",
        "sex_of_casualty": "1",
        "vehicle_reference": 1,
        "geometry_source": "inherited_from_linked_collision",
        "source_year": 2022
      }
    },
    {
      "type": "Feature",
      "id": "2022131216800:1",
      "geometry": {
        "type": "Point",
        "coordinates": [
          -1.859242,
          53.711925
        ]
      },
      "properties": {
        "age_band_of_casualty": "9",
        "age_of_casualty": 57,
        "bus_or_coach_passenger": "0",
        "car_passenger": "0",
        "casualty_adjusted_severity_serious": "0",
        "casualty_adjusted_severity_slight": "1",
        "casualty_class": "2",
        "casualty_distance_banding": "-1",
        "casualty_imd_decile": "6",
        "casualty_injury_based": "1",
        "casualty_reference": 1,
        "casualty_severity": "3",
        "casualty_type": "11",
        "collision_index": "2022131216800",
        "collision_ref_no": "131216800",
        "collision_year": 2022,
        "enhanced_casualty_severity": "3",
        "lsoa_of_casualty": "E01010787",
        "pedestrian_location": "0",
        "pedestrian_movement": "0",
        "pedestrian_road_maintenance_worker": "0",
        "sex_of_casualty": "2",
        "vehicle_reference": 1,
        "geometry_source": "inherited_from_linked_collision",
        "source_year": 2022
      }
    },
    {
      "type": "Feature",
      "id": "2022131159693:1",
      "geometry": {
        "type": "Point",
        "coordinates": [
          -1.823025,
          53.673831
        ]
      },
      "properties": {
        "age_band_of_casualty": "9",
        "age_of_casualty": 63,
        "bus_or_coach_passenger": "0",
        "car_passenger": "0",
        "casualty_adjusted_severity_serious": "0",
        "casualty_adjusted_severity_slight": "1",
        "casualty_class": "1",
        "casualty_distance_banding": "-1",
        "casualty_imd_decile": "5",
        "casualty_injury_based": "1",
        "casualty_reference": 1,
        "casualty_severity": "3",
        "casualty_type": "9",
        "collision_index": "2022131159693",
        "collision_ref_no": "131159693",
        "collision_year": 2022,
        "enhanced_casualty_severity": "3",
        "lsoa_of_casualty": "E01011356",
        "pedestrian_location": "0",
        "pedestrian_movement": "0",
        "pedestrian_road_maintenance_worker": "0",
        "sex_of_casualty": "1",
        "vehicle_reference": 1,
        "geometry_source": "inherited_from_linked_collision",
        "source_year": 2022
      }
    },
    {
      "type": "Feature",
      "id": "2022131254597:1",
      "geometry": {
        "type": "Point",
        "coordinates": [
          -1.787083,
          53.732042
        ]
      },
      "properties": {
        "age_band_of_casualty": "9",
        "age_of_casualty": 63,
        "bus_or_coach_passenger": "0",
        "car_passenger": "1",
        "casualty_adjusted_severity_serious": "0",
        "casualty_adjusted_severity_slight": "1",
        "casualty_class": "2",
        "casualty_distance_banding": "-1",
        "casualty_imd_decile": "5",
        "casualty_injury_based": "1",
        "casualty_reference": 1,
        "casualty_severity": "3",
        "casualty_type": "9",
        "collision_index": "2022131254597",
        "collision_ref_no": "131254597",
        "collision_year": 2022,
        "enhanced_casualty_severity": "3",
        "lsoa_of_casualty": "E01010934",
        "pedestrian_location": "0",
        "pedestrian_movement": "0",
        "pedestrian_road_maintenance_worker": "0",
        "sex_of_casualty": "2",
        "vehicle_reference": 1,
        "geometry_source": "inherited_from_linked_collision",
        "source_year": 2022
      }
    },
    {
      "type": "Feature",
      "id": "2022131142429:1",
      "geometry": {
        "type": "Point",
        "coordinates": [
          -1.781494,
          53.687361
        ]
      },
      "properties": {
        "age_band_of_casualty": "4",
        "age_of_casualty": 19,
        "bus_or_coach_passenger": "0",
        "car_passenger": "0",
        "casualty_adjusted_severity_serious": "0",
        "casualty_adjusted_severity_slight": "1",
        "casualty_class": "1",
        "casualty_distance_banding": "-1",
        "casualty_imd_decile": "2",
        "casualty_injury_based": "1",
        "casualty_reference": 1,
        "casualty_severity": "3",
        "casualty_type": "9",
        "collision_index": "2022131142429",
        "collision_ref_no": "131142429",
        "collision_year": 2022,
        "enhanced_casualty_severity": "3",
        "lsoa_of_casualty": "E01011080",
        "pedestrian_location": "0",
        "pedestrian_movement": "0",
        "pedestrian_road_maintenance_worker": "0",
        "sex_of_casualty": "1",
        "vehicle_reference": 1,
        "geometry_source": "inherited_from_linked_collision",
        "source_year": 2022
      }
    },
    {
      "type": "Feature",
      "id": "2022131158803:1",
      "geometry": {
        "type": "Point",
        "coordinates": [
          -1.892133,
          53.671108
        ]
      },
      "properties": {
        "age_band_of_casualty": "8",
        "age_of_casualty": 47,
        "bus_or_coach_passenger": "0",
        "car_passenger": "0",
        "casualty_adjusted_severity_serious": "0",
        "casualty_adjusted_severity_slight": "1",
        "casualty_class": "1",
        "casualty_distance_banding": "-1",
        "casualty_imd_decile": "8",
        "casualty_injury_based": "1",
        "casualty_reference": 1,
        "casualty_severity": "3",
        "casualty_type": "9",
        "collision_index": "2022131158803",
        "collision_ref_no": "131158803",
        "collision_year": 2022,
        "enhanced_casualty_severity": "3",
        "lsoa_of_casualty": "E01010896",
        "pedestrian_location": "0",
        "pedestrian_movement": "0",
        "pedestrian_road_maintenance_worker": "0",
        "sex_of_casualty": "2",
        "vehicle_reference": 1,
        "geometry_source": "inherited_from_linked_collision",
        "source_year": 2022
      }
    },
    {
      "type": "Feature",
      "id": "2022131192144:1",
      "geometry": {
        "type": "Point",
        "coordinates": [
          -1.950963,
          53.726586
        ]
      },
      "properties": {
        "age_band_of_casualty": "7",
        "age_of_casualty": 39,
        "bus_or_coach_passenger": "0",
        "car_passenger": "0",
        "casualty_adjusted_severity_serious": "0",
        "casualty_adjusted_severity_slight": "1",
        "casualty_class": "1",
        "casualty_distance_banding": "-1",
        "casualty_imd_decile": "6",
        "casualty_injury_based": "1",
        "casualty_reference": 1,
        "casualty_severity": "3",
        "casualty_type": "9",
        "collision_index": "2022131192144",
        "collision_ref_no": "131192144",
        "collision_year": 2022,
        "enhanced_casualty_severity": "3",
        "lsoa_of_casualty": "E01010922",
        "pedestrian_location": "0",
        "pedestrian_movement": "0",
        "pedestrian_road_maintenance_worker": "0",
        "sex_of_casualty": "2",
        "vehicle_reference": 3,
        "geometry_source": "inherited_from_linked_collision",
        "source_year": 2022
      }
    },
    {
      "type": "Feature",
      "id": "2022131208704:1",
      "geometry": {
        "type": "Point",
        "coordinates": [
          -1.828449,
          53.739659
        ]
      },
      "properties": {
        "age_band_of_casualty": "9",
        "age_of_casualty": 61,
        "bus_or_coach_passenger": "0",
        "car_passenger": "0",
        "casualty_adjusted_severity_serious": "0",
        "casualty_adjusted_severity_slight": "1",
        "casualty_class": "1",
        "casualty_distance_banding": "-1",
        "casualty_imd_decile": "10",
        "casualty_injury_based": "1",
        "casualty_reference": 1,
        "casualty_severity": "3",
        "casualty_type": "9",
        "collision_index": "2022131208704",
        "collision_ref_no": "131208704",
        "collision_year": 2022,
        "enhanced_casualty_severity": "3",
        "lsoa_of_casualty": "E01010936",
        "pedestrian_location": "0",
        "pedestrian_movement": "0",
        "pedestrian_road_maintenance_worker": "0",
        "sex_of_casualty": "1",
        "vehicle_reference": 2,
        "geometry_source": "inherited_from_linked_collision",
        "source_year": 2022
      }
    },
    {
      "type": "Feature",
      "id": "2022131153001:2",
      "geometry": {
        "type": "Point",
        "coordinates": [
          -1.893798,
          53.731088
        ]
      },
      "properties": {
        "age_band_of_casualty": "6",
        "age_of_casualty": 31,
        "bus_or_coach_passenger": "0",
        "car_passenger": "0",
        "casualty_adjusted_severity_serious": "0",
        "casualty_adjusted_severity_slight": "1",
        "casualty_class": "1",
        "casualty_distance_banding": "-1",
        "casualty_imd_decile": "2",
        "casualty_injury_based": "1",
        "casualty_reference": 2,
        "casualty_severity": "3",
        "casualty_type": "9",
        "collision_index": "2022131153001",
        "collision_ref_no": "131153001",
        "collision_year": 2022,
        "enhanced_casualty_severity": "3",
        "lsoa_of_casualty": "E01011000",
        "pedestrian_location": "0",
        "pedestrian_movement": "0",
        "pedestrian_road_maintenance_worker": "0",
        "sex_of_casualty": "2",
        "vehicle_reference": 1,
        "geometry_source": "inherited_from_linked_collision",
        "source_year": 2022
      }
    },
    {
      "type": "Feature",
      "id": "2022131157381:1",
      "geometry": {
        "type": "Point",
        "coordinates": [
          -1.949717,
          53.665709
        ]
      },
      "properties": {
        "age_band_of_casualty": "10",
        "age_of_casualty": 75,
        "bus_or_coach_passenger": "0",
        "car_passenger": "0",
        "casualty_adjusted_severity_serious": "0",
        "casualty_adjusted_severity_slight": "1",
        "casualty_class": "1",
        "casualty_distance_banding": "-1",
        "casualty_imd_decile": "7",
        "casualty_injury_based": "1",
        "casualty_reference": 1,
        "casualty_severity": "3",
        "casualty_type": "9",
        "collision_index": "2022131157381",
        "collision_ref_no": "131157381",
        "collision_year": 2022,
        "enhanced_casualty_severity": "3",
        "lsoa_of_casualty": "E01010955",
        "pedestrian_location": "0",
        "pedestrian_movement": "0",
        "pedestrian_road_maintenance_worker": "0",
        "sex_of_casualty": "1",
        "vehicle_reference": 1,
        "geometry_source": "inherited_from_linked_collision",
        "source_year": 2022
      }
    },
    {
      "type": "Feature",
      "id": "2022131162602:2",
      "geometry": {
        "type": "Point",
        "coordinates": [
          -1.996563,
          53.783058
        ]
      },
      "properties": {
        "age_band_of_casualty": "5",
        "age_of_casualty": 24,
        "bus_or_coach_passenger": "0",
        "car_passenger": "0",
        "casualty_adjusted_severity_serious": "0",
        "casualty_adjusted_severity_slight": "1",
        "casualty_class": "1",
        "casualty_distance_banding": "-1",
        "casualty_imd_decile": "1",
        "casualty_injury_based": "1",
        "casualty_reference": 2,
        "casualty_severity": "3",
        "casualty_type": "9",
        "collision_index": "2022131162602",
        "collision_ref_no": "131162602",
        "collision_year": 2022,
        "enhanced_casualty_severity": "3",
        "lsoa_of_casualty": "E01011473",
        "pedestrian_location": "0",
        "pedestrian_movement": "0",
        "pedestrian_road_maintenance_worker": "0",
        "sex_of_casualty": "1",
        "vehicle_reference": 2,
        "geometry_source": "inherited_from_linked_collision",
        "source_year": 2022
      }
    },
    {
      "type": "Feature",
      "id": "2022131175681:2",
      "geometry": {
        "type": "Point",
        "coordinates": [
          -1.867002,
          53.72077
        ]
      },
      "properties": {
        "age_band_of_casualty": "8",
        "age_of_casualty": 51,
        "bus_or_coach_passenger": "0",
        "car_passenger": "0",
        "casualty_adjusted_severity_serious": "0",
        "casualty_adjusted_severity_slight": "1",
        "casualty_class": "1",
        "casualty_distance_banding": "-1",
        "casualty_imd_decile": "1",
        "casualty_injury_based": "1",
        "casualty_reference": 2,
        "casualty_severity": "3",
        "casualty_type": "9",
        "collision_index": "2022131175681",
        "collision_ref_no": "131175681",
        "collision_year": 2022,
        "enhanced_casualty_severity": "3",
        "lsoa_of_casualty": "E01011001",
        "pedestrian_location": "0",
        "pedestrian_movement": "0",
        "pedestrian_road_maintenance_worker": "0",
        "sex_of_casualty": "1",
        "vehicle_reference": 2,
        "geometry_source": "inherited_from_linked_collision",
        "source_year": 2022
      }
    },
    {
      "type": "Feature",
      "id": "2022131211160:2",
      "geometry": {
        "type": "Point",
        "coordinates": [
          -1.857087,
          53.717406
        ]
      },
      "properties": {
        "age_band_of_casualty": "10",
        "age_of_casualty": 70,
        "bus_or_coach_passenger": "0",
        "car_passenger": "0",
        "casualty_adjusted_severity_serious": "0",
        "casualty_adjusted_severity_slight": "1",
        "casualty_class": "1",
        "casualty_distance_banding": "-1",
        "casualty_imd_decile": "1",
        "casualty_injury_based": "1",
        "casualty_reference": 2,
        "casualty_severity": "3",
        "casualty_type": "9",
        "collision_index": "2022131211160",
        "collision_ref_no": "131211160",
        "collision_year": 2022,
        "enhanced_casualty_severity": "3",
        "lsoa_of_casualty": "E01010994",
        "pedestrian_location": "0",
        "pedestrian_movement": "0",
        "pedestrian_road_maintenance_worker": "0",
        "sex_of_casualty": "2",
        "vehicle_reference": 5,
        "geometry_source": "inherited_from_linked_collision",
        "source_year": 2022
      }
    },
    {
      "type": "Feature",
      "id": "2022131213140:1",
      "geometry": {
        "type": "Point",
        "coordinates": [
          -1.890945,
          53.744181
        ]
      },
      "properties": {
        "age_band_of_casualty": "7",
        "age_of_casualty": 42,
        "bus_or_coach_passenger": "0",
        "car_passenger": "0",
        "casualty_adjusted_severity_serious": "0",
        "casualty_adjusted_severity_slight": "1",
        "casualty_class": "1",
        "casualty_distance_banding": "-1",
        "casualty_imd_decile": "1",
        "casualty_injury_based": "1",
        "casualty_reference": 1,
        "casualty_severity": "3",
        "casualty_type": "9",
        "collision_index": "2022131213140",
        "collision_ref_no": "131213140",
        "collision_year": 2022,
        "enhanced_casualty_severity": "3",
        "lsoa_of_casualty": "E01010941",
        "pedestrian_location": "0",
        "pedestrian_movement": "0",
        "pedestrian_road_maintenance_worker": "0",
        "sex_of_casualty": "2",
        "vehicle_reference": 1,
        "geometry_source": "inherited_from_linked_collision",
        "source_year": 2022
      }
    },
    {
      "type": "Feature",
      "id": "2022131252433:1",
      "geometry": {
        "type": "Point",
        "coordinates": [
          -1.935542,
          53.671976
        ]
      },
      "properties": {
        "age_band_of_casualty": "7",
        "age_of_casualty": 42,
        "bus_or_coach_passenger": "0",
        "car_passenger": "0",
        "casualty_adjusted_severity_serious": "0",
        "casualty_adjusted_severity_slight": "1",
        "casualty_class": "1",
        "casualty_distance_banding": "-1",
        "casualty_imd_decile": "9",
        "casualty_injury_based": "1",
        "casualty_reference": 1,
        "casualty_severity": "3",
        "casualty_type": "9",
        "collision_index": "2022131252433",
        "collision_ref_no": "131252433",
        "collision_year": 2022,
        "enhanced_casualty_severity": "3",
        "lsoa_of_casualty": "E01010953",
        "pedestrian_location": "0",
        "pedestrian_movement": "0",
        "pedestrian_road_maintenance_worker": "0",
        "sex_of_casualty": "2",
        "vehicle_reference": 1,
        "geometry_source": "inherited_from_linked_collision",
        "source_year": 2022
      }
    },
    {
      "type": "Feature",
      "id": "2022131186865:2",
      "geometry": {
        "type": "Point",
        "coordinates": [
          -1.798088,
          53.725653
        ]
      },
      "properties": {
        "age_band_of_casualty": "10",
        "age_of_casualty": 69,
        "bus_or_coach_passenger": "0",
        "car_passenger": "0",
        "casualty_adjusted_severity_serious": "0",
        "casualty_adjusted_severity_slight": "1",
        "casualty_class": "2",
        "casualty_distance_banding": "-1",
        "casualty_imd_decile": "-1",
        "casualty_injury_based": "1",
        "casualty_reference": 2,
        "casualty_severity": "3",
        "casualty_type": "10",
        "collision_index": "2022131186865",
        "collision_ref_no": "131186865",
        "collision_year": 2022,
        "enhanced_casualty_severity": "3",
        "lsoa_of_casualty": "-1",
        "pedestrian_location": "0",
        "pedestrian_movement": "0",
        "pedestrian_road_maintenance_worker": "0",
        "sex_of_casualty": "1",
        "vehicle_reference": 2,
        "geometry_source": "inherited_from_linked_collision",
        "source_year": 2022
      }
    },
    {
      "type": "Feature",
      "id": "2022131247127:1",
      "geometry": {
        "type": "Point",
        "coordinates": [
          -1.745415,
          53.71687
        ]
      },
      "properties": {
        "age_band_of_casualty": "8",
        "age_of_casualty": 48,
        "bus_or_coach_passenger": "0",
        "car_passenger": "0",
        "casualty_adjusted_severity_serious": "1",
        "casualty_adjusted_severity_slight": "0",
        "casualty_class": "1",
        "casualty_distance_banding": "-1",
        "casualty_imd_decile": "3",
        "casualty_injury_based": "1",
        "casualty_reference": 1,
        "casualty_severity": "2",
        "casualty_type": "19",
        "collision_index": "2022131247127",
        "collision_ref_no": "131247127",
        "collision_year": 2022,
        "enhanced_casualty_severity": "5",
        "lsoa_of_casualty": "E01011040",
        "pedestrian_location": "0",
        "pedestrian_movement": "0",
        "pedestrian_road_maintenance_worker": "0",
        "sex_of_casualty": "1",
        "vehicle_reference": 1,
        "geometry_source": "inherited_from_linked_collision",
        "source_year": 2022
      }
    },
    {
      "type": "Feature",
      "id": "2022131141979:1",
      "geometry": {
        "type": "Point",
        "coordinates": [
          -1.857762,
          53.719456
        ]
      },
      "properties": {
        "age_band_of_casualty": "1",
        "age_of_casualty": 1,
        "bus_or_coach_passenger": "0",
        "car_passenger": "2",
        "casualty_adjusted_severity_serious": "1",
        "casualty_adjusted_severity_slight": "0",
        "casualty_class": "2",
        "casualty_distance_banding": "-1",
        "casualty_imd_decile": "1",
        "casualty_injury_based": "1",
        "casualty_reference": 1,
        "casualty_severity": "2",
        "casualty_type": "9",
        "collision_index": "2022131141979",
        "collision_ref_no": "131141979",
        "collision_year": 2022,
        "enhanced_casualty_severity": "7",
        "lsoa_of_casualty": "E01010965",
        "pedestrian_location": "0",
        "pedestrian_movement": "0",
        "pedestrian_road_maintenance_worker": "0",
        "sex_of_casualty": "2",
        "vehicle_reference": 2,
        "geometry_source": "inherited_from_linked_collision",
        "source_year": 2022
      }
    },
    {
      "type": "Feature",
      "id": "2022131208985:1",
      "geometry": {
        "type": "Point",
        "coordinates": [
          -1.860426,
          53.715774
        ]
      },
      "properties": {
        "age_band_of_casualty": "6",
        "age_of_casualty": 31,
        "bus_or_coach_passenger": "0",
        "car_passenger": "0",
        "casualty_adjusted_severity_serious": "0",
        "casualty_adjusted_severity_slight": "1",
        "casualty_class": "1",
        "casualty_distance_banding": "-1",
        "casualty_imd_decile": "4",
        "casualty_injury_based": "1",
        "casualty_reference": 1,
        "casualty_severity": "3",
        "casualty_type": "9",
        "collision_index": "2022131208985",
        "collision_ref_no": "131208985",
        "collision_year": 2022,
        "enhanced_casualty_severity": "3",
        "lsoa_of_casualty": "E01011231",
        "pedestrian_location": "0",
        "pedestrian_movement": "0",
        "pedestrian_road_maintenance_worker": "0",
        "sex_of_casualty": "2",
        "vehicle_reference": 2,
        "geometry_source": "inherited_from_linked_collision",
        "source_year": 2022
      }
    },
    {
      "type": "Feature",
      "id": "2022131231345:1",
      "geometry": {
        "type": "Point",
        "coordinates": [
          -1.876263,
          53.740751
        ]
      },
      "properties": {
        "age_band_of_casualty": "11",
        "age_of_casualty": 91,
        "bus_or_coach_passenger": "4",
        "car_passenger": "0",
        "casualty_adjusted_severity_serious": "1",
        "casualty_adjusted_severity_slight": "0",
        "casualty_class": "2",
        "casualty_distance_banding": "-1",
        "casualty_imd_decile": "2",
        "casualty_injury_based": "1",
        "casualty_reference": 1,
        "casualty_severity": "2",
        "casualty_type": "11",
        "collision_index": "2022131231345",
        "collision_ref_no": "131231345",
        "collision_year": 2022,
        "enhanced_casualty_severity": "7",
        "lsoa_of_casualty": "E01010942",
        "pedestrian_location": "0",
        "pedestrian_movement": "0",
        "pedestrian_road_maintenance_worker": "0",
        "sex_of_casualty": "2",
        "vehicle_reference": 1,
        "geometry_source": "inherited_from_linked_collision",
        "source_year": 2022
      }
    },
    {
      "type": "Feature",
      "id": "2022131169112:1",
      "geometry": {
        "type": "Point",
        "coordinates": [
          -1.836234,
          53.687053
        ]
      },
      "properties": {
        "age_band_of_casualty": "2",
        "age_of_casualty": 9,
        "bus_or_coach_passenger": "0",
        "car_passenger": "0",
        "casualty_adjusted_severity_serious": "0",
        "casualty_adjusted_severity_slight": "1",
        "casualty_class": "3",
        "casualty_distance_banding": "-1",
        "casualty_imd_decile": "2",
        "casualty_injury_based": "1",
        "casualty_reference": 1,
        "casualty_severity": "3",
        "casualty_type": "0",
        "collision_index": "2022131169112",
        "collision_ref_no": "131169112",
        "collision_year": 2022,
        "enhanced_casualty_severity": "3",
        "lsoa_of_casualty": "E01010889",
        "pedestrian_location": "10",
        "pedestrian_movement": "1",
        "pedestrian_road_maintenance_worker": "2",
        "sex_of_casualty": "1",
        "vehicle_reference": 1,
        "geometry_source": "inherited_from_linked_collision",
        "source_year": 2022
      }
    },
    {
      "type": "Feature",
      "id": "2022131170780:1",
      "geometry": {
        "type": "Point",
        "coordinates": [
          -2.013972,
          53.742593
        ]
      },
      "properties": {
        "age_band_of_casualty": "11",
        "age_of_casualty": 79,
        "bus_or_coach_passenger": "0",
        "car_passenger": "0",
        "casualty_adjusted_severity_serious": "0",
        "casualty_adjusted_severity_slight": "1",
        "casualty_class": "3",
        "casualty_distance_banding": "-1",
        "casualty_imd_decile": "6",
        "casualty_injury_based": "1",
        "casualty_reference": 1,
        "casualty_severity": "3",
        "casualty_type": "0",
        "collision_index": "2022131170780",
        "collision_ref_no": "131170780",
        "collision_year": 2022,
        "enhanced_casualty_severity": "3",
        "lsoa_of_casualty": "E01010888",
        "pedestrian_location": "9",
        "pedestrian_movement": "8",
        "pedestrian_road_maintenance_worker": "1",
        "sex_of_casualty": "2",
        "vehicle_reference": 1,
        "geometry_source": "inherited_from_linked_collision",
        "source_year": 2022
      }
    },
    {
      "type": "Feature",
      "id": "2022131176978:1",
      "geometry": {
        "type": "Point",
        "coordinates": [
          -1.887682,
          53.722454
        ]
      },
      "properties": {
        "age_band_of_casualty": "11",
        "age_of_casualty": 90,
        "bus_or_coach_passenger": "0",
        "car_passenger": "0",
        "casualty_adjusted_severity_serious": "1",
        "casualty_adjusted_severity_slight": "0",
        "casualty_class": "3",
        "casualty_distance_banding": "-1",
        "casualty_imd_decile": "1",
        "casualty_injury_based": "1",
        "casualty_reference": 1,
        "casualty_severity": "2",
        "casualty_type": "0",
        "collision_index": "2022131176978",
        "collision_ref_no": "131176978",
        "collision_year": 2022,
        "enhanced_casualty_severity": "7",
        "lsoa_of_casualty": "E01011001",
        "pedestrian_location": "5",
        "pedestrian_movement": "2",
        "pedestrian_road_maintenance_worker": "2",
        "sex_of_casualty": "2",
        "vehicle_reference": 1,
        "geometry_source": "inherited_from_linked_collision",
        "source_year": 2022
      }
    },
    {
      "type": "Feature",
      "id": "2022131169507:1",
      "geometry": {
        "type": "Point",
        "coordinates": [
          -2.020738,
          53.628776
        ]
      },
      "properties": {
        "age_band_of_casualty": "8",
        "age_of_casualty": 55,
        "bus_or_coach_passenger": "0",
        "car_passenger": "0",
        "casualty_adjusted_severity_serious": "0",
        "casualty_adjusted_severity_slight": "1",
        "casualty_class": "1",
        "casualty_distance_banding": "-1",
        "casualty_imd_decile": "3",
        "casualty_injury_based": "1",
        "casualty_reference": 1,
        "casualty_severity": "3",
        "casualty_type": "5",
        "collision_index": "2022131169507",
        "collision_ref_no": "131169507",
        "collision_year": 2022,
        "enhanced_casualty_severity": "3",
        "lsoa_of_casualty": "E01005495",
        "pedestrian_location": "0",
        "pedestrian_movement": "0",
        "pedestrian_road_maintenance_worker": "0",
        "sex_of_casualty": "1",
        "vehicle_reference": 2,
        "geometry_source": "inherited_from_linked_collision",
        "source_year": 2022
      }
    },
    {
      "type": "Feature",
      "id": "2022131142437:1",
      "geometry": {
        "type": "Point",
        "coordinates": [
          -1.779429,
          53.702988
        ]
      },
      "properties": {
        "age_band_of_casualty": "6",
        "age_of_casualty": 31,
        "bus_or_coach_passenger": "0",
        "car_passenger": "0",
        "casualty_adjusted_severity_serious": "0",
        "casualty_adjusted_severity_slight": "1",
        "casualty_class": "2",
        "casualty_distance_banding": "-1",
        "casualty_imd_decile": "1",
        "casualty_injury_based": "1",
        "casualty_reference": 1,
        "casualty_severity": "3",
        "casualty_type": "9",
        "collision_index": "2022131142437",
        "collision_ref_no": "131142437",
        "collision_year": 2022,
        "enhanced_casualty_severity": "3",
        "lsoa_of_casualty": "E01010960",
        "pedestrian_location": "0",
        "pedestrian_movement": "0",
        "pedestrian_road_maintenance_worker": "0",
        "sex_of_casualty": "1",
        "vehicle_reference": 2,
        "geometry_source": "inherited_from_linked_collision",
        "source_year": 2022
      }
    },
    {
      "type": "Feature",
      "id": "2022131162475:1",
      "geometry": {
        "type": "Point",
        "coordinates": [
          -1.885387,
          53.713796
        ]
      },
      "properties": {
        "age_band_of_casualty": "9",
        "age_of_casualty": 60,
        "bus_or_coach_passenger": "0",
        "car_passenger": "0",
        "casualty_adjusted_severity_serious": "0",
        "casualty_adjusted_severity_slight": "1",
        "casualty_class": "1",
        "casualty_distance_banding": "-1",
        "casualty_imd_decile": "9",
        "casualty_injury_based": "1",
        "casualty_reference": 1,
        "casualty_severity": "3",
        "casualty_type": "9",
        "collision_index": "2022131162475",
        "collision_ref_no": "131162475",
        "collision_year": 2022,
        "enhanced_casualty_severity": "3",
        "lsoa_of_casualty": "E01010971",
        "pedestrian_location": "0",
        "pedestrian_movement": "0",
        "pedestrian_road_maintenance_worker": "0",
        "sex_of_casualty": "1",
        "vehicle_reference": 1,
        "geometry_source": "inherited_from_linked_collision",
        "source_year": 2022
      }
    },
    {
      "type": "Feature",
      "id": "2022131163389:2",
      "geometry": {
        "type": "Point",
        "coordinates": [
          -1.859129,
          53.723142
        ]
      },
      "properties": {
        "age_band_of_casualty": "5",
        "age_of_casualty": 22,
        "bus_or_coach_passenger": "0",
        "car_passenger": "1",
        "casualty_adjusted_severity_serious": "0",
        "casualty_adjusted_severity_slight": "1",
        "casualty_class": "2",
        "casualty_distance_banding": "-1",
        "casualty_imd_decile": "1",
        "casualty_injury_based": "1",
        "casualty_reference": 2,
        "casualty_severity": "3",
        "casualty_type": "9",
        "collision_index": "2022131163389",
        "collision_ref_no": "131163389",
        "collision_year": 2022,
        "enhanced_casualty_severity": "3",
        "lsoa_of_casualty": "E01010966",
        "pedestrian_location": "0",
        "pedestrian_movement": "0",
        "pedestrian_road_maintenance_worker": "0",
        "sex_of_casualty": "1",
        "vehicle_reference": 1,
        "geometry_source": "inherited_from_linked_collision",
        "source_year": 2022
      }
    },
    {
      "type": "Feature",
      "id": "2022131182568:2",
      "geometry": {
        "type": "Point",
        "coordinates": [
          -1.861735,
          53.686159
        ]
      },
      "properties": {
        "age_band_of_casualty": "2",
        "age_of_casualty": 9,
        "bus_or_coach_passenger": "0",
        "car_passenger": "1",
        "casualty_adjusted_severity_serious": "0",
        "casualty_adjusted_severity_slight": "1",
        "casualty_class": "2",
        "casualty_distance_banding": "-1",
        "casualty_imd_decile": "6",
        "casualty_injury_based": "1",
        "casualty_reference": 2,
        "casualty_severity": "3",
        "casualty_type": "9",
        "collision_index": "2022131182568",
        "collision_ref_no": "131182568",
        "collision_year": 2022,
        "enhanced_casualty_severity": "3",
        "lsoa_of_casualty": "E01010927",
        "pedestrian_location": "0",
        "pedestrian_movement": "0",
        "pedestrian_road_maintenance_worker": "0",
        "sex_of_casualty": "1",
        "vehicle_reference": 1,
        "geometry_source": "inherited_from_linked_collision",
        "source_year": 2022
      }
    },
    {
      "type": "Feature",
      "id": "2022131234575:1",
      "geometry": {
        "type": "Point",
        "coordinates": [
          -1.845331,
          53.687874
        ]
      },
      "properties": {
        "age_band_of_casualty": "5",
        "age_of_casualty": 21,
        "bus_or_coach_passenger": "0",
        "car_passenger": "0",
        "casualty_adjusted_severity_serious": "0",
        "casualty_adjusted_severity_slight": "1",
        "casualty_class": "1",
        "casualty_distance_banding": "-1",
        "casualty_imd_decile": "1",
        "casualty_injury_based": "1",
        "casualty_reference": 1,
        "casualty_severity": "3",
        "casualty_type": "9",
        "collision_index": "2022131234575",
        "collision_ref_no": "131234575",
        "collision_year": 2022,
        "enhanced_casualty_severity": "3",
        "lsoa_of_casualty": "E01010966",
        "pedestrian_location": "0",
        "pedestrian_movement": "0",
        "pedestrian_road_maintenance_worker": "0",
        "sex_of_casualty": "1",
        "vehicle_reference": 1,
        "geometry_source": "inherited_from_linked_collision",
        "source_year": 2022
      }
    },
    {
      "type": "Feature",
      "id": "2022131182608:1",
      "geometry": {
        "type": "Point",
        "coordinates": [
          -1.896329,
          53.774682
        ]
      },
      "properties": {
        "age_band_of_casualty": "11",
        "age_of_casualty": 97,
        "bus_or_coach_passenger": "0",
        "car_passenger": "0",
        "casualty_adjusted_severity_serious": "1",
        "casualty_adjusted_severity_slight": "0",
        "casualty_class": "1",
        "casualty_distance_banding": "-1",
        "casualty_imd_decile": "6",
        "casualty_injury_based": "1",
        "casualty_reference": 1,
        "casualty_severity": "2",
        "casualty_type": "9",
        "collision_index": "2022131182608",
        "collision_ref_no": "131182608",
        "collision_year": 2022,
        "enhanced_casualty_severity": "7",
        "lsoa_of_casualty": "E01010594",
        "pedestrian_location": "0",
        "pedestrian_movement": "0",
        "pedestrian_road_maintenance_worker": "0",
        "sex_of_casualty": "1",
        "vehicle_reference": 1,
        "geometry_source": "inherited_from_linked_collision",
        "source_year": 2022
      }
    },
    {
      "type": "Feature",
      "id": "2022131254912:1",
      "geometry": {
        "type": "Point",
        "coordinates": [
          -1.865853,
          53.724705
        ]
      },
      "properties": {
        "age_band_of_casualty": "4",
        "age_of_casualty": 20,
        "bus_or_coach_passenger": "0",
        "car_passenger": "0",
        "casualty_adjusted_severity_serious": "0",
        "casualty_adjusted_severity_slight": "1",
        "casualty_class": "1",
        "casualty_distance_banding": "-1",
        "casualty_imd_decile": "7",
        "casualty_injury_based": "1",
        "casualty_reference": 1,
        "casualty_severity": "3",
        "casualty_type": "9",
        "collision_index": "2022131254912",
        "collision_ref_no": "131254912",
        "collision_year": 2022,
        "enhanced_casualty_severity": "3",
        "lsoa_of_casualty": "E01010908",
        "pedestrian_location": "0",
        "pedestrian_movement": "0",
        "pedestrian_road_maintenance_worker": "0",
        "sex_of_casualty": "1",
        "vehicle_reference": 1,
        "geometry_source": "inherited_from_linked_collision",
        "source_year": 2022
      }
    },
    {
      "type": "Feature",
      "id": "2022131208703:1",
      "geometry": {
        "type": "Point",
        "coordinates": [
          -1.903912,
          53.71605
        ]
      },
      "properties": {
        "age_band_of_casualty": "7",
        "age_of_casualty": 44,
        "bus_or_coach_passenger": "0",
        "car_passenger": "0",
        "casualty_adjusted_severity_serious": "1",
        "casualty_adjusted_severity_slight": "0",
        "casualty_class": "1",
        "casualty_distance_banding": "-1",
        "casualty_imd_decile": "1",
        "casualty_injury_based": "1",
        "casualty_reference": 1,
        "casualty_severity": "2",
        "casualty_type": "19",
        "collision_index": "2022131208703",
        "collision_ref_no": "131208703",
        "collision_year": 2022,
        "enhanced_casualty_severity": "6",
        "lsoa_of_casualty": "E01010926",
        "pedestrian_location": "0",
        "pedestrian_movement": "0",
        "pedestrian_road_maintenance_worker": "0",
        "sex_of_casualty": "1",
        "vehicle_reference": 2,
        "geometry_source": "inherited_from_linked_collision",
        "source_year": 2022
      }
    },
    {
      "type": "Feature",
      "id": "2022131213369:1",
      "geometry": {
        "type": "Point",
        "coordinates": [
          -1.859879,
          53.720923
        ]
      },
      "properties": {
        "age_band_of_casualty": "5",
        "age_of_casualty": 25,
        "bus_or_coach_passenger": "0",
        "car_passenger": "0",
        "casualty_adjusted_severity_serious": "0",
        "casualty_adjusted_severity_slight": "1",
        "casualty_class": "3",
        "casualty_distance_banding": "-1",
        "casualty_imd_decile": "6",
        "casualty_injury_based": "1",
        "casualty_reference": 1,
        "casualty_severity": "3",
        "casualty_type": "0",
        "collision_index": "2022131213369",
        "collision_ref_no": "131213369",
        "collision_year": 2022,
        "enhanced_casualty_severity": "3",
        "lsoa_of_casualty": "E01033696",
        "pedestrian_location": "5",
        "pedestrian_movement": "9",
        "pedestrian_road_maintenance_worker": "-1",
        "sex_of_casualty": "1",
        "vehicle_reference": 1,
        "geometry_source": "inherited_from_linked_collision",
        "source_year": 2022
      }
    },
    {
      "type": "Feature",
      "id": "2022131203085:1",
      "geometry": {
        "type": "Point",
        "coordinates": [
          -1.848937,
          53.704219
        ]
      },
      "properties": {
        "age_band_of_casualty": "7",
        "age_of_casualty": 37,
        "bus_or_coach_passenger": "0",
        "car_passenger": "1",
        "casualty_adjusted_severity_serious": "0",
        "casualty_adjusted_severity_slight": "1",
        "casualty_class": "2",
        "casualty_distance_banding": "-1",
        "casualty_imd_decile": "4",
        "casualty_injury_based": "1",
        "casualty_reference": 1,
        "casualty_severity": "3",
        "casualty_type": "9",
        "collision_index": "2022131203085",
        "collision_ref_no": "131203085",
        "collision_year": 2022,
        "enhanced_casualty_severity": "3",
        "lsoa_of_casualty": "E01010989",
        "pedestrian_location": "0",
        "pedestrian_movement": "0",
        "pedestrian_road_maintenance_worker": "0",
        "sex_of_casualty": "2",
        "vehicle_reference": 2,
        "geometry_source": "inherited_from_linked_collision",
        "source_year": 2022
      }
    },
    {
      "type": "Feature",
      "id": "2022131132171:1",
      "geometry": {
        "type": "Point",
        "coordinates": [
          -2.000372,
          53.751286
        ]
      },
      "properties": {
        "age_band_of_casualty": "6",
        "age_of_casualty": 26,
        "bus_or_coach_passenger": "0",
        "car_passenger": "0",
        "casualty_adjusted_severity_serious": "0",
        "casualty_adjusted_severity_slight": "1",
        "casualty_class": "3",
        "casualty_distance_banding": "-1",
        "casualty_imd_decile": "6",
        "casualty_injury_based": "1",
        "casualty_reference": 1,
        "casualty_severity": "3",
        "casualty_type": "0",
        "collision_index": "2022131132171",
        "collision_ref_no": "131132171",
        "collision_year": 2022,
        "enhanced_casualty_severity": "3",
        "lsoa_of_casualty": "E01010881",
        "pedestrian_location": "6",
        "pedestrian_movement": "9",
        "pedestrian_road_maintenance_worker": "2",
        "sex_of_casualty": "2",
        "vehicle_reference": 1,
        "geometry_source": "inherited_from_linked_collision",
        "source_year": 2022
      }
    },
    {
      "type": "Feature",
      "id": "2022131247439:1",
      "geometry": {
        "type": "Point",
        "coordinates": [
          -1.862939,
          53.674638
        ]
      },
      "properties": {
        "age_band_of_casualty": "1",
        "age_of_casualty": 5,
        "bus_or_coach_passenger": "0",
        "car_passenger": "0",
        "casualty_adjusted_severity_serious": "1",
        "casualty_adjusted_severity_slight": "0",
        "casualty_class": "3",
        "casualty_distance_banding": "-1",
        "casualty_imd_decile": "8",
        "casualty_injury_based": "1",
        "casualty_reference": 1,
        "casualty_severity": "2",
        "casualty_type": "0",
        "collision_index": "2022131247439",
        "collision_ref_no": "131247439",
        "collision_year": 2022,
        "enhanced_casualty_severity": "7",
        "lsoa_of_casualty": "E01010901",
        "pedestrian_location": "6",
        "pedestrian_movement": "9",
        "pedestrian_road_maintenance_worker": "2",
        "sex_of_casualty": "1",
        "vehicle_reference": 1,
        "geometry_source": "inherited_from_linked_collision",
        "source_year": 2022
      }
    },
    {
      "type": "Feature",
      "id": "2022131230136:1",
      "geometry": {
        "type": "Point",
        "coordinates": [
          -1.839028,
          53.732654
        ]
      },
      "properties": {
        "age_band_of_casualty": "5",
        "age_of_casualty": 23,
        "bus_or_coach_passenger": "0",
        "car_passenger": "0",
        "casualty_adjusted_severity_serious": "0",
        "casualty_adjusted_severity_slight": "1",
        "casualty_class": "1",
        "casualty_distance_banding": "-1",
        "casualty_imd_decile": "1",
        "casualty_injury_based": "1",
        "casualty_reference": 1,
        "casualty_severity": "3",
        "casualty_type": "3",
        "collision_index": "2022131230136",
        "collision_ref_no": "131230136",
        "collision_year": 2022,
        "enhanced_casualty_severity": "3",
        "lsoa_of_casualty": "E01010994",
        "pedestrian_location": "0",
        "pedestrian_movement": "0",
        "pedestrian_road_maintenance_worker": "0",
        "sex_of_casualty": "1",
        "vehicle_reference": 1,
        "geometry_source": "inherited_from_linked_collision",
        "source_year": 2022
      }
    },
    {
      "type": "Feature",
      "id": "2022131153001:1",
      "geometry": {
        "type": "Point",
        "coordinates": [
          -1.893798,
          53.731088
        ]
      },
      "properties": {
        "age_band_of_casualty": "5",
        "age_of_casualty": 21,
        "bus_or_coach_passenger": "0",
        "car_passenger": "0",
        "casualty_adjusted_severity_serious": "0",
        "casualty_adjusted_severity_slight": "1",
        "casualty_class": "1",
        "casualty_distance_banding": "-1",
        "casualty_imd_decile": "1",
        "casualty_injury_based": "1",
        "casualty_reference": 1,
        "casualty_severity": "3",
        "casualty_type": "9",
        "collision_index": "2022131153001",
        "collision_ref_no": "131153001",
        "collision_year": 2022,
        "enhanced_casualty_severity": "3",
        "lsoa_of_casualty": "E01011003",
        "pedestrian_location": "0",
        "pedestrian_movement": "0",
        "pedestrian_road_maintenance_worker": "0",
        "sex_of_casualty": "1",
        "vehicle_reference": 2,
        "geometry_source": "inherited_from_linked_collision",
        "source_year": 2022
      }
    },
    {
      "type": "Feature",
      "id": "2022131207921:1",
      "geometry": {
        "type": "Point",
        "coordinates": [
          -1.832702,
          53.672613
        ]
      },
      "properties": {
        "age_band_of_casualty": "9",
        "age_of_casualty": 62,
        "bus_or_coach_passenger": "0",
        "car_passenger": "1",
        "casualty_adjusted_severity_serious": "0",
        "casualty_adjusted_severity_slight": "1",
        "casualty_class": "2",
        "casualty_distance_banding": "-1",
        "casualty_imd_decile": "2",
        "casualty_injury_based": "1",
        "casualty_reference": 1,
        "casualty_severity": "3",
        "casualty_type": "9",
        "collision_index": "2022131207921",
        "collision_ref_no": "131207921",
        "collision_year": 2022,
        "enhanced_casualty_severity": "3",
        "lsoa_of_casualty": "E01011227",
        "pedestrian_location": "0",
        "pedestrian_movement": "0",
        "pedestrian_road_maintenance_worker": "0",
        "sex_of_casualty": "2",
        "vehicle_reference": 1,
        "geometry_source": "inherited_from_linked_collision",
        "source_year": 2022
      }
    },
    {
      "type": "Feature",
      "id": "2022131190822:1",
      "geometry": {
        "type": "Point",
        "coordinates": [
          -1.755427,
          53.69398
        ]
      },
      "properties": {
        "age_band_of_casualty": "9",
        "age_of_casualty": 57,
        "bus_or_coach_passenger": "0",
        "car_passenger": "0",
        "casualty_adjusted_severity_serious": "0",
        "casualty_adjusted_severity_slight": "1",
        "casualty_class": "1",
        "casualty_distance_banding": "-1",
        "casualty_imd_decile": "1",
        "casualty_injury_based": "1",
        "casualty_reference": 1,
        "casualty_severity": "3",
        "casualty_type": "19",
        "collision_index": "2022131190822",
        "collision_ref_no": "131190822",
        "collision_year": 2022,
        "enhanced_casualty_severity": "3",
        "lsoa_of_casualty": "E01006240",
        "pedestrian_location": "0",
        "pedestrian_movement": "0",
        "pedestrian_road_maintenance_worker": "0",
        "sex_of_casualty": "1",
        "vehicle_reference": 2,
        "geometry_source": "inherited_from_linked_collision",
        "source_year": 2022
      }
    },
    {
      "type": "Feature",
      "id": "2022131224670:1",
      "geometry": {
        "type": "Point",
        "coordinates": [
          -1.87612,
          53.717058
        ]
      },
      "properties": {
        "age_band_of_casualty": "7",
        "age_of_casualty": 44,
        "bus_or_coach_passenger": "0",
        "car_passenger": "0",
        "casualty_adjusted_severity_serious": "0",
        "casualty_adjusted_severity_slight": "1",
        "casualty_class": "3",
        "casualty_distance_banding": "-1",
        "casualty_imd_decile": "1",
        "casualty_injury_based": "1",
        "casualty_reference": 1,
        "casualty_severity": "3",
        "casualty_type": "0",
        "collision_index": "2022131224670",
        "collision_ref_no": "131224670",
        "collision_year": 2022,
        "enhanced_casualty_severity": "3",
        "lsoa_of_casualty": "E01010996",
        "pedestrian_location": "1",
        "pedestrian_movement": "3",
        "pedestrian_road_maintenance_worker": "2",
        "sex_of_casualty": "2",
        "vehicle_reference": 1,
        "geometry_source": "inherited_from_linked_collision",
        "source_year": 2022
      }
    },
    {
      "type": "Feature",
      "id": "2022131177015:3",
      "geometry": {
        "type": "Point",
        "coordinates": [
          -1.857607,
          53.707232
        ]
      },
      "properties": {
        "age_band_of_casualty": "5",
        "age_of_casualty": 23,
        "bus_or_coach_passenger": "0",
        "car_passenger": "1",
        "casualty_adjusted_severity_serious": "0",
        "casualty_adjusted_severity_slight": "1",
        "casualty_class": "2",
        "casualty_distance_banding": "-1",
        "casualty_imd_decile": "1",
        "casualty_injury_based": "1",
        "casualty_reference": 3,
        "casualty_severity": "3",
        "casualty_type": "9",
        "collision_index": "2022131177015",
        "collision_ref_no": "131177015",
        "collision_year": 2022,
        "enhanced_casualty_severity": "3",
        "lsoa_of_casualty": "E01010994",
        "pedestrian_location": "0",
        "pedestrian_movement": "0",
        "pedestrian_road_maintenance_worker": "0",
        "sex_of_casualty": "2",
        "vehicle_reference": 1,
        "geometry_source": "inherited_from_linked_collision",
        "source_year": 2022
      }
    },
    {
      "type": "Feature",
      "id": "2022131223694:1",
      "geometry": {
        "type": "Point",
        "coordinates": [
          -1.878192,
          53.718436
        ]
      },
      "properties": {
        "age_band_of_casualty": "6",
        "age_of_casualty": 32,
        "bus_or_coach_passenger": "0",
        "car_passenger": "0",
        "casualty_adjusted_severity_serious": "0",
        "casualty_adjusted_severity_slight": "1",
        "casualty_class": "1",
        "casualty_distance_banding": "-1",
        "casualty_imd_decile": "2",
        "casualty_injury_based": "1",
        "casualty_reference": 1,
        "casualty_severity": "3",
        "casualty_type": "9",
        "collision_index": "2022131223694",
        "collision_ref_no": "131223694",
        "collision_year": 2022,
        "enhanced_casualty_severity": "3",
        "lsoa_of_casualty": "E01011000",
        "pedestrian_location": "0",
        "pedestrian_movement": "0",
        "pedestrian_road_maintenance_worker": "0",
        "sex_of_casualty": "2",
        "vehicle_reference": 1,
        "geometry_source": "inherited_from_linked_collision",
        "source_year": 2022
      }
    },
    {
      "type": "Feature",
      "id": "2022131179787:2",
      "geometry": {
        "type": "Point",
        "coordinates": [
          -2.102075,
          53.710346
        ]
      },
      "properties": {
        "age_band_of_casualty": "6",
        "age_of_casualty": 35,
        "bus_or_coach_passenger": "0",
        "car_passenger": "1",
        "casualty_adjusted_severity_serious": "1",
        "casualty_adjusted_severity_slight": "0",
        "casualty_class": "2",
        "casualty_distance_banding": "-1",
        "casualty_imd_decile": "6",
        "casualty_injury_based": "1",
        "casualty_reference": 2,
        "casualty_severity": "2",
        "casualty_type": "9",
        "collision_index": "2022131179787",
        "collision_ref_no": "131179787",
        "collision_year": 2022,
        "enhanced_casualty_severity": "7",
        "lsoa_of_casualty": "E01010882",
        "pedestrian_location": "0",
        "pedestrian_movement": "0",
        "pedestrian_road_maintenance_worker": "0",
        "sex_of_casualty": "1",
        "vehicle_reference": 1,
        "geometry_source": "inherited_from_linked_collision",
        "source_year": 2022
      }
    },
    {
      "type": "Feature",
      "id": "2022131209196:1",
      "geometry": {
        "type": "Point",
        "coordinates": [
          -1.775433,
          53.702504
        ]
      },
      "properties": {
        "age_band_of_casualty": "6",
        "age_of_casualty": 33,
        "bus_or_coach_passenger": "0",
        "car_passenger": "0",
        "casualty_adjusted_severity_serious": "0",
        "casualty_adjusted_severity_slight": "1",
        "casualty_class": "1",
        "casualty_distance_banding": "-1",
        "casualty_imd_decile": "2",
        "casualty_injury_based": "1",
        "casualty_reference": 1,
        "casualty_severity": "3",
        "casualty_type": "9",
        "collision_index": "2022131209196",
        "collision_ref_no": "131209196",
        "collision_year": 2022,
        "enhanced_casualty_severity": "3",
        "lsoa_of_casualty": "E01011249",
        "pedestrian_location": "0",
        "pedestrian_movement": "0",
        "pedestrian_road_maintenance_worker": "0",
        "sex_of_casualty": "2",
        "vehicle_reference": 2,
        "geometry_source": "inherited_from_linked_collision",
        "source_year": 2022
      }
    },
    {
      "type": "Feature",
      "id": "2022131231345:3",
      "geometry": {
        "type": "Point",
        "coordinates": [
          -1.876263,
          53.740751
        ]
      },
      "properties": {
        "age_band_of_casualty": "5",
        "age_of_casualty": 24,
        "bus_or_coach_passenger": "0",
        "car_passenger": "1",
        "casualty_adjusted_severity_serious": "0",
        "casualty_adjusted_severity_slight": "1",
        "casualty_class": "2",
        "casualty_distance_banding": "-1",
        "casualty_imd_decile": "1",
        "casualty_injury_based": "1",
        "casualty_reference": 3,
        "casualty_severity": "3",
        "casualty_type": "9",
        "collision_index": "2022131231345",
        "collision_ref_no": "131231345",
        "collision_year": 2022,
        "enhanced_casualty_severity": "3",
        "lsoa_of_casualty": "E01010924",
        "pedestrian_location": "0",
        "pedestrian_movement": "0",
        "pedestrian_road_maintenance_worker": "0",
        "sex_of_casualty": "1",
        "vehicle_reference": 2,
        "geometry_source": "inherited_from_linked_collision",
        "source_year": 2022
      }
    },
    {
      "type": "Feature",
      "id": "2022131165763:1",
      "geometry": {
        "type": "Point",
        "coordinates": [
          -1.757198,
          53.696806
        ]
      },
      "properties": {
        "age_band_of_casualty": "8",
        "age_of_casualty": 50,
        "bus_or_coach_passenger": "0",
        "car_passenger": "0",
        "casualty_adjusted_severity_serious": "0",
        "casualty_adjusted_severity_slight": "1",
        "casualty_class": "1",
        "casualty_distance_banding": "-1",
        "casualty_imd_decile": "9",
        "casualty_injury_based": "1",
        "casualty_reference": 1,
        "casualty_severity": "3",
        "casualty_type": "19",
        "collision_index": "2022131165763",
        "collision_ref_no": "131165763",
        "collision_year": 2022,
        "enhanced_casualty_severity": "3",
        "lsoa_of_casualty": "E01019762",
        "pedestrian_location": "0",
        "pedestrian_movement": "0",
        "pedestrian_road_maintenance_worker": "0",
        "sex_of_casualty": "1",
        "vehicle_reference": 2,
        "geometry_source": "inherited_from_linked_collision",
        "source_year": 2022
      }
    },
    {
      "type": "Feature",
      "id": "2022131149897:1",
      "geometry": {
        "type": "Point",
        "coordinates": [
          -1.859988,
          53.733794
        ]
      },
      "properties": {
        "age_band_of_casualty": "7",
        "age_of_casualty": 36,
        "bus_or_coach_passenger": "0",
        "car_passenger": "0",
        "casualty_adjusted_severity_serious": "0",
        "casualty_adjusted_severity_slight": "1",
        "casualty_class": "3",
        "casualty_distance_banding": "-1",
        "casualty_imd_decile": "1",
        "casualty_injury_based": "1",
        "casualty_reference": 1,
        "casualty_severity": "3",
        "casualty_type": "0",
        "collision_index": "2022131149897",
        "collision_ref_no": "131149897",
        "collision_year": 2022,
        "enhanced_casualty_severity": "3",
        "lsoa_of_casualty": "E01010967",
        "pedestrian_location": "6",
        "pedestrian_movement": "9",
        "pedestrian_road_maintenance_worker": "2",
        "sex_of_casualty": "2",
        "vehicle_reference": 1,
        "geometry_source": "inherited_from_linked_collision",
        "source_year": 2022
      }
    },
    {
      "type": "Feature",
      "id": "2022131191192:1",
      "geometry": {
        "type": "Point",
        "coordinates": [
          -2.097193,
          53.715384
        ]
      },
      "properties": {
        "age_band_of_casualty": "3",
        "age_of_casualty": 11,
        "bus_or_coach_passenger": "0",
        "car_passenger": "0",
        "casualty_adjusted_severity_serious": "0",
        "casualty_adjusted_severity_slight": "1",
        "casualty_class": "3",
        "casualty_distance_banding": "-1",
        "casualty_imd_decile": "5",
        "casualty_injury_based": "1",
        "casualty_reference": 1,
        "casualty_severity": "3",
        "casualty_type": "0",
        "collision_index": "2022131191192",
        "collision_ref_no": "131191192",
        "collision_year": 2022,
        "enhanced_casualty_severity": "3",
        "lsoa_of_casualty": "E01010982",
        "pedestrian_location": "5",
        "pedestrian_movement": "1",
        "pedestrian_road_maintenance_worker": "2",
        "sex_of_casualty": "2",
        "vehicle_reference": 1,
        "geometry_source": "inherited_from_linked_collision",
        "source_year": 2022
      }
    },
    {
      "type": "Feature",
      "id": "2022131256042:2",
      "geometry": {
        "type": "Point",
        "coordinates": [
          -2.000098,
          53.632301
        ]
      },
      "properties": {
        "age_band_of_casualty": "4",
        "age_of_casualty": 20,
        "bus_or_coach_passenger": "0",
        "car_passenger": "0",
        "casualty_adjusted_severity_serious": "0",
        "casualty_adjusted_severity_slight": "0",
        "casualty_class": "1",
        "casualty_distance_banding": "-1",
        "casualty_imd_decile": "1",
        "casualty_injury_based": "1",
        "casualty_reference": 2,
        "casualty_severity": "1",
        "casualty_type": "9",
        "collision_index": "2022131256042",
        "collision_ref_no": "131256042",
        "collision_year": 2022,
        "enhanced_casualty_severity": "1",
        "lsoa_of_casualty": "E01010745",
        "pedestrian_location": "0",
        "pedestrian_movement": "0",
        "pedestrian_road_maintenance_worker": "0",
        "sex_of_casualty": "1",
        "vehicle_reference": 1,
        "geometry_source": "inherited_from_linked_collision",
        "source_year": 2022
      }
    },
    {
      "type": "Feature",
      "id": "2022131145350:2",
      "geometry": {
        "type": "Point",
        "coordinates": [
          -1.827968,
          53.671618
        ]
      },
      "properties": {
        "age_band_of_casualty": "6",
        "age_of_casualty": 34,
        "bus_or_coach_passenger": "0",
        "car_passenger": "0",
        "casualty_adjusted_severity_serious": "0",
        "casualty_adjusted_severity_slight": "1",
        "casualty_class": "1",
        "casualty_distance_banding": "-1",
        "casualty_imd_decile": "9",
        "casualty_injury_based": "1",
        "casualty_reference": 2,
        "casualty_severity": "3",
        "casualty_type": "9",
        "collision_index": "2022131145350",
        "collision_ref_no": "131145350",
        "collision_year": 2022,
        "enhanced_casualty_severity": "3",
        "lsoa_of_casualty": "E01011209",
        "pedestrian_location": "0",
        "pedestrian_movement": "0",
        "pedestrian_road_maintenance_worker": "0",
        "sex_of_casualty": "1",
        "vehicle_reference": 2,
        "geometry_source": "inherited_from_linked_collision",
        "source_year": 2022
      }
    },
    {
      "type": "Feature",
      "id": "2022131171848:1",
      "geometry": {
        "type": "Point",
        "coordinates": [
          -1.975915,
          53.63779
        ]
      },
      "properties": {
        "age_band_of_casualty": "9",
        "age_of_casualty": 57,
        "bus_or_coach_passenger": "0",
        "car_passenger": "0",
        "casualty_adjusted_severity_serious": "1",
        "casualty_adjusted_severity_slight": "0",
        "casualty_class": "1",
        "casualty_distance_banding": "-1",
        "casualty_imd_decile": "5",
        "casualty_injury_based": "1",
        "casualty_reference": 1,
        "casualty_severity": "2",
        "casualty_type": "9",
        "collision_index": "2022131171848",
        "collision_ref_no": "131171848",
        "collision_year": 2022,
        "enhanced_casualty_severity": "5",
        "lsoa_of_casualty": "E01025095",
        "pedestrian_location": "0",
        "pedestrian_movement": "0",
        "pedestrian_road_maintenance_worker": "0",
        "sex_of_casualty": "1",
        "vehicle_reference": 2,
        "geometry_source": "inherited_from_linked_collision",
        "source_year": 2022
      }
    },
    {
      "type": "Feature",
      "id": "2022131241574:1",
      "geometry": {
        "type": "Point",
        "coordinates": [
          -1.98516,
          53.668415
        ]
      },
      "properties": {
        "age_band_of_casualty": "11",
        "age_of_casualty": 78,
        "bus_or_coach_passenger": "0",
        "car_passenger": "0",
        "casualty_adjusted_severity_serious": "1",
        "casualty_adjusted_severity_slight": "0",
        "casualty_class": "1",
        "casualty_distance_banding": "-1",
        "casualty_imd_decile": "10",
        "casualty_injury_based": "1",
        "casualty_reference": 1,
        "casualty_severity": "2",
        "casualty_type": "9",
        "collision_index": "2022131241574",
        "collision_ref_no": "131241574",
        "collision_year": 2022,
        "enhanced_casualty_severity": "5",
        "lsoa_of_casualty": "E01010954",
        "pedestrian_location": "0",
        "pedestrian_movement": "0",
        "pedestrian_road_maintenance_worker": "0",
        "sex_of_casualty": "2",
        "vehicle_reference": 1,
        "geometry_source": "inherited_from_linked_collision",
        "source_year": 2022
      }
    },
    {
      "type": "Feature",
      "id": "2022131237972:1",
      "geometry": {
        "type": "Point",
        "coordinates": [
          -1.914433,
          53.706171
        ]
      },
      "properties": {
        "age_band_of_casualty": "11",
        "age_of_casualty": 85,
        "bus_or_coach_passenger": "2",
        "car_passenger": "0",
        "casualty_adjusted_severity_serious": "1",
        "casualty_adjusted_severity_slight": "0",
        "casualty_class": "2",
        "casualty_distance_banding": "-1",
        "casualty_imd_decile": "6",
        "casualty_injury_based": "1",
        "casualty_reference": 1,
        "casualty_severity": "2",
        "casualty_type": "11",
        "collision_index": "2022131237972",
        "collision_ref_no": "131237972",
        "collision_year": 2022,
        "enhanced_casualty_severity": "6",
        "lsoa_of_casualty": "E01010952",
        "pedestrian_location": "0",
        "pedestrian_movement": "0",
        "pedestrian_road_maintenance_worker": "0",
        "sex_of_casualty": "1",
        "vehicle_reference": 1,
        "geometry_source": "inherited_from_linked_collision",
        "source_year": 2022
      }
    },
    {
      "type": "Feature",
      "id": "2022131139501:1",
      "geometry": {
        "type": "Point",
        "coordinates": [
          -1.818392,
          53.688079
        ]
      },
      "properties": {
        "age_band_of_casualty": "2",
        "age_of_casualty": 10,
        "bus_or_coach_passenger": "0",
        "car_passenger": "1",
        "casualty_adjusted_severity_serious": "0",
        "casualty_adjusted_severity_slight": "1",
        "casualty_class": "2",
        "casualty_distance_banding": "-1",
        "casualty_imd_decile": "4",
        "casualty_injury_based": "1",
        "casualty_reference": 1,
        "casualty_severity": "3",
        "casualty_type": "9",
        "collision_index": "2022131139501",
        "collision_ref_no": "131139501",
        "collision_year": 2022,
        "enhanced_casualty_severity": "3",
        "lsoa_of_casualty": "E01010890",
        "pedestrian_location": "0",
        "pedestrian_movement": "0",
        "pedestrian_road_maintenance_worker": "0",
        "sex_of_casualty": "2",
        "vehicle_reference": 2,
        "geometry_source": "inherited_from_linked_collision",
        "source_year": 2022
      }
    },
    {
      "type": "Feature",
      "id": "2022131250603:1",
      "geometry": {
        "type": "Point",
        "coordinates": [
          -1.881536,
          53.720326
        ]
      },
      "properties": {
        "age_band_of_casualty": "6",
        "age_of_casualty": 35,
        "bus_or_coach_passenger": "0",
        "car_passenger": "0",
        "casualty_adjusted_severity_serious": "1",
        "casualty_adjusted_severity_slight": "0",
        "casualty_class": "1",
        "casualty_distance_banding": "-1",
        "casualty_imd_decile": "5",
        "casualty_injury_based": "1",
        "casualty_reference": 1,
        "casualty_severity": "2",
        "casualty_type": "9",
        "collision_index": "2022131250603",
        "collision_ref_no": "131250603",
        "collision_year": 2022,
        "enhanced_casualty_severity": "7",
        "lsoa_of_casualty": "E01010934",
        "pedestrian_location": "0",
        "pedestrian_movement": "0",
        "pedestrian_road_maintenance_worker": "0",
        "sex_of_casualty": "1",
        "vehicle_reference": 2,
        "geometry_source": "inherited_from_linked_collision",
        "source_year": 2022
      }
    },
    {
      "type": "Feature",
      "id": "2022131135900:1",
      "geometry": {
        "type": "Point",
        "coordinates": [
          -1.913872,
          53.713909
        ]
      },
      "properties": {
        "age_band_of_casualty": "6",
        "age_of_casualty": 32,
        "bus_or_coach_passenger": "0",
        "car_passenger": "0",
        "casualty_adjusted_severity_serious": "0",
        "casualty_adjusted_severity_slight": "1",
        "casualty_class": "2",
        "casualty_distance_banding": "-1",
        "casualty_imd_decile": "4",
        "casualty_injury_based": "1",
        "casualty_reference": 1,
        "casualty_severity": "3",
        "casualty_type": "10",
        "collision_index": "2022131135900",
        "collision_ref_no": "131135900",
        "collision_year": 2022,
        "enhanced_casualty_severity": "3",
        "lsoa_of_casualty": "E01010959",
        "pedestrian_location": "0",
        "pedestrian_movement": "0",
        "pedestrian_road_maintenance_worker": "0",
        "sex_of_casualty": "1",
        "vehicle_reference": 2,
        "geometry_source": "inherited_from_linked_collision",
        "source_year": 2022
      }
    },
    {
      "type": "Feature",
      "id": "2022131167927:1",
      "geometry": {
        "type": "Point",
        "coordinates": [
          -1.780766,
          53.702271
        ]
      },
      "properties": {
        "age_band_of_casualty": "11",
        "age_of_casualty": 78,
        "bus_or_coach_passenger": "0",
        "car_passenger": "0",
        "casualty_adjusted_severity_serious": "1",
        "casualty_adjusted_severity_slight": "0",
        "casualty_class": "3",
        "casualty_distance_banding": "-1",
        "casualty_imd_decile": "4",
        "casualty_injury_based": "1",
        "casualty_reference": 1,
        "casualty_severity": "2",
        "casualty_type": "0",
        "collision_index": "2022131167927",
        "collision_ref_no": "131167927",
        "collision_year": 2022,
        "enhanced_casualty_severity": "6",
        "lsoa_of_casualty": "E01010959",
        "pedestrian_location": "5",
        "pedestrian_movement": "3",
        "pedestrian_road_maintenance_worker": "2",
        "sex_of_casualty": "2",
        "vehicle_reference": 1,
        "geometry_source": "inherited_from_linked_collision",
        "source_year": 2022
      }
    },
    {
      "type": "Feature",
      "id": "2022131166835:1",
      "geometry": {
        "type": "Point",
        "coordinates": [
          -1.834438,
          53.693208
        ]
      },
      "properties": {
        "age_band_of_casualty": "4",
        "age_of_casualty": 19,
        "bus_or_coach_passenger": "0",
        "car_passenger": "0",
        "casualty_adjusted_severity_serious": "0",
        "casualty_adjusted_severity_slight": "1",
        "casualty_class": "1",
        "casualty_distance_banding": "-1",
        "casualty_imd_decile": "6",
        "casualty_injury_based": "1",
        "casualty_reference": 1,
        "casualty_severity": "3",
        "casualty_type": "9",
        "collision_index": "2022131166835",
        "collision_ref_no": "131166835",
        "collision_year": 2022,
        "enhanced_casualty_severity": "3",
        "lsoa_of_casualty": "E01010991",
        "pedestrian_location": "0",
        "pedestrian_movement": "0",
        "pedestrian_road_maintenance_worker": "0",
        "sex_of_casualty": "1",
        "vehicle_reference": 3,
        "geometry_source": "inherited_from_linked_collision",
        "source_year": 2022
      }
    },
    {
      "type": "Feature",
      "id": "2022131243256:1",
      "geometry": {
        "type": "Point",
        "coordinates": [
          -1.769387,
          53.702852
        ]
      },
      "properties": {
        "age_band_of_casualty": "10",
        "age_of_casualty": 72,
        "bus_or_coach_passenger": "0",
        "car_passenger": "1",
        "casualty_adjusted_severity_serious": "1",
        "casualty_adjusted_severity_slight": "0",
        "casualty_class": "2",
        "casualty_distance_banding": "-1",
        "casualty_imd_decile": "3",
        "casualty_injury_based": "1",
        "casualty_reference": 1,
        "casualty_severity": "2",
        "casualty_type": "9",
        "collision_index": "2022131243256",
        "collision_ref_no": "131243256",
        "collision_year": 2022,
        "enhanced_casualty_severity": "6",
        "lsoa_of_casualty": "E01011060",
        "pedestrian_location": "0",
        "pedestrian_movement": "0",
        "pedestrian_road_maintenance_worker": "0",
        "sex_of_casualty": "2",
        "vehicle_reference": 1,
        "geometry_source": "inherited_from_linked_collision",
        "source_year": 2022
      }
    },
    {
      "type": "Feature",
      "id": "2022131178324:1",
      "geometry": {
        "type": "Point",
        "coordinates": [
          -1.88151,
          53.723913
        ]
      },
      "properties": {
        "age_band_of_casualty": "6",
        "age_of_casualty": 26,
        "bus_or_coach_passenger": "0",
        "car_passenger": "0",
        "casualty_adjusted_severity_serious": "0",
        "casualty_adjusted_severity_slight": "1",
        "casualty_class": "1",
        "casualty_distance_banding": "-1",
        "casualty_imd_decile": "7",
        "casualty_injury_based": "1",
        "casualty_reference": 1,
        "casualty_severity": "3",
        "casualty_type": "9",
        "collision_index": "2022131178324",
        "collision_ref_no": "131178324",
        "collision_year": 2022,
        "enhanced_casualty_severity": "3",
        "lsoa_of_casualty": "E01010955",
        "pedestrian_location": "0",
        "pedestrian_movement": "0",
        "pedestrian_road_maintenance_worker": "0",
        "sex_of_casualty": "2",
        "vehicle_reference": 2,
        "geometry_source": "inherited_from_linked_collision",
        "source_year": 2022
      }
    },
    {
      "type": "Feature",
      "id": "2022131183291:1",
      "geometry": {
        "type": "Point",
        "coordinates": [
          -1.833228,
          53.738722
        ]
      },
      "properties": {
        "age_band_of_casualty": "10",
        "age_of_casualty": 74,
        "bus_or_coach_passenger": "0",
        "car_passenger": "0",
        "casualty_adjusted_severity_serious": "1",
        "casualty_adjusted_severity_slight": "0",
        "casualty_class": "1",
        "casualty_distance_banding": "-1",
        "casualty_imd_decile": "8",
        "casualty_injury_based": "1",
        "casualty_reference": 1,
        "casualty_severity": "2",
        "casualty_type": "9",
        "collision_index": "2022131183291",
        "collision_ref_no": "131183291",
        "collision_year": 2022,
        "enhanced_casualty_severity": "6",
        "lsoa_of_casualty": "E01011630",
        "pedestrian_location": "0",
        "pedestrian_movement": "0",
        "pedestrian_road_maintenance_worker": "0",
        "sex_of_casualty": "1",
        "vehicle_reference": 1,
        "geometry_source": "inherited_from_linked_collision",
        "source_year": 2022
      }
    },
    {
      "type": "Feature",
      "id": "2022131188400:1",
      "geometry": {
        "type": "Point",
        "coordinates": [
          -2.070546,
          53.718341
        ]
      },
      "properties": {
        "age_band_of_casualty": "7",
        "age_of_casualty": 42,
        "bus_or_coach_passenger": "0",
        "car_passenger": "1",
        "casualty_adjusted_severity_serious": "0",
        "casualty_adjusted_severity_slight": "1",
        "casualty_class": "2",
        "casualty_distance_banding": "-1",
        "casualty_imd_decile": "1",
        "casualty_injury_based": "1",
        "casualty_reference": 1,
        "casualty_severity": "3",
        "casualty_type": "9",
        "collision_index": "2022131188400",
        "collision_ref_no": "131188400",
        "collision_year": 2022,
        "enhanced_casualty_severity": "3",
        "lsoa_of_casualty": "E01010994",
        "pedestrian_location": "0",
        "pedestrian_movement": "0",
        "pedestrian_road_maintenance_worker": "0",
        "sex_of_casualty": "2",
        "vehicle_reference": 2,
        "geometry_source": "inherited_from_linked_collision",
        "source_year": 2022
      }
    },
    {
      "type": "Feature",
      "id": "2022131195884:1",
      "geometry": {
        "type": "Point",
        "coordinates": [
          -2.101444,
          53.693503
        ]
      },
      "properties": {
        "age_band_of_casualty": "4",
        "age_of_casualty": 17,
        "bus_or_coach_passenger": "0",
        "car_passenger": "0",
        "casualty_adjusted_severity_serious": "0",
        "casualty_adjusted_severity_slight": "1",
        "casualty_class": "1",
        "casualty_distance_banding": "-1",
        "casualty_imd_decile": "1",
        "casualty_injury_based": "1",
        "casualty_reference": 1,
        "casualty_severity": "3",
        "casualty_type": "9",
        "collision_index": "2022131195884",
        "collision_ref_no": "131195884",
        "collision_year": 2022,
        "enhanced_casualty_severity": "3",
        "lsoa_of_casualty": "E01005586",
        "pedestrian_location": "0",
        "pedestrian_movement": "0",
        "pedestrian_road_maintenance_worker": "0",
        "sex_of_casualty": "1",
        "vehicle_reference": 2,
        "geometry_source": "inherited_from_linked_collision",
        "source_year": 2022
      }
    },
    {
      "type": "Feature",
      "id": "2022131201192:1",
      "geometry": {
        "type": "Point",
        "coordinates": [
          -1.877079,
          53.746954
        ]
      },
      "properties": {
        "age_band_of_casualty": "7",
        "age_of_casualty": 39,
        "bus_or_coach_passenger": "0",
        "car_passenger": "0",
        "casualty_adjusted_severity_serious": "0",
        "casualty_adjusted_severity_slight": "1",
        "casualty_class": "1",
        "casualty_distance_banding": "-1",
        "casualty_imd_decile": "9",
        "casualty_injury_based": "1",
        "casualty_reference": 1,
        "casualty_severity": "3",
        "casualty_type": "9",
        "collision_index": "2022131201192",
        "collision_ref_no": "131201192",
        "collision_year": 2022,
        "enhanced_casualty_severity": "3",
        "lsoa_of_casualty": "E01010953",
        "pedestrian_location": "0",
        "pedestrian_movement": "0",
        "pedestrian_road_maintenance_worker": "0",
        "sex_of_casualty": "2",
        "vehicle_reference": 2,
        "geometry_source": "inherited_from_linked_collision",
        "source_year": 2022
      }
    },
    {
      "type": "Feature",
      "id": "2022131221622:2",
      "geometry": {
        "type": "Point",
        "coordinates": [
          -1.744893,
          53.700403
        ]
      },
      "properties": {
        "age_band_of_casualty": "8",
        "age_of_casualty": 53,
        "bus_or_coach_passenger": "0",
        "car_passenger": "2",
        "casualty_adjusted_severity_serious": "0",
        "casualty_adjusted_severity_slight": "1",
        "casualty_class": "2",
        "casualty_distance_banding": "-1",
        "casualty_imd_decile": "4",
        "casualty_injury_based": "1",
        "casualty_reference": 2,
        "casualty_severity": "3",
        "casualty_type": "9",
        "collision_index": "2022131221622",
        "collision_ref_no": "131221622",
        "collision_year": 2022,
        "enhanced_casualty_severity": "3",
        "lsoa_of_casualty": "E01013353",
        "pedestrian_location": "0",
        "pedestrian_movement": "0",
        "pedestrian_road_maintenance_worker": "0",
        "sex_of_casualty": "2",
        "vehicle_reference": 2,
        "geometry_source": "inherited_from_linked_collision",
        "source_year": 2022
      }
    },
    {
      "type": "Feature",
      "id": "2022131180109:1",
      "geometry": {
        "type": "Point",
        "coordinates": [
          -1.804837,
          53.757428
        ]
      },
      "properties": {
        "age_band_of_casualty": "3",
        "age_of_casualty": 15,
        "bus_or_coach_passenger": "0",
        "car_passenger": "0",
        "casualty_adjusted_severity_serious": "0",
        "casualty_adjusted_severity_slight": "1",
        "casualty_class": "1",
        "casualty_distance_banding": "-1",
        "casualty_imd_decile": "7",
        "casualty_injury_based": "1",
        "casualty_reference": 1,
        "casualty_severity": "3",
        "casualty_type": "1",
        "collision_index": "2022131180109",
        "collision_ref_no": "131180109",
        "collision_year": 2022,
        "enhanced_casualty_severity": "3",
        "lsoa_of_casualty": "E01010933",
        "pedestrian_location": "0",
        "pedestrian_movement": "0",
        "pedestrian_road_maintenance_worker": "0",
        "sex_of_casualty": "1",
        "vehicle_reference": 2,
        "geometry_source": "inherited_from_linked_collision",
        "source_year": 2022
      }
    },
    {
      "type": "Feature",
      "id": "2022131224108:1",
      "geometry": {
        "type": "Point",
        "coordinates": [
          -1.834928,
          53.68413
        ]
      },
      "properties": {
        "age_band_of_casualty": "4",
        "age_of_casualty": 16,
        "bus_or_coach_passenger": "0",
        "car_passenger": "0",
        "casualty_adjusted_severity_serious": "0",
        "casualty_adjusted_severity_slight": "1",
        "casualty_class": "1",
        "casualty_distance_banding": "-1",
        "casualty_imd_decile": "2",
        "casualty_injury_based": "1",
        "casualty_reference": 1,
        "casualty_severity": "3",
        "casualty_type": "1",
        "collision_index": "2022131224108",
        "collision_ref_no": "131224108",
        "collision_year": 2022,
        "enhanced_casualty_severity": "3",
        "lsoa_of_casualty": "E01010894",
        "pedestrian_location": "0",
        "pedestrian_movement": "0",
        "pedestrian_road_maintenance_worker": "0",
        "sex_of_casualty": "1",
        "vehicle_reference": 2,
        "geometry_source": "inherited_from_linked_collision",
        "source_year": 2022
      }
    },
    {
      "type": "Feature",
      "id": "2022131131267:1",
      "geometry": {
        "type": "Point",
        "coordinates": [
          -1.824938,
          53.683307
        ]
      },
      "properties": {
        "age_band_of_casualty": "4",
        "age_of_casualty": 19,
        "bus_or_coach_passenger": "0",
        "car_passenger": "0",
        "casualty_adjusted_severity_serious": "0",
        "casualty_adjusted_severity_slight": "1",
        "casualty_class": "1",
        "casualty_distance_banding": "-1",
        "casualty_imd_decile": "2",
        "casualty_injury_based": "1",
        "casualty_reference": 1,
        "casualty_severity": "3",
        "casualty_type": "9",
        "collision_index": "2022131131267",
        "collision_ref_no": "131131267",
        "collision_year": 2022,
        "enhanced_casualty_severity": "3",
        "lsoa_of_casualty": "E01011104",
        "pedestrian_location": "0",
        "pedestrian_movement": "0",
        "pedestrian_road_maintenance_worker": "0",
        "sex_of_casualty": "2",
        "vehicle_reference": 1,
        "geometry_source": "inherited_from_linked_collision",
        "source_year": 2022
      }
    },
    {
      "type": "Feature",
      "id": "2022131152847:1",
      "geometry": {
        "type": "Point",
        "coordinates": [
          -2.012679,
          53.630431
        ]
      },
      "properties": {
        "age_band_of_casualty": "6",
        "age_of_casualty": 35,
        "bus_or_coach_passenger": "0",
        "car_passenger": "0",
        "casualty_adjusted_severity_serious": "1",
        "casualty_adjusted_severity_slight": "0",
        "casualty_class": "1",
        "casualty_distance_banding": "-1",
        "casualty_imd_decile": "2",
        "casualty_injury_based": "1",
        "casualty_reference": 1,
        "casualty_severity": "2",
        "casualty_type": "9",
        "collision_index": "2022131152847",
        "collision_ref_no": "131152847",
        "collision_year": 2022,
        "enhanced_casualty_severity": "7",
        "lsoa_of_casualty": "E01008883",
        "pedestrian_location": "0",
        "pedestrian_movement": "0",
        "pedestrian_road_maintenance_worker": "0",
        "sex_of_casualty": "1",
        "vehicle_reference": 1,
        "geometry_source": "inherited_from_linked_collision",
        "source_year": 2022
      }
    },
    {
      "type": "Feature",
      "id": "2022131165665:1",
      "geometry": {
        "type": "Point",
        "coordinates": [
          -1.782262,
          53.702858
        ]
      },
      "properties": {
        "age_band_of_casualty": "5",
        "age_of_casualty": 23,
        "bus_or_coach_passenger": "0",
        "car_passenger": "0",
        "casualty_adjusted_severity_serious": "0",
        "casualty_adjusted_severity_slight": "1",
        "casualty_class": "1",
        "casualty_distance_banding": "-1",
        "casualty_imd_decile": "9",
        "casualty_injury_based": "1",
        "casualty_reference": 1,
        "casualty_severity": "3",
        "casualty_type": "9",
        "collision_index": "2022131165665",
        "collision_ref_no": "131165665",
        "collision_year": 2022,
        "enhanced_casualty_severity": "3",
        "lsoa_of_casualty": "E01010875",
        "pedestrian_location": "0",
        "pedestrian_movement": "0",
        "pedestrian_road_maintenance_worker": "0",
        "sex_of_casualty": "2",
        "vehicle_reference": 1,
        "geometry_source": "inherited_from_linked_collision",
        "source_year": 2022
      }
    },
    {
      "type": "Feature",
      "id": "2022131189160:1",
      "geometry": {
        "type": "Point",
        "coordinates": [
          -1.841312,
          53.673461
        ]
      },
      "properties": {
        "age_band_of_casualty": "9",
        "age_of_casualty": 64,
        "bus_or_coach_passenger": "0",
        "car_passenger": "0",
        "casualty_adjusted_severity_serious": "0",
        "casualty_adjusted_severity_slight": "1",
        "casualty_class": "1",
        "casualty_distance_banding": "-1",
        "casualty_imd_decile": "5",
        "casualty_injury_based": "1",
        "casualty_reference": 1,
        "casualty_severity": "3",
        "casualty_type": "9",
        "collision_index": "2022131189160",
        "collision_ref_no": "131189160",
        "collision_year": 2022,
        "enhanced_casualty_severity": "3",
        "lsoa_of_casualty": "E01010951",
        "pedestrian_location": "0",
        "pedestrian_movement": "0",
        "pedestrian_road_maintenance_worker": "0",
        "sex_of_casualty": "1",
        "vehicle_reference": 2,
        "geometry_source": "inherited_from_linked_collision",
        "source_year": 2022
      }
    },
    {
      "type": "Feature",
      "id": "2022131242213:1",
      "geometry": {
        "type": "Point",
        "coordinates": [
          -1.919933,
          53.721661
        ]
      },
      "properties": {
        "age_band_of_casualty": "6",
        "age_of_casualty": 29,
        "bus_or_coach_passenger": "0",
        "car_passenger": "1",
        "casualty_adjusted_severity_serious": "0",
        "casualty_adjusted_severity_slight": "1",
        "casualty_class": "2",
        "casualty_distance_banding": "-1",
        "casualty_imd_decile": "1",
        "casualty_injury_based": "1",
        "casualty_reference": 1,
        "casualty_severity": "3",
        "casualty_type": "9",
        "collision_index": "2022131242213",
        "collision_ref_no": "131242213",
        "collision_year": 2022,
        "enhanced_casualty_severity": "3",
        "lsoa_of_casualty": "E01010965",
        "pedestrian_location": "0",
        "pedestrian_movement": "0",
        "pedestrian_road_maintenance_worker": "0",
        "sex_of_casualty": "1",
        "vehicle_reference": 1,
        "geometry_source": "inherited_from_linked_collision",
        "source_year": 2022
      }
    },
    {
      "type": "Feature",
      "id": "2022131251081:1",
      "geometry": {
        "type": "Point",
        "coordinates": [
          -1.852401,
          53.714146
        ]
      },
      "properties": {
        "age_band_of_casualty": "6",
        "age_of_casualty": 29,
        "bus_or_coach_passenger": "0",
        "car_passenger": "0",
        "casualty_adjusted_severity_serious": "1",
        "casualty_adjusted_severity_slight": "0",
        "casualty_class": "1",
        "casualty_distance_banding": "-1",
        "casualty_imd_decile": "8",
        "casualty_injury_based": "1",
        "casualty_reference": 1,
        "casualty_severity": "2",
        "casualty_type": "9",
        "collision_index": "2022131251081",
        "collision_ref_no": "131251081",
        "collision_year": 2022,
        "enhanced_casualty_severity": "7",
        "lsoa_of_casualty": "E01011204",
        "pedestrian_location": "0",
        "pedestrian_movement": "0",
        "pedestrian_road_maintenance_worker": "0",
        "sex_of_casualty": "1",
        "vehicle_reference": 1,
        "geometry_source": "inherited_from_linked_collision",
        "source_year": 2022
      }
    },
    {
      "type": "Feature",
      "id": "2022131254928:1",
      "geometry": {
        "type": "Point",
        "coordinates": [
          -2.006465,
          53.63124
        ]
      },
      "properties": {
        "age_band_of_casualty": "4",
        "age_of_casualty": 18,
        "bus_or_coach_passenger": "0",
        "car_passenger": "2",
        "casualty_adjusted_severity_serious": "1",
        "casualty_adjusted_severity_slight": "0",
        "casualty_class": "2",
        "casualty_distance_banding": "-1",
        "casualty_imd_decile": "3",
        "casualty_injury_based": "1",
        "casualty_reference": 1,
        "casualty_severity": "2",
        "casualty_type": "9",
        "collision_index": "2022131254928",
        "collision_ref_no": "131254928",
        "collision_year": 2022,
        "enhanced_casualty_severity": "7",
        "lsoa_of_casualty": "E01008169",
        "pedestrian_location": "0",
        "pedestrian_movement": "0",
        "pedestrian_road_maintenance_worker": "0",
        "sex_of_casualty": "2",
        "vehicle_reference": 1,
        "geometry_source": "inherited_from_linked_collision",
        "source_year": 2022
      }
    },
    {
      "type": "Feature",
      "id": "2022131207328:1",
      "geometry": {
        "type": "Point",
        "coordinates": [
          -1.779129,
          53.702448
        ]
      },
      "properties": {
        "age_band_of_casualty": "6",
        "age_of_casualty": 29,
        "bus_or_coach_passenger": "0",
        "car_passenger": "0",
        "casualty_adjusted_severity_serious": "0",
        "casualty_adjusted_severity_slight": "1",
        "casualty_class": "1",
        "casualty_distance_banding": "-1",
        "casualty_imd_decile": "4",
        "casualty_injury_based": "1",
        "casualty_reference": 1,
        "casualty_severity": "3",
        "casualty_type": "1",
        "collision_index": "2022131207328",
        "collision_ref_no": "131207328",
        "collision_year": 2022,
        "enhanced_casualty_severity": "3",
        "lsoa_of_casualty": "E01010949",
        "pedestrian_location": "0",
        "pedestrian_movement": "0",
        "pedestrian_road_maintenance_worker": "0",
        "sex_of_casualty": "1",
        "vehicle_reference": 2,
        "geometry_source": "inherited_from_linked_collision",
        "source_year": 2022
      }
    },
    {
      "type": "Feature",
      "id": "2022131155227:1",
      "geometry": {
        "type": "Point",
        "coordinates": [
          -1.899905,
          53.719193
        ]
      },
      "properties": {
        "age_band_of_casualty": "8",
        "age_of_casualty": 48,
        "bus_or_coach_passenger": "0",
        "car_passenger": "0",
        "casualty_adjusted_severity_serious": "1",
        "casualty_adjusted_severity_slight": "0",
        "casualty_class": "1",
        "casualty_distance_banding": "-1",
        "casualty_imd_decile": "6",
        "casualty_injury_based": "1",
        "casualty_reference": 1,
        "casualty_severity": "2",
        "casualty_type": "9",
        "collision_index": "2022131155227",
        "collision_ref_no": "131155227",
        "collision_year": 2022,
        "enhanced_casualty_severity": "7",
        "lsoa_of_casualty": "E01010922",
        "pedestrian_location": "0",
        "pedestrian_movement": "0",
        "pedestrian_road_maintenance_worker": "0",
        "sex_of_casualty": "2",
        "vehicle_reference": 1,
        "geometry_source": "inherited_from_linked_collision",
        "source_year": 2022
      }
    },
    {
      "type": "Feature",
      "id": "2022131165683:1",
      "geometry": {
        "type": "Point",
        "coordinates": [
          -1.886379,
          53.722488
        ]
      },
      "properties": {
        "age_band_of_casualty": "4",
        "age_of_casualty": 18,
        "bus_or_coach_passenger": "0",
        "car_passenger": "0",
        "casualty_adjusted_severity_serious": "0",
        "casualty_adjusted_severity_slight": "1",
        "casualty_class": "1",
        "casualty_distance_banding": "-1",
        "casualty_imd_decile": "1",
        "casualty_injury_based": "1",
        "casualty_reference": 1,
        "casualty_severity": "3",
        "casualty_type": "9",
        "collision_index": "2022131165683",
        "collision_ref_no": "131165683",
        "collision_year": 2022,
        "enhanced_casualty_severity": "3",
        "lsoa_of_casualty": "E01011003",
        "pedestrian_location": "0",
        "pedestrian_movement": "0",
        "pedestrian_road_maintenance_worker": "0",
        "sex_of_casualty": "1",
        "vehicle_reference": 1,
        "geometry_source": "inherited_from_linked_collision",
        "source_year": 2022
      }
    },
    {
      "type": "Feature",
      "id": "2022131254485:1",
      "geometry": {
        "type": "Point",
        "coordinates": [
          -1.889395,
          53.757023
        ]
      },
      "properties": {
        "age_band_of_casualty": "8",
        "age_of_casualty": 53,
        "bus_or_coach_passenger": "0",
        "car_passenger": "0",
        "casualty_adjusted_severity_serious": "1",
        "casualty_adjusted_severity_slight": "0",
        "casualty_class": "1",
        "casualty_distance_banding": "-1",
        "casualty_imd_decile": "5",
        "casualty_injury_based": "1",
        "casualty_reference": 1,
        "casualty_severity": "2",
        "casualty_type": "9",
        "collision_index": "2022131254485",
        "collision_ref_no": "131254485",
        "collision_year": 2022,
        "enhanced_casualty_severity": "7",
        "lsoa_of_casualty": "E01033695",
        "pedestrian_location": "0",
        "pedestrian_movement": "0",
        "pedestrian_road_maintenance_worker": "0",
        "sex_of_casualty": "1",
        "vehicle_reference": 2,
        "geometry_source": "inherited_from_linked_collision",
        "source_year": 2022
      }
    },
    {
      "type": "Feature",
      "id": "2022131262574:1",
      "geometry": {
        "type": "Point",
        "coordinates": [
          -1.874847,
          53.737649
        ]
      },
      "properties": {
        "age_band_of_casualty": "5",
        "age_of_casualty": 22,
        "bus_or_coach_passenger": "0",
        "car_passenger": "0",
        "casualty_adjusted_severity_serious": "1",
        "casualty_adjusted_severity_slight": "0",
        "casualty_class": "1",
        "casualty_distance_banding": "-1",
        "casualty_imd_decile": "1",
        "casualty_injury_based": "1",
        "casualty_reference": 1,
        "casualty_severity": "2",
        "casualty_type": "9",
        "collision_index": "2022131262574",
        "collision_ref_no": "131262574",
        "collision_year": 2022,
        "enhanced_casualty_severity": "7",
        "lsoa_of_casualty": "E01010960",
        "pedestrian_location": "0",
        "pedestrian_movement": "0",
        "pedestrian_road_maintenance_worker": "0",
        "sex_of_casualty": "1",
        "vehicle_reference": 2,
        "geometry_source": "inherited_from_linked_collision",
        "source_year": 2022
      }
    },
    {
      "type": "Feature",
      "id": "2022131254836:1",
      "geometry": {
        "type": "Point",
        "coordinates": [
          -1.777489,
          53.720448
        ]
      },
      "properties": {
        "age_band_of_casualty": "7",
        "age_of_casualty": 45,
        "bus_or_coach_passenger": "0",
        "car_passenger": "0",
        "casualty_adjusted_severity_serious": "0",
        "casualty_adjusted_severity_slight": "1",
        "casualty_class": "1",
        "casualty_distance_banding": "-1",
        "casualty_imd_decile": "7",
        "casualty_injury_based": "1",
        "casualty_reference": 1,
        "casualty_severity": "3",
        "casualty_type": "9",
        "collision_index": "2022131254836",
        "collision_ref_no": "131254836",
        "collision_year": 2022,
        "enhanced_casualty_severity": "3",
        "lsoa_of_casualty": "E01010908",
        "pedestrian_location": "0",
        "pedestrian_movement": "0",
        "pedestrian_road_maintenance_worker": "0",
        "sex_of_casualty": "1",
        "vehicle_reference": 2,
        "geometry_source": "inherited_from_linked_collision",
        "source_year": 2022
      }
    },
    {
      "type": "Feature",
      "id": "2022131195233:1",
      "geometry": {
        "type": "Point",
        "coordinates": [
          -1.881865,
          53.743327
        ]
      },
      "properties": {
        "age_band_of_casualty": "4",
        "age_of_casualty": 19,
        "bus_or_coach_passenger": "0",
        "car_passenger": "0",
        "casualty_adjusted_severity_serious": "1",
        "casualty_adjusted_severity_slight": "0",
        "casualty_class": "1",
        "casualty_distance_banding": "-1",
        "casualty_imd_decile": "1",
        "casualty_injury_based": "1",
        "casualty_reference": 1,
        "casualty_severity": "2",
        "casualty_type": "4",
        "collision_index": "2022131195233",
        "collision_ref_no": "131195233",
        "collision_year": 2022,
        "enhanced_casualty_severity": "7",
        "lsoa_of_casualty": "E01010944",
        "pedestrian_location": "0",
        "pedestrian_movement": "0",
        "pedestrian_road_maintenance_worker": "0",
        "sex_of_casualty": "1",
        "vehicle_reference": 1,
        "geometry_source": "inherited_from_linked_collision",
        "source_year": 2022
      }
    },
    {
      "type": "Feature",
      "id": "2022131222651:1",
      "geometry": {
        "type": "Point",
        "coordinates": [
          -1.984321,
          53.728482
        ]
      },
      "properties": {
        "age_band_of_casualty": "4",
        "age_of_casualty": 16,
        "bus_or_coach_passenger": "0",
        "car_passenger": "0",
        "casualty_adjusted_severity_serious": "0",
        "casualty_adjusted_severity_slight": "1",
        "casualty_class": "3",
        "casualty_distance_banding": "-1",
        "casualty_imd_decile": "5",
        "casualty_injury_based": "1",
        "casualty_reference": 1,
        "casualty_severity": "3",
        "casualty_type": "0",
        "collision_index": "2022131222651",
        "collision_ref_no": "131222651",
        "collision_year": 2022,
        "enhanced_casualty_severity": "3",
        "lsoa_of_casualty": "E01010921",
        "pedestrian_location": "6",
        "pedestrian_movement": "9",
        "pedestrian_road_maintenance_worker": "2",
        "sex_of_casualty": "2",
        "vehicle_reference": 1,
        "geometry_source": "inherited_from_linked_collision",
        "source_year": 2022
      }
    },
    {
      "type": "Feature",
      "id": "2022131223615:1",
      "geometry": {
        "type": "Point",
        "coordinates": [
          -1.881729,
          53.743237
        ]
      },
      "properties": {
        "age_band_of_casualty": "7",
        "age_of_casualty": 38,
        "bus_or_coach_passenger": "0",
        "car_passenger": "0",
        "casualty_adjusted_severity_serious": "0",
        "casualty_adjusted_severity_slight": "1",
        "casualty_class": "3",
        "casualty_distance_banding": "-1",
        "casualty_imd_decile": "1",
        "casualty_injury_based": "1",
        "casualty_reference": 1,
        "casualty_severity": "3",
        "casualty_type": "0",
        "collision_index": "2022131223615",
        "collision_ref_no": "131223615",
        "collision_year": 2022,
        "enhanced_casualty_severity": "3",
        "lsoa_of_casualty": "E01010943",
        "pedestrian_location": "10",
        "pedestrian_movement": "4",
        "pedestrian_road_maintenance_worker": "2",
        "sex_of_casualty": "2",
        "vehicle_reference": 1,
        "geometry_source": "inherited_from_linked_collision",
        "source_year": 2022
      }
    },
    {
      "type": "Feature",
      "id": "2022131229679:1",
      "geometry": {
        "type": "Point",
        "coordinates": [
          -1.972967,
          53.73079
        ]
      },
      "properties": {
        "age_band_of_casualty": "3",
        "age_of_casualty": 13,
        "bus_or_coach_passenger": "0",
        "car_passenger": "0",
        "casualty_adjusted_severity_serious": "1",
        "casualty_adjusted_severity_slight": "0",
        "casualty_class": "3",
        "casualty_distance_banding": "-1",
        "casualty_imd_decile": "3",
        "casualty_injury_based": "1",
        "casualty_reference": 1,
        "casualty_severity": "2",
        "casualty_type": "0",
        "collision_index": "2022131229679",
        "collision_ref_no": "131229679",
        "collision_year": 2022,
        "enhanced_casualty_severity": "7",
        "lsoa_of_casualty": "E01010983",
        "pedestrian_location": "6",
        "pedestrian_movement": "9",
        "pedestrian_road_maintenance_worker": "2",
        "sex_of_casualty": "1",
        "vehicle_reference": 1,
        "geometry_source": "inherited_from_linked_collision",
        "source_year": 2022
      }
    },
    {
      "type": "Feature",
      "id": "2022131234603:1",
      "geometry": {
        "type": "Point",
        "coordinates": [
          -1.833044,
          53.708827
        ]
      },
      "properties": {
        "age_band_of_casualty": "9",
        "age_of_casualty": 58,
        "bus_or_coach_passenger": "0",
        "car_passenger": "0",
        "casualty_adjusted_severity_serious": "0",
        "casualty_adjusted_severity_slight": "1",
        "casualty_class": "3",
        "casualty_distance_banding": "-1",
        "casualty_imd_decile": "6",
        "casualty_injury_based": "1",
        "casualty_reference": 1,
        "casualty_severity": "3",
        "casualty_type": "0",
        "collision_index": "2022131234603",
        "collision_ref_no": "131234603",
        "collision_year": 2022,
        "enhanced_casualty_severity": "3",
        "lsoa_of_casualty": "E01010990",
        "pedestrian_location": "10",
        "pedestrian_movement": "9",
        "pedestrian_road_maintenance_worker": "1",
        "sex_of_casualty": "2",
        "vehicle_reference": 1,
        "geometry_source": "inherited_from_linked_collision",
        "source_year": 2022
      }
    },
    {
      "type": "Feature",
      "id": "2022131167935:1",
      "geometry": {
        "type": "Point",
        "coordinates": [
          -1.825857,
          53.673466
        ]
      },
      "properties": {
        "age_band_of_casualty": "7",
        "age_of_casualty": 37,
        "bus_or_coach_passenger": "0",
        "car_passenger": "0",
        "casualty_adjusted_severity_serious": "0",
        "casualty_adjusted_severity_slight": "1",
        "casualty_class": "1",
        "casualty_distance_banding": "-1",
        "casualty_imd_decile": "3",
        "casualty_injury_based": "1",
        "casualty_reference": 1,
        "casualty_severity": "3",
        "casualty_type": "5",
        "collision_index": "2022131167935",
        "collision_ref_no": "131167935",
        "collision_year": 2022,
        "enhanced_casualty_severity": "3",
        "lsoa_of_casualty": "E01005316",
        "pedestrian_location": "0",
        "pedestrian_movement": "0",
        "pedestrian_road_maintenance_worker": "0",
        "sex_of_casualty": "1",
        "vehicle_reference": 1,
        "geometry_source": "inherited_from_linked_collision",
        "source_year": 2022
      }
    },
    {
      "type": "Feature",
      "id": "2022131139110:1",
      "geometry": {
        "type": "Point",
        "coordinates": [
          -1.820715,
          53.747323
        ]
      },
      "properties": {
        "age_band_of_casualty": "7",
        "age_of_casualty": 45,
        "bus_or_coach_passenger": "0",
        "car_passenger": "0",
        "casualty_adjusted_severity_serious": "1",
        "casualty_adjusted_severity_slight": "0",
        "casualty_class": "1",
        "casualty_distance_banding": "-1",
        "casualty_imd_decile": "5",
        "casualty_injury_based": "1",
        "casualty_reference": 1,
        "casualty_severity": "2",
        "casualty_type": "9",
        "collision_index": "2022131139110",
        "collision_ref_no": "131139110",
        "collision_year": 2022,
        "enhanced_casualty_severity": "6",
        "lsoa_of_casualty": "E01010746",
        "pedestrian_location": "0",
        "pedestrian_movement": "0",
        "pedestrian_road_maintenance_worker": "0",
        "sex_of_casualty": "1",
        "vehicle_reference": 1,
        "geometry_source": "inherited_from_linked_collision",
        "source_year": 2022
      }
    },
    {
      "type": "Feature",
      "id": "2022131152244:1",
      "geometry": {
        "type": "Point",
        "coordinates": [
          -1.977609,
          53.637027
        ]
      },
      "properties": {
        "age_band_of_casualty": "5",
        "age_of_casualty": 22,
        "bus_or_coach_passenger": "0",
        "car_passenger": "0",
        "casualty_adjusted_severity_serious": "0",
        "casualty_adjusted_severity_slight": "1",
        "casualty_class": "1",
        "casualty_distance_banding": "-1",
        "casualty_imd_decile": "7",
        "casualty_injury_based": "1",
        "casualty_reference": 1,
        "casualty_severity": "3",
        "casualty_type": "9",
        "collision_index": "2022131152244",
        "collision_ref_no": "131152244",
        "collision_year": 2022,
        "enhanced_casualty_severity": "3",
        "lsoa_of_casualty": "E01011056",
        "pedestrian_location": "0",
        "pedestrian_movement": "0",
        "pedestrian_road_maintenance_worker": "0",
        "sex_of_casualty": "1",
        "vehicle_reference": 2,
        "geometry_source": "inherited_from_linked_collision",
        "source_year": 2022
      }
    },
    {
      "type": "Feature",
      "id": "2022131154411:1",
      "geometry": {
        "type": "Point",
        "coordinates": [
          -1.875422,
          53.738027
        ]
      },
      "properties": {
        "age_band_of_casualty": "8",
        "age_of_casualty": 53,
        "bus_or_coach_passenger": "0",
        "car_passenger": "1",
        "casualty_adjusted_severity_serious": "0",
        "casualty_adjusted_severity_slight": "1",
        "casualty_class": "2",
        "casualty_distance_banding": "-1",
        "casualty_imd_decile": "3",
        "casualty_injury_based": "1",
        "casualty_reference": 1,
        "casualty_severity": "3",
        "casualty_type": "9",
        "collision_index": "2022131154411",
        "collision_ref_no": "131154411",
        "collision_year": 2022,
        "enhanced_casualty_severity": "3",
        "lsoa_of_casualty": "E01010940",
        "pedestrian_location": "0",
        "pedestrian_movement": "0",
        "pedestrian_road_maintenance_worker": "0",
        "sex_of_casualty": "2",
        "vehicle_reference": 1,
        "geometry_source": "inherited_from_linked_collision",
        "source_year": 2022
      }
    },
    {
      "type": "Feature",
      "id": "2022131170515:1",
      "geometry": {
        "type": "Point",
        "coordinates": [
          -1.840463,
          53.689782
        ]
      },
      "properties": {
        "age_band_of_casualty": "8",
        "age_of_casualty": 55,
        "bus_or_coach_passenger": "0",
        "car_passenger": "0",
        "casualty_adjusted_severity_serious": "0",
        "casualty_adjusted_severity_slight": "1",
        "casualty_class": "1",
        "casualty_distance_banding": "-1",
        "casualty_imd_decile": "5",
        "casualty_injury_based": "1",
        "casualty_reference": 1,
        "casualty_severity": "3",
        "casualty_type": "19",
        "collision_index": "2022131170515",
        "collision_ref_no": "131170515",
        "collision_year": 2022,
        "enhanced_casualty_severity": "3",
        "lsoa_of_casualty": "E01011184",
        "pedestrian_location": "0",
        "pedestrian_movement": "0",
        "pedestrian_road_maintenance_worker": "0",
        "sex_of_casualty": "1",
        "vehicle_reference": 2,
        "geometry_source": "inherited_from_linked_collision",
        "source_year": 2022
      }
    },
    {
      "type": "Feature",
      "id": "2022131179297:1",
      "geometry": {
        "type": "Point",
        "coordinates": [
          -1.896334,
          53.723189
        ]
      },
      "properties": {
        "age_band_of_casualty": "8",
        "age_of_casualty": 54,
        "bus_or_coach_passenger": "0",
        "car_passenger": "0",
        "casualty_adjusted_severity_serious": "0",
        "casualty_adjusted_severity_slight": "1",
        "casualty_class": "3",
        "casualty_distance_banding": "-1",
        "casualty_imd_decile": "7",
        "casualty_injury_based": "1",
        "casualty_reference": 1,
        "casualty_severity": "3",
        "casualty_type": "0",
        "collision_index": "2022131179297",
        "collision_ref_no": "131179297",
        "collision_year": 2022,
        "enhanced_casualty_severity": "3",
        "lsoa_of_casualty": "E01010976",
        "pedestrian_location": "9",
        "pedestrian_movement": "5",
        "pedestrian_road_maintenance_worker": "2",
        "sex_of_casualty": "2",
        "vehicle_reference": 1,
        "geometry_source": "inherited_from_linked_collision",
        "source_year": 2022
      }
    },
    {
      "type": "Feature",
      "id": "2022131211499:1",
      "geometry": {
        "type": "Point",
        "coordinates": [
          -2.006076,
          53.761514
        ]
      },
      "properties": {
        "age_band_of_casualty": "9",
        "age_of_casualty": 56,
        "bus_or_coach_passenger": "0",
        "car_passenger": "0",
        "casualty_adjusted_severity_serious": "0",
        "casualty_adjusted_severity_slight": "1",
        "casualty_class": "3",
        "casualty_distance_banding": "-1",
        "casualty_imd_decile": "3",
        "casualty_injury_based": "1",
        "casualty_reference": 1,
        "casualty_severity": "3",
        "casualty_type": "0",
        "collision_index": "2022131211499",
        "collision_ref_no": "131211499",
        "collision_year": 2022,
        "enhanced_casualty_severity": "3",
        "lsoa_of_casualty": "E01010988",
        "pedestrian_location": "10",
        "pedestrian_movement": "9",
        "pedestrian_road_maintenance_worker": "2",
        "sex_of_casualty": "1",
        "vehicle_reference": 2,
        "geometry_source": "inherited_from_linked_collision",
        "source_year": 2022
      }
    },
    {
      "type": "Feature",
      "id": "2022131185538:1",
      "geometry": {
        "type": "Point",
        "coordinates": [
          -1.947315,
          53.710999
        ]
      },
      "properties": {
        "age_band_of_casualty": "6",
        "age_of_casualty": 30,
        "bus_or_coach_passenger": "0",
        "car_passenger": "0",
        "casualty_adjusted_severity_serious": "0",
        "casualty_adjusted_severity_slight": "1",
        "casualty_class": "1",
        "casualty_distance_banding": "-1",
        "casualty_imd_decile": "7",
        "casualty_injury_based": "1",
        "casualty_reference": 1,
        "casualty_severity": "3",
        "casualty_type": "1",
        "collision_index": "2022131185538",
        "collision_ref_no": "131185538",
        "collision_year": 2022,
        "enhanced_casualty_severity": "3",
        "lsoa_of_casualty": "E01010911",
        "pedestrian_location": "0",
        "pedestrian_movement": "0",
        "pedestrian_road_maintenance_worker": "0",
        "sex_of_casualty": "1",
        "vehicle_reference": 2,
        "geometry_source": "inherited_from_linked_collision",
        "source_year": 2022
      }
    },
    {
      "type": "Feature",
      "id": "2022131145323:2",
      "geometry": {
        "type": "Point",
        "coordinates": [
          -1.962845,
          53.640555
        ]
      },
      "properties": {
        "age_band_of_casualty": "5",
        "age_of_casualty": 25,
        "bus_or_coach_passenger": "0",
        "car_passenger": "1",
        "casualty_adjusted_severity_serious": "0",
        "casualty_adjusted_severity_slight": "1",
        "casualty_class": "2",
        "casualty_distance_banding": "-1",
        "casualty_imd_decile": "8",
        "casualty_injury_based": "1",
        "casualty_reference": 2,
        "casualty_severity": "3",
        "casualty_type": "9",
        "collision_index": "2022131145323",
        "collision_ref_no": "131145323",
        "collision_year": 2022,
        "enhanced_casualty_severity": "3",
        "lsoa_of_casualty": "E01011210",
        "pedestrian_location": "0",
        "pedestrian_movement": "0",
        "pedestrian_road_maintenance_worker": "0",
        "sex_of_casualty": "2",
        "vehicle_reference": 2,
        "geometry_source": "inherited_from_linked_collision",
        "source_year": 2022
      }
    },
    {
      "type": "Feature",
      "id": "2022131177880:1",
      "geometry": {
        "type": "Point",
        "coordinates": [
          -1.880544,
          53.722653
        ]
      },
      "properties": {
        "age_band_of_casualty": "5",
        "age_of_casualty": 21,
        "bus_or_coach_passenger": "0",
        "car_passenger": "0",
        "casualty_adjusted_severity_serious": "0",
        "casualty_adjusted_severity_slight": "1",
        "casualty_class": "1",
        "casualty_distance_banding": "-1",
        "casualty_imd_decile": "-1",
        "casualty_injury_based": "1",
        "casualty_reference": 1,
        "casualty_severity": "3",
        "casualty_type": "9",
        "collision_index": "2022131177880",
        "collision_ref_no": "131177880",
        "collision_year": 2022,
        "enhanced_casualty_severity": "3",
        "lsoa_of_casualty": "-1",
        "pedestrian_location": "0",
        "pedestrian_movement": "0",
        "pedestrian_road_maintenance_worker": "0",
        "sex_of_casualty": "1",
        "vehicle_reference": 3,
        "geometry_source": "inherited_from_linked_collision",
        "source_year": 2022
      }
    },
    {
      "type": "Feature",
      "id": "2022131179787:1",
      "geometry": {
        "type": "Point",
        "coordinates": [
          -2.102075,
          53.710346
        ]
      },
      "properties": {
        "age_band_of_casualty": "8",
        "age_of_casualty": 53,
        "bus_or_coach_passenger": "0",
        "car_passenger": "0",
        "casualty_adjusted_severity_serious": "1",
        "casualty_adjusted_severity_slight": "0",
        "casualty_class": "1",
        "casualty_distance_banding": "-1",
        "casualty_imd_decile": "3",
        "casualty_injury_based": "1",
        "casualty_reference": 1,
        "casualty_severity": "2",
        "casualty_type": "9",
        "collision_index": "2022131179787",
        "collision_ref_no": "131179787",
        "collision_year": 2022,
        "enhanced_casualty_severity": "7",
        "lsoa_of_casualty": "E01010986",
        "pedestrian_location": "0",
        "pedestrian_movement": "0",
        "pedestrian_road_maintenance_worker": "0",
        "sex_of_casualty": "2",
        "vehicle_reference": 1,
        "geometry_source": "inherited_from_linked_collision",
        "source_year": 2022
      }
    },
    {
      "type": "Feature",
      "id": "2022131208045:1",
      "geometry": {
        "type": "Point",
        "coordinates": [
          -1.915148,
          53.719932
        ]
      },
      "properties": {
        "age_band_of_casualty": "10",
        "age_of_casualty": 69,
        "bus_or_coach_passenger": "0",
        "car_passenger": "0",
        "casualty_adjusted_severity_serious": "0",
        "casualty_adjusted_severity_slight": "1",
        "casualty_class": "1",
        "casualty_distance_banding": "-1",
        "casualty_imd_decile": "8",
        "casualty_injury_based": "1",
        "casualty_reference": 1,
        "casualty_severity": "3",
        "casualty_type": "9",
        "collision_index": "2022131208045",
        "collision_ref_no": "131208045",
        "collision_year": 2022,
        "enhanced_casualty_severity": "3",
        "lsoa_of_casualty": "E01010997",
        "pedestrian_location": "0",
        "pedestrian_movement": "0",
        "pedestrian_road_maintenance_worker": "0",
        "sex_of_casualty": "2",
        "vehicle_reference": 1,
        "geometry_source": "inherited_from_linked_collision",
        "source_year": 2022
      }
    },
    {
      "type": "Feature",
      "id": "2022131194428:1",
      "geometry": {
        "type": "Point",
        "coordinates": [
          -1.943434,
          53.723895
        ]
      },
      "properties": {
        "age_band_of_casualty": "6",
        "age_of_casualty": 30,
        "bus_or_coach_passenger": "0",
        "car_passenger": "0",
        "casualty_adjusted_severity_serious": "0",
        "casualty_adjusted_severity_slight": "1",
        "casualty_class": "1",
        "casualty_distance_banding": "-1",
        "casualty_imd_decile": "3",
        "casualty_injury_based": "1",
        "casualty_reference": 1,
        "casualty_severity": "3",
        "casualty_type": "9",
        "collision_index": "2022131194428",
        "collision_ref_no": "131194428",
        "collision_year": 2022,
        "enhanced_casualty_severity": "3",
        "lsoa_of_casualty": "E01016037",
        "pedestrian_location": "0",
        "pedestrian_movement": "0",
        "pedestrian_road_maintenance_worker": "0",
        "sex_of_casualty": "1",
        "vehicle_reference": 1,
        "geometry_source": "inherited_from_linked_collision",
        "source_year": 2022
      }
    },
    {
      "type": "Feature",
      "id": "2022131206360:1",
      "geometry": {
        "type": "Point",
        "coordinates": [
          -1.943199,
          53.673525
        ]
      },
      "properties": {
        "age_band_of_casualty": "6",
        "age_of_casualty": 32,
        "bus_or_coach_passenger": "0",
        "car_passenger": "0",
        "casualty_adjusted_severity_serious": "0",
        "casualty_adjusted_severity_slight": "1",
        "casualty_class": "1",
        "casualty_distance_banding": "-1",
        "casualty_imd_decile": "6",
        "casualty_injury_based": "1",
        "casualty_reference": 1,
        "casualty_severity": "3",
        "casualty_type": "9",
        "collision_index": "2022131206360",
        "collision_ref_no": "131206360",
        "collision_year": 2022,
        "enhanced_casualty_severity": "3",
        "lsoa_of_casualty": "E01005387",
        "pedestrian_location": "0",
        "pedestrian_movement": "0",
        "pedestrian_road_maintenance_worker": "0",
        "sex_of_casualty": "1",
        "vehicle_reference": 1,
        "geometry_source": "inherited_from_linked_collision",
        "source_year": 2022
      }
    },
    {
      "type": "Feature",
      "id": "2022131243335:1",
      "geometry": {
        "type": "Point",
        "coordinates": [
          -1.742947,
          53.70403
        ]
      },
      "properties": {
        "age_band_of_casualty": "6",
        "age_of_casualty": 28,
        "bus_or_coach_passenger": "0",
        "car_passenger": "0",
        "casualty_adjusted_severity_serious": "1",
        "casualty_adjusted_severity_slight": "0",
        "casualty_class": "1",
        "casualty_distance_banding": "-1",
        "casualty_imd_decile": "3",
        "casualty_injury_based": "1",
        "casualty_reference": 1,
        "casualty_severity": "2",
        "casualty_type": "9",
        "collision_index": "2022131243335",
        "collision_ref_no": "131243335",
        "collision_year": 2022,
        "enhanced_casualty_severity": "7",
        "lsoa_of_casualty": "E01012511",
        "pedestrian_location": "0",
        "pedestrian_movement": "0",
        "pedestrian_road_maintenance_worker": "0",
        "sex_of_casualty": "1",
        "vehicle_reference": 1,
        "geometry_source": "inherited_from_linked_collision",
        "source_year": 2022
      }
    },
    {
      "type": "Feature",
      "id": "2022131212232:2",
      "geometry": {
        "type": "Point",
        "coordinates": [
          -1.899945,
          53.714986
        ]
      },
      "properties": {
        "age_band_of_casualty": "9",
        "age_of_casualty": 60,
        "bus_or_coach_passenger": "0",
        "car_passenger": "0",
        "casualty_adjusted_severity_serious": "0",
        "casualty_adjusted_severity_slight": "1",
        "casualty_class": "3",
        "casualty_distance_banding": "-1",
        "casualty_imd_decile": "-1",
        "casualty_injury_based": "1",
        "casualty_reference": 2,
        "casualty_severity": "3",
        "casualty_type": "0",
        "collision_index": "2022131212232",
        "collision_ref_no": "131212232",
        "collision_year": 2022,
        "enhanced_casualty_severity": "3",
        "lsoa_of_casualty": "-1",
        "pedestrian_location": "10",
        "pedestrian_movement": "1",
        "pedestrian_road_maintenance_worker": "2",
        "sex_of_casualty": "2",
        "vehicle_reference": 1,
        "geometry_source": "inherited_from_linked_collision",
        "source_year": 2022
      }
    },
    {
      "type": "Feature",
      "id": "2022131151104:1",
      "geometry": {
        "type": "Point",
        "coordinates": [
          -1.884923,
          53.717328
        ]
      },
      "properties": {
        "age_band_of_casualty": "10",
        "age_of_casualty": 66,
        "bus_or_coach_passenger": "0",
        "car_passenger": "0",
        "casualty_adjusted_severity_serious": "0",
        "casualty_adjusted_severity_slight": "1",
        "casualty_class": "1",
        "casualty_distance_banding": "-1",
        "casualty_imd_decile": "1",
        "casualty_injury_based": "1",
        "casualty_reference": 1,
        "casualty_severity": "3",
        "casualty_type": "9",
        "collision_index": "2022131151104",
        "collision_ref_no": "131151104",
        "collision_year": 2022,
        "enhanced_casualty_severity": "3",
        "lsoa_of_casualty": "E01005235",
        "pedestrian_location": "0",
        "pedestrian_movement": "0",
        "pedestrian_road_maintenance_worker": "0",
        "sex_of_casualty": "1",
        "vehicle_reference": 2,
        "geometry_source": "inherited_from_linked_collision",
        "source_year": 2022
      }
    },
    {
      "type": "Feature",
      "id": "2022131220713:2",
      "geometry": {
        "type": "Point",
        "coordinates": [
          -1.832235,
          53.672109
        ]
      },
      "properties": {
        "age_band_of_casualty": "4",
        "age_of_casualty": 19,
        "bus_or_coach_passenger": "0",
        "car_passenger": "1",
        "casualty_adjusted_severity_serious": "0",
        "casualty_adjusted_severity_slight": "1",
        "casualty_class": "2",
        "casualty_distance_banding": "-1",
        "casualty_imd_decile": "4",
        "casualty_injury_based": "1",
        "casualty_reference": 2,
        "casualty_severity": "3",
        "casualty_type": "9",
        "collision_index": "2022131220713",
        "collision_ref_no": "131220713",
        "collision_year": 2022,
        "enhanced_casualty_severity": "3",
        "lsoa_of_casualty": "E01010834",
        "pedestrian_location": "0",
        "pedestrian_movement": "0",
        "pedestrian_road_maintenance_worker": "0",
        "sex_of_casualty": "2",
        "vehicle_reference": 1,
        "geometry_source": "inherited_from_linked_collision",
        "source_year": 2022
      }
    },
    {
      "type": "Feature",
      "id": "2022131226825:1",
      "geometry": {
        "type": "Point",
        "coordinates": [
          -1.886574,
          53.71777
        ]
      },
      "properties": {
        "age_band_of_casualty": "7",
        "age_of_casualty": 43,
        "bus_or_coach_passenger": "0",
        "car_passenger": "0",
        "casualty_adjusted_severity_serious": "0",
        "casualty_adjusted_severity_slight": "1",
        "casualty_class": "1",
        "casualty_distance_banding": "-1",
        "casualty_imd_decile": "6",
        "casualty_injury_based": "1",
        "casualty_reference": 1,
        "casualty_severity": "3",
        "casualty_type": "9",
        "collision_index": "2022131226825",
        "collision_ref_no": "131226825",
        "collision_year": 2022,
        "enhanced_casualty_severity": "3",
        "lsoa_of_casualty": "E01010927",
        "pedestrian_location": "0",
        "pedestrian_movement": "0",
        "pedestrian_road_maintenance_worker": "0",
        "sex_of_casualty": "2",
        "vehicle_reference": 1,
        "geometry_source": "inherited_from_linked_collision",
        "source_year": 2022
      }
    },
    {
      "type": "Feature",
      "id": "2022131128132:1",
      "geometry": {
        "type": "Point",
        "coordinates": [
          -1.871723,
          53.717881
        ]
      },
      "properties": {
        "age_band_of_casualty": "11",
        "age_of_casualty": 86,
        "bus_or_coach_passenger": "0",
        "car_passenger": "0",
        "casualty_adjusted_severity_serious": "0",
        "casualty_adjusted_severity_slight": "1",
        "casualty_class": "1",
        "casualty_distance_banding": "-1",
        "casualty_imd_decile": "3",
        "casualty_injury_based": "1",
        "casualty_reference": 1,
        "casualty_severity": "3",
        "casualty_type": "9",
        "collision_index": "2022131128132",
        "collision_ref_no": "131128132",
        "collision_year": 2022,
        "enhanced_casualty_severity": "3",
        "lsoa_of_casualty": "E01010974",
        "pedestrian_location": "0",
        "pedestrian_movement": "0",
        "pedestrian_road_maintenance_worker": "0",
        "sex_of_casualty": "1",
        "vehicle_reference": 1,
        "geometry_source": "inherited_from_linked_collision",
        "source_year": 2022
      }
    },
    {
      "type": "Feature",
      "id": "2022131165672:1",
      "geometry": {
        "type": "Point",
        "coordinates": [
          -1.75872,
          53.708602
        ]
      },
      "properties": {
        "age_band_of_casualty": "7",
        "age_of_casualty": 40,
        "bus_or_coach_passenger": "0",
        "car_passenger": "0",
        "casualty_adjusted_severity_serious": "0",
        "casualty_adjusted_severity_slight": "1",
        "casualty_class": "1",
        "casualty_distance_banding": "-1",
        "casualty_imd_decile": "2",
        "casualty_injury_based": "1",
        "casualty_reference": 1,
        "casualty_severity": "3",
        "casualty_type": "9",
        "collision_index": "2022131165672",
        "collision_ref_no": "131165672",
        "collision_year": 2022,
        "enhanced_casualty_severity": "3",
        "lsoa_of_casualty": "E01010910",
        "pedestrian_location": "0",
        "pedestrian_movement": "0",
        "pedestrian_road_maintenance_worker": "0",
        "sex_of_casualty": "1",
        "vehicle_reference": 1,
        "geometry_source": "inherited_from_linked_collision",
        "source_year": 2022
      }
    },
    {
      "type": "Feature",
      "id": "2022131207348:1",
      "geometry": {
        "type": "Point",
        "coordinates": [
          -1.81376,
          53.72557
        ]
      },
      "properties": {
        "age_band_of_casualty": "5",
        "age_of_casualty": 25,
        "bus_or_coach_passenger": "0",
        "car_passenger": "0",
        "casualty_adjusted_severity_serious": "0",
        "casualty_adjusted_severity_slight": "1",
        "casualty_class": "1",
        "casualty_distance_banding": "-1",
        "casualty_imd_decile": "2",
        "casualty_injury_based": "1",
        "casualty_reference": 1,
        "casualty_severity": "3",
        "casualty_type": "9",
        "collision_index": "2022131207348",
        "collision_ref_no": "131207348",
        "collision_year": 2022,
        "enhanced_casualty_severity": "3",
        "lsoa_of_casualty": "E01010929",
        "pedestrian_location": "0",
        "pedestrian_movement": "0",
        "pedestrian_road_maintenance_worker": "0",
        "sex_of_casualty": "1",
        "vehicle_reference": 1,
        "geometry_source": "inherited_from_linked_collision",
        "source_year": 2022
      }
    },
    {
      "type": "Feature",
      "id": "2022131196715:1",
      "geometry": {
        "type": "Point",
        "coordinates": [
          -2.071,
          53.718413
        ]
      },
      "properties": {
        "age_band_of_casualty": "6",
        "age_of_casualty": 31,
        "bus_or_coach_passenger": "0",
        "car_passenger": "0",
        "casualty_adjusted_severity_serious": "1",
        "casualty_adjusted_severity_slight": "0",
        "casualty_class": "3",
        "casualty_distance_banding": "-1",
        "casualty_imd_decile": "4",
        "casualty_injury_based": "1",
        "casualty_reference": 1,
        "casualty_severity": "2",
        "casualty_type": "0",
        "collision_index": "2022131196715",
        "collision_ref_no": "131196715",
        "collision_year": 2022,
        "enhanced_casualty_severity": "7",
        "lsoa_of_casualty": "E01010884",
        "pedestrian_location": "6",
        "pedestrian_movement": "9",
        "pedestrian_road_maintenance_worker": "2",
        "sex_of_casualty": "2",
        "vehicle_reference": 1,
        "geometry_source": "inherited_from_linked_collision",
        "source_year": 2022
      }
    },
    {
      "type": "Feature",
      "id": "2022131193056:1",
      "geometry": {
        "type": "Point",
        "coordinates": [
          -1.786047,
          53.712186
        ]
      },
      "properties": {
        "age_band_of_casualty": "7",
        "age_of_casualty": 45,
        "bus_or_coach_passenger": "0",
        "car_passenger": "0",
        "casualty_adjusted_severity_serious": "0",
        "casualty_adjusted_severity_slight": "1",
        "casualty_class": "1",
        "casualty_distance_banding": "-1",
        "casualty_imd_decile": "1",
        "casualty_injury_based": "1",
        "casualty_reference": 1,
        "casualty_severity": "3",
        "casualty_type": "4",
        "collision_index": "2022131193056",
        "collision_ref_no": "131193056",
        "collision_year": 2022,
        "enhanced_casualty_severity": "3",
        "lsoa_of_casualty": "E01010880",
        "pedestrian_location": "0",
        "pedestrian_movement": "0",
        "pedestrian_road_maintenance_worker": "0",
        "sex_of_casualty": "1",
        "vehicle_reference": 2,
        "geometry_source": "inherited_from_linked_collision",
        "source_year": 2022
      }
    },
    {
      "type": "Feature",
      "id": "2022131199353:1",
      "geometry": {
        "type": "Point",
        "coordinates": [
          -2.018668,
          53.630987
        ]
      },
      "properties": {
        "age_band_of_casualty": "7",
        "age_of_casualty": 36,
        "bus_or_coach_passenger": "0",
        "car_passenger": "0",
        "casualty_adjusted_severity_serious": "0",
        "casualty_adjusted_severity_slight": "0",
        "casualty_class": "1",
        "casualty_distance_banding": "-1",
        "casualty_imd_decile": "5",
        "casualty_injury_based": "1",
        "casualty_reference": 1,
        "casualty_severity": "1",
        "casualty_type": "4",
        "collision_index": "2022131199353",
        "collision_ref_no": "131199353",
        "collision_year": 2022,
        "enhanced_casualty_severity": "1",
        "lsoa_of_casualty": "E01032559",
        "pedestrian_location": "0",
        "pedestrian_movement": "0",
        "pedestrian_road_maintenance_worker": "0",
        "sex_of_casualty": "1",
        "vehicle_reference": 2,
        "geometry_source": "inherited_from_linked_collision",
        "source_year": 2022
      }
    },
    {
      "type": "Feature",
      "id": "2022131219221:3",
      "geometry": {
        "type": "Point",
        "coordinates": [
          -1.883674,
          53.714226
        ]
      },
      "properties": {
        "age_band_of_casualty": "7",
        "age_of_casualty": 36,
        "bus_or_coach_passenger": "0",
        "car_passenger": "0",
        "casualty_adjusted_severity_serious": "0",
        "casualty_adjusted_severity_slight": "1",
        "casualty_class": "2",
        "casualty_distance_banding": "-1",
        "casualty_imd_decile": "2",
        "casualty_injury_based": "1",
        "casualty_reference": 3,
        "casualty_severity": "3",
        "casualty_type": "9",
        "collision_index": "2022131219221",
        "collision_ref_no": "131219221",
        "collision_year": 2022,
        "enhanced_casualty_severity": "3",
        "lsoa_of_casualty": "E01011236",
        "pedestrian_location": "0",
        "pedestrian_movement": "0",
        "pedestrian_road_maintenance_worker": "0",
        "sex_of_casualty": "2",
        "vehicle_reference": 2,
        "geometry_source": "inherited_from_linked_collision",
        "source_year": 2022
      }
    },
    {
      "type": "Feature",
      "id": "2022131251031:1",
      "geometry": {
        "type": "Point",
        "coordinates": [
          -1.795953,
          53.712706
        ]
      },
      "properties": {
        "age_band_of_casualty": "6",
        "age_of_casualty": 30,
        "bus_or_coach_passenger": "0",
        "car_passenger": "0",
        "casualty_adjusted_severity_serious": "0",
        "casualty_adjusted_severity_slight": "1",
        "casualty_class": "1",
        "casualty_distance_banding": "-1",
        "casualty_imd_decile": "9",
        "casualty_injury_based": "1",
        "casualty_reference": 1,
        "casualty_severity": "3",
        "casualty_type": "9",
        "collision_index": "2022131251031",
        "collision_ref_no": "131251031",
        "collision_year": 2022,
        "enhanced_casualty_severity": "3",
        "lsoa_of_casualty": "E01010904",
        "pedestrian_location": "0",
        "pedestrian_movement": "0",
        "pedestrian_road_maintenance_worker": "0",
        "sex_of_casualty": "2",
        "vehicle_reference": 2,
        "geometry_source": "inherited_from_linked_collision",
        "source_year": 2022
      }
    },
    {
      "type": "Feature",
      "id": "2022131254597:2",
      "geometry": {
        "type": "Point",
        "coordinates": [
          -1.787083,
          53.732042
        ]
      },
      "properties": {
        "age_band_of_casualty": "9",
        "age_of_casualty": 64,
        "bus_or_coach_passenger": "0",
        "car_passenger": "0",
        "casualty_adjusted_severity_serious": "0",
        "casualty_adjusted_severity_slight": "1",
        "casualty_class": "1",
        "casualty_distance_banding": "-1",
        "casualty_imd_decile": "5",
        "casualty_injury_based": "1",
        "casualty_reference": 2,
        "casualty_severity": "3",
        "casualty_type": "9",
        "collision_index": "2022131254597",
        "collision_ref_no": "131254597",
        "collision_year": 2022,
        "enhanced_casualty_severity": "3",
        "lsoa_of_casualty": "E01010934",
        "pedestrian_location": "0",
        "pedestrian_movement": "0",
        "pedestrian_road_maintenance_worker": "0",
        "sex_of_casualty": "1",
        "vehicle_reference": 1,
        "geometry_source": "inherited_from_linked_collision",
        "source_year": 2022
      }
    },
    {
      "type": "Feature",
      "id": "2022131134662:3",
      "geometry": {
        "type": "Point",
        "coordinates": [
          -1.891636,
          53.723203
        ]
      },
      "properties": {
        "age_band_of_casualty": "2",
        "age_of_casualty": 9,
        "bus_or_coach_passenger": "0",
        "car_passenger": "0",
        "casualty_adjusted_severity_serious": "0",
        "casualty_adjusted_severity_slight": "1",
        "casualty_class": "3",
        "casualty_distance_banding": "-1",
        "casualty_imd_decile": "-1",
        "casualty_injury_based": "1",
        "casualty_reference": 3,
        "casualty_severity": "3",
        "casualty_type": "0",
        "collision_index": "2022131134662",
        "collision_ref_no": "131134662",
        "collision_year": 2022,
        "enhanced_casualty_severity": "3",
        "lsoa_of_casualty": "-1",
        "pedestrian_location": "4",
        "pedestrian_movement": "3",
        "pedestrian_road_maintenance_worker": "2",
        "sex_of_casualty": "2",
        "vehicle_reference": 1,
        "geometry_source": "inherited_from_linked_collision",
        "source_year": 2022
      }
    },
    {
      "type": "Feature",
      "id": "2022131188399:1",
      "geometry": {
        "type": "Point",
        "coordinates": [
          -1.859622,
          53.725345
        ]
      },
      "properties": {
        "age_band_of_casualty": "4",
        "age_of_casualty": 16,
        "bus_or_coach_passenger": "0",
        "car_passenger": "0",
        "casualty_adjusted_severity_serious": "0",
        "casualty_adjusted_severity_slight": "1",
        "casualty_class": "3",
        "casualty_distance_banding": "-1",
        "casualty_imd_decile": "2",
        "casualty_injury_based": "1",
        "casualty_reference": 1,
        "casualty_severity": "3",
        "casualty_type": "0",
        "collision_index": "2022131188399",
        "collision_ref_no": "131188399",
        "collision_year": 2022,
        "enhanced_casualty_severity": "3",
        "lsoa_of_casualty": "E01010961",
        "pedestrian_location": "4",
        "pedestrian_movement": "3",
        "pedestrian_road_maintenance_worker": "2",
        "sex_of_casualty": "2",
        "vehicle_reference": 1,
        "geometry_source": "inherited_from_linked_collision",
        "source_year": 2022
      }
    },
    {
      "type": "Feature",
      "id": "2022131189367:1",
      "geometry": {
        "type": "Point",
        "coordinates": [
          -1.950691,
          53.726415
        ]
      },
      "properties": {
        "age_band_of_casualty": "6",
        "age_of_casualty": 31,
        "bus_or_coach_passenger": "0",
        "car_passenger": "0",
        "casualty_adjusted_severity_serious": "0",
        "casualty_adjusted_severity_slight": "1",
        "casualty_class": "1",
        "casualty_distance_banding": "-1",
        "casualty_imd_decile": "7",
        "casualty_injury_based": "1",
        "casualty_reference": 1,
        "casualty_severity": "3",
        "casualty_type": "5",
        "collision_index": "2022131189367",
        "collision_ref_no": "131189367",
        "collision_year": 2022,
        "enhanced_casualty_severity": "3",
        "lsoa_of_casualty": "E01010917",
        "pedestrian_location": "0",
        "pedestrian_movement": "0",
        "pedestrian_road_maintenance_worker": "0",
        "sex_of_casualty": "1",
        "vehicle_reference": 1,
        "geometry_source": "inherited_from_linked_collision",
        "source_year": 2022
      }
    },
    {
      "type": "Feature",
      "id": "2022131238825:1",
      "geometry": {
        "type": "Point",
        "coordinates": [
          -1.794261,
          53.705567
        ]
      },
      "properties": {
        "age_band_of_casualty": "9",
        "age_of_casualty": 60,
        "bus_or_coach_passenger": "0",
        "car_passenger": "0",
        "casualty_adjusted_severity_serious": "0",
        "casualty_adjusted_severity_slight": "1",
        "casualty_class": "1",
        "casualty_distance_banding": "-1",
        "casualty_imd_decile": "8",
        "casualty_injury_based": "1",
        "casualty_reference": 1,
        "casualty_severity": "3",
        "casualty_type": "9",
        "collision_index": "2022131238825",
        "collision_ref_no": "131238825",
        "collision_year": 2022,
        "enhanced_casualty_severity": "3",
        "lsoa_of_casualty": "E01010907",
        "pedestrian_location": "0",
        "pedestrian_movement": "0",
        "pedestrian_road_maintenance_worker": "0",
        "sex_of_casualty": "2",
        "vehicle_reference": 2,
        "geometry_source": "inherited_from_linked_collision",
        "source_year": 2022
      }
    },
    {
      "type": "Feature",
      "id": "2022131146596:1",
      "geometry": {
        "type": "Point",
        "coordinates": [
          -1.878411,
          53.742569
        ]
      },
      "properties": {
        "age_band_of_casualty": "9",
        "age_of_casualty": 57,
        "bus_or_coach_passenger": "0",
        "car_passenger": "0",
        "casualty_adjusted_severity_serious": "0",
        "casualty_adjusted_severity_slight": "1",
        "casualty_class": "1",
        "casualty_distance_banding": "-1",
        "casualty_imd_decile": "3",
        "casualty_injury_based": "1",
        "casualty_reference": 1,
        "casualty_severity": "3",
        "casualty_type": "9",
        "collision_index": "2022131146596",
        "collision_ref_no": "131146596",
        "collision_year": 2022,
        "enhanced_casualty_severity": "3",
        "lsoa_of_casualty": "E01010940",
        "pedestrian_location": "0",
        "pedestrian_movement": "0",
        "pedestrian_road_maintenance_worker": "0",
        "sex_of_casualty": "2",
        "vehicle_reference": 2,
        "geometry_source": "inherited_from_linked_collision",
        "source_year": 2022
      }
    },
    {
      "type": "Feature",
      "id": "2022131165682:1",
      "geometry": {
        "type": "Point",
        "coordinates": [
          -1.888622,
          53.722454
        ]
      },
      "properties": {
        "age_band_of_casualty": "7",
        "age_of_casualty": 44,
        "bus_or_coach_passenger": "0",
        "car_passenger": "0",
        "casualty_adjusted_severity_serious": "0",
        "casualty_adjusted_severity_slight": "1",
        "casualty_class": "1",
        "casualty_distance_banding": "-1",
        "casualty_imd_decile": "2",
        "casualty_injury_based": "1",
        "casualty_reference": 1,
        "casualty_severity": "3",
        "casualty_type": "9",
        "collision_index": "2022131165682",
        "collision_ref_no": "131165682",
        "collision_year": 2022,
        "enhanced_casualty_severity": "3",
        "lsoa_of_casualty": "E01011000",
        "pedestrian_location": "0",
        "pedestrian_movement": "0",
        "pedestrian_road_maintenance_worker": "0",
        "sex_of_casualty": "1",
        "vehicle_reference": 2,
        "geometry_source": "inherited_from_linked_collision",
        "source_year": 2022
      }
    },
    {
      "type": "Feature",
      "id": "2022131165683:4",
      "geometry": {
        "type": "Point",
        "coordinates": [
          -1.886379,
          53.722488
        ]
      },
      "properties": {
        "age_band_of_casualty": "3",
        "age_of_casualty": 12,
        "bus_or_coach_passenger": "0",
        "car_passenger": "2",
        "casualty_adjusted_severity_serious": "0",
        "casualty_adjusted_severity_slight": "1",
        "casualty_class": "2",
        "casualty_distance_banding": "-1",
        "casualty_imd_decile": "1",
        "casualty_injury_based": "1",
        "casualty_reference": 4,
        "casualty_severity": "3",
        "casualty_type": "9",
        "collision_index": "2022131165683",
        "collision_ref_no": "131165683",
        "collision_year": 2022,
        "enhanced_casualty_severity": "3",
        "lsoa_of_casualty": "E01010964",
        "pedestrian_location": "0",
        "pedestrian_movement": "0",
        "pedestrian_road_maintenance_worker": "0",
        "sex_of_casualty": "1",
        "vehicle_reference": 2,
        "geometry_source": "inherited_from_linked_collision",
        "source_year": 2022
      }
    },
    {
      "type": "Feature",
      "id": "2022131216800:4",
      "geometry": {
        "type": "Point",
        "coordinates": [
          -1.859242,
          53.711925
        ]
      },
      "properties": {
        "age_band_of_casualty": "1",
        "age_of_casualty": 1,
        "bus_or_coach_passenger": "0",
        "car_passenger": "0",
        "casualty_adjusted_severity_serious": "1",
        "casualty_adjusted_severity_slight": "0",
        "casualty_class": "2",
        "casualty_distance_banding": "-1",
        "casualty_imd_decile": "2",
        "casualty_injury_based": "1",
        "casualty_reference": 4,
        "casualty_severity": "2",
        "casualty_type": "11",
        "collision_index": "2022131216800",
        "collision_ref_no": "131216800",
        "collision_year": 2022,
        "enhanced_casualty_severity": "7",
        "lsoa_of_casualty": "E01010894",
        "pedestrian_location": "0",
        "pedestrian_movement": "0",
        "pedestrian_road_maintenance_worker": "0",
        "sex_of_casualty": "1",
        "vehicle_reference": 1,
        "geometry_source": "inherited_from_linked_collision",
        "source_year": 2022
      }
    },
    {
      "type": "Feature",
      "id": "2022131179385:1",
      "geometry": {
        "type": "Point",
        "coordinates": [
          -1.934542,
          53.682356
        ]
      },
      "properties": {
        "age_band_of_casualty": "5",
        "age_of_casualty": 21,
        "bus_or_coach_passenger": "0",
        "car_passenger": "0",
        "casualty_adjusted_severity_serious": "0",
        "casualty_adjusted_severity_slight": "1",
        "casualty_class": "1",
        "casualty_distance_banding": "-1",
        "casualty_imd_decile": "9",
        "casualty_injury_based": "1",
        "casualty_reference": 1,
        "casualty_severity": "3",
        "casualty_type": "9",
        "collision_index": "2022131179385",
        "collision_ref_no": "131179385",
        "collision_year": 2022,
        "enhanced_casualty_severity": "3",
        "lsoa_of_casualty": "E01010953",
        "pedestrian_location": "0",
        "pedestrian_movement": "0",
        "pedestrian_road_maintenance_worker": "0",
        "sex_of_casualty": "1",
        "vehicle_reference": 1,
        "geometry_source": "inherited_from_linked_collision",
        "source_year": 2022
      }
    },
    {
      "type": "Feature",
      "id": "2022131180117:1",
      "geometry": {
        "type": "Point",
        "coordinates": [
          -1.920265,
          53.714237
        ]
      },
      "properties": {
        "age_band_of_casualty": "1",
        "age_of_casualty": 2,
        "bus_or_coach_passenger": "0",
        "car_passenger": "2",
        "casualty_adjusted_severity_serious": "1",
        "casualty_adjusted_severity_slight": "0",
        "casualty_class": "2",
        "casualty_distance_banding": "-1",
        "casualty_imd_decile": "6",
        "casualty_injury_based": "1",
        "casualty_reference": 1,
        "casualty_severity": "2",
        "casualty_type": "9",
        "collision_index": "2022131180117",
        "collision_ref_no": "131180117",
        "collision_year": 2022,
        "enhanced_casualty_severity": "7",
        "lsoa_of_casualty": "E01010922",
        "pedestrian_location": "0",
        "pedestrian_movement": "0",
        "pedestrian_road_maintenance_worker": "0",
        "sex_of_casualty": "2",
        "vehicle_reference": 2,
        "geometry_source": "inherited_from_linked_collision",
        "source_year": 2022
      }
    },
    {
      "type": "Feature",
      "id": "2022131255731:1",
      "geometry": {
        "type": "Point",
        "coordinates": [
          -1.830458,
          53.726503
        ]
      },
      "properties": {
        "age_band_of_casualty": "7",
        "age_of_casualty": 43,
        "bus_or_coach_passenger": "0",
        "car_passenger": "0",
        "casualty_adjusted_severity_serious": "0",
        "casualty_adjusted_severity_slight": "1",
        "casualty_class": "1",
        "casualty_distance_banding": "-1",
        "casualty_imd_decile": "3",
        "casualty_injury_based": "1",
        "casualty_reference": 1,
        "casualty_severity": "3",
        "casualty_type": "9",
        "collision_index": "2022131255731",
        "collision_ref_no": "131255731",
        "collision_year": 2022,
        "enhanced_casualty_severity": "3",
        "lsoa_of_casualty": "E01010950",
        "pedestrian_location": "0",
        "pedestrian_movement": "0",
        "pedestrian_road_maintenance_worker": "0",
        "sex_of_casualty": "2",
        "vehicle_reference": 1,
        "geometry_source": "inherited_from_linked_collision",
        "source_year": 2022
      }
    },
    {
      "type": "Feature",
      "id": "2022131150891:1",
      "geometry": {
        "type": "Point",
        "coordinates": [
          -1.868731,
          53.725185
        ]
      },
      "properties": {
        "age_band_of_casualty": "6",
        "age_of_casualty": 32,
        "bus_or_coach_passenger": "0",
        "car_passenger": "0",
        "casualty_adjusted_severity_serious": "0",
        "casualty_adjusted_severity_slight": "1",
        "casualty_class": "1",
        "casualty_distance_banding": "-1",
        "casualty_imd_decile": "2",
        "casualty_injury_based": "1",
        "casualty_reference": 1,
        "casualty_severity": "3",
        "casualty_type": "9",
        "collision_index": "2022131150891",
        "collision_ref_no": "131150891",
        "collision_year": 2022,
        "enhanced_casualty_severity": "3",
        "lsoa_of_casualty": "E01011000",
        "pedestrian_location": "0",
        "pedestrian_movement": "0",
        "pedestrian_road_maintenance_worker": "0",
        "sex_of_casualty": "1",
        "vehicle_reference": 2,
        "geometry_source": "inherited_from_linked_collision",
        "source_year": 2022
      }
    },
    {
      "type": "Feature",
      "id": "2022131216800:2",
      "geometry": {
        "type": "Point",
        "coordinates": [
          -1.859242,
          53.711925
        ]
      },
      "properties": {
        "age_band_of_casualty": "10",
        "age_of_casualty": 74,
        "bus_or_coach_passenger": "0",
        "car_passenger": "0",
        "casualty_adjusted_severity_serious": "1",
        "casualty_adjusted_severity_slight": "0",
        "casualty_class": "2",
        "casualty_distance_banding": "-1",
        "casualty_imd_decile": "8",
        "casualty_injury_based": "1",
        "casualty_reference": 2,
        "casualty_severity": "2",
        "casualty_type": "11",
        "collision_index": "2022131216800",
        "collision_ref_no": "131216800",
        "collision_year": 2022,
        "enhanced_casualty_severity": "7",
        "lsoa_of_casualty": "E01010931",
        "pedestrian_location": "0",
        "pedestrian_movement": "0",
        "pedestrian_road_maintenance_worker": "0",
        "sex_of_casualty": "2",
        "vehicle_reference": 1,
        "geometry_source": "inherited_from_linked_collision",
        "source_year": 2022
      }
    },
    {
      "type": "Feature",
      "id": "2022131131924:1",
      "geometry": {
        "type": "Point",
        "coordinates": [
          -2.104697,
          53.722837
        ]
      },
      "properties": {
        "age_band_of_casualty": "7",
        "age_of_casualty": 39,
        "bus_or_coach_passenger": "0",
        "car_passenger": "0",
        "casualty_adjusted_severity_serious": "1",
        "casualty_adjusted_severity_slight": "0",
        "casualty_class": "1",
        "casualty_distance_banding": "-1",
        "casualty_imd_decile": "3",
        "casualty_injury_based": "1",
        "casualty_reference": 1,
        "casualty_severity": "2",
        "casualty_type": "9",
        "collision_index": "2022131131924",
        "collision_ref_no": "131131924",
        "collision_year": 2022,
        "enhanced_casualty_severity": "7",
        "lsoa_of_casualty": "E01010988",
        "pedestrian_location": "0",
        "pedestrian_movement": "0",
        "pedestrian_road_maintenance_worker": "0",
        "sex_of_casualty": "1",
        "vehicle_reference": 1,
        "geometry_source": "inherited_from_linked_collision",
        "source_year": 2022
      }
    },
    {
      "type": "Feature",
      "id": "2022131136412:1",
      "geometry": {
        "type": "Point",
        "coordinates": [
          -1.960395,
          53.639988
        ]
      },
      "properties": {
        "age_band_of_casualty": "6",
        "age_of_casualty": 29,
        "bus_or_coach_passenger": "0",
        "car_passenger": "0",
        "casualty_adjusted_severity_serious": "0",
        "casualty_adjusted_severity_slight": "1",
        "casualty_class": "1",
        "casualty_distance_banding": "-1",
        "casualty_imd_decile": "10",
        "casualty_injury_based": "1",
        "casualty_reference": 1,
        "casualty_severity": "3",
        "casualty_type": "9",
        "collision_index": "2022131136412",
        "collision_ref_no": "131136412",
        "collision_year": 2022,
        "enhanced_casualty_severity": "3",
        "lsoa_of_casualty": "E01011382",
        "pedestrian_location": "0",
        "pedestrian_movement": "0",
        "pedestrian_road_maintenance_worker": "0",
        "sex_of_casualty": "1",
        "vehicle_reference": 1,
        "geometry_source": "inherited_from_linked_collision",
        "source_year": 2022
      }
    },
    {
      "type": "Feature",
      "id": "2022131223694:2",
      "geometry": {
        "type": "Point",
        "coordinates": [
          -1.878192,
          53.718436
        ]
      },
      "properties": {
        "age_band_of_casualty": "8",
        "age_of_casualty": 50,
        "bus_or_coach_passenger": "0",
        "car_passenger": "2",
        "casualty_adjusted_severity_serious": "0",
        "casualty_adjusted_severity_slight": "1",
        "casualty_class": "2",
        "casualty_distance_banding": "-1",
        "casualty_imd_decile": "2",
        "casualty_injury_based": "1",
        "casualty_reference": 2,
        "casualty_severity": "3",
        "casualty_type": "9",
        "collision_index": "2022131223694",
        "collision_ref_no": "131223694",
        "collision_year": 2022,
        "enhanced_casualty_severity": "3",
        "lsoa_of_casualty": "E01010929",
        "pedestrian_location": "0",
        "pedestrian_movement": "0",
        "pedestrian_road_maintenance_worker": "0",
        "sex_of_casualty": "2",
        "vehicle_reference": 2,
        "geometry_source": "inherited_from_linked_collision",
        "source_year": 2022
      }
    },
    {
      "type": "Feature",
      "id": "2022131256042:1",
      "geometry": {
        "type": "Point",
        "coordinates": [
          -2.000098,
          53.632301
        ]
      },
      "properties": {
        "age_band_of_casualty": "5",
        "age_of_casualty": 22,
        "bus_or_coach_passenger": "0",
        "car_passenger": "0",
        "casualty_adjusted_severity_serious": "1",
        "casualty_adjusted_severity_slight": "0",
        "casualty_class": "2",
        "casualty_distance_banding": "-1",
        "casualty_imd_decile": "1",
        "casualty_injury_based": "1",
        "casualty_reference": 1,
        "casualty_severity": "2",
        "casualty_type": "9",
        "collision_index": "2022131256042",
        "collision_ref_no": "131256042",
        "collision_year": 2022,
        "enhanced_casualty_severity": "5",
        "lsoa_of_casualty": "E01010745",
        "pedestrian_location": "0",
        "pedestrian_movement": "0",
        "pedestrian_road_maintenance_worker": "0",
        "sex_of_casualty": "2",
        "vehicle_reference": 1,
        "geometry_source": "inherited_from_linked_collision",
        "source_year": 2022
      }
    },
    {
      "type": "Feature",
      "id": "2022131244424:1",
      "geometry": {
        "type": "Point",
        "coordinates": [
          -1.768642,
          53.706015
        ]
      },
      "properties": {
        "age_band_of_casualty": "10",
        "age_of_casualty": 71,
        "bus_or_coach_passenger": "0",
        "car_passenger": "0",
        "casualty_adjusted_severity_serious": "0",
        "casualty_adjusted_severity_slight": "1",
        "casualty_class": "3",
        "casualty_distance_banding": "-1",
        "casualty_imd_decile": "7",
        "casualty_injury_based": "1",
        "casualty_reference": 1,
        "casualty_severity": "3",
        "casualty_type": "0",
        "collision_index": "2022131244424",
        "collision_ref_no": "131244424",
        "collision_year": 2022,
        "enhanced_casualty_severity": "3",
        "lsoa_of_casualty": "E01010879",
        "pedestrian_location": "10",
        "pedestrian_movement": "8",
        "pedestrian_road_maintenance_worker": "2",
        "sex_of_casualty": "1",
        "vehicle_reference": 1,
        "geometry_source": "inherited_from_linked_collision",
        "source_year": 2022
      }
    },
    {
      "type": "Feature",
      "id": "2022131133611:1",
      "geometry": {
        "type": "Point",
        "coordinates": [
          -1.773263,
          53.700334
        ]
      },
      "properties": {
        "age_band_of_casualty": "5",
        "age_of_casualty": 21,
        "bus_or_coach_passenger": "0",
        "car_passenger": "0",
        "casualty_adjusted_severity_serious": "0",
        "casualty_adjusted_severity_slight": "1",
        "casualty_class": "1",
        "casualty_distance_banding": "-1",
        "casualty_imd_decile": "1",
        "casualty_injury_based": "1",
        "casualty_reference": 1,
        "casualty_severity": "3",
        "casualty_type": "3",
        "collision_index": "2022131133611",
        "collision_ref_no": "131133611",
        "collision_year": 2022,
        "enhanced_casualty_severity": "3",
        "lsoa_of_casualty": "E01011107",
        "pedestrian_location": "0",
        "pedestrian_movement": "0",
        "pedestrian_road_maintenance_worker": "0",
        "sex_of_casualty": "1",
        "vehicle_reference": 1,
        "geometry_source": "inherited_from_linked_collision",
        "source_year": 2022
      }
    },
    {
      "type": "Feature",
      "id": "2022131213202:1",
      "geometry": {
        "type": "Point",
        "coordinates": [
          -1.82478,
          53.692322
        ]
      },
      "properties": {
        "age_band_of_casualty": "5",
        "age_of_casualty": 25,
        "bus_or_coach_passenger": "0",
        "car_passenger": "0",
        "casualty_adjusted_severity_serious": "1",
        "casualty_adjusted_severity_slight": "0",
        "casualty_class": "1",
        "casualty_distance_banding": "-1",
        "casualty_imd_decile": "1",
        "casualty_injury_based": "1",
        "casualty_reference": 1,
        "casualty_severity": "2",
        "casualty_type": "3",
        "collision_index": "2022131213202",
        "collision_ref_no": "131213202",
        "collision_year": 2022,
        "enhanced_casualty_severity": "7",
        "lsoa_of_casualty": "E01010943",
        "pedestrian_location": "0",
        "pedestrian_movement": "0",
        "pedestrian_road_maintenance_worker": "0",
        "sex_of_casualty": "1",
        "vehicle_reference": 1,
        "geometry_source": "inherited_from_linked_collision",
        "source_year": 2022
      }
    },
    {
      "type": "Feature",
      "id": "2022131213325:1",
      "geometry": {
        "type": "Point",
        "coordinates": [
          -2.020844,
          53.628614
        ]
      },
      "properties": {
        "age_band_of_casualty": "5",
        "age_of_casualty": 23,
        "bus_or_coach_passenger": "0",
        "car_passenger": "0",
        "casualty_adjusted_severity_serious": "1",
        "casualty_adjusted_severity_slight": "0",
        "casualty_class": "1",
        "casualty_distance_banding": "-1",
        "casualty_imd_decile": "2",
        "casualty_injury_based": "1",
        "casualty_reference": 1,
        "casualty_severity": "2",
        "casualty_type": "5",
        "collision_index": "2022131213325",
        "collision_ref_no": "131213325",
        "collision_year": 2022,
        "enhanced_casualty_severity": "7",
        "lsoa_of_casualty": "E01005563",
        "pedestrian_location": "0",
        "pedestrian_movement": "0",
        "pedestrian_road_maintenance_worker": "0",
        "sex_of_casualty": "1",
        "vehicle_reference": 1,
        "geometry_source": "inherited_from_linked_collision",
        "source_year": 2022
      }
    },
    {
      "type": "Feature",
      "id": "2022131247087:1",
      "geometry": {
        "type": "Point",
        "coordinates": [
          -1.860866,
          53.720223
        ]
      },
      "properties": {
        "age_band_of_casualty": "4",
        "age_of_casualty": 16,
        "bus_or_coach_passenger": "0",
        "car_passenger": "0",
        "casualty_adjusted_severity_serious": "1",
        "casualty_adjusted_severity_slight": "0",
        "casualty_class": "2",
        "casualty_distance_banding": "-1",
        "casualty_imd_decile": "1",
        "casualty_injury_based": "1",
        "casualty_reference": 1,
        "casualty_severity": "2",
        "casualty_type": "11",
        "collision_index": "2022131247087",
        "collision_ref_no": "131247087",
        "collision_year": 2022,
        "enhanced_casualty_severity": "7",
        "lsoa_of_casualty": "E01010924",
        "pedestrian_location": "0",
        "pedestrian_movement": "0",
        "pedestrian_road_maintenance_worker": "0",
        "sex_of_casualty": "2",
        "vehicle_reference": 1,
        "geometry_source": "inherited_from_linked_collision",
        "source_year": 2022
      }
    },
    {
      "type": "Feature",
      "id": "2022131161766:1",
      "geometry": {
        "type": "Point",
        "coordinates": [
          -1.74669,
          53.698699
        ]
      },
      "properties": {
        "age_band_of_casualty": "7",
        "age_of_casualty": 42,
        "bus_or_coach_passenger": "0",
        "car_passenger": "0",
        "casualty_adjusted_severity_serious": "0",
        "casualty_adjusted_severity_slight": "1",
        "casualty_class": "1",
        "casualty_distance_banding": "-1",
        "casualty_imd_decile": "1",
        "casualty_injury_based": "1",
        "casualty_reference": 1,
        "casualty_severity": "3",
        "casualty_type": "19",
        "collision_index": "2022131161766",
        "collision_ref_no": "131161766",
        "collision_year": 2022,
        "enhanced_casualty_severity": "3",
        "lsoa_of_casualty": "E01011664",
        "pedestrian_location": "0",
        "pedestrian_movement": "0",
        "pedestrian_road_maintenance_worker": "0",
        "sex_of_casualty": "1",
        "vehicle_reference": 2,
        "geometry_source": "inherited_from_linked_collision",
        "source_year": 2022
      }
    },
    {
      "type": "Feature",
      "id": "2022131137403:2",
      "geometry": {
        "type": "Point",
        "coordinates": [
          -1.857762,
          53.719438
        ]
      },
      "properties": {
        "age_band_of_casualty": "8",
        "age_of_casualty": 51,
        "bus_or_coach_passenger": "0",
        "car_passenger": "0",
        "casualty_adjusted_severity_serious": "0",
        "casualty_adjusted_severity_slight": "1",
        "casualty_class": "1",
        "casualty_distance_banding": "-1",
        "casualty_imd_decile": "2",
        "casualty_injury_based": "1",
        "casualty_reference": 2,
        "casualty_severity": "3",
        "casualty_type": "9",
        "collision_index": "2022131137403",
        "collision_ref_no": "131137403",
        "collision_year": 2022,
        "enhanced_casualty_severity": "3",
        "lsoa_of_casualty": "E01010981",
        "pedestrian_location": "0",
        "pedestrian_movement": "0",
        "pedestrian_road_maintenance_worker": "0",
        "sex_of_casualty": "1",
        "vehicle_reference": 2,
        "geometry_source": "inherited_from_linked_collision",
        "source_year": 2022
      }
    },
    {
      "type": "Feature",
      "id": "2022131230743:1",
      "geometry": {
        "type": "Point",
        "coordinates": [
          -1.865549,
          53.734349
        ]
      },
      "properties": {
        "age_band_of_casualty": "4",
        "age_of_casualty": 20,
        "bus_or_coach_passenger": "0",
        "car_passenger": "0",
        "casualty_adjusted_severity_serious": "0",
        "casualty_adjusted_severity_slight": "1",
        "casualty_class": "1",
        "casualty_distance_banding": "-1",
        "casualty_imd_decile": "1",
        "casualty_injury_based": "1",
        "casualty_reference": 1,
        "casualty_severity": "3",
        "casualty_type": "9",
        "collision_index": "2022131230743",
        "collision_ref_no": "131230743",
        "collision_year": 2022,
        "enhanced_casualty_severity": "3",
        "lsoa_of_casualty": "E01010996",
        "pedestrian_location": "0",
        "pedestrian_movement": "0",
        "pedestrian_road_maintenance_worker": "0",
        "sex_of_casualty": "1",
        "vehicle_reference": 1,
        "geometry_source": "inherited_from_linked_collision",
        "source_year": 2022
      }
    },
    {
      "type": "Feature",
      "id": "2022131154955:1",
      "geometry": {
        "type": "Point",
        "coordinates": [
          -1.986775,
          53.732338
        ]
      },
      "properties": {
        "age_band_of_casualty": "9",
        "age_of_casualty": 61,
        "bus_or_coach_passenger": "0",
        "car_passenger": "0",
        "casualty_adjusted_severity_serious": "0",
        "casualty_adjusted_severity_slight": "1",
        "casualty_class": "1",
        "casualty_distance_banding": "-1",
        "casualty_imd_decile": "4",
        "casualty_injury_based": "1",
        "casualty_reference": 1,
        "casualty_severity": "3",
        "casualty_type": "20",
        "collision_index": "2022131154955",
        "collision_ref_no": "131154955",
        "collision_year": 2022,
        "enhanced_casualty_severity": "3",
        "lsoa_of_casualty": "E01010902",
        "pedestrian_location": "0",
        "pedestrian_movement": "0",
        "pedestrian_road_maintenance_worker": "0",
        "sex_of_casualty": "1",
        "vehicle_reference": 3,
        "geometry_source": "inherited_from_linked_collision",
        "source_year": 2022
      }
    },
    {
      "type": "Feature",
      "id": "2022131250606:1",
      "geometry": {
        "type": "Point",
        "coordinates": [
          -1.902464,
          53.719941
        ]
      },
      "properties": {
        "age_band_of_casualty": "4",
        "age_of_casualty": 20,
        "bus_or_coach_passenger": "0",
        "car_passenger": "0",
        "casualty_adjusted_severity_serious": "0",
        "casualty_adjusted_severity_slight": "1",
        "casualty_class": "1",
        "casualty_distance_banding": "-1",
        "casualty_imd_decile": "7",
        "casualty_injury_based": "1",
        "casualty_reference": 1,
        "casualty_severity": "3",
        "casualty_type": "2",
        "collision_index": "2022131250606",
        "collision_ref_no": "131250606",
        "collision_year": 2022,
        "enhanced_casualty_severity": "3",
        "lsoa_of_casualty": "E01010917",
        "pedestrian_location": "0",
        "pedestrian_movement": "0",
        "pedestrian_road_maintenance_worker": "0",
        "sex_of_casualty": "2",
        "vehicle_reference": 1,
        "geometry_source": "inherited_from_linked_collision",
        "source_year": 2022
      }
    },
    {
      "type": "Feature",
      "id": "2022131134662:4",
      "geometry": {
        "type": "Point",
        "coordinates": [
          -1.891636,
          53.723203
        ]
      },
      "properties": {
        "age_band_of_casualty": "2",
        "age_of_casualty": 7,
        "bus_or_coach_passenger": "0",
        "car_passenger": "0",
        "casualty_adjusted_severity_serious": "0",
        "casualty_adjusted_severity_slight": "1",
        "casualty_class": "3",
        "casualty_distance_banding": "-1",
        "casualty_imd_decile": "1",
        "casualty_injury_based": "1",
        "casualty_reference": 4,
        "casualty_severity": "3",
        "casualty_type": "0",
        "collision_index": "2022131134662",
        "collision_ref_no": "131134662",
        "collision_year": 2022,
        "enhanced_casualty_severity": "3",
        "lsoa_of_casualty": "E01011001",
        "pedestrian_location": "4",
        "pedestrian_movement": "3",
        "pedestrian_road_maintenance_worker": "2",
        "sex_of_casualty": "2",
        "vehicle_reference": 1,
        "geometry_source": "inherited_from_linked_collision",
        "source_year": 2022
      }
    },
    {
      "type": "Feature",
      "id": "2022131161911:1",
      "geometry": {
        "type": "Point",
        "coordinates": [
          -1.787655,
          53.720961
        ]
      },
      "properties": {
        "age_band_of_casualty": "3",
        "age_of_casualty": 14,
        "bus_or_coach_passenger": "0",
        "car_passenger": "0",
        "casualty_adjusted_severity_serious": "0",
        "casualty_adjusted_severity_slight": "1",
        "casualty_class": "3",
        "casualty_distance_banding": "-1",
        "casualty_imd_decile": "2",
        "casualty_injury_based": "1",
        "casualty_reference": 1,
        "casualty_severity": "3",
        "casualty_type": "0",
        "collision_index": "2022131161911",
        "collision_ref_no": "131161911",
        "collision_year": 2022,
        "enhanced_casualty_severity": "3",
        "lsoa_of_casualty": "E01010869",
        "pedestrian_location": "6",
        "pedestrian_movement": "7",
        "pedestrian_road_maintenance_worker": "2",
        "sex_of_casualty": "1",
        "vehicle_reference": 1,
        "geometry_source": "inherited_from_linked_collision",
        "source_year": 2022
      }
    },
    {
      "type": "Feature",
      "id": "2022131196087:1",
      "geometry": {
        "type": "Point",
        "coordinates": [
          -2.10564,
          53.724122
        ]
      },
      "properties": {
        "age_band_of_casualty": "6",
        "age_of_casualty": 28,
        "bus_or_coach_passenger": "0",
        "car_passenger": "0",
        "casualty_adjusted_severity_serious": "0",
        "casualty_adjusted_severity_slight": "1",
        "casualty_class": "3",
        "casualty_distance_banding": "-1",
        "casualty_imd_decile": "3",
        "casualty_injury_based": "1",
        "casualty_reference": 1,
        "casualty_severity": "3",
        "casualty_type": "0",
        "collision_index": "2022131196087",
        "collision_ref_no": "131196087",
        "collision_year": 2022,
        "enhanced_casualty_severity": "3",
        "lsoa_of_casualty": "E01010988",
        "pedestrian_location": "9",
        "pedestrian_movement": "9",
        "pedestrian_road_maintenance_worker": "2",
        "sex_of_casualty": "1",
        "vehicle_reference": 1,
        "geometry_source": "inherited_from_linked_collision",
        "source_year": 2022
      }
    },
    {
      "type": "Feature",
      "id": "2022131239873:1",
      "geometry": {
        "type": "Point",
        "coordinates": [
          -1.893639,
          53.758393
        ]
      },
      "properties": {
        "age_band_of_casualty": "6",
        "age_of_casualty": 35,
        "bus_or_coach_passenger": "0",
        "car_passenger": "0",
        "casualty_adjusted_severity_serious": "1",
        "casualty_adjusted_severity_slight": "0",
        "casualty_class": "1",
        "casualty_distance_banding": "-1",
        "casualty_imd_decile": "2",
        "casualty_injury_based": "1",
        "casualty_reference": 1,
        "casualty_severity": "2",
        "casualty_type": "4",
        "collision_index": "2022131239873",
        "collision_ref_no": "131239873",
        "collision_year": 2022,
        "enhanced_casualty_severity": "7",
        "lsoa_of_casualty": "E01010930",
        "pedestrian_location": "0",
        "pedestrian_movement": "0",
        "pedestrian_road_maintenance_worker": "0",
        "sex_of_casualty": "1",
        "vehicle_reference": 2,
        "geometry_source": "inherited_from_linked_collision",
        "source_year": 2022
      }
    },
    {
      "type": "Feature",
      "id": "2022131194551:1",
      "geometry": {
        "type": "Point",
        "coordinates": [
          -1.898955,
          53.723407
        ]
      },
      "properties": {
        "age_band_of_casualty": "4",
        "age_of_casualty": 20,
        "bus_or_coach_passenger": "0",
        "car_passenger": "0",
        "casualty_adjusted_severity_serious": "0",
        "casualty_adjusted_severity_slight": "1",
        "casualty_class": "1",
        "casualty_distance_banding": "-1",
        "casualty_imd_decile": "2",
        "casualty_injury_based": "1",
        "casualty_reference": 1,
        "casualty_severity": "3",
        "casualty_type": "9",
        "collision_index": "2022131194551",
        "collision_ref_no": "131194551",
        "collision_year": 2022,
        "enhanced_casualty_severity": "3",
        "lsoa_of_casualty": "E01011002",
        "pedestrian_location": "0",
        "pedestrian_movement": "0",
        "pedestrian_road_maintenance_worker": "0",
        "sex_of_casualty": "1",
        "vehicle_reference": 3,
        "geometry_source": "inherited_from_linked_collision",
        "source_year": 2022
      }
    },
    {
      "type": "Feature",
      "id": "2022131221622:1",
      "geometry": {
        "type": "Point",
        "coordinates": [
          -1.744893,
          53.700403
        ]
      },
      "properties": {
        "age_band_of_casualty": "6",
        "age_of_casualty": 29,
        "bus_or_coach_passenger": "0",
        "car_passenger": "1",
        "casualty_adjusted_severity_serious": "0",
        "casualty_adjusted_severity_slight": "1",
        "casualty_class": "2",
        "casualty_distance_banding": "-1",
        "casualty_imd_decile": "4",
        "casualty_injury_based": "1",
        "casualty_reference": 1,
        "casualty_severity": "3",
        "casualty_type": "9",
        "collision_index": "2022131221622",
        "collision_ref_no": "131221622",
        "collision_year": 2022,
        "enhanced_casualty_severity": "3",
        "lsoa_of_casualty": "E01013353",
        "pedestrian_location": "0",
        "pedestrian_movement": "0",
        "pedestrian_road_maintenance_worker": "0",
        "sex_of_casualty": "2",
        "vehicle_reference": 2,
        "geometry_source": "inherited_from_linked_collision",
        "source_year": 2022
      }
    },
    {
      "type": "Feature",
      "id": "2022131145350:1",
      "geometry": {
        "type": "Point",
        "coordinates": [
          -1.827968,
          53.671618
        ]
      },
      "properties": {
        "age_band_of_casualty": "5",
        "age_of_casualty": 24,
        "bus_or_coach_passenger": "0",
        "car_passenger": "1",
        "casualty_adjusted_severity_serious": "0",
        "casualty_adjusted_severity_slight": "1",
        "casualty_class": "2",
        "casualty_distance_banding": "-1",
        "casualty_imd_decile": "-1",
        "casualty_injury_based": "1",
        "casualty_reference": 1,
        "casualty_severity": "3",
        "casualty_type": "9",
        "collision_index": "2022131145350",
        "collision_ref_no": "131145350",
        "collision_year": 2022,
        "enhanced_casualty_severity": "3",
        "lsoa_of_casualty": "-1",
        "pedestrian_location": "0",
        "pedestrian_movement": "0",
        "pedestrian_road_maintenance_worker": "0",
        "sex_of_casualty": "2",
        "vehicle_reference": 2,
        "geometry_source": "inherited_from_linked_collision",
        "source_year": 2022
      }
    },
    {
      "type": "Feature",
      "id": "2022131233017:2",
      "geometry": {
        "type": "Point",
        "coordinates": [
          -1.920135,
          53.679085
        ]
      },
      "properties": {
        "age_band_of_casualty": "7",
        "age_of_casualty": 39,
        "bus_or_coach_passenger": "0",
        "car_passenger": "2",
        "casualty_adjusted_severity_serious": "0",
        "casualty_adjusted_severity_slight": "1",
        "casualty_class": "2",
        "casualty_distance_banding": "-1",
        "casualty_imd_decile": "1",
        "casualty_injury_based": "1",
        "casualty_reference": 2,
        "casualty_severity": "3",
        "casualty_type": "9",
        "collision_index": "2022131233017",
        "collision_ref_no": "131233017",
        "collision_year": 2022,
        "enhanced_casualty_severity": "3",
        "lsoa_of_casualty": "E01010996",
        "pedestrian_location": "0",
        "pedestrian_movement": "0",
        "pedestrian_road_maintenance_worker": "0",
        "sex_of_casualty": "1",
        "vehicle_reference": 2,
        "geometry_source": "inherited_from_linked_collision",
        "source_year": 2022
      }
    },
    {
      "type": "Feature",
      "id": "2022131236374:1",
      "geometry": {
        "type": "Point",
        "coordinates": [
          -2.012105,
          53.630575
        ]
      },
      "properties": {
        "age_band_of_casualty": "8",
        "age_of_casualty": 53,
        "bus_or_coach_passenger": "0",
        "car_passenger": "0",
        "casualty_adjusted_severity_serious": "1",
        "casualty_adjusted_severity_slight": "0",
        "casualty_class": "1",
        "casualty_distance_banding": "-1",
        "casualty_imd_decile": "6",
        "casualty_injury_based": "1",
        "casualty_reference": 1,
        "casualty_severity": "2",
        "casualty_type": "9",
        "collision_index": "2022131236374",
        "collision_ref_no": "131236374",
        "collision_year": 2022,
        "enhanced_casualty_severity": "6",
        "lsoa_of_casualty": "E01010956",
        "pedestrian_location": "0",
        "pedestrian_movement": "0",
        "pedestrian_road_maintenance_worker": "0",
        "sex_of_casualty": "2",
        "vehicle_reference": 1,
        "geometry_source": "inherited_from_linked_collision",
        "source_year": 2022
      }
    },
    {
      "type": "Feature",
      "id": "2022131230686:1",
      "geometry": {
        "type": "Point",
        "coordinates": [
          -2.091005,
          53.719424
        ]
      },
      "properties": {
        "age_band_of_casualty": "10",
        "age_of_casualty": 71,
        "bus_or_coach_passenger": "0",
        "car_passenger": "0",
        "casualty_adjusted_severity_serious": "0",
        "casualty_adjusted_severity_slight": "1",
        "casualty_class": "3",
        "casualty_distance_banding": "-1",
        "casualty_imd_decile": "5",
        "casualty_injury_based": "1",
        "casualty_reference": 1,
        "casualty_severity": "3",
        "casualty_type": "0",
        "collision_index": "2022131230686",
        "collision_ref_no": "131230686",
        "collision_year": 2022,
        "enhanced_casualty_severity": "3",
        "lsoa_of_casualty": "E01010982",
        "pedestrian_location": "10",
        "pedestrian_movement": "7",
        "pedestrian_road_maintenance_worker": "2",
        "sex_of_casualty": "1",
        "vehicle_reference": 1,
        "geometry_source": "inherited_from_linked_collision",
        "source_year": 2022
      }
    },
    {
      "type": "Feature",
      "id": "2022131231814:1",
      "geometry": {
        "type": "Point",
        "coordinates": [
          -1.877631,
          53.739539
        ]
      },
      "properties": {
        "age_band_of_casualty": "7",
        "age_of_casualty": 38,
        "bus_or_coach_passenger": "0",
        "car_passenger": "0",
        "casualty_adjusted_severity_serious": "0",
        "casualty_adjusted_severity_slight": "1",
        "casualty_class": "3",
        "casualty_distance_banding": "-1",
        "casualty_imd_decile": "1",
        "casualty_injury_based": "1",
        "casualty_reference": 1,
        "casualty_severity": "3",
        "casualty_type": "0",
        "collision_index": "2022131231814",
        "collision_ref_no": "131231814",
        "collision_year": 2022,
        "enhanced_casualty_severity": "3",
        "lsoa_of_casualty": "E01010944",
        "pedestrian_location": "10",
        "pedestrian_movement": "9",
        "pedestrian_road_maintenance_worker": "2",
        "sex_of_casualty": "1",
        "vehicle_reference": 1,
        "geometry_source": "inherited_from_linked_collision",
        "source_year": 2022
      }
    },
    {
      "type": "Feature",
      "id": "2022131161473:1",
      "geometry": {
        "type": "Point",
        "coordinates": [
          -1.865321,
          53.7203
        ]
      },
      "properties": {
        "age_band_of_casualty": "6",
        "age_of_casualty": 30,
        "bus_or_coach_passenger": "0",
        "car_passenger": "0",
        "casualty_adjusted_severity_serious": "0",
        "casualty_adjusted_severity_slight": "1",
        "casualty_class": "3",
        "casualty_distance_banding": "-1",
        "casualty_imd_decile": "3",
        "casualty_injury_based": "1",
        "casualty_reference": 1,
        "casualty_severity": "3",
        "casualty_type": "0",
        "collision_index": "2022131161473",
        "collision_ref_no": "131161473",
        "collision_year": 2022,
        "enhanced_casualty_severity": "3",
        "lsoa_of_casualty": "E01010980",
        "pedestrian_location": "5",
        "pedestrian_movement": "1",
        "pedestrian_road_maintenance_worker": "2",
        "sex_of_casualty": "2",
        "vehicle_reference": 1,
        "geometry_source": "inherited_from_linked_collision",
        "source_year": 2022
      }
    },
    {
      "type": "Feature",
      "id": "2022131254160:1",
      "geometry": {
        "type": "Point",
        "coordinates": [
          -2.087512,
          53.716038
        ]
      },
      "properties": {
        "age_band_of_casualty": "11",
        "age_of_casualty": 76,
        "bus_or_coach_passenger": "0",
        "car_passenger": "0",
        "casualty_adjusted_severity_serious": "0",
        "casualty_adjusted_severity_slight": "1",
        "casualty_class": "3",
        "casualty_distance_banding": "-1",
        "casualty_imd_decile": "4",
        "casualty_injury_based": "1",
        "casualty_reference": 1,
        "casualty_severity": "3",
        "casualty_type": "0",
        "collision_index": "2022131254160",
        "collision_ref_no": "131254160",
        "collision_year": 2022,
        "enhanced_casualty_severity": "3",
        "lsoa_of_casualty": "E01010884",
        "pedestrian_location": "5",
        "pedestrian_movement": "3",
        "pedestrian_road_maintenance_worker": "2",
        "sex_of_casualty": "1",
        "vehicle_reference": 1,
        "geometry_source": "inherited_from_linked_collision",
        "source_year": 2022
      }
    },
    {
      "type": "Feature",
      "id": "2022131161945:1",
      "geometry": {
        "type": "Point",
        "coordinates": [
          -1.879435,
          53.718239
        ]
      },
      "properties": {
        "age_band_of_casualty": "6",
        "age_of_casualty": 35,
        "bus_or_coach_passenger": "0",
        "car_passenger": "0",
        "casualty_adjusted_severity_serious": "0",
        "casualty_adjusted_severity_slight": "1",
        "casualty_class": "1",
        "casualty_distance_banding": "-1",
        "casualty_imd_decile": "2",
        "casualty_injury_based": "1",
        "casualty_reference": 1,
        "casualty_severity": "3",
        "casualty_type": "9",
        "collision_index": "2022131161945",
        "collision_ref_no": "131161945",
        "collision_year": 2022,
        "enhanced_casualty_severity": "3",
        "lsoa_of_casualty": "E01010929",
        "pedestrian_location": "0",
        "pedestrian_movement": "0",
        "pedestrian_road_maintenance_worker": "0",
        "sex_of_casualty": "1",
        "vehicle_reference": 2,
        "geometry_source": "inherited_from_linked_collision",
        "source_year": 2022
      }
    },
    {
      "type": "Feature",
      "id": "2022131219486:1",
      "geometry": {
        "type": "Point",
        "coordinates": [
          -1.863251,
          53.727794
        ]
      },
      "properties": {
        "age_band_of_casualty": "8",
        "age_of_casualty": 47,
        "bus_or_coach_passenger": "0",
        "car_passenger": "1",
        "casualty_adjusted_severity_serious": "0",
        "casualty_adjusted_severity_slight": "1",
        "casualty_class": "2",
        "casualty_distance_banding": "-1",
        "casualty_imd_decile": "6",
        "casualty_injury_based": "1",
        "casualty_reference": 1,
        "casualty_severity": "3",
        "casualty_type": "9",
        "collision_index": "2022131219486",
        "collision_ref_no": "131219486",
        "collision_year": 2022,
        "enhanced_casualty_severity": "3",
        "lsoa_of_casualty": "E01025433",
        "pedestrian_location": "0",
        "pedestrian_movement": "0",
        "pedestrian_road_maintenance_worker": "0",
        "sex_of_casualty": "2",
        "vehicle_reference": 1,
        "geometry_source": "inherited_from_linked_collision",
        "source_year": 2022
      }
    },
    {
      "type": "Feature",
      "id": "2022131243717:1",
      "geometry": {
        "type": "Point",
        "coordinates": [
          -1.898496,
          53.731766
        ]
      },
      "properties": {
        "age_band_of_casualty": "2",
        "age_of_casualty": 7,
        "bus_or_coach_passenger": "0",
        "car_passenger": "2",
        "casualty_adjusted_severity_serious": "0",
        "casualty_adjusted_severity_slight": "1",
        "casualty_class": "2",
        "casualty_distance_banding": "-1",
        "casualty_imd_decile": "1",
        "casualty_injury_based": "1",
        "casualty_reference": 1,
        "casualty_severity": "3",
        "casualty_type": "9",
        "collision_index": "2022131243717",
        "collision_ref_no": "131243717",
        "collision_year": 2022,
        "enhanced_casualty_severity": "3",
        "lsoa_of_casualty": "E01010928",
        "pedestrian_location": "0",
        "pedestrian_movement": "0",
        "pedestrian_road_maintenance_worker": "0",
        "sex_of_casualty": "1",
        "vehicle_reference": 1,
        "geometry_source": "inherited_from_linked_collision",
        "source_year": 2022
      }
    },
    {
      "type": "Feature",
      "id": "2022131255030:2",
      "geometry": {
        "type": "Point",
        "coordinates": [
          -1.988393,
          53.634997
        ]
      },
      "properties": {
        "age_band_of_casualty": "6",
        "age_of_casualty": 26,
        "bus_or_coach_passenger": "0",
        "car_passenger": "0",
        "casualty_adjusted_severity_serious": "0",
        "casualty_adjusted_severity_slight": "1",
        "casualty_class": "1",
        "casualty_distance_banding": "-1",
        "casualty_imd_decile": "9",
        "casualty_injury_based": "1",
        "casualty_reference": 2,
        "casualty_severity": "3",
        "casualty_type": "9",
        "collision_index": "2022131255030",
        "collision_ref_no": "131255030",
        "collision_year": 2022,
        "enhanced_casualty_severity": "3",
        "lsoa_of_casualty": "E01011353",
        "pedestrian_location": "0",
        "pedestrian_movement": "0",
        "pedestrian_road_maintenance_worker": "0",
        "sex_of_casualty": "1",
        "vehicle_reference": 2,
        "geometry_source": "inherited_from_linked_collision",
        "source_year": 2022
      }
    },
    {
      "type": "Feature",
      "id": "2022131132574:1",
      "geometry": {
        "type": "Point",
        "coordinates": [
          -2.098181,
          53.716749
        ]
      },
      "properties": {
        "age_band_of_casualty": "8",
        "age_of_casualty": 52,
        "bus_or_coach_passenger": "0",
        "car_passenger": "0",
        "casualty_adjusted_severity_serious": "0",
        "casualty_adjusted_severity_slight": "1",
        "casualty_class": "3",
        "casualty_distance_banding": "-1",
        "casualty_imd_decile": "6",
        "casualty_injury_based": "1",
        "casualty_reference": 1,
        "casualty_severity": "3",
        "casualty_type": "0",
        "collision_index": "2022131132574",
        "collision_ref_no": "131132574",
        "collision_year": 2022,
        "enhanced_casualty_severity": "3",
        "lsoa_of_casualty": "E01010881",
        "pedestrian_location": "10",
        "pedestrian_movement": "9",
        "pedestrian_road_maintenance_worker": "2",
        "sex_of_casualty": "2",
        "vehicle_reference": 1,
        "geometry_source": "inherited_from_linked_collision",
        "source_year": 2022
      }
    },
    {
      "type": "Feature",
      "id": "2022131137770:1",
      "geometry": {
        "type": "Point",
        "coordinates": [
          -1.881332,
          53.722753
        ]
      },
      "properties": {
        "age_band_of_casualty": "6",
        "age_of_casualty": 28,
        "bus_or_coach_passenger": "0",
        "car_passenger": "0",
        "casualty_adjusted_severity_serious": "1",
        "casualty_adjusted_severity_slight": "0",
        "casualty_class": "3",
        "casualty_distance_banding": "-1",
        "casualty_imd_decile": "2",
        "casualty_injury_based": "1",
        "casualty_reference": 1,
        "casualty_severity": "2",
        "casualty_type": "0",
        "collision_index": "2022131137770",
        "collision_ref_no": "131137770",
        "collision_year": 2022,
        "enhanced_casualty_severity": "7",
        "lsoa_of_casualty": "E01010929",
        "pedestrian_location": "8",
        "pedestrian_movement": "7",
        "pedestrian_road_maintenance_worker": "2",
        "sex_of_casualty": "1",
        "vehicle_reference": 1,
        "geometry_source": "inherited_from_linked_collision",
        "source_year": 2022
      }
    },
    {
      "type": "Feature",
      "id": "2022131171712:1",
      "geometry": {
        "type": "Point",
        "coordinates": [
          -1.882159,
          53.741512
        ]
      },
      "properties": {
        "age_band_of_casualty": "4",
        "age_of_casualty": 16,
        "bus_or_coach_passenger": "0",
        "car_passenger": "0",
        "casualty_adjusted_severity_serious": "1",
        "casualty_adjusted_severity_slight": "0",
        "casualty_class": "3",
        "casualty_distance_banding": "-1",
        "casualty_imd_decile": "3",
        "casualty_injury_based": "1",
        "casualty_reference": 1,
        "casualty_severity": "2",
        "casualty_type": "0",
        "collision_index": "2022131171712",
        "collision_ref_no": "131171712",
        "collision_year": 2022,
        "enhanced_casualty_severity": "6",
        "lsoa_of_casualty": "E01010847",
        "pedestrian_location": "5",
        "pedestrian_movement": "1",
        "pedestrian_road_maintenance_worker": "2",
        "sex_of_casualty": "1",
        "vehicle_reference": 1,
        "geometry_source": "inherited_from_linked_collision",
        "source_year": 2022
      }
    },
    {
      "type": "Feature",
      "id": "2022131149459:3",
      "geometry": {
        "type": "Point",
        "coordinates": [
          -1.778685,
          53.706195
        ]
      },
      "properties": {
        "age_band_of_casualty": "9",
        "age_of_casualty": 58,
        "bus_or_coach_passenger": "0",
        "car_passenger": "0",
        "casualty_adjusted_severity_serious": "0",
        "casualty_adjusted_severity_slight": "1",
        "casualty_class": "1",
        "casualty_distance_banding": "-1",
        "casualty_imd_decile": "10",
        "casualty_injury_based": "1",
        "casualty_reference": 3,
        "casualty_severity": "3",
        "casualty_type": "19",
        "collision_index": "2022131149459",
        "collision_ref_no": "131149459",
        "collision_year": 2022,
        "enhanced_casualty_severity": "3",
        "lsoa_of_casualty": "E01010947",
        "pedestrian_location": "0",
        "pedestrian_movement": "0",
        "pedestrian_road_maintenance_worker": "0",
        "sex_of_casualty": "1",
        "vehicle_reference": 2,
        "geometry_source": "inherited_from_linked_collision",
        "source_year": 2022
      }
    },
    {
      "type": "Feature",
      "id": "2022131211160:1",
      "geometry": {
        "type": "Point",
        "coordinates": [
          -1.857087,
          53.717406
        ]
      },
      "properties": {
        "age_band_of_casualty": "6",
        "age_of_casualty": 29,
        "bus_or_coach_passenger": "0",
        "car_passenger": "0",
        "casualty_adjusted_severity_serious": "0",
        "casualty_adjusted_severity_slight": "1",
        "casualty_class": "1",
        "casualty_distance_banding": "-1",
        "casualty_imd_decile": "1",
        "casualty_injury_based": "1",
        "casualty_reference": 1,
        "casualty_severity": "3",
        "casualty_type": "9",
        "collision_index": "2022131211160",
        "collision_ref_no": "131211160",
        "collision_year": 2022,
        "enhanced_casualty_severity": "3",
        "lsoa_of_casualty": "E01010730",
        "pedestrian_location": "0",
        "pedestrian_movement": "0",
        "pedestrian_road_maintenance_worker": "0",
        "sex_of_casualty": "1",
        "vehicle_reference": 2,
        "geometry_source": "inherited_from_linked_collision",
        "source_year": 2022
      }
    },
    {
      "type": "Feature",
      "id": "2022131228706:1",
      "geometry": {
        "type": "Point",
        "coordinates": [
          -1.869035,
          53.700504
        ]
      },
      "properties": {
        "age_band_of_casualty": "6",
        "age_of_casualty": 35,
        "bus_or_coach_passenger": "0",
        "car_passenger": "0",
        "casualty_adjusted_severity_serious": "0",
        "casualty_adjusted_severity_slight": "1",
        "casualty_class": "3",
        "casualty_distance_banding": "-1",
        "casualty_imd_decile": "7",
        "casualty_injury_based": "1",
        "casualty_reference": 1,
        "casualty_severity": "3",
        "casualty_type": "0",
        "collision_index": "2022131228706",
        "collision_ref_no": "131228706",
        "collision_year": 2022,
        "enhanced_casualty_severity": "3",
        "lsoa_of_casualty": "E01010973",
        "pedestrian_location": "9",
        "pedestrian_movement": "7",
        "pedestrian_road_maintenance_worker": "2",
        "sex_of_casualty": "2",
        "vehicle_reference": 1,
        "geometry_source": "inherited_from_linked_collision",
        "source_year": 2022
      }
    },
    {
      "type": "Feature",
      "id": "2022131206626:1",
      "geometry": {
        "type": "Point",
        "coordinates": [
          -1.853748,
          53.701421
        ]
      },
      "properties": {
        "age_band_of_casualty": "6",
        "age_of_casualty": 35,
        "bus_or_coach_passenger": "0",
        "car_passenger": "0",
        "casualty_adjusted_severity_serious": "0",
        "casualty_adjusted_severity_slight": "1",
        "casualty_class": "1",
        "casualty_distance_banding": "-1",
        "casualty_imd_decile": "3",
        "casualty_injury_based": "1",
        "casualty_reference": 1,
        "casualty_severity": "3",
        "casualty_type": "1",
        "collision_index": "2022131206626",
        "collision_ref_no": "131206626",
        "collision_year": 2022,
        "enhanced_casualty_severity": "3",
        "lsoa_of_casualty": "E01032923",
        "pedestrian_location": "0",
        "pedestrian_movement": "0",
        "pedestrian_road_maintenance_worker": "0",
        "sex_of_casualty": "1",
        "vehicle_reference": 2,
        "geometry_source": "inherited_from_linked_collision",
        "source_year": 2022
      }
    },
    {
      "type": "Feature",
      "id": "2022131268091:1",
      "geometry": {
        "type": "Point",
        "coordinates": [
          -1.809978,
          53.707166
        ]
      },
      "properties": {
        "age_band_of_casualty": "8",
        "age_of_casualty": 47,
        "bus_or_coach_passenger": "0",
        "car_passenger": "0",
        "casualty_adjusted_severity_serious": "0",
        "casualty_adjusted_severity_slight": "1",
        "casualty_class": "1",
        "casualty_distance_banding": "-1",
        "casualty_imd_decile": "6",
        "casualty_injury_based": "1",
        "casualty_reference": 1,
        "casualty_severity": "3",
        "casualty_type": "9",
        "collision_index": "2022131268091",
        "collision_ref_no": "131268091",
        "collision_year": 2022,
        "enhanced_casualty_severity": "3",
        "lsoa_of_casualty": "E01010991",
        "pedestrian_location": "0",
        "pedestrian_movement": "0",
        "pedestrian_road_maintenance_worker": "0",
        "sex_of_casualty": "2",
        "vehicle_reference": 2,
        "geometry_source": "inherited_from_linked_collision",
        "source_year": 2022
      }
    },
    {
      "type": "Feature",
      "id": "2022131173684:1",
      "geometry": {
        "type": "Point",
        "coordinates": [
          -1.831738,
          53.747501
        ]
      },
      "properties": {
        "age_band_of_casualty": "4",
        "age_of_casualty": 20,
        "bus_or_coach_passenger": "0",
        "car_passenger": "0",
        "casualty_adjusted_severity_serious": "1",
        "casualty_adjusted_severity_slight": "0",
        "casualty_class": "1",
        "casualty_distance_banding": "-1",
        "casualty_imd_decile": "2",
        "casualty_injury_based": "1",
        "casualty_reference": 1,
        "casualty_severity": "2",
        "casualty_type": "3",
        "collision_index": "2022131173684",
        "collision_ref_no": "131173684",
        "collision_year": 2022,
        "enhanced_casualty_severity": "7",
        "lsoa_of_casualty": "E01010749",
        "pedestrian_location": "0",
        "pedestrian_movement": "0",
        "pedestrian_road_maintenance_worker": "0",
        "sex_of_casualty": "1",
        "vehicle_reference": 1,
        "geometry_source": "inherited_from_linked_collision",
        "source_year": 2022
      }
    },
    {
      "type": "Feature",
      "id": "2022131188400:2",
      "geometry": {
        "type": "Point",
        "coordinates": [
          -2.070546,
          53.718341
        ]
      },
      "properties": {
        "age_band_of_casualty": "8",
        "age_of_casualty": 46,
        "bus_or_coach_passenger": "0",
        "car_passenger": "0",
        "casualty_adjusted_severity_serious": "0",
        "casualty_adjusted_severity_slight": "1",
        "casualty_class": "1",
        "casualty_distance_banding": "-1",
        "casualty_imd_decile": "3",
        "casualty_injury_based": "1",
        "casualty_reference": 2,
        "casualty_severity": "3",
        "casualty_type": "9",
        "collision_index": "2022131188400",
        "collision_ref_no": "131188400",
        "collision_year": 2022,
        "enhanced_casualty_severity": "3",
        "lsoa_of_casualty": "E01010983",
        "pedestrian_location": "0",
        "pedestrian_movement": "0",
        "pedestrian_road_maintenance_worker": "0",
        "sex_of_casualty": "1",
        "vehicle_reference": 1,
        "geometry_source": "inherited_from_linked_collision",
        "source_year": 2022
      }
    },
    {
      "type": "Feature",
      "id": "2022131252216:1",
      "geometry": {
        "type": "Point",
        "coordinates": [
          -1.794748,
          53.692733
        ]
      },
      "properties": {
        "age_band_of_casualty": "7",
        "age_of_casualty": 44,
        "bus_or_coach_passenger": "0",
        "car_passenger": "0",
        "casualty_adjusted_severity_serious": "1",
        "casualty_adjusted_severity_slight": "0",
        "casualty_class": "1",
        "casualty_distance_banding": "-1",
        "casualty_imd_decile": "5",
        "casualty_injury_based": "1",
        "casualty_reference": 1,
        "casualty_severity": "2",
        "casualty_type": "9",
        "collision_index": "2022131252216",
        "collision_ref_no": "131252216",
        "collision_year": 2022,
        "enhanced_casualty_severity": "7",
        "lsoa_of_casualty": "E01010951",
        "pedestrian_location": "0",
        "pedestrian_movement": "0",
        "pedestrian_road_maintenance_worker": "0",
        "sex_of_casualty": "2",
        "vehicle_reference": 1,
        "geometry_source": "inherited_from_linked_collision",
        "source_year": 2022
      }
    },
    {
      "type": "Feature",
      "id": "2022131255731:2",
      "geometry": {
        "type": "Point",
        "coordinates": [
          -1.830458,
          53.726503
        ]
      },
      "properties": {
        "age_band_of_casualty": "6",
        "age_of_casualty": 32,
        "bus_or_coach_passenger": "0",
        "car_passenger": "0",
        "casualty_adjusted_severity_serious": "0",
        "casualty_adjusted_severity_slight": "1",
        "casualty_class": "1",
        "casualty_distance_banding": "-1",
        "casualty_imd_decile": "5",
        "casualty_injury_based": "1",
        "casualty_reference": 2,
        "casualty_severity": "3",
        "casualty_type": "9",
        "collision_index": "2022131255731",
        "collision_ref_no": "131255731",
        "collision_year": 2022,
        "enhanced_casualty_severity": "3",
        "lsoa_of_casualty": "E01011793",
        "pedestrian_location": "0",
        "pedestrian_movement": "0",
        "pedestrian_road_maintenance_worker": "0",
        "sex_of_casualty": "2",
        "vehicle_reference": 2,
        "geometry_source": "inherited_from_linked_collision",
        "source_year": 2022
      }
    },
    {
      "type": "Feature",
      "id": "2022131193702:1",
      "geometry": {
        "type": "Point",
        "coordinates": [
          -1.794915,
          53.705092
        ]
      },
      "properties": {
        "age_band_of_casualty": "6",
        "age_of_casualty": 32,
        "bus_or_coach_passenger": "0",
        "car_passenger": "0",
        "casualty_adjusted_severity_serious": "0",
        "casualty_adjusted_severity_slight": "1",
        "casualty_class": "1",
        "casualty_distance_banding": "-1",
        "casualty_imd_decile": "9",
        "casualty_injury_based": "1",
        "casualty_reference": 1,
        "casualty_severity": "3",
        "casualty_type": "9",
        "collision_index": "2022131193702",
        "collision_ref_no": "131193702",
        "collision_year": 2022,
        "enhanced_casualty_severity": "3",
        "lsoa_of_casualty": "E01010875",
        "pedestrian_location": "0",
        "pedestrian_movement": "0",
        "pedestrian_road_maintenance_worker": "0",
        "sex_of_casualty": "2",
        "vehicle_reference": 2,
        "geometry_source": "inherited_from_linked_collision",
        "source_year": 2022
      }
    },
    {
      "type": "Feature",
      "id": "2022131234083:1",
      "geometry": {
        "type": "Point",
        "coordinates": [
          -1.889583,
          53.725907
        ]
      },
      "properties": {
        "age_band_of_casualty": "6",
        "age_of_casualty": 35,
        "bus_or_coach_passenger": "0",
        "car_passenger": "1",
        "casualty_adjusted_severity_serious": "0",
        "casualty_adjusted_severity_slight": "1",
        "casualty_class": "2",
        "casualty_distance_banding": "-1",
        "casualty_imd_decile": "3",
        "casualty_injury_based": "1",
        "casualty_reference": 1,
        "casualty_severity": "3",
        "casualty_type": "9",
        "collision_index": "2022131234083",
        "collision_ref_no": "131234083",
        "collision_year": 2022,
        "enhanced_casualty_severity": "3",
        "lsoa_of_casualty": "E01010998",
        "pedestrian_location": "0",
        "pedestrian_movement": "0",
        "pedestrian_road_maintenance_worker": "0",
        "sex_of_casualty": "2",
        "vehicle_reference": 2,
        "geometry_source": "inherited_from_linked_collision",
        "source_year": 2022
      }
    },
    {
      "type": "Feature",
      "id": "2022131232029:1",
      "geometry": {
        "type": "Point",
        "coordinates": [
          -1.881565,
          53.720533
        ]
      },
      "properties": {
        "age_band_of_casualty": "3",
        "age_of_casualty": 12,
        "bus_or_coach_passenger": "0",
        "car_passenger": "0",
        "casualty_adjusted_severity_serious": "1",
        "casualty_adjusted_severity_slight": "0",
        "casualty_class": "3",
        "casualty_distance_banding": "-1",
        "casualty_imd_decile": "1",
        "casualty_injury_based": "1",
        "casualty_reference": 1,
        "casualty_severity": "2",
        "casualty_type": "0",
        "collision_index": "2022131232029",
        "collision_ref_no": "131232029",
        "collision_year": 2022,
        "enhanced_casualty_severity": "7",
        "lsoa_of_casualty": "E01010995",
        "pedestrian_location": "6",
        "pedestrian_movement": "7",
        "pedestrian_road_maintenance_worker": "1",
        "sex_of_casualty": "2",
        "vehicle_reference": 1,
        "geometry_source": "inherited_from_linked_collision",
        "source_year": 2022
      }
    },
    {
      "type": "Feature",
      "id": "2022131252355:1",
      "geometry": {
        "type": "Point",
        "coordinates": [
          -1.8626,
          53.722967
        ]
      },
      "properties": {
        "age_band_of_casualty": "5",
        "age_of_casualty": 23,
        "bus_or_coach_passenger": "0",
        "car_passenger": "0",
        "casualty_adjusted_severity_serious": "0",
        "casualty_adjusted_severity_slight": "1",
        "casualty_class": "3",
        "casualty_distance_banding": "-1",
        "casualty_imd_decile": "-1",
        "casualty_injury_based": "1",
        "casualty_reference": 1,
        "casualty_severity": "3",
        "casualty_type": "0",
        "collision_index": "2022131252355",
        "collision_ref_no": "131252355",
        "collision_year": 2022,
        "enhanced_casualty_severity": "3",
        "lsoa_of_casualty": "-1",
        "pedestrian_location": "10",
        "pedestrian_movement": "9",
        "pedestrian_road_maintenance_worker": "2",
        "sex_of_casualty": "1",
        "vehicle_reference": 1,
        "geometry_source": "inherited_from_linked_collision",
        "source_year": 2022
      }
    },
    {
      "type": "Feature",
      "id": "2022131142408:1",
      "geometry": {
        "type": "Point",
        "coordinates": [
          -1.872951,
          53.732955
        ]
      },
      "properties": {
        "age_band_of_casualty": "7",
        "age_of_casualty": 36,
        "bus_or_coach_passenger": "0",
        "car_passenger": "0",
        "casualty_adjusted_severity_serious": "0",
        "casualty_adjusted_severity_slight": "1",
        "casualty_class": "1",
        "casualty_distance_banding": "-1",
        "casualty_imd_decile": "2",
        "casualty_injury_based": "1",
        "casualty_reference": 1,
        "casualty_severity": "3",
        "casualty_type": "19",
        "collision_index": "2022131142408",
        "collision_ref_no": "131142408",
        "collision_year": 2022,
        "enhanced_casualty_severity": "3",
        "lsoa_of_casualty": "E01010961",
        "pedestrian_location": "0",
        "pedestrian_movement": "0",
        "pedestrian_road_maintenance_worker": "0",
        "sex_of_casualty": "1",
        "vehicle_reference": 2,
        "geometry_source": "inherited_from_linked_collision",
        "source_year": 2022
      }
    },
    {
      "type": "Feature",
      "id": "2022131181321:1",
      "geometry": {
        "type": "Point",
        "coordinates": [
          -1.832295,
          53.672109
        ]
      },
      "properties": {
        "age_band_of_casualty": "5",
        "age_of_casualty": 23,
        "bus_or_coach_passenger": "0",
        "car_passenger": "0",
        "casualty_adjusted_severity_serious": "0",
        "casualty_adjusted_severity_slight": "1",
        "casualty_class": "1",
        "casualty_distance_banding": "-1",
        "casualty_imd_decile": "3",
        "casualty_injury_based": "1",
        "casualty_reference": 1,
        "casualty_severity": "3",
        "casualty_type": "19",
        "collision_index": "2022131181321",
        "collision_ref_no": "131181321",
        "collision_year": 2022,
        "enhanced_casualty_severity": "3",
        "lsoa_of_casualty": "E01012658",
        "pedestrian_location": "0",
        "pedestrian_movement": "0",
        "pedestrian_road_maintenance_worker": "0",
        "sex_of_casualty": "1",
        "vehicle_reference": 1,
        "geometry_source": "inherited_from_linked_collision",
        "source_year": 2022
      }
    },
    {
      "type": "Feature",
      "id": "2022131201535:2",
      "geometry": {
        "type": "Point",
        "coordinates": [
          -1.887165,
          53.717698
        ]
      },
      "properties": {
        "age_band_of_casualty": "8",
        "age_of_casualty": 52,
        "bus_or_coach_passenger": "0",
        "car_passenger": "0",
        "casualty_adjusted_severity_serious": "0",
        "casualty_adjusted_severity_slight": "1",
        "casualty_class": "3",
        "casualty_distance_banding": "-1",
        "casualty_imd_decile": "2",
        "casualty_injury_based": "1",
        "casualty_reference": 2,
        "casualty_severity": "3",
        "casualty_type": "0",
        "collision_index": "2022131201535",
        "collision_ref_no": "131201535",
        "collision_year": 2022,
        "enhanced_casualty_severity": "3",
        "lsoa_of_casualty": "E01011002",
        "pedestrian_location": "6",
        "pedestrian_movement": "9",
        "pedestrian_road_maintenance_worker": "2",
        "sex_of_casualty": "1",
        "vehicle_reference": 1,
        "geometry_source": "inherited_from_linked_collision",
        "source_year": 2022
      }
    },
    {
      "type": "Feature",
      "id": "2022131225313:1",
      "geometry": {
        "type": "Point",
        "coordinates": [
          -1.907623,
          53.709698
        ]
      },
      "properties": {
        "age_band_of_casualty": "4",
        "age_of_casualty": 16,
        "bus_or_coach_passenger": "0",
        "car_passenger": "0",
        "casualty_adjusted_severity_serious": "0",
        "casualty_adjusted_severity_slight": "1",
        "casualty_class": "3",
        "casualty_distance_banding": "-1",
        "casualty_imd_decile": "7",
        "casualty_injury_based": "1",
        "casualty_reference": 1,
        "casualty_severity": "3",
        "casualty_type": "0",
        "collision_index": "2022131225313",
        "collision_ref_no": "131225313",
        "collision_year": 2022,
        "enhanced_casualty_severity": "3",
        "lsoa_of_casualty": "E01011205",
        "pedestrian_location": "9",
        "pedestrian_movement": "8",
        "pedestrian_road_maintenance_worker": "2",
        "sex_of_casualty": "2",
        "vehicle_reference": 1,
        "geometry_source": "inherited_from_linked_collision",
        "source_year": 2022
      }
    },
    {
      "type": "Feature",
      "id": "2022131134551:1",
      "geometry": {
        "type": "Point",
        "coordinates": [
          -1.857148,
          53.717415
        ]
      },
      "properties": {
        "age_band_of_casualty": "8",
        "age_of_casualty": 49,
        "bus_or_coach_passenger": "0",
        "car_passenger": "0",
        "casualty_adjusted_severity_serious": "1",
        "casualty_adjusted_severity_slight": "0",
        "casualty_class": "1",
        "casualty_distance_banding": "-1",
        "casualty_imd_decile": "2",
        "casualty_injury_based": "1",
        "casualty_reference": 1,
        "casualty_severity": "2",
        "casualty_type": "1",
        "collision_index": "2022131134551",
        "collision_ref_no": "131134551",
        "collision_year": 2022,
        "enhanced_casualty_severity": "5",
        "lsoa_of_casualty": "E01010929",
        "pedestrian_location": "0",
        "pedestrian_movement": "0",
        "pedestrian_road_maintenance_worker": "0",
        "sex_of_casualty": "1",
        "vehicle_reference": 1,
        "geometry_source": "inherited_from_linked_collision",
        "source_year": 2022
      }
    },
    {
      "type": "Feature",
      "id": "2022131128226:1",
      "geometry": {
        "type": "Point",
        "coordinates": [
          -1.745313,
          53.716097
        ]
      },
      "properties": {
        "age_band_of_casualty": "8",
        "age_of_casualty": 53,
        "bus_or_coach_passenger": "0",
        "car_passenger": "1",
        "casualty_adjusted_severity_serious": "0",
        "casualty_adjusted_severity_slight": "1",
        "casualty_class": "2",
        "casualty_distance_banding": "-1",
        "casualty_imd_decile": "3",
        "casualty_injury_based": "1",
        "casualty_reference": 1,
        "casualty_severity": "3",
        "casualty_type": "9",
        "collision_index": "2022131128226",
        "collision_ref_no": "131128226",
        "collision_year": 2022,
        "enhanced_casualty_severity": "3",
        "lsoa_of_casualty": "E01010836",
        "pedestrian_location": "0",
        "pedestrian_movement": "0",
        "pedestrian_road_maintenance_worker": "0",
        "sex_of_casualty": "1",
        "vehicle_reference": 1,
        "geometry_source": "inherited_from_linked_collision",
        "source_year": 2022
      }
    },
    {
      "type": "Feature",
      "id": "2022131163389:3",
      "geometry": {
        "type": "Point",
        "coordinates": [
          -1.859129,
          53.723142
        ]
      },
      "properties": {
        "age_band_of_casualty": "5",
        "age_of_casualty": 21,
        "bus_or_coach_passenger": "0",
        "car_passenger": "2",
        "casualty_adjusted_severity_serious": "0",
        "casualty_adjusted_severity_slight": "1",
        "casualty_class": "2",
        "casualty_distance_banding": "-1",
        "casualty_imd_decile": "1",
        "casualty_injury_based": "1",
        "casualty_reference": 3,
        "casualty_severity": "3",
        "casualty_type": "9",
        "collision_index": "2022131163389",
        "collision_ref_no": "131163389",
        "collision_year": 2022,
        "enhanced_casualty_severity": "3",
        "lsoa_of_casualty": "E01010995",
        "pedestrian_location": "0",
        "pedestrian_movement": "0",
        "pedestrian_road_maintenance_worker": "0",
        "sex_of_casualty": "1",
        "vehicle_reference": 1,
        "geometry_source": "inherited_from_linked_collision",
        "source_year": 2022
      }
    },
    {
      "type": "Feature",
      "id": "2022131177015:4",
      "geometry": {
        "type": "Point",
        "coordinates": [
          -1.857607,
          53.707232
        ]
      },
      "properties": {
        "age_band_of_casualty": "7",
        "age_of_casualty": 40,
        "bus_or_coach_passenger": "0",
        "car_passenger": "1",
        "casualty_adjusted_severity_serious": "0",
        "casualty_adjusted_severity_slight": "1",
        "casualty_class": "2",
        "casualty_distance_banding": "-1",
        "casualty_imd_decile": "1",
        "casualty_injury_based": "1",
        "casualty_reference": 4,
        "casualty_severity": "3",
        "casualty_type": "9",
        "collision_index": "2022131177015",
        "collision_ref_no": "131177015",
        "collision_year": 2022,
        "enhanced_casualty_severity": "3",
        "lsoa_of_casualty": "E01010966",
        "pedestrian_location": "0",
        "pedestrian_movement": "0",
        "pedestrian_road_maintenance_worker": "0",
        "sex_of_casualty": "1",
        "vehicle_reference": 2,
        "geometry_source": "inherited_from_linked_collision",
        "source_year": 2022
      }
    },
    {
      "type": "Feature",
      "id": "2022131241022:1",
      "geometry": {
        "type": "Point",
        "coordinates": [
          -2.044106,
          53.734838
        ]
      },
      "properties": {
        "age_band_of_casualty": "5",
        "age_of_casualty": 22,
        "bus_or_coach_passenger": "0",
        "car_passenger": "0",
        "casualty_adjusted_severity_serious": "0",
        "casualty_adjusted_severity_slight": "1",
        "casualty_class": "1",
        "casualty_distance_banding": "-1",
        "casualty_imd_decile": "7",
        "casualty_injury_based": "1",
        "casualty_reference": 1,
        "casualty_severity": "3",
        "casualty_type": "9",
        "collision_index": "2022131241022",
        "collision_ref_no": "131241022",
        "collision_year": 2022,
        "enhanced_casualty_severity": "3",
        "lsoa_of_casualty": "E01010918",
        "pedestrian_location": "0",
        "pedestrian_movement": "0",
        "pedestrian_road_maintenance_worker": "0",
        "sex_of_casualty": "1",
        "vehicle_reference": 1,
        "geometry_source": "inherited_from_linked_collision",
        "source_year": 2022
      }
    },
    {
      "type": "Feature",
      "id": "2022131244394:1",
      "geometry": {
        "type": "Point",
        "coordinates": [
          -1.895835,
          53.741327
        ]
      },
      "properties": {
        "age_band_of_casualty": "4",
        "age_of_casualty": 18,
        "bus_or_coach_passenger": "0",
        "car_passenger": "0",
        "casualty_adjusted_severity_serious": "1",
        "casualty_adjusted_severity_slight": "0",
        "casualty_class": "1",
        "casualty_distance_banding": "-1",
        "casualty_imd_decile": "4",
        "casualty_injury_based": "1",
        "casualty_reference": 1,
        "casualty_severity": "2",
        "casualty_type": "9",
        "collision_index": "2022131244394",
        "collision_ref_no": "131244394",
        "collision_year": 2022,
        "enhanced_casualty_severity": "7",
        "lsoa_of_casualty": "E01010791",
        "pedestrian_location": "0",
        "pedestrian_movement": "0",
        "pedestrian_road_maintenance_worker": "0",
        "sex_of_casualty": "1",
        "vehicle_reference": 1,
        "geometry_source": "inherited_from_linked_collision",
        "source_year": 2022
      }
    },
    {
      "type": "Feature",
      "id": "2022131248158:1",
      "geometry": {
        "type": "Point",
        "coordinates": [
          -1.937242,
          53.67852
        ]
      },
      "properties": {
        "age_band_of_casualty": "6",
        "age_of_casualty": 27,
        "bus_or_coach_passenger": "0",
        "car_passenger": "0",
        "casualty_adjusted_severity_serious": "1",
        "casualty_adjusted_severity_slight": "0",
        "casualty_class": "1",
        "casualty_distance_banding": "-1",
        "casualty_imd_decile": "6",
        "casualty_injury_based": "1",
        "casualty_reference": 1,
        "casualty_severity": "2",
        "casualty_type": "9",
        "collision_index": "2022131248158",
        "collision_ref_no": "131248158",
        "collision_year": 2022,
        "enhanced_casualty_severity": "7",
        "lsoa_of_casualty": "E01010957",
        "pedestrian_location": "0",
        "pedestrian_movement": "0",
        "pedestrian_road_maintenance_worker": "0",
        "sex_of_casualty": "1",
        "vehicle_reference": 1,
        "geometry_source": "inherited_from_linked_collision",
        "source_year": 2022
      }
    },
    {
      "type": "Feature",
      "id": "2022131233111:1",
      "geometry": {
        "type": "Point",
        "coordinates": [
          -1.861411,
          53.729823
        ]
      },
      "properties": {
        "age_band_of_casualty": "6",
        "age_of_casualty": 28,
        "bus_or_coach_passenger": "0",
        "car_passenger": "0",
        "casualty_adjusted_severity_serious": "0",
        "casualty_adjusted_severity_slight": "1",
        "casualty_class": "3",
        "casualty_distance_banding": "-1",
        "casualty_imd_decile": "3",
        "casualty_injury_based": "1",
        "casualty_reference": 1,
        "casualty_severity": "3",
        "casualty_type": "0",
        "collision_index": "2022131233111",
        "collision_ref_no": "131233111",
        "collision_year": 2022,
        "enhanced_casualty_severity": "3",
        "lsoa_of_casualty": "E01032923",
        "pedestrian_location": "8",
        "pedestrian_movement": "9",
        "pedestrian_road_maintenance_worker": "2",
        "sex_of_casualty": "2",
        "vehicle_reference": 1,
        "geometry_source": "inherited_from_linked_collision",
        "source_year": 2022
      }
    },
    {
      "type": "Feature",
      "id": "2022131137403:4",
      "geometry": {
        "type": "Point",
        "coordinates": [
          -1.857762,
          53.719438
        ]
      },
      "properties": {
        "age_band_of_casualty": "8",
        "age_of_casualty": 47,
        "bus_or_coach_passenger": "0",
        "car_passenger": "2",
        "casualty_adjusted_severity_serious": "1",
        "casualty_adjusted_severity_slight": "0",
        "casualty_class": "2",
        "casualty_distance_banding": "-1",
        "casualty_imd_decile": "8",
        "casualty_injury_based": "1",
        "casualty_reference": 4,
        "casualty_severity": "2",
        "casualty_type": "9",
        "collision_index": "2022131137403",
        "collision_ref_no": "131137403",
        "collision_year": 2022,
        "enhanced_casualty_severity": "7",
        "lsoa_of_casualty": "E01010972",
        "pedestrian_location": "0",
        "pedestrian_movement": "0",
        "pedestrian_road_maintenance_worker": "0",
        "sex_of_casualty": "1",
        "vehicle_reference": 2,
        "geometry_source": "inherited_from_linked_collision",
        "source_year": 2022
      }
    },
    {
      "type": "Feature",
      "id": "2022131172835:1",
      "geometry": {
        "type": "Point",
        "coordinates": [
          -1.856109,
          53.697577
        ]
      },
      "properties": {
        "age_band_of_casualty": "7",
        "age_of_casualty": 43,
        "bus_or_coach_passenger": "0",
        "car_passenger": "0",
        "casualty_adjusted_severity_serious": "1",
        "casualty_adjusted_severity_slight": "0",
        "casualty_class": "1",
        "casualty_distance_banding": "-1",
        "casualty_imd_decile": "2",
        "casualty_injury_based": "1",
        "casualty_reference": 1,
        "casualty_severity": "2",
        "casualty_type": "1",
        "collision_index": "2022131172835",
        "collision_ref_no": "131172835",
        "collision_year": 2022,
        "enhanced_casualty_severity": "7",
        "lsoa_of_casualty": "E01010910",
        "pedestrian_location": "0",
        "pedestrian_movement": "0",
        "pedestrian_road_maintenance_worker": "0",
        "sex_of_casualty": "1",
        "vehicle_reference": 1,
        "geometry_source": "inherited_from_linked_collision",
        "source_year": 2022
      }
    },
    {
      "type": "Feature",
      "id": "2022131239617:1",
      "geometry": {
        "type": "Point",
        "coordinates": [
          -1.780874,
          53.710613
        ]
      },
      "properties": {
        "age_band_of_casualty": "7",
        "age_of_casualty": 40,
        "bus_or_coach_passenger": "0",
        "car_passenger": "0",
        "casualty_adjusted_severity_serious": "0",
        "casualty_adjusted_severity_slight": "1",
        "casualty_class": "3",
        "casualty_distance_banding": "-1",
        "casualty_imd_decile": "1",
        "casualty_injury_based": "1",
        "casualty_reference": 1,
        "casualty_severity": "3",
        "casualty_type": "0",
        "collision_index": "2022131239617",
        "collision_ref_no": "131239617",
        "collision_year": 2022,
        "enhanced_casualty_severity": "3",
        "lsoa_of_casualty": "E01005183",
        "pedestrian_location": "8",
        "pedestrian_movement": "3",
        "pedestrian_road_maintenance_worker": "2",
        "sex_of_casualty": "1",
        "vehicle_reference": 1,
        "geometry_source": "inherited_from_linked_collision",
        "source_year": 2022
      }
    },
    {
      "type": "Feature",
      "id": "2022131163389:1",
      "geometry": {
        "type": "Point",
        "coordinates": [
          -1.859129,
          53.723142
        ]
      },
      "properties": {
        "age_band_of_casualty": "5",
        "age_of_casualty": 21,
        "bus_or_coach_passenger": "0",
        "car_passenger": "0",
        "casualty_adjusted_severity_serious": "0",
        "casualty_adjusted_severity_slight": "1",
        "casualty_class": "1",
        "casualty_distance_banding": "-1",
        "casualty_imd_decile": "2",
        "casualty_injury_based": "1",
        "casualty_reference": 1,
        "casualty_severity": "3",
        "casualty_type": "9",
        "collision_index": "2022131163389",
        "collision_ref_no": "131163389",
        "collision_year": 2022,
        "enhanced_casualty_severity": "3",
        "lsoa_of_casualty": "E01011000",
        "pedestrian_location": "0",
        "pedestrian_movement": "0",
        "pedestrian_road_maintenance_worker": "0",
        "sex_of_casualty": "1",
        "vehicle_reference": 1,
        "geometry_source": "inherited_from_linked_collision",
        "source_year": 2022
      }
    },
    {
      "type": "Feature",
      "id": "2022131184028:2",
      "geometry": {
        "type": "Point",
        "coordinates": [
          -1.919295,
          53.674761
        ]
      },
      "properties": {
        "age_band_of_casualty": "5",
        "age_of_casualty": 24,
        "bus_or_coach_passenger": "0",
        "car_passenger": "0",
        "casualty_adjusted_severity_serious": "0",
        "casualty_adjusted_severity_slight": "1",
        "casualty_class": "1",
        "casualty_distance_banding": "-1",
        "casualty_imd_decile": "7",
        "casualty_injury_based": "1",
        "casualty_reference": 2,
        "casualty_severity": "3",
        "casualty_type": "9",
        "collision_index": "2022131184028",
        "collision_ref_no": "131184028",
        "collision_year": 2022,
        "enhanced_casualty_severity": "3",
        "lsoa_of_casualty": "E01010968",
        "pedestrian_location": "0",
        "pedestrian_movement": "0",
        "pedestrian_road_maintenance_worker": "0",
        "sex_of_casualty": "1",
        "vehicle_reference": 1,
        "geometry_source": "inherited_from_linked_collision",
        "source_year": 2022
      }
    },
    {
      "type": "Feature",
      "id": "2022131225491:1",
      "geometry": {
        "type": "Point",
        "coordinates": [
          -1.875286,
          53.722306
        ]
      },
      "properties": {
        "age_band_of_casualty": "9",
        "age_of_casualty": 65,
        "bus_or_coach_passenger": "0",
        "car_passenger": "1",
        "casualty_adjusted_severity_serious": "0",
        "casualty_adjusted_severity_slight": "1",
        "casualty_class": "2",
        "casualty_distance_banding": "-1",
        "casualty_imd_decile": "1",
        "casualty_injury_based": "1",
        "casualty_reference": 1,
        "casualty_severity": "3",
        "casualty_type": "9",
        "collision_index": "2022131225491",
        "collision_ref_no": "131225491",
        "collision_year": 2022,
        "enhanced_casualty_severity": "3",
        "lsoa_of_casualty": "E01010966",
        "pedestrian_location": "0",
        "pedestrian_movement": "0",
        "pedestrian_road_maintenance_worker": "0",
        "sex_of_casualty": "2",
        "vehicle_reference": 2,
        "geometry_source": "inherited_from_linked_collision",
        "source_year": 2022
      }
    },
    {
      "type": "Feature",
      "id": "2022131220554:1",
      "geometry": {
        "type": "Point",
        "coordinates": [
          -1.853407,
          53.703757
        ]
      },
      "properties": {
        "age_band_of_casualty": "8",
        "age_of_casualty": 54,
        "bus_or_coach_passenger": "0",
        "car_passenger": "0",
        "casualty_adjusted_severity_serious": "1",
        "casualty_adjusted_severity_slight": "0",
        "casualty_class": "1",
        "casualty_distance_banding": "-1",
        "casualty_imd_decile": "1",
        "casualty_injury_based": "1",
        "casualty_reference": 1,
        "casualty_severity": "2",
        "casualty_type": "9",
        "collision_index": "2022131220554",
        "collision_ref_no": "131220554",
        "collision_year": 2022,
        "enhanced_casualty_severity": "7",
        "lsoa_of_casualty": "E01010811",
        "pedestrian_location": "0",
        "pedestrian_movement": "0",
        "pedestrian_road_maintenance_worker": "0",
        "sex_of_casualty": "1",
        "vehicle_reference": 2,
        "geometry_source": "inherited_from_linked_collision",
        "source_year": 2022
      }
    },
    {
      "type": "Feature",
      "id": "2022131251084:1",
      "geometry": {
        "type": "Point",
        "coordinates": [
          -1.89525,
          53.750917
        ]
      },
      "properties": {
        "age_band_of_casualty": "5",
        "age_of_casualty": 21,
        "bus_or_coach_passenger": "0",
        "car_passenger": "0",
        "casualty_adjusted_severity_serious": "1",
        "casualty_adjusted_severity_slight": "0",
        "casualty_class": "1",
        "casualty_distance_banding": "-1",
        "casualty_imd_decile": "2",
        "casualty_injury_based": "1",
        "casualty_reference": 1,
        "casualty_severity": "2",
        "casualty_type": "9",
        "collision_index": "2022131251084",
        "collision_ref_no": "131251084",
        "collision_year": 2022,
        "enhanced_casualty_severity": "7",
        "lsoa_of_casualty": "E01011251",
        "pedestrian_location": "0",
        "pedestrian_movement": "0",
        "pedestrian_road_maintenance_worker": "0",
        "sex_of_casualty": "2",
        "vehicle_reference": 1,
        "geometry_source": "inherited_from_linked_collision",
        "source_year": 2022
      }
    },
    {
      "type": "Feature",
      "id": "2022131182115:1",
      "geometry": {
        "type": "Point",
        "coordinates": [
          -1.856738,
          53.686477
        ]
      },
      "properties": {
        "age_band_of_casualty": "10",
        "age_of_casualty": 69,
        "bus_or_coach_passenger": "0",
        "car_passenger": "0",
        "casualty_adjusted_severity_serious": "1",
        "casualty_adjusted_severity_slight": "0",
        "casualty_class": "1",
        "casualty_distance_banding": "-1",
        "casualty_imd_decile": "9",
        "casualty_injury_based": "1",
        "casualty_reference": 1,
        "casualty_severity": "2",
        "casualty_type": "1",
        "collision_index": "2022131182115",
        "collision_ref_no": "131182115",
        "collision_year": 2022,
        "enhanced_casualty_severity": "6",
        "lsoa_of_casualty": "E01010900",
        "pedestrian_location": "0",
        "pedestrian_movement": "0",
        "pedestrian_road_maintenance_worker": "0",
        "sex_of_casualty": "1",
        "vehicle_reference": 2,
        "geometry_source": "inherited_from_linked_collision",
        "source_year": 2022
      }
    },
    {
      "type": "Feature",
      "id": "2022131131719:1",
      "geometry": {
        "type": "Point",
        "coordinates": [
          -1.883431,
          53.747355
        ]
      },
      "properties": {
        "age_band_of_casualty": "3",
        "age_of_casualty": 12,
        "bus_or_coach_passenger": "0",
        "car_passenger": "0",
        "casualty_adjusted_severity_serious": "0",
        "casualty_adjusted_severity_slight": "1",
        "casualty_class": "3",
        "casualty_distance_banding": "-1",
        "casualty_imd_decile": "2",
        "casualty_injury_based": "1",
        "casualty_reference": 1,
        "casualty_severity": "3",
        "casualty_type": "0",
        "collision_index": "2022131131719",
        "collision_ref_no": "131131719",
        "collision_year": 2022,
        "enhanced_casualty_severity": "3",
        "lsoa_of_casualty": "E01010916",
        "pedestrian_location": "5",
        "pedestrian_movement": "1",
        "pedestrian_road_maintenance_worker": "2",
        "sex_of_casualty": "2",
        "vehicle_reference": 1,
        "geometry_source": "inherited_from_linked_collision",
        "source_year": 2022
      }
    },
    {
      "type": "Feature",
      "id": "2022131183806:1",
      "geometry": {
        "type": "Point",
        "coordinates": [
          -1.785158,
          53.702405
        ]
      },
      "properties": {
        "age_band_of_casualty": "4",
        "age_of_casualty": 20,
        "bus_or_coach_passenger": "0",
        "car_passenger": "0",
        "casualty_adjusted_severity_serious": "1",
        "casualty_adjusted_severity_slight": "0",
        "casualty_class": "1",
        "casualty_distance_banding": "-1",
        "casualty_imd_decile": "5",
        "casualty_injury_based": "1",
        "casualty_reference": 1,
        "casualty_severity": "2",
        "casualty_type": "1",
        "collision_index": "2022131183806",
        "collision_ref_no": "131183806",
        "collision_year": 2022,
        "enhanced_casualty_severity": "7",
        "lsoa_of_casualty": "E01010898",
        "pedestrian_location": "0",
        "pedestrian_movement": "0",
        "pedestrian_road_maintenance_worker": "0",
        "sex_of_casualty": "1",
        "vehicle_reference": 1,
        "geometry_source": "inherited_from_linked_collision",
        "source_year": 2022
      }
    },
    {
      "type": "Feature",
      "id": "2022131128701:1",
      "geometry": {
        "type": "Point",
        "coordinates": [
          -2.09781,
          53.713702
        ]
      },
      "properties": {
        "age_band_of_casualty": "7",
        "age_of_casualty": 38,
        "bus_or_coach_passenger": "0",
        "car_passenger": "0",
        "casualty_adjusted_severity_serious": "0",
        "casualty_adjusted_severity_slight": "1",
        "casualty_class": "3",
        "casualty_distance_banding": "-1",
        "casualty_imd_decile": "7",
        "casualty_injury_based": "1",
        "casualty_reference": 1,
        "casualty_severity": "3",
        "casualty_type": "0",
        "collision_index": "2022131128701",
        "collision_ref_no": "131128701",
        "collision_year": 2022,
        "enhanced_casualty_severity": "3",
        "lsoa_of_casualty": "E01005516",
        "pedestrian_location": "8",
        "pedestrian_movement": "9",
        "pedestrian_road_maintenance_worker": "2",
        "sex_of_casualty": "1",
        "vehicle_reference": 1,
        "geometry_source": "inherited_from_linked_collision",
        "source_year": 2022
      }
    },
    {
      "type": "Feature",
      "id": "2022131134231:2",
      "geometry": {
        "type": "Point",
        "coordinates": [
          -1.891696,
          53.723383
        ]
      },
      "properties": {
        "age_band_of_casualty": "10",
        "age_of_casualty": 73,
        "bus_or_coach_passenger": "0",
        "car_passenger": "0",
        "casualty_adjusted_severity_serious": "1",
        "casualty_adjusted_severity_slight": "0",
        "casualty_class": "1",
        "casualty_distance_banding": "-1",
        "casualty_imd_decile": "2",
        "casualty_injury_based": "1",
        "casualty_reference": 2,
        "casualty_severity": "2",
        "casualty_type": "9",
        "collision_index": "2022131134231",
        "collision_ref_no": "131134231",
        "collision_year": 2022,
        "enhanced_casualty_severity": "7",
        "lsoa_of_casualty": "E01010929",
        "pedestrian_location": "0",
        "pedestrian_movement": "0",
        "pedestrian_road_maintenance_worker": "0",
        "sex_of_casualty": "1",
        "vehicle_reference": 1,
        "geometry_source": "inherited_from_linked_collision",
        "source_year": 2022
      }
    },
    {
      "type": "Feature",
      "id": "2022131145029:1",
      "geometry": {
        "type": "Point",
        "coordinates": [
          -1.752174,
          53.695996
        ]
      },
      "properties": {
        "age_band_of_casualty": "6",
        "age_of_casualty": 30,
        "bus_or_coach_passenger": "0",
        "car_passenger": "0",
        "casualty_adjusted_severity_serious": "0",
        "casualty_adjusted_severity_slight": "1",
        "casualty_class": "1",
        "casualty_distance_banding": "-1",
        "casualty_imd_decile": "2",
        "casualty_injury_based": "1",
        "casualty_reference": 1,
        "casualty_severity": "3",
        "casualty_type": "9",
        "collision_index": "2022131145029",
        "collision_ref_no": "131145029",
        "collision_year": 2022,
        "enhanced_casualty_severity": "3",
        "lsoa_of_casualty": "E01011237",
        "pedestrian_location": "0",
        "pedestrian_movement": "0",
        "pedestrian_road_maintenance_worker": "0",
        "sex_of_casualty": "2",
        "vehicle_reference": 1,
        "geometry_source": "inherited_from_linked_collision",
        "source_year": 2022
      }
    },
    {
      "type": "Feature",
      "id": "2022131156350:1",
      "geometry": {
        "type": "Point",
        "coordinates": [
          -1.834844,
          53.732585
        ]
      },
      "properties": {
        "age_band_of_casualty": "9",
        "age_of_casualty": 57,
        "bus_or_coach_passenger": "0",
        "car_passenger": "0",
        "casualty_adjusted_severity_serious": "0",
        "casualty_adjusted_severity_slight": "1",
        "casualty_class": "1",
        "casualty_distance_banding": "-1",
        "casualty_imd_decile": "10",
        "casualty_injury_based": "1",
        "casualty_reference": 1,
        "casualty_severity": "3",
        "casualty_type": "9",
        "collision_index": "2022131156350",
        "collision_ref_no": "131156350",
        "collision_year": 2022,
        "enhanced_casualty_severity": "3",
        "lsoa_of_casualty": "E01010936",
        "pedestrian_location": "0",
        "pedestrian_movement": "0",
        "pedestrian_road_maintenance_worker": "0",
        "sex_of_casualty": "1",
        "vehicle_reference": 1,
        "geometry_source": "inherited_from_linked_collision",
        "source_year": 2022
      }
    },
    {
      "type": "Feature",
      "id": "2022131157521:1",
      "geometry": {
        "type": "Point",
        "coordinates": [
          -2.011925,
          53.740643
        ]
      },
      "properties": {
        "age_band_of_casualty": "9",
        "age_of_casualty": 58,
        "bus_or_coach_passenger": "0",
        "car_passenger": "2",
        "casualty_adjusted_severity_serious": "0",
        "casualty_adjusted_severity_slight": "1",
        "casualty_class": "2",
        "casualty_distance_banding": "-1",
        "casualty_imd_decile": "3",
        "casualty_injury_based": "1",
        "casualty_reference": 1,
        "casualty_severity": "3",
        "casualty_type": "9",
        "collision_index": "2022131157521",
        "collision_ref_no": "131157521",
        "collision_year": 2022,
        "enhanced_casualty_severity": "3",
        "lsoa_of_casualty": "-1",
        "pedestrian_location": "0",
        "pedestrian_movement": "0",
        "pedestrian_road_maintenance_worker": "0",
        "sex_of_casualty": "2",
        "vehicle_reference": 1,
        "geometry_source": "inherited_from_linked_collision",
        "source_year": 2022
      }
    },
    {
      "type": "Feature",
      "id": "2022131198813:1",
      "geometry": {
        "type": "Point",
        "coordinates": [
          -1.898531,
          53.723326
        ]
      },
      "properties": {
        "age_band_of_casualty": "7",
        "age_of_casualty": 43,
        "bus_or_coach_passenger": "0",
        "car_passenger": "0",
        "casualty_adjusted_severity_serious": "0",
        "casualty_adjusted_severity_slight": "1",
        "casualty_class": "1",
        "casualty_distance_banding": "-1",
        "casualty_imd_decile": "3",
        "casualty_injury_based": "1",
        "casualty_reference": 1,
        "casualty_severity": "3",
        "casualty_type": "9",
        "collision_index": "2022131198813",
        "collision_ref_no": "131198813",
        "collision_year": 2022,
        "enhanced_casualty_severity": "3",
        "lsoa_of_casualty": "E01011234",
        "pedestrian_location": "0",
        "pedestrian_movement": "0",
        "pedestrian_road_maintenance_worker": "0",
        "sex_of_casualty": "2",
        "vehicle_reference": 1,
        "geometry_source": "inherited_from_linked_collision",
        "source_year": 2022
      }
    },
    {
      "type": "Feature",
      "id": "2022131129388:1",
      "geometry": {
        "type": "Point",
        "coordinates": [
          -1.926174,
          53.705756
        ]
      },
      "properties": {
        "age_band_of_casualty": "2",
        "age_of_casualty": 8,
        "bus_or_coach_passenger": "0",
        "car_passenger": "0",
        "casualty_adjusted_severity_serious": "0",
        "casualty_adjusted_severity_slight": "1",
        "casualty_class": "3",
        "casualty_distance_banding": "-1",
        "casualty_imd_decile": "4",
        "casualty_injury_based": "1",
        "casualty_reference": 1,
        "casualty_severity": "3",
        "casualty_type": "0",
        "collision_index": "2022131129388",
        "collision_ref_no": "131129388",
        "collision_year": 2022,
        "enhanced_casualty_severity": "3",
        "lsoa_of_casualty": "E01010959",
        "pedestrian_location": "8",
        "pedestrian_movement": "7",
        "pedestrian_road_maintenance_worker": "2",
        "sex_of_casualty": "1",
        "vehicle_reference": 1,
        "geometry_source": "inherited_from_linked_collision",
        "source_year": 2022
      }
    },
    {
      "type": "Feature",
      "id": "2022131155484:1",
      "geometry": {
        "type": "Point",
        "coordinates": [
          -1.834467,
          53.681847
        ]
      },
      "properties": {
        "age_band_of_casualty": "3",
        "age_of_casualty": 14,
        "bus_or_coach_passenger": "0",
        "car_passenger": "0",
        "casualty_adjusted_severity_serious": "1",
        "casualty_adjusted_severity_slight": "0",
        "casualty_class": "1",
        "casualty_distance_banding": "-1",
        "casualty_imd_decile": "2",
        "casualty_injury_based": "1",
        "casualty_reference": 1,
        "casualty_severity": "2",
        "casualty_type": "1",
        "collision_index": "2022131155484",
        "collision_ref_no": "131155484",
        "collision_year": 2022,
        "enhanced_casualty_severity": "7",
        "lsoa_of_casualty": "E01010894",
        "pedestrian_location": "0",
        "pedestrian_movement": "0",
        "pedestrian_road_maintenance_worker": "0",
        "sex_of_casualty": "1",
        "vehicle_reference": 1,
        "geometry_source": "inherited_from_linked_collision",
        "source_year": 2022
      }
    },
    {
      "type": "Feature",
      "id": "2022131139110:2",
      "geometry": {
        "type": "Point",
        "coordinates": [
          -1.820715,
          53.747323
        ]
      },
      "properties": {
        "age_band_of_casualty": "7",
        "age_of_casualty": 36,
        "bus_or_coach_passenger": "0",
        "car_passenger": "0",
        "casualty_adjusted_severity_serious": "0",
        "casualty_adjusted_severity_slight": "1",
        "casualty_class": "1",
        "casualty_distance_banding": "-1",
        "casualty_imd_decile": "5",
        "casualty_injury_based": "1",
        "casualty_reference": 2,
        "casualty_severity": "3",
        "casualty_type": "9",
        "collision_index": "2022131139110",
        "collision_ref_no": "131139110",
        "collision_year": 2022,
        "enhanced_casualty_severity": "3",
        "lsoa_of_casualty": "E01010746",
        "pedestrian_location": "0",
        "pedestrian_movement": "0",
        "pedestrian_road_maintenance_worker": "0",
        "sex_of_casualty": "1",
        "vehicle_reference": 2,
        "geometry_source": "inherited_from_linked_collision",
        "source_year": 2022
      }
    },
    {
      "type": "Feature",
      "id": "2022131139381:1",
      "geometry": {
        "type": "Point",
        "coordinates": [
          -1.853361,
          53.703892
        ]
      },
      "properties": {
        "age_band_of_casualty": "10",
        "age_of_casualty": 73,
        "bus_or_coach_passenger": "0",
        "car_passenger": "0",
        "casualty_adjusted_severity_serious": "0",
        "casualty_adjusted_severity_slight": "1",
        "casualty_class": "1",
        "casualty_distance_banding": "-1",
        "casualty_imd_decile": "3",
        "casualty_injury_based": "1",
        "casualty_reference": 1,
        "casualty_severity": "3",
        "casualty_type": "9",
        "collision_index": "2022131139381",
        "collision_ref_no": "131139381",
        "collision_year": 2022,
        "enhanced_casualty_severity": "3",
        "lsoa_of_casualty": "E01010895",
        "pedestrian_location": "0",
        "pedestrian_movement": "0",
        "pedestrian_road_maintenance_worker": "0",
        "sex_of_casualty": "2",
        "vehicle_reference": 1,
        "geometry_source": "inherited_from_linked_collision",
        "source_year": 2022
      }
    },
    {
      "type": "Feature",
      "id": "2022131179283:1",
      "geometry": {
        "type": "Point",
        "coordinates": [
          -1.881375,
          53.712956
        ]
      },
      "properties": {
        "age_band_of_casualty": "4",
        "age_of_casualty": 17,
        "bus_or_coach_passenger": "0",
        "car_passenger": "0",
        "casualty_adjusted_severity_serious": "1",
        "casualty_adjusted_severity_slight": "0",
        "casualty_class": "1",
        "casualty_distance_banding": "-1",
        "casualty_imd_decile": "2",
        "casualty_injury_based": "1",
        "casualty_reference": 1,
        "casualty_severity": "2",
        "casualty_type": "9",
        "collision_index": "2022131179283",
        "collision_ref_no": "131179283",
        "collision_year": 2022,
        "enhanced_casualty_severity": "6",
        "lsoa_of_casualty": "E01011000",
        "pedestrian_location": "0",
        "pedestrian_movement": "0",
        "pedestrian_road_maintenance_worker": "0",
        "sex_of_casualty": "2",
        "vehicle_reference": 1,
        "geometry_source": "inherited_from_linked_collision",
        "source_year": 2022
      }
    },
    {
      "type": "Feature",
      "id": "2022131215910:1",
      "geometry": {
        "type": "Point",
        "coordinates": [
          -1.87536,
          53.723196
        ]
      },
      "properties": {
        "age_band_of_casualty": "7",
        "age_of_casualty": 37,
        "bus_or_coach_passenger": "0",
        "car_passenger": "0",
        "casualty_adjusted_severity_serious": "0",
        "casualty_adjusted_severity_slight": "1",
        "casualty_class": "1",
        "casualty_distance_banding": "-1",
        "casualty_imd_decile": "7",
        "casualty_injury_based": "1",
        "casualty_reference": 1,
        "casualty_severity": "3",
        "casualty_type": "9",
        "collision_index": "2022131215910",
        "collision_ref_no": "131215910",
        "collision_year": 2022,
        "enhanced_casualty_severity": "3",
        "lsoa_of_casualty": "E01010973",
        "pedestrian_location": "0",
        "pedestrian_movement": "0",
        "pedestrian_road_maintenance_worker": "0",
        "sex_of_casualty": "2",
        "vehicle_reference": 2,
        "geometry_source": "inherited_from_linked_collision",
        "source_year": 2022
      }
    },
    {
      "type": "Feature",
      "id": "2022131165683:3",
      "geometry": {
        "type": "Point",
        "coordinates": [
          -1.886379,
          53.722488
        ]
      },
      "properties": {
        "age_band_of_casualty": "1",
        "age_of_casualty": 4,
        "bus_or_coach_passenger": "0",
        "car_passenger": "2",
        "casualty_adjusted_severity_serious": "0",
        "casualty_adjusted_severity_slight": "1",
        "casualty_class": "2",
        "casualty_distance_banding": "-1",
        "casualty_imd_decile": "4",
        "casualty_injury_based": "1",
        "casualty_reference": 3,
        "casualty_severity": "3",
        "casualty_type": "9",
        "collision_index": "2022131165683",
        "collision_ref_no": "131165683",
        "collision_year": 2022,
        "enhanced_casualty_severity": "3",
        "lsoa_of_casualty": "E01001179",
        "pedestrian_location": "0",
        "pedestrian_movement": "0",
        "pedestrian_road_maintenance_worker": "0",
        "sex_of_casualty": "2",
        "vehicle_reference": 2,
        "geometry_source": "inherited_from_linked_collision",
        "source_year": 2022
      }
    },
    {
      "type": "Feature",
      "id": "2022131217379:2",
      "geometry": {
        "type": "Point",
        "coordinates": [
          -1.852737,
          53.704718
        ]
      },
      "properties": {
        "age_band_of_casualty": "4",
        "age_of_casualty": 20,
        "bus_or_coach_passenger": "0",
        "car_passenger": "2",
        "casualty_adjusted_severity_serious": "1",
        "casualty_adjusted_severity_slight": "0",
        "casualty_class": "2",
        "casualty_distance_banding": "-1",
        "casualty_imd_decile": "2",
        "casualty_injury_based": "1",
        "casualty_reference": 2,
        "casualty_severity": "2",
        "casualty_type": "9",
        "collision_index": "2022131217379",
        "collision_ref_no": "131217379",
        "collision_year": 2022,
        "enhanced_casualty_severity": "7",
        "lsoa_of_casualty": "E01011227",
        "pedestrian_location": "0",
        "pedestrian_movement": "0",
        "pedestrian_road_maintenance_worker": "0",
        "sex_of_casualty": "1",
        "vehicle_reference": 1,
        "geometry_source": "inherited_from_linked_collision",
        "source_year": 2022
      }
    },
    {
      "type": "Feature",
      "id": "2022131220713:1",
      "geometry": {
        "type": "Point",
        "coordinates": [
          -1.832235,
          53.672109
        ]
      },
      "properties": {
        "age_band_of_casualty": "5",
        "age_of_casualty": 23,
        "bus_or_coach_passenger": "0",
        "car_passenger": "0",
        "casualty_adjusted_severity_serious": "0",
        "casualty_adjusted_severity_slight": "1",
        "casualty_class": "1",
        "casualty_distance_banding": "-1",
        "casualty_imd_decile": "2",
        "casualty_injury_based": "1",
        "casualty_reference": 1,
        "casualty_severity": "3",
        "casualty_type": "9",
        "collision_index": "2022131220713",
        "collision_ref_no": "131220713",
        "collision_year": 2022,
        "enhanced_casualty_severity": "3",
        "lsoa_of_casualty": "E01011080",
        "pedestrian_location": "0",
        "pedestrian_movement": "0",
        "pedestrian_road_maintenance_worker": "0",
        "sex_of_casualty": "2",
        "vehicle_reference": 1,
        "geometry_source": "inherited_from_linked_collision",
        "source_year": 2022
      }
    },
    {
      "type": "Feature",
      "id": "2022131255030:1",
      "geometry": {
        "type": "Point",
        "coordinates": [
          -1.988393,
          53.634997
        ]
      },
      "properties": {
        "age_band_of_casualty": "7",
        "age_of_casualty": 37,
        "bus_or_coach_passenger": "0",
        "car_passenger": "0",
        "casualty_adjusted_severity_serious": "0",
        "casualty_adjusted_severity_slight": "1",
        "casualty_class": "1",
        "casualty_distance_banding": "-1",
        "casualty_imd_decile": "4",
        "casualty_injury_based": "1",
        "casualty_reference": 1,
        "casualty_severity": "3",
        "casualty_type": "9",
        "collision_index": "2022131255030",
        "collision_ref_no": "131255030",
        "collision_year": 2022,
        "enhanced_casualty_severity": "3",
        "lsoa_of_casualty": "E01010878",
        "pedestrian_location": "0",
        "pedestrian_movement": "0",
        "pedestrian_road_maintenance_worker": "0",
        "sex_of_casualty": "1",
        "vehicle_reference": 1,
        "geometry_source": "inherited_from_linked_collision",
        "source_year": 2022
      }
    },
    {
      "type": "Feature",
      "id": "2022131165709:1",
      "geometry": {
        "type": "Point",
        "coordinates": [
          -1.821283,
          53.674116
        ]
      },
      "properties": {
        "age_band_of_casualty": "8",
        "age_of_casualty": 48,
        "bus_or_coach_passenger": "0",
        "car_passenger": "0",
        "casualty_adjusted_severity_serious": "0",
        "casualty_adjusted_severity_slight": "1",
        "casualty_class": "1",
        "casualty_distance_banding": "-1",
        "casualty_imd_decile": "5",
        "casualty_injury_based": "1",
        "casualty_reference": 1,
        "casualty_severity": "3",
        "casualty_type": "19",
        "collision_index": "2022131165709",
        "collision_ref_no": "131165709",
        "collision_year": 2022,
        "enhanced_casualty_severity": "3",
        "lsoa_of_casualty": "E01011065",
        "pedestrian_location": "0",
        "pedestrian_movement": "0",
        "pedestrian_road_maintenance_worker": "0",
        "sex_of_casualty": "1",
        "vehicle_reference": 2,
        "geometry_source": "inherited_from_linked_collision",
        "source_year": 2022
      }
    },
    {
      "type": "Feature",
      "id": "2022131187588:1",
      "geometry": {
        "type": "Point",
        "coordinates": [
          -1.897187,
          53.727756
        ]
      },
      "properties": {
        "age_band_of_casualty": "9",
        "age_of_casualty": 58,
        "bus_or_coach_passenger": "0",
        "car_passenger": "0",
        "casualty_adjusted_severity_serious": "0",
        "casualty_adjusted_severity_slight": "1",
        "casualty_class": "3",
        "casualty_distance_banding": "-1",
        "casualty_imd_decile": "1",
        "casualty_injury_based": "1",
        "casualty_reference": 1,
        "casualty_severity": "3",
        "casualty_type": "0",
        "collision_index": "2022131187588",
        "collision_ref_no": "131187588",
        "collision_year": 2022,
        "enhanced_casualty_severity": "3",
        "lsoa_of_casualty": "E01010966",
        "pedestrian_location": "5",
        "pedestrian_movement": "2",
        "pedestrian_road_maintenance_worker": "2",
        "sex_of_casualty": "2",
        "vehicle_reference": 1,
        "geometry_source": "inherited_from_linked_collision",
        "source_year": 2022
      }
    },
    {
      "type": "Feature",
      "id": "2022131188045:1",
      "geometry": {
        "type": "Point",
        "coordinates": [
          -1.921204,
          53.714274
        ]
      },
      "properties": {
        "age_band_of_casualty": "8",
        "age_of_casualty": 46,
        "bus_or_coach_passenger": "0",
        "car_passenger": "0",
        "casualty_adjusted_severity_serious": "0",
        "casualty_adjusted_severity_slight": "1",
        "casualty_class": "1",
        "casualty_distance_banding": "-1",
        "casualty_imd_decile": "7",
        "casualty_injury_based": "1",
        "casualty_reference": 1,
        "casualty_severity": "3",
        "casualty_type": "9",
        "collision_index": "2022131188045",
        "collision_ref_no": "131188045",
        "collision_year": 2022,
        "enhanced_casualty_severity": "3",
        "lsoa_of_casualty": "E01010999",
        "pedestrian_location": "0",
        "pedestrian_movement": "0",
        "pedestrian_road_maintenance_worker": "0",
        "sex_of_casualty": "2",
        "vehicle_reference": 1,
        "geometry_source": "inherited_from_linked_collision",
        "source_year": 2022
      }
    },
    {
      "type": "Feature",
      "id": "2022131239584:3",
      "geometry": {
        "type": "Point",
        "coordinates": [
          -2.027498,
          53.62926
        ]
      },
      "properties": {
        "age_band_of_casualty": "5",
        "age_of_casualty": 24,
        "bus_or_coach_passenger": "0",
        "car_passenger": "2",
        "casualty_adjusted_severity_serious": "0",
        "casualty_adjusted_severity_slight": "1",
        "casualty_class": "2",
        "casualty_distance_banding": "-1",
        "casualty_imd_decile": "6",
        "casualty_injury_based": "1",
        "casualty_reference": 3,
        "casualty_severity": "3",
        "casualty_type": "9",
        "collision_index": "2022131239584",
        "collision_ref_no": "131239584",
        "collision_year": 2022,
        "enhanced_casualty_severity": "3",
        "lsoa_of_casualty": "E01033696",
        "pedestrian_location": "0",
        "pedestrian_movement": "0",
        "pedestrian_road_maintenance_worker": "0",
        "sex_of_casualty": "2",
        "vehicle_reference": 2,
        "geometry_source": "inherited_from_linked_collision",
        "source_year": 2022
      }
    },
    {
      "type": "Feature",
      "id": "2022131129388:2",
      "geometry": {
        "type": "Point",
        "coordinates": [
          -1.926174,
          53.705756
        ]
      },
      "properties": {
        "age_band_of_casualty": "2",
        "age_of_casualty": 7,
        "bus_or_coach_passenger": "0",
        "car_passenger": "0",
        "casualty_adjusted_severity_serious": "0",
        "casualty_adjusted_severity_slight": "1",
        "casualty_class": "3",
        "casualty_distance_banding": "-1",
        "casualty_imd_decile": "2",
        "casualty_injury_based": "1",
        "casualty_reference": 2,
        "casualty_severity": "3",
        "casualty_type": "0",
        "collision_index": "2022131129388",
        "collision_ref_no": "131129388",
        "collision_year": 2022,
        "enhanced_casualty_severity": "3",
        "lsoa_of_casualty": "E01010981",
        "pedestrian_location": "8",
        "pedestrian_movement": "3",
        "pedestrian_road_maintenance_worker": "2",
        "sex_of_casualty": "1",
        "vehicle_reference": 1,
        "geometry_source": "inherited_from_linked_collision",
        "source_year": 2022
      }
    },
    {
      "type": "Feature",
      "id": "2022131134654:1",
      "geometry": {
        "type": "Point",
        "coordinates": [
          -1.915083,
          53.706756
        ]
      },
      "properties": {
        "age_band_of_casualty": "9",
        "age_of_casualty": 58,
        "bus_or_coach_passenger": "0",
        "car_passenger": "0",
        "casualty_adjusted_severity_serious": "0",
        "casualty_adjusted_severity_slight": "1",
        "casualty_class": "1",
        "casualty_distance_banding": "-1",
        "casualty_imd_decile": "4",
        "casualty_injury_based": "1",
        "casualty_reference": 1,
        "casualty_severity": "3",
        "casualty_type": "9",
        "collision_index": "2022131134654",
        "collision_ref_no": "131134654",
        "collision_year": 2022,
        "enhanced_casualty_severity": "3",
        "lsoa_of_casualty": "E01010959",
        "pedestrian_location": "0",
        "pedestrian_movement": "0",
        "pedestrian_road_maintenance_worker": "0",
        "sex_of_casualty": "1",
        "vehicle_reference": 2,
        "geometry_source": "inherited_from_linked_collision",
        "source_year": 2022
      }
    },
    {
      "type": "Feature",
      "id": "2022131209060:2",
      "geometry": {
        "type": "Point",
        "coordinates": [
          -1.830034,
          53.696266
        ]
      },
      "properties": {
        "age_band_of_casualty": "9",
        "age_of_casualty": 64,
        "bus_or_coach_passenger": "0",
        "car_passenger": "1",
        "casualty_adjusted_severity_serious": "0",
        "casualty_adjusted_severity_slight": "1",
        "casualty_class": "2",
        "casualty_distance_banding": "-1",
        "casualty_imd_decile": "2",
        "casualty_injury_based": "1",
        "casualty_reference": 2,
        "casualty_severity": "3",
        "casualty_type": "9",
        "collision_index": "2022131209060",
        "collision_ref_no": "131209060",
        "collision_year": 2022,
        "enhanced_casualty_severity": "3",
        "lsoa_of_casualty": "E01011002",
        "pedestrian_location": "0",
        "pedestrian_movement": "0",
        "pedestrian_road_maintenance_worker": "0",
        "sex_of_casualty": "2",
        "vehicle_reference": 2,
        "geometry_source": "inherited_from_linked_collision",
        "source_year": 2022
      }
    },
    {
      "type": "Feature",
      "id": "2022131255082:1",
      "geometry": {
        "type": "Point",
        "coordinates": [
          -1.863603,
          53.726752
        ]
      },
      "properties": {
        "age_band_of_casualty": "6",
        "age_of_casualty": 31,
        "bus_or_coach_passenger": "0",
        "car_passenger": "0",
        "casualty_adjusted_severity_serious": "0",
        "casualty_adjusted_severity_slight": "1",
        "casualty_class": "1",
        "casualty_distance_banding": "-1",
        "casualty_imd_decile": "2",
        "casualty_injury_based": "1",
        "casualty_reference": 1,
        "casualty_severity": "3",
        "casualty_type": "9",
        "collision_index": "2022131255082",
        "collision_ref_no": "131255082",
        "collision_year": 2022,
        "enhanced_casualty_severity": "3",
        "lsoa_of_casualty": "E01010916",
        "pedestrian_location": "0",
        "pedestrian_movement": "0",
        "pedestrian_road_maintenance_worker": "0",
        "sex_of_casualty": "1",
        "vehicle_reference": 1,
        "geometry_source": "inherited_from_linked_collision",
        "source_year": 2022
      }
    },
    {
      "type": "Feature",
      "id": "2022131175544:1",
      "geometry": {
        "type": "Point",
        "coordinates": [
          -1.866739,
          53.736975
        ]
      },
      "properties": {
        "age_band_of_casualty": "4",
        "age_of_casualty": 19,
        "bus_or_coach_passenger": "0",
        "car_passenger": "0",
        "casualty_adjusted_severity_serious": "1",
        "casualty_adjusted_severity_slight": "0",
        "casualty_class": "1",
        "casualty_distance_banding": "-1",
        "casualty_imd_decile": "9",
        "casualty_injury_based": "1",
        "casualty_reference": 1,
        "casualty_severity": "2",
        "casualty_type": "3",
        "collision_index": "2022131175544",
        "collision_ref_no": "131175544",
        "collision_year": 2022,
        "enhanced_casualty_severity": "5",
        "lsoa_of_casualty": "E01010875",
        "pedestrian_location": "0",
        "pedestrian_movement": "0",
        "pedestrian_road_maintenance_worker": "0",
        "sex_of_casualty": "1",
        "vehicle_reference": 1,
        "geometry_source": "inherited_from_linked_collision",
        "source_year": 2022
      }
    },
    {
      "type": "Feature",
      "id": "2022131145323:1",
      "geometry": {
        "type": "Point",
        "coordinates": [
          -1.962845,
          53.640555
        ]
      },
      "properties": {
        "age_band_of_casualty": "6",
        "age_of_casualty": 27,
        "bus_or_coach_passenger": "0",
        "car_passenger": "0",
        "casualty_adjusted_severity_serious": "0",
        "casualty_adjusted_severity_slight": "1",
        "casualty_class": "1",
        "casualty_distance_banding": "-1",
        "casualty_imd_decile": "7",
        "casualty_injury_based": "1",
        "casualty_reference": 1,
        "casualty_severity": "3",
        "casualty_type": "9",
        "collision_index": "2022131145323",
        "collision_ref_no": "131145323",
        "collision_year": 2022,
        "enhanced_casualty_severity": "3",
        "lsoa_of_casualty": "E01011155",
        "pedestrian_location": "0",
        "pedestrian_movement": "0",
        "pedestrian_road_maintenance_worker": "0",
        "sex_of_casualty": "1",
        "vehicle_reference": 2,
        "geometry_source": "inherited_from_linked_collision",
        "source_year": 2022
      }
    },
    {
      "type": "Feature",
      "id": "2022131148926:1",
      "geometry": {
        "type": "Point",
        "coordinates": [
          -1.976641,
          53.637467
        ]
      },
      "properties": {
        "age_band_of_casualty": "6",
        "age_of_casualty": 30,
        "bus_or_coach_passenger": "0",
        "car_passenger": "0",
        "casualty_adjusted_severity_serious": "0",
        "casualty_adjusted_severity_slight": "1",
        "casualty_class": "1",
        "casualty_distance_banding": "-1",
        "casualty_imd_decile": "1",
        "casualty_injury_based": "1",
        "casualty_reference": 1,
        "casualty_severity": "3",
        "casualty_type": "9",
        "collision_index": "2022131148926",
        "collision_ref_no": "131148926",
        "collision_year": 2022,
        "enhanced_casualty_severity": "3",
        "lsoa_of_casualty": "E01007127",
        "pedestrian_location": "0",
        "pedestrian_movement": "0",
        "pedestrian_road_maintenance_worker": "0",
        "sex_of_casualty": "1",
        "vehicle_reference": 2,
        "geometry_source": "inherited_from_linked_collision",
        "source_year": 2022
      }
    },
    {
      "type": "Feature",
      "id": "2022131163856:1",
      "geometry": {
        "type": "Point",
        "coordinates": [
          -1.955528,
          53.708935
        ]
      },
      "properties": {
        "age_band_of_casualty": "6",
        "age_of_casualty": 32,
        "bus_or_coach_passenger": "0",
        "car_passenger": "0",
        "casualty_adjusted_severity_serious": "0",
        "casualty_adjusted_severity_slight": "1",
        "casualty_class": "1",
        "casualty_distance_banding": "-1",
        "casualty_imd_decile": "1",
        "casualty_injury_based": "1",
        "casualty_reference": 1,
        "casualty_severity": "3",
        "casualty_type": "9",
        "collision_index": "2022131163856",
        "collision_ref_no": "131163856",
        "collision_year": 2022,
        "enhanced_casualty_severity": "3",
        "lsoa_of_casualty": "E01010964",
        "pedestrian_location": "0",
        "pedestrian_movement": "0",
        "pedestrian_road_maintenance_worker": "0",
        "sex_of_casualty": "1",
        "vehicle_reference": 1,
        "geometry_source": "inherited_from_linked_collision",
        "source_year": 2022
      }
    },
    {
      "type": "Feature",
      "id": "2022131163419:1",
      "geometry": {
        "type": "Point",
        "coordinates": [
          -1.732378,
          53.684314
        ]
      },
      "properties": {
        "age_band_of_casualty": "8",
        "age_of_casualty": 55,
        "bus_or_coach_passenger": "0",
        "car_passenger": "0",
        "casualty_adjusted_severity_serious": "0",
        "casualty_adjusted_severity_slight": "1",
        "casualty_class": "2",
        "casualty_distance_banding": "-1",
        "casualty_imd_decile": "5",
        "casualty_injury_based": "1",
        "casualty_reference": 1,
        "casualty_severity": "3",
        "casualty_type": "19",
        "collision_index": "2022131163419",
        "collision_ref_no": "131163419",
        "collision_year": 2022,
        "enhanced_casualty_severity": "3",
        "lsoa_of_casualty": "E01011831",
        "pedestrian_location": "0",
        "pedestrian_movement": "0",
        "pedestrian_road_maintenance_worker": "0",
        "sex_of_casualty": "1",
        "vehicle_reference": 2,
        "geometry_source": "inherited_from_linked_collision",
        "source_year": 2022
      }
    },
    {
      "type": "Feature",
      "id": "2022131215910:3",
      "geometry": {
        "type": "Point",
        "coordinates": [
          -1.87536,
          53.723196
        ]
      },
      "properties": {
        "age_band_of_casualty": "7",
        "age_of_casualty": 45,
        "bus_or_coach_passenger": "0",
        "car_passenger": "0",
        "casualty_adjusted_severity_serious": "0",
        "casualty_adjusted_severity_slight": "1",
        "casualty_class": "1",
        "casualty_distance_banding": "-1",
        "casualty_imd_decile": "8",
        "casualty_injury_based": "1",
        "casualty_reference": 3,
        "casualty_severity": "3",
        "casualty_type": "9",
        "collision_index": "2022131215910",
        "collision_ref_no": "131215910",
        "collision_year": 2022,
        "enhanced_casualty_severity": "3",
        "lsoa_of_casualty": "E01011203",
        "pedestrian_location": "0",
        "pedestrian_movement": "0",
        "pedestrian_road_maintenance_worker": "0",
        "sex_of_casualty": "2",
        "vehicle_reference": 3,
        "geometry_source": "inherited_from_linked_collision",
        "source_year": 2022
      }
    },
    {
      "type": "Feature",
      "id": "2022131227050:1",
      "geometry": {
        "type": "Point",
        "coordinates": [
          -1.859222,
          53.713498
        ]
      },
      "properties": {
        "age_band_of_casualty": "7",
        "age_of_casualty": 39,
        "bus_or_coach_passenger": "0",
        "car_passenger": "0",
        "casualty_adjusted_severity_serious": "0",
        "casualty_adjusted_severity_slight": "1",
        "casualty_class": "1",
        "casualty_distance_banding": "-1",
        "casualty_imd_decile": "6",
        "casualty_injury_based": "1",
        "casualty_reference": 1,
        "casualty_severity": "3",
        "casualty_type": "9",
        "collision_index": "2022131227050",
        "collision_ref_no": "131227050",
        "collision_year": 2022,
        "enhanced_casualty_severity": "3",
        "lsoa_of_casualty": "E01010957",
        "pedestrian_location": "0",
        "pedestrian_movement": "0",
        "pedestrian_road_maintenance_worker": "0",
        "sex_of_casualty": "2",
        "vehicle_reference": 2,
        "geometry_source": "inherited_from_linked_collision",
        "source_year": 2022
      }
    },
    {
      "type": "Feature",
      "id": "2022131237585:1",
      "geometry": {
        "type": "Point",
        "coordinates": [
          -1.868765,
          53.699425
        ]
      },
      "properties": {
        "age_band_of_casualty": "1",
        "age_of_casualty": 3,
        "bus_or_coach_passenger": "0",
        "car_passenger": "0",
        "casualty_adjusted_severity_serious": "1",
        "casualty_adjusted_severity_slight": "0",
        "casualty_class": "3",
        "casualty_distance_banding": "-1",
        "casualty_imd_decile": "3",
        "casualty_injury_based": "1",
        "casualty_reference": 1,
        "casualty_severity": "2",
        "casualty_type": "0",
        "collision_index": "2022131237585",
        "collision_ref_no": "131237585",
        "collision_year": 2022,
        "enhanced_casualty_severity": "7",
        "lsoa_of_casualty": "E01010993",
        "pedestrian_location": "1",
        "pedestrian_movement": "1",
        "pedestrian_road_maintenance_worker": "2",
        "sex_of_casualty": "1",
        "vehicle_reference": 1,
        "geometry_source": "inherited_from_linked_collision",
        "source_year": 2022
      }
    },
    {
      "type": "Feature",
      "id": "2022131139545:1",
      "geometry": {
        "type": "Point",
        "coordinates": [
          -1.901576,
          53.710682
        ]
      },
      "properties": {
        "age_band_of_casualty": "8",
        "age_of_casualty": 51,
        "bus_or_coach_passenger": "0",
        "car_passenger": "0",
        "casualty_adjusted_severity_serious": "0",
        "casualty_adjusted_severity_slight": "1",
        "casualty_class": "1",
        "casualty_distance_banding": "-1",
        "casualty_imd_decile": "7",
        "casualty_injury_based": "1",
        "casualty_reference": 1,
        "casualty_severity": "3",
        "casualty_type": "3",
        "collision_index": "2022131139545",
        "collision_ref_no": "131139545",
        "collision_year": 2022,
        "enhanced_casualty_severity": "3",
        "lsoa_of_casualty": "E01010973",
        "pedestrian_location": "0",
        "pedestrian_movement": "0",
        "pedestrian_road_maintenance_worker": "0",
        "sex_of_casualty": "1",
        "vehicle_reference": 1,
        "geometry_source": "inherited_from_linked_collision",
        "source_year": 2022
      }
    },
    {
      "type": "Feature",
      "id": "2022131163401:1",
      "geometry": {
        "type": "Point",
        "coordinates": [
          -1.778,
          53.718382
        ]
      },
      "properties": {
        "age_band_of_casualty": "5",
        "age_of_casualty": 22,
        "bus_or_coach_passenger": "0",
        "car_passenger": "1",
        "casualty_adjusted_severity_serious": "0",
        "casualty_adjusted_severity_slight": "1",
        "casualty_class": "2",
        "casualty_distance_banding": "-1",
        "casualty_imd_decile": "1",
        "casualty_injury_based": "1",
        "casualty_reference": 1,
        "casualty_severity": "3",
        "casualty_type": "9",
        "collision_index": "2022131163401",
        "collision_ref_no": "131163401",
        "collision_year": 2022,
        "enhanced_casualty_severity": "3",
        "lsoa_of_casualty": "E01011038",
        "pedestrian_location": "0",
        "pedestrian_movement": "0",
        "pedestrian_road_maintenance_worker": "0",
        "sex_of_casualty": "1",
        "vehicle_reference": 2,
        "geometry_source": "inherited_from_linked_collision",
        "source_year": 2022
      }
    },
    {
      "type": "Feature",
      "id": "2022131232511:1",
      "geometry": {
        "type": "Point",
        "coordinates": [
          -1.862303,
          53.725654
        ]
      },
      "properties": {
        "age_band_of_casualty": "6",
        "age_of_casualty": 32,
        "bus_or_coach_passenger": "0",
        "car_passenger": "0",
        "casualty_adjusted_severity_serious": "0",
        "casualty_adjusted_severity_slight": "1",
        "casualty_class": "1",
        "casualty_distance_banding": "-1",
        "casualty_imd_decile": "5",
        "casualty_injury_based": "1",
        "casualty_reference": 1,
        "casualty_severity": "3",
        "casualty_type": "21",
        "collision_index": "2022131232511",
        "collision_ref_no": "131232511",
        "collision_year": 2022,
        "enhanced_casualty_severity": "3",
        "lsoa_of_casualty": "E01008490",
        "pedestrian_location": "0",
        "pedestrian_movement": "0",
        "pedestrian_road_maintenance_worker": "0",
        "sex_of_casualty": "1",
        "vehicle_reference": 1,
        "geometry_source": "inherited_from_linked_collision",
        "source_year": 2022
      }
    },
    {
      "type": "Feature",
      "id": "2022131148926:2",
      "geometry": {
        "type": "Point",
        "coordinates": [
          -1.976641,
          53.637467
        ]
      },
      "properties": {
        "age_band_of_casualty": "6",
        "age_of_casualty": 29,
        "bus_or_coach_passenger": "0",
        "car_passenger": "1",
        "casualty_adjusted_severity_serious": "1",
        "casualty_adjusted_severity_slight": "0",
        "casualty_class": "2",
        "casualty_distance_banding": "-1",
        "casualty_imd_decile": "1",
        "casualty_injury_based": "1",
        "casualty_reference": 2,
        "casualty_severity": "2",
        "casualty_type": "9",
        "collision_index": "2022131148926",
        "collision_ref_no": "131148926",
        "collision_year": 2022,
        "enhanced_casualty_severity": "6",
        "lsoa_of_casualty": "E01007127",
        "pedestrian_location": "0",
        "pedestrian_movement": "0",
        "pedestrian_road_maintenance_worker": "0",
        "sex_of_casualty": "2",
        "vehicle_reference": 2,
        "geometry_source": "inherited_from_linked_collision",
        "source_year": 2022
      }
    },
    {
      "type": "Feature",
      "id": "2022131165771:1",
      "geometry": {
        "type": "Point",
        "coordinates": [
          -1.890786,
          53.729359
        ]
      },
      "properties": {
        "age_band_of_casualty": "6",
        "age_of_casualty": 27,
        "bus_or_coach_passenger": "0",
        "car_passenger": "0",
        "casualty_adjusted_severity_serious": "0",
        "casualty_adjusted_severity_slight": "1",
        "casualty_class": "1",
        "casualty_distance_banding": "-1",
        "casualty_imd_decile": "2",
        "casualty_injury_based": "1",
        "casualty_reference": 1,
        "casualty_severity": "3",
        "casualty_type": "9",
        "collision_index": "2022131165771",
        "collision_ref_no": "131165771",
        "collision_year": 2022,
        "enhanced_casualty_severity": "3",
        "lsoa_of_casualty": "E01010929",
        "pedestrian_location": "0",
        "pedestrian_movement": "0",
        "pedestrian_road_maintenance_worker": "0",
        "sex_of_casualty": "2",
        "vehicle_reference": 1,
        "geometry_source": "inherited_from_linked_collision",
        "source_year": 2022
      }
    },
    {
      "type": "Feature",
      "id": "2022131172029:4",
      "geometry": {
        "type": "Point",
        "coordinates": [
          -1.872337,
          53.700489
        ]
      },
      "properties": {
        "age_band_of_casualty": "4",
        "age_of_casualty": 20,
        "bus_or_coach_passenger": "0",
        "car_passenger": "2",
        "casualty_adjusted_severity_serious": "0",
        "casualty_adjusted_severity_slight": "1",
        "casualty_class": "2",
        "casualty_distance_banding": "-1",
        "casualty_imd_decile": "7",
        "casualty_injury_based": "1",
        "casualty_reference": 4,
        "casualty_severity": "3",
        "casualty_type": "9",
        "collision_index": "2022131172029",
        "collision_ref_no": "131172029",
        "collision_year": 2022,
        "enhanced_casualty_severity": "3",
        "lsoa_of_casualty": "E01010636",
        "pedestrian_location": "0",
        "pedestrian_movement": "0",
        "pedestrian_road_maintenance_worker": "0",
        "sex_of_casualty": "2",
        "vehicle_reference": 2,
        "geometry_source": "inherited_from_linked_collision",
        "source_year": 2022
      }
    },
    {
      "type": "Feature",
      "id": "2022131196491:1",
      "geometry": {
        "type": "Point",
        "coordinates": [
          -1.824818,
          53.726989
        ]
      },
      "properties": {
        "age_band_of_casualty": "4",
        "age_of_casualty": 18,
        "bus_or_coach_passenger": "0",
        "car_passenger": "0",
        "casualty_adjusted_severity_serious": "0",
        "casualty_adjusted_severity_slight": "1",
        "casualty_class": "1",
        "casualty_distance_banding": "-1",
        "casualty_imd_decile": "8",
        "casualty_injury_based": "1",
        "casualty_reference": 1,
        "casualty_severity": "3",
        "casualty_type": "9",
        "collision_index": "2022131196491",
        "collision_ref_no": "131196491",
        "collision_year": 2022,
        "enhanced_casualty_severity": "3",
        "lsoa_of_casualty": "E01010876",
        "pedestrian_location": "0",
        "pedestrian_movement": "0",
        "pedestrian_road_maintenance_worker": "0",
        "sex_of_casualty": "1",
        "vehicle_reference": 1,
        "geometry_source": "inherited_from_linked_collision",
        "source_year": 2022
      }
    },
    {
      "type": "Feature",
      "id": "2022131200991:1",
      "geometry": {
        "type": "Point",
        "coordinates": [
          -1.769141,
          53.706294
        ]
      },
      "properties": {
        "age_band_of_casualty": "4",
        "age_of_casualty": 20,
        "bus_or_coach_passenger": "0",
        "car_passenger": "1",
        "casualty_adjusted_severity_serious": "0",
        "casualty_adjusted_severity_slight": "1",
        "casualty_class": "2",
        "casualty_distance_banding": "-1",
        "casualty_imd_decile": "8",
        "casualty_injury_based": "1",
        "casualty_reference": 1,
        "casualty_severity": "3",
        "casualty_type": "9",
        "collision_index": "2022131200991",
        "collision_ref_no": "131200991",
        "collision_year": 2022,
        "enhanced_casualty_severity": "3",
        "lsoa_of_casualty": "E01010907",
        "pedestrian_location": "0",
        "pedestrian_movement": "0",
        "pedestrian_road_maintenance_worker": "0",
        "sex_of_casualty": "1",
        "vehicle_reference": 1,
        "geometry_source": "inherited_from_linked_collision",
        "source_year": 2022
      }
    },
    {
      "type": "Feature",
      "id": "2022131239027:1",
      "geometry": {
        "type": "Point",
        "coordinates": [
          -1.886438,
          53.723046
        ]
      },
      "properties": {
        "age_band_of_casualty": "7",
        "age_of_casualty": 38,
        "bus_or_coach_passenger": "0",
        "car_passenger": "0",
        "casualty_adjusted_severity_serious": "0",
        "casualty_adjusted_severity_slight": "1",
        "casualty_class": "1",
        "casualty_distance_banding": "-1",
        "casualty_imd_decile": "3",
        "casualty_injury_based": "1",
        "casualty_reference": 1,
        "casualty_severity": "3",
        "casualty_type": "9",
        "collision_index": "2022131239027",
        "collision_ref_no": "131239027",
        "collision_year": 2022,
        "enhanced_casualty_severity": "3",
        "lsoa_of_casualty": "E01010980",
        "pedestrian_location": "0",
        "pedestrian_movement": "0",
        "pedestrian_road_maintenance_worker": "0",
        "sex_of_casualty": "2",
        "vehicle_reference": 1,
        "geometry_source": "inherited_from_linked_collision",
        "source_year": 2022
      }
    },
    {
      "type": "Feature",
      "id": "2022131241025:1",
      "geometry": {
        "type": "Point",
        "coordinates": [
          -1.831772,
          53.681933
        ]
      },
      "properties": {
        "age_band_of_casualty": "9",
        "age_of_casualty": 59,
        "bus_or_coach_passenger": "0",
        "car_passenger": "0",
        "casualty_adjusted_severity_serious": "0",
        "casualty_adjusted_severity_slight": "1",
        "casualty_class": "1",
        "casualty_distance_banding": "-1",
        "casualty_imd_decile": "8",
        "casualty_injury_based": "1",
        "casualty_reference": 1,
        "casualty_severity": "3",
        "casualty_type": "1",
        "collision_index": "2022131241025",
        "collision_ref_no": "131241025",
        "collision_year": 2022,
        "enhanced_casualty_severity": "3",
        "lsoa_of_casualty": "E01010972",
        "pedestrian_location": "0",
        "pedestrian_movement": "0",
        "pedestrian_road_maintenance_worker": "0",
        "sex_of_casualty": "1",
        "vehicle_reference": 2,
        "geometry_source": "inherited_from_linked_collision",
        "source_year": 2022
      }
    },
    {
      "type": "Feature",
      "id": "2022131186669:1",
      "geometry": {
        "type": "Point",
        "coordinates": [
          -1.826788,
          53.697412
        ]
      },
      "properties": {
        "age_band_of_casualty": "6",
        "age_of_casualty": 34,
        "bus_or_coach_passenger": "0",
        "car_passenger": "0",
        "casualty_adjusted_severity_serious": "0",
        "casualty_adjusted_severity_slight": "1",
        "casualty_class": "1",
        "casualty_distance_banding": "-1",
        "casualty_imd_decile": "7",
        "casualty_injury_based": "1",
        "casualty_reference": 1,
        "casualty_severity": "3",
        "casualty_type": "9",
        "collision_index": "2022131186669",
        "collision_ref_no": "131186669",
        "collision_year": 2022,
        "enhanced_casualty_severity": "3",
        "lsoa_of_casualty": "E01011145",
        "pedestrian_location": "0",
        "pedestrian_movement": "0",
        "pedestrian_road_maintenance_worker": "0",
        "sex_of_casualty": "1",
        "vehicle_reference": 1,
        "geometry_source": "inherited_from_linked_collision",
        "source_year": 2022
      }
    },
    {
      "type": "Feature",
      "id": "2022131187466:1",
      "geometry": {
        "type": "Point",
        "coordinates": [
          -2.078256,
          53.717123
        ]
      },
      "properties": {
        "age_band_of_casualty": "8",
        "age_of_casualty": 47,
        "bus_or_coach_passenger": "0",
        "car_passenger": "0",
        "casualty_adjusted_severity_serious": "0",
        "casualty_adjusted_severity_slight": "1",
        "casualty_class": "1",
        "casualty_distance_banding": "-1",
        "casualty_imd_decile": "7",
        "casualty_injury_based": "1",
        "casualty_reference": 1,
        "casualty_severity": "3",
        "casualty_type": "9",
        "collision_index": "2022131187466",
        "collision_ref_no": "131187466",
        "collision_year": 2022,
        "enhanced_casualty_severity": "3",
        "lsoa_of_casualty": "E01010918",
        "pedestrian_location": "0",
        "pedestrian_movement": "0",
        "pedestrian_road_maintenance_worker": "0",
        "sex_of_casualty": "2",
        "vehicle_reference": 1,
        "geometry_source": "inherited_from_linked_collision",
        "source_year": 2022
      }
    },
    {
      "type": "Feature",
      "id": "2022131212232:1",
      "geometry": {
        "type": "Point",
        "coordinates": [
          -1.899945,
          53.714986
        ]
      },
      "properties": {
        "age_band_of_casualty": "4",
        "age_of_casualty": 20,
        "bus_or_coach_passenger": "0",
        "car_passenger": "0",
        "casualty_adjusted_severity_serious": "0",
        "casualty_adjusted_severity_slight": "1",
        "casualty_class": "1",
        "casualty_distance_banding": "-1",
        "casualty_imd_decile": "6",
        "casualty_injury_based": "1",
        "casualty_reference": 1,
        "casualty_severity": "3",
        "casualty_type": "9",
        "collision_index": "2022131212232",
        "collision_ref_no": "131212232",
        "collision_year": 2022,
        "enhanced_casualty_severity": "3",
        "lsoa_of_casualty": "E01010634",
        "pedestrian_location": "0",
        "pedestrian_movement": "0",
        "pedestrian_road_maintenance_worker": "0",
        "sex_of_casualty": "1",
        "vehicle_reference": 1,
        "geometry_source": "inherited_from_linked_collision",
        "source_year": 2022
      }
    },
    {
      "type": "Feature",
      "id": "2022131137431:1",
      "geometry": {
        "type": "Point",
        "coordinates": [
          -1.879914,
          53.736548
        ]
      },
      "properties": {
        "age_band_of_casualty": "7",
        "age_of_casualty": 41,
        "bus_or_coach_passenger": "0",
        "car_passenger": "0",
        "casualty_adjusted_severity_serious": "0",
        "casualty_adjusted_severity_slight": "1",
        "casualty_class": "1",
        "casualty_distance_banding": "-1",
        "casualty_imd_decile": "6",
        "casualty_injury_based": "1",
        "casualty_reference": 1,
        "casualty_severity": "3",
        "casualty_type": "9",
        "collision_index": "2022131137431",
        "collision_ref_no": "131137431",
        "collision_year": 2022,
        "enhanced_casualty_severity": "3",
        "lsoa_of_casualty": "E01010915",
        "pedestrian_location": "0",
        "pedestrian_movement": "0",
        "pedestrian_road_maintenance_worker": "0",
        "sex_of_casualty": "2",
        "vehicle_reference": 1,
        "geometry_source": "inherited_from_linked_collision",
        "source_year": 2022
      }
    },
    {
      "type": "Feature",
      "id": "2022131150317:1",
      "geometry": {
        "type": "Point",
        "coordinates": [
          -1.87229,
          53.736046
        ]
      },
      "properties": {
        "age_band_of_casualty": "4",
        "age_of_casualty": 18,
        "bus_or_coach_passenger": "0",
        "car_passenger": "0",
        "casualty_adjusted_severity_serious": "1",
        "casualty_adjusted_severity_slight": "0",
        "casualty_class": "1",
        "casualty_distance_banding": "-1",
        "casualty_imd_decile": "3",
        "casualty_injury_based": "1",
        "casualty_reference": 1,
        "casualty_severity": "2",
        "casualty_type": "9",
        "collision_index": "2022131150317",
        "collision_ref_no": "131150317",
        "collision_year": 2022,
        "enhanced_casualty_severity": "6",
        "lsoa_of_casualty": "E01010940",
        "pedestrian_location": "0",
        "pedestrian_movement": "0",
        "pedestrian_road_maintenance_worker": "0",
        "sex_of_casualty": "2",
        "vehicle_reference": 1,
        "geometry_source": "inherited_from_linked_collision",
        "source_year": 2022
      }
    },
    {
      "type": "Feature",
      "id": "2022131182568:1",
      "geometry": {
        "type": "Point",
        "coordinates": [
          -1.861735,
          53.686159
        ]
      },
      "properties": {
        "age_band_of_casualty": "6",
        "age_of_casualty": 35,
        "bus_or_coach_passenger": "0",
        "car_passenger": "0",
        "casualty_adjusted_severity_serious": "1",
        "casualty_adjusted_severity_slight": "0",
        "casualty_class": "1",
        "casualty_distance_banding": "-1",
        "casualty_imd_decile": "6",
        "casualty_injury_based": "1",
        "casualty_reference": 1,
        "casualty_severity": "2",
        "casualty_type": "9",
        "collision_index": "2022131182568",
        "collision_ref_no": "131182568",
        "collision_year": 2022,
        "enhanced_casualty_severity": "6",
        "lsoa_of_casualty": "E01010927",
        "pedestrian_location": "0",
        "pedestrian_movement": "0",
        "pedestrian_road_maintenance_worker": "0",
        "sex_of_casualty": "2",
        "vehicle_reference": 1,
        "geometry_source": "inherited_from_linked_collision",
        "source_year": 2022
      }
    },
    {
      "type": "Feature",
      "id": "2022131216328:1",
      "geometry": {
        "type": "Point",
        "coordinates": [
          -1.884419,
          53.73551
        ]
      },
      "properties": {
        "age_band_of_casualty": "11",
        "age_of_casualty": 79,
        "bus_or_coach_passenger": "0",
        "car_passenger": "1",
        "casualty_adjusted_severity_serious": "1",
        "casualty_adjusted_severity_slight": "0",
        "casualty_class": "2",
        "casualty_distance_banding": "-1",
        "casualty_imd_decile": "8",
        "casualty_injury_based": "1",
        "casualty_reference": 1,
        "casualty_severity": "2",
        "casualty_type": "9",
        "collision_index": "2022131216328",
        "collision_ref_no": "131216328",
        "collision_year": 2022,
        "enhanced_casualty_severity": "6",
        "lsoa_of_casualty": "E01010977",
        "pedestrian_location": "0",
        "pedestrian_movement": "0",
        "pedestrian_road_maintenance_worker": "0",
        "sex_of_casualty": "2",
        "vehicle_reference": 1,
        "geometry_source": "inherited_from_linked_collision",
        "source_year": 2022
      }
    },
    {
      "type": "Feature",
      "id": "2022131168674:1",
      "geometry": {
        "type": "Point",
        "coordinates": [
          -2.097811,
          53.713954
        ]
      },
      "properties": {
        "age_band_of_casualty": "6",
        "age_of_casualty": 32,
        "bus_or_coach_passenger": "0",
        "car_passenger": "0",
        "casualty_adjusted_severity_serious": "0",
        "casualty_adjusted_severity_slight": "1",
        "casualty_class": "1",
        "casualty_distance_banding": "-1",
        "casualty_imd_decile": "1",
        "casualty_injury_based": "1",
        "casualty_reference": 1,
        "casualty_severity": "3",
        "casualty_type": "3",
        "collision_index": "2022131168674",
        "collision_ref_no": "131168674",
        "collision_year": 2022,
        "enhanced_casualty_severity": "3",
        "lsoa_of_casualty": "E01025117",
        "pedestrian_location": "0",
        "pedestrian_movement": "0",
        "pedestrian_road_maintenance_worker": "0",
        "sex_of_casualty": "1",
        "vehicle_reference": 1,
        "geometry_source": "inherited_from_linked_collision",
        "source_year": 2022
      }
    },
    {
      "type": "Feature",
      "id": "2022131203589:1",
      "geometry": {
        "type": "Point",
        "coordinates": [
          -2.13109,
          53.730487
        ]
      },
      "properties": {
        "age_band_of_casualty": "4",
        "age_of_casualty": 17,
        "bus_or_coach_passenger": "0",
        "car_passenger": "0",
        "casualty_adjusted_severity_serious": "0",
        "casualty_adjusted_severity_slight": "1",
        "casualty_class": "1",
        "casualty_distance_banding": "-1",
        "casualty_imd_decile": "3",
        "casualty_injury_based": "1",
        "casualty_reference": 1,
        "casualty_severity": "3",
        "casualty_type": "1",
        "collision_index": "2022131203589",
        "collision_ref_no": "131203589",
        "collision_year": 2022,
        "enhanced_casualty_severity": "3",
        "lsoa_of_casualty": "E01011330",
        "pedestrian_location": "0",
        "pedestrian_movement": "0",
        "pedestrian_road_maintenance_worker": "0",
        "sex_of_casualty": "1",
        "vehicle_reference": 2,
        "geometry_source": "inherited_from_linked_collision",
        "source_year": 2022
      }
    },
    {
      "type": "Feature",
      "id": "2022131253086:1",
      "geometry": {
        "type": "Point",
        "coordinates": [
          -1.940308,
          53.651656
        ]
      },
      "properties": {
        "age_band_of_casualty": "9",
        "age_of_casualty": 61,
        "bus_or_coach_passenger": "0",
        "car_passenger": "0",
        "casualty_adjusted_severity_serious": "1",
        "casualty_adjusted_severity_slight": "0",
        "casualty_class": "1",
        "casualty_distance_banding": "-1",
        "casualty_imd_decile": "8",
        "casualty_injury_based": "1",
        "casualty_reference": 1,
        "casualty_severity": "2",
        "casualty_type": "1",
        "collision_index": "2022131253086",
        "collision_ref_no": "131253086",
        "collision_year": 2022,
        "enhanced_casualty_severity": "6",
        "lsoa_of_casualty": "E01011047",
        "pedestrian_location": "0",
        "pedestrian_movement": "0",
        "pedestrian_road_maintenance_worker": "0",
        "sex_of_casualty": "1",
        "vehicle_reference": 1,
        "geometry_source": "inherited_from_linked_collision",
        "source_year": 2022
      }
    },
    {
      "type": "Feature",
      "id": "2022131157506:1",
      "geometry": {
        "type": "Point",
        "coordinates": [
          -1.745435,
          53.711046
        ]
      },
      "properties": {
        "age_band_of_casualty": "5",
        "age_of_casualty": 25,
        "bus_or_coach_passenger": "0",
        "car_passenger": "0",
        "casualty_adjusted_severity_serious": "0",
        "casualty_adjusted_severity_slight": "1",
        "casualty_class": "1",
        "casualty_distance_banding": "-1",
        "casualty_imd_decile": "1",
        "casualty_injury_based": "1",
        "casualty_reference": 1,
        "casualty_severity": "3",
        "casualty_type": "9",
        "collision_index": "2022131157506",
        "collision_ref_no": "131157506",
        "collision_year": 2022,
        "enhanced_casualty_severity": "3",
        "lsoa_of_casualty": "E01010730",
        "pedestrian_location": "0",
        "pedestrian_movement": "0",
        "pedestrian_road_maintenance_worker": "0",
        "sex_of_casualty": "1",
        "vehicle_reference": 3,
        "geometry_source": "inherited_from_linked_collision",
        "source_year": 2022
      }
    },
    {
      "type": "Feature",
      "id": "2022131172029:1",
      "geometry": {
        "type": "Point",
        "coordinates": [
          -1.872337,
          53.700489
        ]
      },
      "properties": {
        "age_band_of_casualty": "5",
        "age_of_casualty": 22,
        "bus_or_coach_passenger": "0",
        "car_passenger": "0",
        "casualty_adjusted_severity_serious": "0",
        "casualty_adjusted_severity_slight": "1",
        "casualty_class": "1",
        "casualty_distance_banding": "-1",
        "casualty_imd_decile": "4",
        "casualty_injury_based": "1",
        "casualty_reference": 1,
        "casualty_severity": "3",
        "casualty_type": "9",
        "collision_index": "2022131172029",
        "collision_ref_no": "131172029",
        "collision_year": 2022,
        "enhanced_casualty_severity": "3",
        "lsoa_of_casualty": "E01010959",
        "pedestrian_location": "0",
        "pedestrian_movement": "0",
        "pedestrian_road_maintenance_worker": "0",
        "sex_of_casualty": "1",
        "vehicle_reference": 2,
        "geometry_source": "inherited_from_linked_collision",
        "source_year": 2022
      }
    },
    {
      "type": "Feature",
      "id": "2022131192053:1",
      "geometry": {
        "type": "Point",
        "coordinates": [
          -1.804973,
          53.757626
        ]
      },
      "properties": {
        "age_band_of_casualty": "6",
        "age_of_casualty": 27,
        "bus_or_coach_passenger": "0",
        "car_passenger": "1",
        "casualty_adjusted_severity_serious": "1",
        "casualty_adjusted_severity_slight": "0",
        "casualty_class": "2",
        "casualty_distance_banding": "-1",
        "casualty_imd_decile": "1",
        "casualty_injury_based": "1",
        "casualty_reference": 1,
        "casualty_severity": "2",
        "casualty_type": "9",
        "collision_index": "2022131192053",
        "collision_ref_no": "131192053",
        "collision_year": 2022,
        "enhanced_casualty_severity": "7",
        "lsoa_of_casualty": "E01010743",
        "pedestrian_location": "0",
        "pedestrian_movement": "0",
        "pedestrian_road_maintenance_worker": "0",
        "sex_of_casualty": "2",
        "vehicle_reference": 2,
        "geometry_source": "inherited_from_linked_collision",
        "source_year": 2022
      }
    },
    {
      "type": "Feature",
      "id": "2022131214408:1",
      "geometry": {
        "type": "Point",
        "coordinates": [
          -2.008528,
          53.739385
        ]
      },
      "properties": {
        "age_band_of_casualty": "6",
        "age_of_casualty": 35,
        "bus_or_coach_passenger": "0",
        "car_passenger": "0",
        "casualty_adjusted_severity_serious": "1",
        "casualty_adjusted_severity_slight": "0",
        "casualty_class": "3",
        "casualty_distance_banding": "-1",
        "casualty_imd_decile": "7",
        "casualty_injury_based": "1",
        "casualty_reference": 1,
        "casualty_severity": "2",
        "casualty_type": "0",
        "collision_index": "2022131214408",
        "collision_ref_no": "131214408",
        "collision_year": 2022,
        "enhanced_casualty_severity": "7",
        "lsoa_of_casualty": "E01010887",
        "pedestrian_location": "8",
        "pedestrian_movement": "5",
        "pedestrian_road_maintenance_worker": "2",
        "sex_of_casualty": "1",
        "vehicle_reference": 1,
        "geometry_source": "inherited_from_linked_collision",
        "source_year": 2022
      }
    },
    {
      "type": "Feature",
      "id": "2022131235922:1",
      "geometry": {
        "type": "Point",
        "coordinates": [
          -1.831758,
          53.731026
        ]
      },
      "properties": {
        "age_band_of_casualty": "5",
        "age_of_casualty": 24,
        "bus_or_coach_passenger": "0",
        "car_passenger": "0",
        "casualty_adjusted_severity_serious": "0",
        "casualty_adjusted_severity_slight": "1",
        "casualty_class": "3",
        "casualty_distance_banding": "-1",
        "casualty_imd_decile": "2",
        "casualty_injury_based": "1",
        "casualty_reference": 1,
        "casualty_severity": "3",
        "casualty_type": "0",
        "collision_index": "2022131235922",
        "collision_ref_no": "131235922",
        "collision_year": 2022,
        "enhanced_casualty_severity": "3",
        "lsoa_of_casualty": "E01010749",
        "pedestrian_location": "10",
        "pedestrian_movement": "9",
        "pedestrian_road_maintenance_worker": "2",
        "sex_of_casualty": "2",
        "vehicle_reference": 1,
        "geometry_source": "inherited_from_linked_collision",
        "source_year": 2022
      }
    },
    {
      "type": "Feature",
      "id": "2022131162517:1",
      "geometry": {
        "type": "Point",
        "coordinates": [
          -1.861573,
          53.698779
        ]
      },
      "properties": {
        "age_band_of_casualty": "7",
        "age_of_casualty": 40,
        "bus_or_coach_passenger": "0",
        "car_passenger": "0",
        "casualty_adjusted_severity_serious": "0",
        "casualty_adjusted_severity_slight": "1",
        "casualty_class": "1",
        "casualty_distance_banding": "-1",
        "casualty_imd_decile": "9",
        "casualty_injury_based": "1",
        "casualty_reference": 1,
        "casualty_severity": "3",
        "casualty_type": "9",
        "collision_index": "2022131162517",
        "collision_ref_no": "131162517",
        "collision_year": 2022,
        "enhanced_casualty_severity": "3",
        "lsoa_of_casualty": "E01011011",
        "pedestrian_location": "0",
        "pedestrian_movement": "0",
        "pedestrian_road_maintenance_worker": "0",
        "sex_of_casualty": "2",
        "vehicle_reference": 2,
        "geometry_source": "inherited_from_linked_collision",
        "source_year": 2022
      }
    },
    {
      "type": "Feature",
      "id": "2022131171582:1",
      "geometry": {
        "type": "Point",
        "coordinates": [
          -1.855808,
          53.723723
        ]
      },
      "properties": {
        "age_band_of_casualty": "7",
        "age_of_casualty": 43,
        "bus_or_coach_passenger": "0",
        "car_passenger": "0",
        "casualty_adjusted_severity_serious": "0",
        "casualty_adjusted_severity_slight": "1",
        "casualty_class": "1",
        "casualty_distance_banding": "-1",
        "casualty_imd_decile": "8",
        "casualty_injury_based": "1",
        "casualty_reference": 1,
        "casualty_severity": "3",
        "casualty_type": "9",
        "collision_index": "2022131171582",
        "collision_ref_no": "131171582",
        "collision_year": 2022,
        "enhanced_casualty_severity": "3",
        "lsoa_of_casualty": "E01004970",
        "pedestrian_location": "0",
        "pedestrian_movement": "0",
        "pedestrian_road_maintenance_worker": "0",
        "sex_of_casualty": "2",
        "vehicle_reference": 2,
        "geometry_source": "inherited_from_linked_collision",
        "source_year": 2022
      }
    },
    {
      "type": "Feature",
      "id": "2022131175681:1",
      "geometry": {
        "type": "Point",
        "coordinates": [
          -1.867002,
          53.72077
        ]
      },
      "properties": {
        "age_band_of_casualty": "7",
        "age_of_casualty": 39,
        "bus_or_coach_passenger": "0",
        "car_passenger": "2",
        "casualty_adjusted_severity_serious": "0",
        "casualty_adjusted_severity_slight": "1",
        "casualty_class": "2",
        "casualty_distance_banding": "-1",
        "casualty_imd_decile": "1",
        "casualty_injury_based": "1",
        "casualty_reference": 1,
        "casualty_severity": "3",
        "casualty_type": "9",
        "collision_index": "2022131175681",
        "collision_ref_no": "131175681",
        "collision_year": 2022,
        "enhanced_casualty_severity": "3",
        "lsoa_of_casualty": "E01011001",
        "pedestrian_location": "0",
        "pedestrian_movement": "0",
        "pedestrian_road_maintenance_worker": "0",
        "sex_of_casualty": "2",
        "vehicle_reference": 2,
        "geometry_source": "inherited_from_linked_collision",
        "source_year": 2022
      }
    },
    {
      "type": "Feature",
      "id": "2022131201044:1",
      "geometry": {
        "type": "Point",
        "coordinates": [
          -1.838432,
          53.686436
        ]
      },
      "properties": {
        "age_band_of_casualty": "7",
        "age_of_casualty": 40,
        "bus_or_coach_passenger": "0",
        "car_passenger": "0",
        "casualty_adjusted_severity_serious": "0",
        "casualty_adjusted_severity_slight": "1",
        "casualty_class": "1",
        "casualty_distance_banding": "-1",
        "casualty_imd_decile": "2",
        "casualty_injury_based": "1",
        "casualty_reference": 1,
        "casualty_severity": "3",
        "casualty_type": "9",
        "collision_index": "2022131201044",
        "collision_ref_no": "131201044",
        "collision_year": 2022,
        "enhanced_casualty_severity": "3",
        "lsoa_of_casualty": "E01010942",
        "pedestrian_location": "0",
        "pedestrian_movement": "0",
        "pedestrian_road_maintenance_worker": "0",
        "sex_of_casualty": "1",
        "vehicle_reference": 2,
        "geometry_source": "inherited_from_linked_collision",
        "source_year": 2022
      }
    },
    {
      "type": "Feature",
      "id": "2022131203264:2",
      "geometry": {
        "type": "Point",
        "coordinates": [
          -1.993179,
          53.784721
        ]
      },
      "properties": {
        "age_band_of_casualty": "10",
        "age_of_casualty": 69,
        "bus_or_coach_passenger": "0",
        "car_passenger": "1",
        "casualty_adjusted_severity_serious": "0",
        "casualty_adjusted_severity_slight": "1",
        "casualty_class": "2",
        "casualty_distance_banding": "-1",
        "casualty_imd_decile": "6",
        "casualty_injury_based": "1",
        "casualty_reference": 2,
        "casualty_severity": "3",
        "casualty_type": "9",
        "collision_index": "2022131203264",
        "collision_ref_no": "131203264",
        "collision_year": 2022,
        "enhanced_casualty_severity": "3",
        "lsoa_of_casualty": "E01010888",
        "pedestrian_location": "0",
        "pedestrian_movement": "0",
        "pedestrian_road_maintenance_worker": "0",
        "sex_of_casualty": "1",
        "vehicle_reference": 1,
        "geometry_source": "inherited_from_linked_collision",
        "source_year": 2022
      }
    },
    {
      "type": "Feature",
      "id": "2022131218350:3",
      "geometry": {
        "type": "Point",
        "coordinates": [
          -1.772138,
          53.712241
        ]
      },
      "properties": {
        "age_band_of_casualty": "4",
        "age_of_casualty": 17,
        "bus_or_coach_passenger": "0",
        "car_passenger": "2",
        "casualty_adjusted_severity_serious": "0",
        "casualty_adjusted_severity_slight": "1",
        "casualty_class": "2",
        "casualty_distance_banding": "-1",
        "casualty_imd_decile": "1",
        "casualty_injury_based": "1",
        "casualty_reference": 3,
        "casualty_severity": "3",
        "casualty_type": "9",
        "collision_index": "2022131218350",
        "collision_ref_no": "131218350",
        "collision_year": 2022,
        "enhanced_casualty_severity": "3",
        "lsoa_of_casualty": "E01010610",
        "pedestrian_location": "0",
        "pedestrian_movement": "0",
        "pedestrian_road_maintenance_worker": "0",
        "sex_of_casualty": "1",
        "vehicle_reference": 1,
        "geometry_source": "inherited_from_linked_collision",
        "source_year": 2022
      }
    },
    {
      "type": "Feature",
      "id": "2022131183041:1",
      "geometry": {
        "type": "Point",
        "coordinates": [
          -1.874195,
          53.686641
        ]
      },
      "properties": {
        "age_band_of_casualty": "11",
        "age_of_casualty": 78,
        "bus_or_coach_passenger": "0",
        "car_passenger": "0",
        "casualty_adjusted_severity_serious": "1",
        "casualty_adjusted_severity_slight": "0",
        "casualty_class": "1",
        "casualty_distance_banding": "-1",
        "casualty_imd_decile": "7",
        "casualty_injury_based": "1",
        "casualty_reference": 1,
        "casualty_severity": "2",
        "casualty_type": "9",
        "collision_index": "2022131183041",
        "collision_ref_no": "131183041",
        "collision_year": 2022,
        "enhanced_casualty_severity": "6",
        "lsoa_of_casualty": "E01010897",
        "pedestrian_location": "0",
        "pedestrian_movement": "0",
        "pedestrian_road_maintenance_worker": "0",
        "sex_of_casualty": "2",
        "vehicle_reference": 1,
        "geometry_source": "inherited_from_linked_collision",
        "source_year": 2022
      }
    },
    {
      "type": "Feature",
      "id": "2022131219221:2",
      "geometry": {
        "type": "Point",
        "coordinates": [
          -1.883674,
          53.714226
        ]
      },
      "properties": {
        "age_band_of_casualty": "9",
        "age_of_casualty": 64,
        "bus_or_coach_passenger": "0",
        "car_passenger": "0",
        "casualty_adjusted_severity_serious": "0",
        "casualty_adjusted_severity_slight": "1",
        "casualty_class": "2",
        "casualty_distance_banding": "-1",
        "casualty_imd_decile": "2",
        "casualty_injury_based": "1",
        "casualty_reference": 2,
        "casualty_severity": "3",
        "casualty_type": "9",
        "collision_index": "2022131219221",
        "collision_ref_no": "131219221",
        "collision_year": 2022,
        "enhanced_casualty_severity": "3",
        "lsoa_of_casualty": "E01011236",
        "pedestrian_location": "0",
        "pedestrian_movement": "0",
        "pedestrian_road_maintenance_worker": "0",
        "sex_of_casualty": "2",
        "vehicle_reference": 2,
        "geometry_source": "inherited_from_linked_collision",
        "source_year": 2022
      }
    },
    {
      "type": "Feature",
      "id": "2022131241265:1",
      "geometry": {
        "type": "Point",
        "coordinates": [
          -1.875064,
          53.720527
        ]
      },
      "properties": {
        "age_band_of_casualty": "4",
        "age_of_casualty": 20,
        "bus_or_coach_passenger": "0",
        "car_passenger": "0",
        "casualty_adjusted_severity_serious": "0",
        "casualty_adjusted_severity_slight": "1",
        "casualty_class": "1",
        "casualty_distance_banding": "-1",
        "casualty_imd_decile": "8",
        "casualty_injury_based": "1",
        "casualty_reference": 1,
        "casualty_severity": "3",
        "casualty_type": "9",
        "collision_index": "2022131241265",
        "collision_ref_no": "131241265",
        "collision_year": 2022,
        "enhanced_casualty_severity": "3",
        "lsoa_of_casualty": "E01010972",
        "pedestrian_location": "0",
        "pedestrian_movement": "0",
        "pedestrian_road_maintenance_worker": "0",
        "sex_of_casualty": "1",
        "vehicle_reference": 1,
        "geometry_source": "inherited_from_linked_collision",
        "source_year": 2022
      }
    },
    {
      "type": "Feature",
      "id": "2022131249580:1",
      "geometry": {
        "type": "Point",
        "coordinates": [
          -1.781356,
          53.687631
        ]
      },
      "properties": {
        "age_band_of_casualty": "10",
        "age_of_casualty": 71,
        "bus_or_coach_passenger": "0",
        "car_passenger": "0",
        "casualty_adjusted_severity_serious": "0",
        "casualty_adjusted_severity_slight": "0",
        "casualty_class": "3",
        "casualty_distance_banding": "-1",
        "casualty_imd_decile": "8",
        "casualty_injury_based": "1",
        "casualty_reference": 1,
        "casualty_severity": "1",
        "casualty_type": "0",
        "collision_index": "2022131249580",
        "collision_ref_no": "131249580",
        "collision_year": 2022,
        "enhanced_casualty_severity": "1",
        "lsoa_of_casualty": "E01011102",
        "pedestrian_location": "5",
        "pedestrian_movement": "9",
        "pedestrian_road_maintenance_worker": "2",
        "sex_of_casualty": "1",
        "vehicle_reference": 1,
        "geometry_source": "inherited_from_linked_collision",
        "source_year": 2022
      }
    },
    {
      "type": "Feature",
      "id": "2022131149459:2",
      "geometry": {
        "type": "Point",
        "coordinates": [
          -1.778685,
          53.706195
        ]
      },
      "properties": {
        "age_band_of_casualty": "4",
        "age_of_casualty": 19,
        "bus_or_coach_passenger": "0",
        "car_passenger": "0",
        "casualty_adjusted_severity_serious": "1",
        "casualty_adjusted_severity_slight": "0",
        "casualty_class": "2",
        "casualty_distance_banding": "-1",
        "casualty_imd_decile": "4",
        "casualty_injury_based": "1",
        "casualty_reference": 2,
        "casualty_severity": "2",
        "casualty_type": "19",
        "collision_index": "2022131149459",
        "collision_ref_no": "131149459",
        "collision_year": 2022,
        "enhanced_casualty_severity": "7",
        "lsoa_of_casualty": "E01010877",
        "pedestrian_location": "0",
        "pedestrian_movement": "0",
        "pedestrian_road_maintenance_worker": "0",
        "sex_of_casualty": "1",
        "vehicle_reference": 1,
        "geometry_source": "inherited_from_linked_collision",
        "source_year": 2022
      }
    },
    {
      "type": "Feature",
      "id": "2022131239584:1",
      "geometry": {
        "type": "Point",
        "coordinates": [
          -2.027498,
          53.62926
        ]
      },
      "properties": {
        "age_band_of_casualty": "5",
        "age_of_casualty": 22,
        "bus_or_coach_passenger": "0",
        "car_passenger": "0",
        "casualty_adjusted_severity_serious": "0",
        "casualty_adjusted_severity_slight": "1",
        "casualty_class": "1",
        "casualty_distance_banding": "-1",
        "casualty_imd_decile": "6",
        "casualty_injury_based": "1",
        "casualty_reference": 1,
        "casualty_severity": "3",
        "casualty_type": "9",
        "collision_index": "2022131239584",
        "collision_ref_no": "131239584",
        "collision_year": 2022,
        "enhanced_casualty_severity": "3",
        "lsoa_of_casualty": "E01033696",
        "pedestrian_location": "0",
        "pedestrian_movement": "0",
        "pedestrian_road_maintenance_worker": "0",
        "sex_of_casualty": "2",
        "vehicle_reference": 2,
        "geometry_source": "inherited_from_linked_collision",
        "source_year": 2022
      }
    },
    {
      "type": "Feature",
      "id": "2022131206007:1",
      "geometry": {
        "type": "Point",
        "coordinates": [
          -1.792643,
          53.704935
        ]
      },
      "properties": {
        "age_band_of_casualty": "5",
        "age_of_casualty": 24,
        "bus_or_coach_passenger": "0",
        "car_passenger": "0",
        "casualty_adjusted_severity_serious": "0",
        "casualty_adjusted_severity_slight": "1",
        "casualty_class": "1",
        "casualty_distance_banding": "-1",
        "casualty_imd_decile": "2",
        "casualty_injury_based": "1",
        "casualty_reference": 1,
        "casualty_severity": "3",
        "casualty_type": "5",
        "collision_index": "2022131206007",
        "collision_ref_no": "131206007",
        "collision_year": 2022,
        "enhanced_casualty_severity": "3",
        "lsoa_of_casualty": "E01010889",
        "pedestrian_location": "0",
        "pedestrian_movement": "0",
        "pedestrian_road_maintenance_worker": "0",
        "sex_of_casualty": "1",
        "vehicle_reference": 1,
        "geometry_source": "inherited_from_linked_collision",
        "source_year": 2022
      }
    },
    {
      "type": "Feature",
      "id": "2022131209374:1",
      "geometry": {
        "type": "Point",
        "coordinates": [
          -1.866075,
          53.73577
        ]
      },
      "properties": {
        "age_band_of_casualty": "3",
        "age_of_casualty": 15,
        "bus_or_coach_passenger": "0",
        "car_passenger": "0",
        "casualty_adjusted_severity_serious": "1",
        "casualty_adjusted_severity_slight": "0",
        "casualty_class": "3",
        "casualty_distance_banding": "-1",
        "casualty_imd_decile": "1",
        "casualty_injury_based": "1",
        "casualty_reference": 1,
        "casualty_severity": "2",
        "casualty_type": "0",
        "collision_index": "2022131209374",
        "collision_ref_no": "131209374",
        "collision_year": 2022,
        "enhanced_casualty_severity": "7",
        "lsoa_of_casualty": "E01010938",
        "pedestrian_location": "5",
        "pedestrian_movement": "2",
        "pedestrian_road_maintenance_worker": "2",
        "sex_of_casualty": "1",
        "vehicle_reference": 1,
        "geometry_source": "inherited_from_linked_collision",
        "source_year": 2022
      }
    },
    {
      "type": "Feature",
      "id": "2022131225366:1",
      "geometry": {
        "type": "Point",
        "coordinates": [
          -1.860146,
          53.722586
        ]
      },
      "properties": {
        "age_band_of_casualty": "7",
        "age_of_casualty": 44,
        "bus_or_coach_passenger": "0",
        "car_passenger": "0",
        "casualty_adjusted_severity_serious": "0",
        "casualty_adjusted_severity_slight": "1",
        "casualty_class": "3",
        "casualty_distance_banding": "-1",
        "casualty_imd_decile": "5",
        "casualty_injury_based": "1",
        "casualty_reference": 1,
        "casualty_severity": "3",
        "casualty_type": "0",
        "collision_index": "2022131225366",
        "collision_ref_no": "131225366",
        "collision_year": 2022,
        "enhanced_casualty_severity": "3",
        "lsoa_of_casualty": "E01010865",
        "pedestrian_location": "5",
        "pedestrian_movement": "3",
        "pedestrian_road_maintenance_worker": "2",
        "sex_of_casualty": "2",
        "vehicle_reference": 1,
        "geometry_source": "inherited_from_linked_collision",
        "source_year": 2022
      }
    },
    {
      "type": "Feature",
      "id": "2022131146489:1",
      "geometry": {
        "type": "Point",
        "coordinates": [
          -1.935617,
          53.6722
        ]
      },
      "properties": {
        "age_band_of_casualty": "8",
        "age_of_casualty": 48,
        "bus_or_coach_passenger": "0",
        "car_passenger": "0",
        "casualty_adjusted_severity_serious": "0",
        "casualty_adjusted_severity_slight": "1",
        "casualty_class": "1",
        "casualty_distance_banding": "-1",
        "casualty_imd_decile": "9",
        "casualty_injury_based": "1",
        "casualty_reference": 1,
        "casualty_severity": "3",
        "casualty_type": "9",
        "collision_index": "2022131146489",
        "collision_ref_no": "131146489",
        "collision_year": 2022,
        "enhanced_casualty_severity": "3",
        "lsoa_of_casualty": "E01010953",
        "pedestrian_location": "0",
        "pedestrian_movement": "0",
        "pedestrian_road_maintenance_worker": "0",
        "sex_of_casualty": "2",
        "vehicle_reference": 2,
        "geometry_source": "inherited_from_linked_collision",
        "source_year": 2022
      }
    },
    {
      "type": "Feature",
      "id": "2022131203882:1",
      "geometry": {
        "type": "Point",
        "coordinates": [
          -1.878179,
          53.722939
        ]
      },
      "properties": {
        "age_band_of_casualty": "6",
        "age_of_casualty": 29,
        "bus_or_coach_passenger": "0",
        "car_passenger": "0",
        "casualty_adjusted_severity_serious": "1",
        "casualty_adjusted_severity_slight": "0",
        "casualty_class": "1",
        "casualty_distance_banding": "-1",
        "casualty_imd_decile": "8",
        "casualty_injury_based": "1",
        "casualty_reference": 1,
        "casualty_severity": "2",
        "casualty_type": "9",
        "collision_index": "2022131203882",
        "collision_ref_no": "131203882",
        "collision_year": 2022,
        "enhanced_casualty_severity": "7",
        "lsoa_of_casualty": "E01010997",
        "pedestrian_location": "0",
        "pedestrian_movement": "0",
        "pedestrian_road_maintenance_worker": "0",
        "sex_of_casualty": "2",
        "vehicle_reference": 1,
        "geometry_source": "inherited_from_linked_collision",
        "source_year": 2022
      }
    },
    {
      "type": "Feature",
      "id": "2022131254085:2",
      "geometry": {
        "type": "Point",
        "coordinates": [
          -1.935596,
          53.696226
        ]
      },
      "properties": {
        "age_band_of_casualty": "10",
        "age_of_casualty": 70,
        "bus_or_coach_passenger": "0",
        "car_passenger": "1",
        "casualty_adjusted_severity_serious": "0",
        "casualty_adjusted_severity_slight": "1",
        "casualty_class": "2",
        "casualty_distance_banding": "-1",
        "casualty_imd_decile": "3",
        "casualty_injury_based": "1",
        "casualty_reference": 2,
        "casualty_severity": "3",
        "casualty_type": "9",
        "collision_index": "2022131254085",
        "collision_ref_no": "131254085",
        "collision_year": 2022,
        "enhanced_casualty_severity": "3",
        "lsoa_of_casualty": "E01010940",
        "pedestrian_location": "0",
        "pedestrian_movement": "0",
        "pedestrian_road_maintenance_worker": "0",
        "sex_of_casualty": "2",
        "vehicle_reference": 1,
        "geometry_source": "inherited_from_linked_collision",
        "source_year": 2022
      }
    },
    {
      "type": "Feature",
      "id": "2022131134231:3",
      "geometry": {
        "type": "Point",
        "coordinates": [
          -1.891696,
          53.723383
        ]
      },
      "properties": {
        "age_band_of_casualty": "11",
        "age_of_casualty": 76,
        "bus_or_coach_passenger": "0",
        "car_passenger": "1",
        "casualty_adjusted_severity_serious": "0",
        "casualty_adjusted_severity_slight": "1",
        "casualty_class": "2",
        "casualty_distance_banding": "-1",
        "casualty_imd_decile": "2",
        "casualty_injury_based": "1",
        "casualty_reference": 3,
        "casualty_severity": "3",
        "casualty_type": "9",
        "collision_index": "2022131134231",
        "collision_ref_no": "131134231",
        "collision_year": 2022,
        "enhanced_casualty_severity": "3",
        "lsoa_of_casualty": "E01010929",
        "pedestrian_location": "0",
        "pedestrian_movement": "0",
        "pedestrian_road_maintenance_worker": "0",
        "sex_of_casualty": "2",
        "vehicle_reference": 1,
        "geometry_source": "inherited_from_linked_collision",
        "source_year": 2022
      }
    },
    {
      "type": "Feature",
      "id": "2022131139800:1",
      "geometry": {
        "type": "Point",
        "coordinates": [
          -1.895248,
          53.727053
        ]
      },
      "properties": {
        "age_band_of_casualty": "7",
        "age_of_casualty": 43,
        "bus_or_coach_passenger": "0",
        "car_passenger": "0",
        "casualty_adjusted_severity_serious": "0",
        "casualty_adjusted_severity_slight": "1",
        "casualty_class": "1",
        "casualty_distance_banding": "-1",
        "casualty_imd_decile": "3",
        "casualty_injury_based": "1",
        "casualty_reference": 1,
        "casualty_severity": "3",
        "casualty_type": "9",
        "collision_index": "2022131139800",
        "collision_ref_no": "131139800",
        "collision_year": 2022,
        "enhanced_casualty_severity": "3",
        "lsoa_of_casualty": "E01010998",
        "pedestrian_location": "0",
        "pedestrian_movement": "0",
        "pedestrian_road_maintenance_worker": "0",
        "sex_of_casualty": "1",
        "vehicle_reference": 2,
        "geometry_source": "inherited_from_linked_collision",
        "source_year": 2022
      }
    },
    {
      "type": "Feature",
      "id": "2022131169300:1",
      "geometry": {
        "type": "Point",
        "coordinates": [
          -1.812111,
          53.755426
        ]
      },
      "properties": {
        "age_band_of_casualty": "1",
        "age_of_casualty": 1,
        "bus_or_coach_passenger": "0",
        "car_passenger": "2",
        "casualty_adjusted_severity_serious": "0",
        "casualty_adjusted_severity_slight": "1",
        "casualty_class": "2",
        "casualty_distance_banding": "-1",
        "casualty_imd_decile": "8",
        "casualty_injury_based": "1",
        "casualty_reference": 1,
        "casualty_severity": "3",
        "casualty_type": "9",
        "collision_index": "2022131169300",
        "collision_ref_no": "131169300",
        "collision_year": 2022,
        "enhanced_casualty_severity": "3",
        "lsoa_of_casualty": "E01010931",
        "pedestrian_location": "0",
        "pedestrian_movement": "0",
        "pedestrian_road_maintenance_worker": "0",
        "sex_of_casualty": "1",
        "vehicle_reference": 1,
        "geometry_source": "inherited_from_linked_collision",
        "source_year": 2022
      }
    },
    {
      "type": "Feature",
      "id": "2022131207928:1",
      "geometry": {
        "type": "Point",
        "coordinates": [
          -1.910203,
          53.714734
        ]
      },
      "properties": {
        "age_band_of_casualty": "6",
        "age_of_casualty": 30,
        "bus_or_coach_passenger": "0",
        "car_passenger": "0",
        "casualty_adjusted_severity_serious": "0",
        "casualty_adjusted_severity_slight": "1",
        "casualty_class": "1",
        "casualty_distance_banding": "-1",
        "casualty_imd_decile": "4",
        "casualty_injury_based": "1",
        "casualty_reference": 1,
        "casualty_severity": "3",
        "casualty_type": "9",
        "collision_index": "2022131207928",
        "collision_ref_no": "131207928",
        "collision_year": 2022,
        "enhanced_casualty_severity": "3",
        "lsoa_of_casualty": "E01011007",
        "pedestrian_location": "0",
        "pedestrian_movement": "0",
        "pedestrian_road_maintenance_worker": "0",
        "sex_of_casualty": "1",
        "vehicle_reference": 2,
        "geometry_source": "inherited_from_linked_collision",
        "source_year": 2022
      }
    },
    {
      "type": "Feature",
      "id": "2022131202803:1",
      "geometry": {
        "type": "Point",
        "coordinates": [
          -1.776124,
          53.72343
        ]
      },
      "properties": {
        "age_band_of_casualty": "6",
        "age_of_casualty": 28,
        "bus_or_coach_passenger": "0",
        "car_passenger": "0",
        "casualty_adjusted_severity_serious": "0",
        "casualty_adjusted_severity_slight": "1",
        "casualty_class": "1",
        "casualty_distance_banding": "-1",
        "casualty_imd_decile": "4",
        "casualty_injury_based": "1",
        "casualty_reference": 1,
        "casualty_severity": "3",
        "casualty_type": "3",
        "collision_index": "2022131202803",
        "collision_ref_no": "131202803",
        "collision_year": 2022,
        "enhanced_casualty_severity": "3",
        "lsoa_of_casualty": "E01010878",
        "pedestrian_location": "0",
        "pedestrian_movement": "0",
        "pedestrian_road_maintenance_worker": "0",
        "sex_of_casualty": "1",
        "vehicle_reference": 2,
        "geometry_source": "inherited_from_linked_collision",
        "source_year": 2022
      }
    },
    {
      "type": "Feature",
      "id": "2022131238748:1",
      "geometry": {
        "type": "Point",
        "coordinates": [
          -1.913557,
          53.71204
        ]
      },
      "properties": {
        "age_band_of_casualty": "4",
        "age_of_casualty": 18,
        "bus_or_coach_passenger": "0",
        "car_passenger": "0",
        "casualty_adjusted_severity_serious": "1",
        "casualty_adjusted_severity_slight": "0",
        "casualty_class": "3",
        "casualty_distance_banding": "-1",
        "casualty_imd_decile": "3",
        "casualty_injury_based": "1",
        "casualty_reference": 1,
        "casualty_severity": "2",
        "casualty_type": "0",
        "collision_index": "2022131238748",
        "collision_ref_no": "131238748",
        "collision_year": 2022,
        "enhanced_casualty_severity": "7",
        "lsoa_of_casualty": "E01010980",
        "pedestrian_location": "10",
        "pedestrian_movement": "9",
        "pedestrian_road_maintenance_worker": "2",
        "sex_of_casualty": "1",
        "vehicle_reference": 1,
        "geometry_source": "inherited_from_linked_collision",
        "source_year": 2022
      }
    },
    {
      "type": "Feature",
      "id": "2022131244298:1",
      "geometry": {
        "type": "Point",
        "coordinates": [
          -1.862808,
          53.719632
        ]
      },
      "properties": {
        "age_band_of_casualty": "6",
        "age_of_casualty": 26,
        "bus_or_coach_passenger": "0",
        "car_passenger": "0",
        "casualty_adjusted_severity_serious": "0",
        "casualty_adjusted_severity_slight": "1",
        "casualty_class": "3",
        "casualty_distance_banding": "-1",
        "casualty_imd_decile": "6",
        "casualty_injury_based": "1",
        "casualty_reference": 1,
        "casualty_severity": "3",
        "casualty_type": "0",
        "collision_index": "2022131244298",
        "collision_ref_no": "131244298",
        "collision_year": 2022,
        "enhanced_casualty_severity": "3",
        "lsoa_of_casualty": "E01010970",
        "pedestrian_location": "5",
        "pedestrian_movement": "9",
        "pedestrian_road_maintenance_worker": "2",
        "sex_of_casualty": "2",
        "vehicle_reference": 1,
        "geometry_source": "inherited_from_linked_collision",
        "source_year": 2022
      }
    },
    {
      "type": "Feature",
      "id": "2022131163419:2",
      "geometry": {
        "type": "Point",
        "coordinates": [
          -1.732378,
          53.684314
        ]
      },
      "properties": {
        "age_band_of_casualty": "8",
        "age_of_casualty": 55,
        "bus_or_coach_passenger": "0",
        "car_passenger": "0",
        "casualty_adjusted_severity_serious": "0",
        "casualty_adjusted_severity_slight": "1",
        "casualty_class": "1",
        "casualty_distance_banding": "-1",
        "casualty_imd_decile": "5",
        "casualty_injury_based": "1",
        "casualty_reference": 2,
        "casualty_severity": "3",
        "casualty_type": "19",
        "collision_index": "2022131163419",
        "collision_ref_no": "131163419",
        "collision_year": 2022,
        "enhanced_casualty_severity": "3",
        "lsoa_of_casualty": "E01011772",
        "pedestrian_location": "0",
        "pedestrian_movement": "0",
        "pedestrian_road_maintenance_worker": "0",
        "sex_of_casualty": "1",
        "vehicle_reference": 2,
        "geometry_source": "inherited_from_linked_collision",
        "source_year": 2022
      }
    },
    {
      "type": "Feature",
      "id": "2022131205065:1",
      "geometry": {
        "type": "Point",
        "coordinates": [
          -1.779228,
          53.700803
        ]
      },
      "properties": {
        "age_band_of_casualty": "9",
        "age_of_casualty": 61,
        "bus_or_coach_passenger": "0",
        "car_passenger": "0",
        "casualty_adjusted_severity_serious": "0",
        "casualty_adjusted_severity_slight": "1",
        "casualty_class": "3",
        "casualty_distance_banding": "-1",
        "casualty_imd_decile": "5",
        "casualty_injury_based": "1",
        "casualty_reference": 1,
        "casualty_severity": "3",
        "casualty_type": "0",
        "collision_index": "2022131205065",
        "collision_ref_no": "131205065",
        "collision_year": 2022,
        "enhanced_casualty_severity": "3",
        "lsoa_of_casualty": "E01011197",
        "pedestrian_location": "5",
        "pedestrian_movement": "4",
        "pedestrian_road_maintenance_worker": "2",
        "sex_of_casualty": "1",
        "vehicle_reference": 1,
        "geometry_source": "inherited_from_linked_collision",
        "source_year": 2022
      }
    },
    {
      "type": "Feature",
      "id": "2022131208369:1",
      "geometry": {
        "type": "Point",
        "coordinates": [
          -1.887102,
          53.729841
        ]
      },
      "properties": {
        "age_band_of_casualty": "9",
        "age_of_casualty": 57,
        "bus_or_coach_passenger": "0",
        "car_passenger": "0",
        "casualty_adjusted_severity_serious": "0",
        "casualty_adjusted_severity_slight": "1",
        "casualty_class": "3",
        "casualty_distance_banding": "-1",
        "casualty_imd_decile": "1",
        "casualty_injury_based": "1",
        "casualty_reference": 1,
        "casualty_severity": "3",
        "casualty_type": "0",
        "collision_index": "2022131208369",
        "collision_ref_no": "131208369",
        "collision_year": 2022,
        "enhanced_casualty_severity": "3",
        "lsoa_of_casualty": "E01010926",
        "pedestrian_location": "5",
        "pedestrian_movement": "1",
        "pedestrian_road_maintenance_worker": "2",
        "sex_of_casualty": "1",
        "vehicle_reference": 1,
        "geometry_source": "inherited_from_linked_collision",
        "source_year": 2022
      }
    },
    {
      "type": "Feature",
      "id": "2022131150685:1",
      "geometry": {
        "type": "Point",
        "coordinates": [
          -1.876973,
          53.741731
        ]
      },
      "properties": {
        "age_band_of_casualty": "9",
        "age_of_casualty": 62,
        "bus_or_coach_passenger": "0",
        "car_passenger": "0",
        "casualty_adjusted_severity_serious": "0",
        "casualty_adjusted_severity_slight": "1",
        "casualty_class": "1",
        "casualty_distance_banding": "-1",
        "casualty_imd_decile": "6",
        "casualty_injury_based": "1",
        "casualty_reference": 1,
        "casualty_severity": "3",
        "casualty_type": "9",
        "collision_index": "2022131150685",
        "collision_ref_no": "131150685",
        "collision_year": 2022,
        "enhanced_casualty_severity": "3",
        "lsoa_of_casualty": "E01010969",
        "pedestrian_location": "0",
        "pedestrian_movement": "0",
        "pedestrian_road_maintenance_worker": "0",
        "sex_of_casualty": "1",
        "vehicle_reference": 2,
        "geometry_source": "inherited_from_linked_collision",
        "source_year": 2022
      }
    },
    {
      "type": "Feature",
      "id": "2022131165897:1",
      "geometry": {
        "type": "Point",
        "coordinates": [
          -1.997887,
          53.700719
        ]
      },
      "properties": {
        "age_band_of_casualty": "11",
        "age_of_casualty": 87,
        "bus_or_coach_passenger": "0",
        "car_passenger": "0",
        "casualty_adjusted_severity_serious": "0",
        "casualty_adjusted_severity_slight": "1",
        "casualty_class": "1",
        "casualty_distance_banding": "-1",
        "casualty_imd_decile": "-1",
        "casualty_injury_based": "1",
        "casualty_reference": 1,
        "casualty_severity": "3",
        "casualty_type": "9",
        "collision_index": "2022131165897",
        "collision_ref_no": "131165897",
        "collision_year": 2022,
        "enhanced_casualty_severity": "3",
        "lsoa_of_casualty": "-1",
        "pedestrian_location": "0",
        "pedestrian_movement": "0",
        "pedestrian_road_maintenance_worker": "0",
        "sex_of_casualty": "2",
        "vehicle_reference": 1,
        "geometry_source": "inherited_from_linked_collision",
        "source_year": 2022
      }
    },
    {
      "type": "Feature",
      "id": "2022131177015:2",
      "geometry": {
        "type": "Point",
        "coordinates": [
          -1.857607,
          53.707232
        ]
      },
      "properties": {
        "age_band_of_casualty": "7",
        "age_of_casualty": 40,
        "bus_or_coach_passenger": "0",
        "car_passenger": "0",
        "casualty_adjusted_severity_serious": "0",
        "casualty_adjusted_severity_slight": "1",
        "casualty_class": "1",
        "casualty_distance_banding": "-1",
        "casualty_imd_decile": "2",
        "casualty_injury_based": "1",
        "casualty_reference": 2,
        "casualty_severity": "3",
        "casualty_type": "9",
        "collision_index": "2022131177015",
        "collision_ref_no": "131177015",
        "collision_year": 2022,
        "enhanced_casualty_severity": "3",
        "lsoa_of_casualty": "E01010929",
        "pedestrian_location": "0",
        "pedestrian_movement": "0",
        "pedestrian_road_maintenance_worker": "0",
        "sex_of_casualty": "1",
        "vehicle_reference": 2,
        "geometry_source": "inherited_from_linked_collision",
        "source_year": 2022
      }
    },
    {
      "type": "Feature",
      "id": "2022131160076:1",
      "geometry": {
        "type": "Point",
        "coordinates": [
          -1.804897,
          53.757662
        ]
      },
      "properties": {
        "age_band_of_casualty": "6",
        "age_of_casualty": 31,
        "bus_or_coach_passenger": "0",
        "car_passenger": "0",
        "casualty_adjusted_severity_serious": "0",
        "casualty_adjusted_severity_slight": "1",
        "casualty_class": "1",
        "casualty_distance_banding": "-1",
        "casualty_imd_decile": "1",
        "casualty_injury_based": "1",
        "casualty_reference": 1,
        "casualty_severity": "3",
        "casualty_type": "9",
        "collision_index": "2022131160076",
        "collision_ref_no": "131160076",
        "collision_year": 2022,
        "enhanced_casualty_severity": "3",
        "lsoa_of_casualty": "E01033693",
        "pedestrian_location": "0",
        "pedestrian_movement": "0",
        "pedestrian_road_maintenance_worker": "0",
        "sex_of_casualty": "2",
        "vehicle_reference": 2,
        "geometry_source": "inherited_from_linked_collision",
        "source_year": 2022
      }
    },
    {
      "type": "Feature",
      "id": "2022131161766:3",
      "geometry": {
        "type": "Point",
        "coordinates": [
          -1.74669,
          53.698699
        ]
      },
      "properties": {
        "age_band_of_casualty": "6",
        "age_of_casualty": 30,
        "bus_or_coach_passenger": "0",
        "car_passenger": "0",
        "casualty_adjusted_severity_serious": "0",
        "casualty_adjusted_severity_slight": "1",
        "casualty_class": "1",
        "casualty_distance_banding": "-1",
        "casualty_imd_decile": "3",
        "casualty_injury_based": "1",
        "casualty_reference": 3,
        "casualty_severity": "3",
        "casualty_type": "9",
        "collision_index": "2022131161766",
        "collision_ref_no": "131161766",
        "collision_year": 2022,
        "enhanced_casualty_severity": "3",
        "lsoa_of_casualty": "E01010847",
        "pedestrian_location": "0",
        "pedestrian_movement": "0",
        "pedestrian_road_maintenance_worker": "0",
        "sex_of_casualty": "2",
        "vehicle_reference": 1,
        "geometry_source": "inherited_from_linked_collision",
        "source_year": 2022
      }
    },
    {
      "type": "Feature",
      "id": "2022131165710:1",
      "geometry": {
        "type": "Point",
        "coordinates": [
          -1.838057,
          53.732841
        ]
      },
      "properties": {
        "age_band_of_casualty": "7",
        "age_of_casualty": 36,
        "bus_or_coach_passenger": "0",
        "car_passenger": "0",
        "casualty_adjusted_severity_serious": "1",
        "casualty_adjusted_severity_slight": "0",
        "casualty_class": "1",
        "casualty_distance_banding": "-1",
        "casualty_imd_decile": "4",
        "casualty_injury_based": "1",
        "casualty_reference": 1,
        "casualty_severity": "2",
        "casualty_type": "9",
        "collision_index": "2022131165710",
        "collision_ref_no": "131165710",
        "collision_year": 2022,
        "enhanced_casualty_severity": "5",
        "lsoa_of_casualty": "E01011012",
        "pedestrian_location": "0",
        "pedestrian_movement": "0",
        "pedestrian_road_maintenance_worker": "0",
        "sex_of_casualty": "1",
        "vehicle_reference": 1,
        "geometry_source": "inherited_from_linked_collision",
        "source_year": 2022
      }
    },
    {
      "type": "Feature",
      "id": "2022131221627:1",
      "geometry": {
        "type": "Point",
        "coordinates": [
          -1.806725,
          53.683045
        ]
      },
      "properties": {
        "age_band_of_casualty": "7",
        "age_of_casualty": 38,
        "bus_or_coach_passenger": "0",
        "car_passenger": "0",
        "casualty_adjusted_severity_serious": "1",
        "casualty_adjusted_severity_slight": "0",
        "casualty_class": "1",
        "casualty_distance_banding": "-1",
        "casualty_imd_decile": "3",
        "casualty_injury_based": "1",
        "casualty_reference": 1,
        "casualty_severity": "2",
        "casualty_type": "9",
        "collision_index": "2022131221627",
        "collision_ref_no": "131221627",
        "collision_year": 2022,
        "enhanced_casualty_severity": "5",
        "lsoa_of_casualty": "E01011257",
        "pedestrian_location": "0",
        "pedestrian_movement": "0",
        "pedestrian_road_maintenance_worker": "0",
        "sex_of_casualty": "1",
        "vehicle_reference": 1,
        "geometry_source": "inherited_from_linked_collision",
        "source_year": 2022
      }
    },
    {
      "type": "Feature",
      "id": "2022131234086:1",
      "geometry": {
        "type": "Point",
        "coordinates": [
          -1.869166,
          53.741337
        ]
      },
      "properties": {
        "age_band_of_casualty": "8",
        "age_of_casualty": 50,
        "bus_or_coach_passenger": "0",
        "car_passenger": "0",
        "casualty_adjusted_severity_serious": "0",
        "casualty_adjusted_severity_slight": "1",
        "casualty_class": "1",
        "casualty_distance_banding": "-1",
        "casualty_imd_decile": "7",
        "casualty_injury_based": "1",
        "casualty_reference": 1,
        "casualty_severity": "3",
        "casualty_type": "9",
        "collision_index": "2022131234086",
        "collision_ref_no": "131234086",
        "collision_year": 2022,
        "enhanced_casualty_severity": "3",
        "lsoa_of_casualty": "E01011775",
        "pedestrian_location": "0",
        "pedestrian_movement": "0",
        "pedestrian_road_maintenance_worker": "0",
        "sex_of_casualty": "1",
        "vehicle_reference": 2,
        "geometry_source": "inherited_from_linked_collision",
        "source_year": 2022
      }
    },
    {
      "type": "Feature",
      "id": "2022131222060:1",
      "geometry": {
        "type": "Point",
        "coordinates": [
          -1.860248,
          53.714812
        ]
      },
      "properties": {
        "age_band_of_casualty": "5",
        "age_of_casualty": 24,
        "bus_or_coach_passenger": "0",
        "car_passenger": "0",
        "casualty_adjusted_severity_serious": "1",
        "casualty_adjusted_severity_slight": "0",
        "casualty_class": "1",
        "casualty_distance_banding": "-1",
        "casualty_imd_decile": "3",
        "casualty_injury_based": "1",
        "casualty_reference": 1,
        "casualty_severity": "2",
        "casualty_type": "3",
        "collision_index": "2022131222060",
        "collision_ref_no": "131222060",
        "collision_year": 2022,
        "enhanced_casualty_severity": "6",
        "lsoa_of_casualty": "E01010891",
        "pedestrian_location": "0",
        "pedestrian_movement": "0",
        "pedestrian_road_maintenance_worker": "0",
        "sex_of_casualty": "1",
        "vehicle_reference": 1,
        "geometry_source": "inherited_from_linked_collision",
        "source_year": 2022
      }
    },
    {
      "type": "Feature",
      "id": "2022131222883:1",
      "geometry": {
        "type": "Point",
        "coordinates": [
          -1.811744,
          53.725603
        ]
      },
      "properties": {
        "age_band_of_casualty": "4",
        "age_of_casualty": 16,
        "bus_or_coach_passenger": "0",
        "car_passenger": "0",
        "casualty_adjusted_severity_serious": "0",
        "casualty_adjusted_severity_slight": "1",
        "casualty_class": "3",
        "casualty_distance_banding": "-1",
        "casualty_imd_decile": "10",
        "casualty_injury_based": "1",
        "casualty_reference": 1,
        "casualty_severity": "3",
        "casualty_type": "0",
        "collision_index": "2022131222883",
        "collision_ref_no": "131222883",
        "collision_year": 2022,
        "enhanced_casualty_severity": "3",
        "lsoa_of_casualty": "E01010906",
        "pedestrian_location": "1",
        "pedestrian_movement": "9",
        "pedestrian_road_maintenance_worker": "2",
        "sex_of_casualty": "2",
        "vehicle_reference": 1,
        "geometry_source": "inherited_from_linked_collision",
        "source_year": 2022
      }
    },
    {
      "type": "Feature",
      "id": "2022131195884:2",
      "geometry": {
        "type": "Point",
        "coordinates": [
          -2.101444,
          53.693503
        ]
      },
      "properties": {
        "age_band_of_casualty": "9",
        "age_of_casualty": 61,
        "bus_or_coach_passenger": "0",
        "car_passenger": "0",
        "casualty_adjusted_severity_serious": "0",
        "casualty_adjusted_severity_slight": "1",
        "casualty_class": "1",
        "casualty_distance_banding": "-1",
        "casualty_imd_decile": "4",
        "casualty_injury_based": "1",
        "casualty_reference": 2,
        "casualty_severity": "3",
        "casualty_type": "9",
        "collision_index": "2022131195884",
        "collision_ref_no": "131195884",
        "collision_year": 2022,
        "enhanced_casualty_severity": "3",
        "lsoa_of_casualty": "E01010886",
        "pedestrian_location": "0",
        "pedestrian_movement": "0",
        "pedestrian_road_maintenance_worker": "0",
        "sex_of_casualty": "2",
        "vehicle_reference": 1,
        "geometry_source": "inherited_from_linked_collision",
        "source_year": 2022
      }
    },
    {
      "type": "Feature",
      "id": "2022131198456:1",
      "geometry": {
        "type": "Point",
        "coordinates": [
          -1.824811,
          53.761548
        ]
      },
      "properties": {
        "age_band_of_casualty": "5",
        "age_of_casualty": 24,
        "bus_or_coach_passenger": "0",
        "car_passenger": "0",
        "casualty_adjusted_severity_serious": "0",
        "casualty_adjusted_severity_slight": "1",
        "casualty_class": "1",
        "casualty_distance_banding": "-1",
        "casualty_imd_decile": "1",
        "casualty_injury_based": "1",
        "casualty_reference": 1,
        "casualty_severity": "3",
        "casualty_type": "9",
        "collision_index": "2022131198456",
        "collision_ref_no": "131198456",
        "collision_year": 2022,
        "enhanced_casualty_severity": "3",
        "lsoa_of_casualty": "E01025181",
        "pedestrian_location": "0",
        "pedestrian_movement": "0",
        "pedestrian_road_maintenance_worker": "0",
        "sex_of_casualty": "1",
        "vehicle_reference": 1,
        "geometry_source": "inherited_from_linked_collision",
        "source_year": 2022
      }
    },
    {
      "type": "Feature",
      "id": "2022131182170:1",
      "geometry": {
        "type": "Point",
        "coordinates": [
          -1.859235,
          53.723196
        ]
      },
      "properties": {
        "age_band_of_casualty": "4",
        "age_of_casualty": 19,
        "bus_or_coach_passenger": "0",
        "car_passenger": "0",
        "casualty_adjusted_severity_serious": "0",
        "casualty_adjusted_severity_slight": "1",
        "casualty_class": "1",
        "casualty_distance_banding": "-1",
        "casualty_imd_decile": "2",
        "casualty_injury_based": "1",
        "casualty_reference": 1,
        "casualty_severity": "3",
        "casualty_type": "1",
        "collision_index": "2022131182170",
        "collision_ref_no": "131182170",
        "collision_year": 2022,
        "enhanced_casualty_severity": "3",
        "lsoa_of_casualty": "E01010916",
        "pedestrian_location": "0",
        "pedestrian_movement": "0",
        "pedestrian_road_maintenance_worker": "0",
        "sex_of_casualty": "1",
        "vehicle_reference": 2,
        "geometry_source": "inherited_from_linked_collision",
        "source_year": 2022
      }
    },
    {
      "type": "Feature",
      "id": "2022131248580:1",
      "geometry": {
        "type": "Point",
        "coordinates": [
          -1.784811,
          53.702135
        ]
      },
      "properties": {
        "age_band_of_casualty": "5",
        "age_of_casualty": 24,
        "bus_or_coach_passenger": "0",
        "car_passenger": "0",
        "casualty_adjusted_severity_serious": "0",
        "casualty_adjusted_severity_slight": "1",
        "casualty_class": "3",
        "casualty_distance_banding": "-1",
        "casualty_imd_decile": "5",
        "casualty_injury_based": "1",
        "casualty_reference": 1,
        "casualty_severity": "3",
        "casualty_type": "0",
        "collision_index": "2022131248580",
        "collision_ref_no": "131248580",
        "collision_year": 2022,
        "enhanced_casualty_severity": "3",
        "lsoa_of_casualty": "E01010951",
        "pedestrian_location": "8",
        "pedestrian_movement": "7",
        "pedestrian_road_maintenance_worker": "2",
        "sex_of_casualty": "2",
        "vehicle_reference": 1,
        "geometry_source": "inherited_from_linked_collision",
        "source_year": 2022
      }
    },
    {
      "type": "Feature",
      "id": "2022131143910:1",
      "geometry": {
        "type": "Point",
        "coordinates": [
          -1.837708,
          53.685464
        ]
      },
      "properties": {
        "age_band_of_casualty": "3",
        "age_of_casualty": 15,
        "bus_or_coach_passenger": "0",
        "car_passenger": "0",
        "casualty_adjusted_severity_serious": "0",
        "casualty_adjusted_severity_slight": "1",
        "casualty_class": "3",
        "casualty_distance_banding": "-1",
        "casualty_imd_decile": "8",
        "casualty_injury_based": "1",
        "casualty_reference": 1,
        "casualty_severity": "3",
        "casualty_type": "0",
        "collision_index": "2022131143910",
        "collision_ref_no": "131143910",
        "collision_year": 2022,
        "enhanced_casualty_severity": "3",
        "lsoa_of_casualty": "E01010901",
        "pedestrian_location": "5",
        "pedestrian_movement": "4",
        "pedestrian_road_maintenance_worker": "2",
        "sex_of_casualty": "1",
        "vehicle_reference": 1,
        "geometry_source": "inherited_from_linked_collision",
        "source_year": 2022
      }
    },
    {
      "type": "Feature",
      "id": "2022131144528:1",
      "geometry": {
        "type": "Point",
        "coordinates": [
          -1.795431,
          53.692275
        ]
      },
      "properties": {
        "age_band_of_casualty": "2",
        "age_of_casualty": 10,
        "bus_or_coach_passenger": "0",
        "car_passenger": "0",
        "casualty_adjusted_severity_serious": "0",
        "casualty_adjusted_severity_slight": "1",
        "casualty_class": "3",
        "casualty_distance_banding": "-1",
        "casualty_imd_decile": "3",
        "casualty_injury_based": "1",
        "casualty_reference": 1,
        "casualty_severity": "3",
        "casualty_type": "0",
        "collision_index": "2022131144528",
        "collision_ref_no": "131144528",
        "collision_year": 2022,
        "enhanced_casualty_severity": "3",
        "lsoa_of_casualty": "E01010891",
        "pedestrian_location": "8",
        "pedestrian_movement": "3",
        "pedestrian_road_maintenance_worker": "2",
        "sex_of_casualty": "1",
        "vehicle_reference": 1,
        "geometry_source": "inherited_from_linked_collision",
        "source_year": 2022
      }
    },
    {
      "type": "Feature",
      "id": "2022131236494:1",
      "geometry": {
        "type": "Point",
        "coordinates": [
          -1.917127,
          53.707288
        ]
      },
      "properties": {
        "age_band_of_casualty": "8",
        "age_of_casualty": 49,
        "bus_or_coach_passenger": "0",
        "car_passenger": "0",
        "casualty_adjusted_severity_serious": "1",
        "casualty_adjusted_severity_slight": "0",
        "casualty_class": "1",
        "casualty_distance_banding": "-1",
        "casualty_imd_decile": "2",
        "casualty_injury_based": "1",
        "casualty_reference": 1,
        "casualty_severity": "2",
        "casualty_type": "4",
        "collision_index": "2022131236494",
        "collision_ref_no": "131236494",
        "collision_year": 2022,
        "enhanced_casualty_severity": "7",
        "lsoa_of_casualty": "E01010958",
        "pedestrian_location": "0",
        "pedestrian_movement": "0",
        "pedestrian_road_maintenance_worker": "0",
        "sex_of_casualty": "1",
        "vehicle_reference": 1,
        "geometry_source": "inherited_from_linked_collision",
        "source_year": 2022
      }
    },
    {
      "type": "Feature",
      "id": "2022131254116:1",
      "geometry": {
        "type": "Point",
        "coordinates": [
          -1.88481,
          53.731079
        ]
      },
      "properties": {
        "age_band_of_casualty": "7",
        "age_of_casualty": 45,
        "bus_or_coach_passenger": "0",
        "car_passenger": "0",
        "casualty_adjusted_severity_serious": "0",
        "casualty_adjusted_severity_slight": "1",
        "casualty_class": "2",
        "casualty_distance_banding": "-1",
        "casualty_imd_decile": "1",
        "casualty_injury_based": "1",
        "casualty_reference": 1,
        "casualty_severity": "3",
        "casualty_type": "9",
        "collision_index": "2022131254116",
        "collision_ref_no": "131254116",
        "collision_year": 2022,
        "enhanced_casualty_severity": "3",
        "lsoa_of_casualty": "E01010941",
        "pedestrian_location": "0",
        "pedestrian_movement": "0",
        "pedestrian_road_maintenance_worker": "0",
        "sex_of_casualty": "2",
        "vehicle_reference": 2,
        "geometry_source": "inherited_from_linked_collision",
        "source_year": 2022
      }
    },
    {
      "type": "Feature",
      "id": "2022131194577:2",
      "geometry": {
        "type": "Point",
        "coordinates": [
          -1.896092,
          53.766197
        ]
      },
      "properties": {
        "age_band_of_casualty": "6",
        "age_of_casualty": 30,
        "bus_or_coach_passenger": "0",
        "car_passenger": "1",
        "casualty_adjusted_severity_serious": "0",
        "casualty_adjusted_severity_slight": "1",
        "casualty_class": "2",
        "casualty_distance_banding": "-1",
        "casualty_imd_decile": "1",
        "casualty_injury_based": "1",
        "casualty_reference": 2,
        "casualty_severity": "3",
        "casualty_type": "9",
        "collision_index": "2022131194577",
        "collision_ref_no": "131194577",
        "collision_year": 2022,
        "enhanced_casualty_severity": "3",
        "lsoa_of_casualty": "E01010677",
        "pedestrian_location": "0",
        "pedestrian_movement": "0",
        "pedestrian_road_maintenance_worker": "0",
        "sex_of_casualty": "1",
        "vehicle_reference": 1,
        "geometry_source": "inherited_from_linked_collision",
        "source_year": 2022
      }
    },
    {
      "type": "Feature",
      "id": "2022131205616:1",
      "geometry": {
        "type": "Point",
        "coordinates": [
          -1.860279,
          53.719108
        ]
      },
      "properties": {
        "age_band_of_casualty": "4",
        "age_of_casualty": 20,
        "bus_or_coach_passenger": "0",
        "car_passenger": "0",
        "casualty_adjusted_severity_serious": "0",
        "casualty_adjusted_severity_slight": "1",
        "casualty_class": "1",
        "casualty_distance_banding": "-1",
        "casualty_imd_decile": "1",
        "casualty_injury_based": "1",
        "casualty_reference": 1,
        "casualty_severity": "3",
        "casualty_type": "9",
        "collision_index": "2022131205616",
        "collision_ref_no": "131205616",
        "collision_year": 2022,
        "enhanced_casualty_severity": "3",
        "lsoa_of_casualty": "E01010944",
        "pedestrian_location": "0",
        "pedestrian_movement": "0",
        "pedestrian_road_maintenance_worker": "0",
        "sex_of_casualty": "2",
        "vehicle_reference": 1,
        "geometry_source": "inherited_from_linked_collision",
        "source_year": 2022
      }
    },
    {
      "type": "Feature",
      "id": "2022131238042:1",
      "geometry": {
        "type": "Point",
        "coordinates": [
          -1.863666,
          53.721458
        ]
      },
      "properties": {
        "age_band_of_casualty": "9",
        "age_of_casualty": 64,
        "bus_or_coach_passenger": "0",
        "car_passenger": "0",
        "casualty_adjusted_severity_serious": "0",
        "casualty_adjusted_severity_slight": "1",
        "casualty_class": "3",
        "casualty_distance_banding": "-1",
        "casualty_imd_decile": "2",
        "casualty_injury_based": "1",
        "casualty_reference": 1,
        "casualty_severity": "3",
        "casualty_type": "0",
        "collision_index": "2022131238042",
        "collision_ref_no": "131238042",
        "collision_year": 2022,
        "enhanced_casualty_severity": "3",
        "lsoa_of_casualty": "E01011000",
        "pedestrian_location": "5",
        "pedestrian_movement": "1",
        "pedestrian_road_maintenance_worker": "2",
        "sex_of_casualty": "2",
        "vehicle_reference": 1,
        "geometry_source": "inherited_from_linked_collision",
        "source_year": 2022
      }
    },
    {
      "type": "Feature",
      "id": "2022131179722:1",
      "geometry": {
        "type": "Point",
        "coordinates": [
          -1.877471,
          53.716269
        ]
      },
      "properties": {
        "age_band_of_casualty": "4",
        "age_of_casualty": 17,
        "bus_or_coach_passenger": "0",
        "car_passenger": "1",
        "casualty_adjusted_severity_serious": "0",
        "casualty_adjusted_severity_slight": "1",
        "casualty_class": "2",
        "casualty_distance_banding": "-1",
        "casualty_imd_decile": "1",
        "casualty_injury_based": "1",
        "casualty_reference": 1,
        "casualty_severity": "3",
        "casualty_type": "9",
        "collision_index": "2022131179722",
        "collision_ref_no": "131179722",
        "collision_year": 2022,
        "enhanced_casualty_severity": "3",
        "lsoa_of_casualty": "E01011001",
        "pedestrian_location": "0",
        "pedestrian_movement": "0",
        "pedestrian_road_maintenance_worker": "0",
        "sex_of_casualty": "1",
        "vehicle_reference": 2,
        "geometry_source": "inherited_from_linked_collision",
        "source_year": 2022
      }
    },
    {
      "type": "Feature",
      "id": "2022131233017:1",
      "geometry": {
        "type": "Point",
        "coordinates": [
          -1.920135,
          53.679085
        ]
      },
      "properties": {
        "age_band_of_casualty": "9",
        "age_of_casualty": 57,
        "bus_or_coach_passenger": "0",
        "car_passenger": "0",
        "casualty_adjusted_severity_serious": "1",
        "casualty_adjusted_severity_slight": "0",
        "casualty_class": "1",
        "casualty_distance_banding": "-1",
        "casualty_imd_decile": "1",
        "casualty_injury_based": "1",
        "casualty_reference": 1,
        "casualty_severity": "2",
        "casualty_type": "9",
        "collision_index": "2022131233017",
        "collision_ref_no": "131233017",
        "collision_year": 2022,
        "enhanced_casualty_severity": "6",
        "lsoa_of_casualty": "E01010960",
        "pedestrian_location": "0",
        "pedestrian_movement": "0",
        "pedestrian_road_maintenance_worker": "0",
        "sex_of_casualty": "2",
        "vehicle_reference": 2,
        "geometry_source": "inherited_from_linked_collision",
        "source_year": 2022
      }
    },
    {
      "type": "Feature",
      "id": "2022131243335:2",
      "geometry": {
        "type": "Point",
        "coordinates": [
          -1.742947,
          53.70403
        ]
      },
      "properties": {
        "age_band_of_casualty": "7",
        "age_of_casualty": 43,
        "bus_or_coach_passenger": "0",
        "car_passenger": "1",
        "casualty_adjusted_severity_serious": "1",
        "casualty_adjusted_severity_slight": "0",
        "casualty_class": "2",
        "casualty_distance_banding": "-1",
        "casualty_imd_decile": "4",
        "casualty_injury_based": "1",
        "casualty_reference": 2,
        "casualty_severity": "2",
        "casualty_type": "9",
        "collision_index": "2022131243335",
        "collision_ref_no": "131243335",
        "collision_year": 2022,
        "enhanced_casualty_severity": "5",
        "lsoa_of_casualty": "E01024919",
        "pedestrian_location": "0",
        "pedestrian_movement": "0",
        "pedestrian_road_maintenance_worker": "0",
        "sex_of_casualty": "2",
        "vehicle_reference": 1,
        "geometry_source": "inherited_from_linked_collision",
        "source_year": 2022
      }
    },
    {
      "type": "Feature",
      "id": "2022131182421:1",
      "geometry": {
        "type": "Point",
        "coordinates": [
          -1.937718,
          53.705197
        ]
      },
      "properties": {
        "age_band_of_casualty": "11",
        "age_of_casualty": 91,
        "bus_or_coach_passenger": "0",
        "car_passenger": "0",
        "casualty_adjusted_severity_serious": "0",
        "casualty_adjusted_severity_slight": "1",
        "casualty_class": "3",
        "casualty_distance_banding": "-1",
        "casualty_imd_decile": "4",
        "casualty_injury_based": "1",
        "casualty_reference": 1,
        "casualty_severity": "3",
        "casualty_type": "0",
        "collision_index": "2022131182421",
        "collision_ref_no": "131182421",
        "collision_year": 2022,
        "enhanced_casualty_severity": "3",
        "lsoa_of_casualty": "E01010959",
        "pedestrian_location": "6",
        "pedestrian_movement": "9",
        "pedestrian_road_maintenance_worker": "2",
        "sex_of_casualty": "2",
        "vehicle_reference": 1,
        "geometry_source": "inherited_from_linked_collision",
        "source_year": 2022
      }
    },
    {
      "type": "Feature",
      "id": "2022131144083:1",
      "geometry": {
        "type": "Point",
        "coordinates": [
          -1.751767,
          53.69568
        ]
      },
      "properties": {
        "age_band_of_casualty": "9",
        "age_of_casualty": 58,
        "bus_or_coach_passenger": "0",
        "car_passenger": "0",
        "casualty_adjusted_severity_serious": "0",
        "casualty_adjusted_severity_slight": "1",
        "casualty_class": "1",
        "casualty_distance_banding": "-1",
        "casualty_imd_decile": "3",
        "casualty_injury_based": "1",
        "casualty_reference": 1,
        "casualty_severity": "3",
        "casualty_type": "19",
        "collision_index": "2022131144083",
        "collision_ref_no": "131144083",
        "collision_year": 2022,
        "enhanced_casualty_severity": "3",
        "lsoa_of_casualty": "E01011222",
        "pedestrian_location": "0",
        "pedestrian_movement": "0",
        "pedestrian_road_maintenance_worker": "0",
        "sex_of_casualty": "1",
        "vehicle_reference": 2,
        "geometry_source": "inherited_from_linked_collision",
        "source_year": 2022
      }
    },
    {
      "type": "Feature",
      "id": "2022131207422:1",
      "geometry": {
        "type": "Point",
        "coordinates": [
          -1.864343,
          53.732253
        ]
      },
      "properties": {
        "age_band_of_casualty": "5",
        "age_of_casualty": 23,
        "bus_or_coach_passenger": "0",
        "car_passenger": "0",
        "casualty_adjusted_severity_serious": "1",
        "casualty_adjusted_severity_slight": "0",
        "casualty_class": "1",
        "casualty_distance_banding": "-1",
        "casualty_imd_decile": "2",
        "casualty_injury_based": "1",
        "casualty_reference": 1,
        "casualty_severity": "2",
        "casualty_type": "1",
        "collision_index": "2022131207422",
        "collision_ref_no": "131207422",
        "collision_year": 2022,
        "enhanced_casualty_severity": "7",
        "lsoa_of_casualty": "E01010910",
        "pedestrian_location": "0",
        "pedestrian_movement": "0",
        "pedestrian_road_maintenance_worker": "0",
        "sex_of_casualty": "1",
        "vehicle_reference": 2,
        "geometry_source": "inherited_from_linked_collision",
        "source_year": 2022
      }
    },
    {
      "type": "Feature",
      "id": "2022131154329:1",
      "geometry": {
        "type": "Point",
        "coordinates": [
          -1.857539,
          53.71835
        ]
      },
      "properties": {
        "age_band_of_casualty": "8",
        "age_of_casualty": 50,
        "bus_or_coach_passenger": "0",
        "car_passenger": "0",
        "casualty_adjusted_severity_serious": "0",
        "casualty_adjusted_severity_slight": "1",
        "casualty_class": "1",
        "casualty_distance_banding": "-1",
        "casualty_imd_decile": "2",
        "casualty_injury_based": "1",
        "casualty_reference": 1,
        "casualty_severity": "3",
        "casualty_type": "9",
        "collision_index": "2022131154329",
        "collision_ref_no": "131154329",
        "collision_year": 2022,
        "enhanced_casualty_severity": "3",
        "lsoa_of_casualty": "E01011043",
        "pedestrian_location": "0",
        "pedestrian_movement": "0",
        "pedestrian_road_maintenance_worker": "0",
        "sex_of_casualty": "1",
        "vehicle_reference": 2,
        "geometry_source": "inherited_from_linked_collision",
        "source_year": 2022
      }
    },
    {
      "type": "Feature",
      "id": "2022131209196:3",
      "geometry": {
        "type": "Point",
        "coordinates": [
          -1.775433,
          53.702504
        ]
      },
      "properties": {
        "age_band_of_casualty": "7",
        "age_of_casualty": 36,
        "bus_or_coach_passenger": "0",
        "car_passenger": "1",
        "casualty_adjusted_severity_serious": "0",
        "casualty_adjusted_severity_slight": "1",
        "casualty_class": "2",
        "casualty_distance_banding": "-1",
        "casualty_imd_decile": "2",
        "casualty_injury_based": "1",
        "casualty_reference": 3,
        "casualty_severity": "3",
        "casualty_type": "9",
        "collision_index": "2022131209196",
        "collision_ref_no": "131209196",
        "collision_year": 2022,
        "enhanced_casualty_severity": "3",
        "lsoa_of_casualty": "E01011249",
        "pedestrian_location": "0",
        "pedestrian_movement": "0",
        "pedestrian_road_maintenance_worker": "0",
        "sex_of_casualty": "1",
        "vehicle_reference": 2,
        "geometry_source": "inherited_from_linked_collision",
        "source_year": 2022
      }
    },
    {
      "type": "Feature",
      "id": "2022131242729:1",
      "geometry": {
        "type": "Point",
        "coordinates": [
          -1.832525,
          53.686832
        ]
      },
      "properties": {
        "age_band_of_casualty": "9",
        "age_of_casualty": 58,
        "bus_or_coach_passenger": "0",
        "car_passenger": "0",
        "casualty_adjusted_severity_serious": "0",
        "casualty_adjusted_severity_slight": "1",
        "casualty_class": "1",
        "casualty_distance_banding": "-1",
        "casualty_imd_decile": "4",
        "casualty_injury_based": "1",
        "casualty_reference": 1,
        "casualty_severity": "3",
        "casualty_type": "9",
        "collision_index": "2022131242729",
        "collision_ref_no": "131242729",
        "collision_year": 2022,
        "enhanced_casualty_severity": "3",
        "lsoa_of_casualty": "E01010890",
        "pedestrian_location": "0",
        "pedestrian_movement": "0",
        "pedestrian_road_maintenance_worker": "0",
        "sex_of_casualty": "1",
        "vehicle_reference": 1,
        "geometry_source": "inherited_from_linked_collision",
        "source_year": 2022
      }
    },
    {
      "type": "Feature",
      "id": "2022131218350:2",
      "geometry": {
        "type": "Point",
        "coordinates": [
          -1.772138,
          53.712241
        ]
      },
      "properties": {
        "age_band_of_casualty": "4",
        "age_of_casualty": 16,
        "bus_or_coach_passenger": "0",
        "car_passenger": "1",
        "casualty_adjusted_severity_serious": "0",
        "casualty_adjusted_severity_slight": "1",
        "casualty_class": "2",
        "casualty_distance_banding": "-1",
        "casualty_imd_decile": "1",
        "casualty_injury_based": "1",
        "casualty_reference": 2,
        "casualty_severity": "3",
        "casualty_type": "9",
        "collision_index": "2022131218350",
        "collision_ref_no": "131218350",
        "collision_year": 2022,
        "enhanced_casualty_severity": "3",
        "lsoa_of_casualty": "E01010817",
        "pedestrian_location": "0",
        "pedestrian_movement": "0",
        "pedestrian_road_maintenance_worker": "0",
        "sex_of_casualty": "2",
        "vehicle_reference": 1,
        "geometry_source": "inherited_from_linked_collision",
        "source_year": 2022
      }
    },
    {
      "type": "Feature",
      "id": "2022131219221:1",
      "geometry": {
        "type": "Point",
        "coordinates": [
          -1.883674,
          53.714226
        ]
      },
      "properties": {
        "age_band_of_casualty": "7",
        "age_of_casualty": 36,
        "bus_or_coach_passenger": "0",
        "car_passenger": "0",
        "casualty_adjusted_severity_serious": "0",
        "casualty_adjusted_severity_slight": "1",
        "casualty_class": "1",
        "casualty_distance_banding": "-1",
        "casualty_imd_decile": "2",
        "casualty_injury_based": "1",
        "casualty_reference": 1,
        "casualty_severity": "3",
        "casualty_type": "9",
        "collision_index": "2022131219221",
        "collision_ref_no": "131219221",
        "collision_year": 2022,
        "enhanced_casualty_severity": "3",
        "lsoa_of_casualty": "E01011236",
        "pedestrian_location": "0",
        "pedestrian_movement": "0",
        "pedestrian_road_maintenance_worker": "0",
        "sex_of_casualty": "1",
        "vehicle_reference": 2,
        "geometry_source": "inherited_from_linked_collision",
        "source_year": 2022
      }
    },
    {
      "type": "Feature",
      "id": "2022131224743:1",
      "geometry": {
        "type": "Point",
        "coordinates": [
          -1.795185,
          53.689911
        ]
      },
      "properties": {
        "age_band_of_casualty": "1",
        "age_of_casualty": 0,
        "bus_or_coach_passenger": "0",
        "car_passenger": "1",
        "casualty_adjusted_severity_serious": "0",
        "casualty_adjusted_severity_slight": "1",
        "casualty_class": "2",
        "casualty_distance_banding": "-1",
        "casualty_imd_decile": "1",
        "casualty_injury_based": "1",
        "casualty_reference": 1,
        "casualty_severity": "3",
        "casualty_type": "9",
        "collision_index": "2022131224743",
        "collision_ref_no": "131224743",
        "collision_year": 2022,
        "enhanced_casualty_severity": "3",
        "lsoa_of_casualty": "E01010730",
        "pedestrian_location": "0",
        "pedestrian_movement": "0",
        "pedestrian_road_maintenance_worker": "0",
        "sex_of_casualty": "1",
        "vehicle_reference": 2,
        "geometry_source": "inherited_from_linked_collision",
        "source_year": 2022
      }
    },
    {
      "type": "Feature",
      "id": "2022131228707:1",
      "geometry": {
        "type": "Point",
        "coordinates": [
          -1.872446,
          53.714592
        ]
      },
      "properties": {
        "age_band_of_casualty": "11",
        "age_of_casualty": 80,
        "bus_or_coach_passenger": "0",
        "car_passenger": "0",
        "casualty_adjusted_severity_serious": "1",
        "casualty_adjusted_severity_slight": "0",
        "casualty_class": "1",
        "casualty_distance_banding": "-1",
        "casualty_imd_decile": "9",
        "casualty_injury_based": "1",
        "casualty_reference": 1,
        "casualty_severity": "2",
        "casualty_type": "9",
        "collision_index": "2022131228707",
        "collision_ref_no": "131228707",
        "collision_year": 2022,
        "enhanced_casualty_severity": "7",
        "lsoa_of_casualty": "E01010971",
        "pedestrian_location": "0",
        "pedestrian_movement": "0",
        "pedestrian_road_maintenance_worker": "0",
        "sex_of_casualty": "2",
        "vehicle_reference": 2,
        "geometry_source": "inherited_from_linked_collision",
        "source_year": 2022
      }
    },
    {
      "type": "Feature",
      "id": "2022131165708:1",
      "geometry": {
        "type": "Point",
        "coordinates": [
          -1.82955,
          53.680941
        ]
      },
      "properties": {
        "age_band_of_casualty": "5",
        "age_of_casualty": 25,
        "bus_or_coach_passenger": "0",
        "car_passenger": "0",
        "casualty_adjusted_severity_serious": "0",
        "casualty_adjusted_severity_slight": "1",
        "casualty_class": "1",
        "casualty_distance_banding": "-1",
        "casualty_imd_decile": "2",
        "casualty_injury_based": "1",
        "casualty_reference": 1,
        "casualty_severity": "3",
        "casualty_type": "1",
        "collision_index": "2022131165708",
        "collision_ref_no": "131165708",
        "collision_year": 2022,
        "enhanced_casualty_severity": "3",
        "lsoa_of_casualty": "E01011232",
        "pedestrian_location": "0",
        "pedestrian_movement": "0",
        "pedestrian_road_maintenance_worker": "0",
        "sex_of_casualty": "1",
        "vehicle_reference": 2,
        "geometry_source": "inherited_from_linked_collision",
        "source_year": 2022
      }
    },
    {
      "type": "Feature",
      "id": "2022131200394:1",
      "geometry": {
        "type": "Point",
        "coordinates": [
          -1.998918,
          53.665512
        ]
      },
      "properties": {
        "age_band_of_casualty": "4",
        "age_of_casualty": 20,
        "bus_or_coach_passenger": "0",
        "car_passenger": "0",
        "casualty_adjusted_severity_serious": "0",
        "casualty_adjusted_severity_slight": "1",
        "casualty_class": "1",
        "casualty_distance_banding": "-1",
        "casualty_imd_decile": "2",
        "casualty_injury_based": "1",
        "casualty_reference": 1,
        "casualty_severity": "3",
        "casualty_type": "4",
        "collision_index": "2022131200394",
        "collision_ref_no": "131200394",
        "collision_year": 2022,
        "enhanced_casualty_severity": "3",
        "lsoa_of_casualty": "E01010979",
        "pedestrian_location": "0",
        "pedestrian_movement": "0",
        "pedestrian_road_maintenance_worker": "0",
        "sex_of_casualty": "1",
        "vehicle_reference": 2,
        "geometry_source": "inherited_from_linked_collision",
        "source_year": 2022
      }
    },
    {
      "type": "Feature",
      "id": "2022131144274:1",
      "geometry": {
        "type": "Point",
        "coordinates": [
          -1.85424,
          53.721276
        ]
      },
      "properties": {
        "age_band_of_casualty": "4",
        "age_of_casualty": 17,
        "bus_or_coach_passenger": "0",
        "car_passenger": "0",
        "casualty_adjusted_severity_serious": "0",
        "casualty_adjusted_severity_slight": "1",
        "casualty_class": "3",
        "casualty_distance_banding": "-1",
        "casualty_imd_decile": "7",
        "casualty_injury_based": "1",
        "casualty_reference": 1,
        "casualty_severity": "3",
        "casualty_type": "0",
        "collision_index": "2022131144274",
        "collision_ref_no": "131144274",
        "collision_year": 2022,
        "enhanced_casualty_severity": "3",
        "lsoa_of_casualty": "E01011595",
        "pedestrian_location": "10",
        "pedestrian_movement": "9",
        "pedestrian_road_maintenance_worker": "2",
        "sex_of_casualty": "2",
        "vehicle_reference": 1,
        "geometry_source": "inherited_from_linked_collision",
        "source_year": 2022
      }
    },
    {
      "type": "Feature",
      "id": "2022131256378:1",
      "geometry": {
        "type": "Point",
        "coordinates": [
          -1.832221,
          53.671696
        ]
      },
      "properties": {
        "age_band_of_casualty": "6",
        "age_of_casualty": 32,
        "bus_or_coach_passenger": "0",
        "car_passenger": "0",
        "casualty_adjusted_severity_serious": "1",
        "casualty_adjusted_severity_slight": "0",
        "casualty_class": "1",
        "casualty_distance_banding": "-1",
        "casualty_imd_decile": "1",
        "casualty_injury_based": "1",
        "casualty_reference": 1,
        "casualty_severity": "2",
        "casualty_type": "9",
        "collision_index": "2022131256378",
        "collision_ref_no": "131256378",
        "collision_year": 2022,
        "enhanced_casualty_severity": "5",
        "lsoa_of_casualty": "E01010730",
        "pedestrian_location": "0",
        "pedestrian_movement": "0",
        "pedestrian_road_maintenance_worker": "0",
        "sex_of_casualty": "1",
        "vehicle_reference": 2,
        "geometry_source": "inherited_from_linked_collision",
        "source_year": 2022
      }
    },
    {
      "type": "Feature",
      "id": "2022131239584:2",
      "geometry": {
        "type": "Point",
        "coordinates": [
          -2.027498,
          53.62926
        ]
      },
      "properties": {
        "age_band_of_casualty": "5",
        "age_of_casualty": 21,
        "bus_or_coach_passenger": "0",
        "car_passenger": "1",
        "casualty_adjusted_severity_serious": "0",
        "casualty_adjusted_severity_slight": "1",
        "casualty_class": "2",
        "casualty_distance_banding": "-1",
        "casualty_imd_decile": "6",
        "casualty_injury_based": "1",
        "casualty_reference": 2,
        "casualty_severity": "3",
        "casualty_type": "9",
        "collision_index": "2022131239584",
        "collision_ref_no": "131239584",
        "collision_year": 2022,
        "enhanced_casualty_severity": "3",
        "lsoa_of_casualty": "E01011083",
        "pedestrian_location": "0",
        "pedestrian_movement": "0",
        "pedestrian_road_maintenance_worker": "0",
        "sex_of_casualty": "1",
        "vehicle_reference": 2,
        "geometry_source": "inherited_from_linked_collision",
        "source_year": 2022
      }
    },
    {
      "type": "Feature",
      "id": "2022131186865:1",
      "geometry": {
        "type": "Point",
        "coordinates": [
          -1.798088,
          53.725653
        ]
      },
      "properties": {
        "age_band_of_casualty": "7",
        "age_of_casualty": 39,
        "bus_or_coach_passenger": "0",
        "car_passenger": "0",
        "casualty_adjusted_severity_serious": "0",
        "casualty_adjusted_severity_slight": "1",
        "casualty_class": "1",
        "casualty_distance_banding": "-1",
        "casualty_imd_decile": "1",
        "casualty_injury_based": "1",
        "casualty_reference": 1,
        "casualty_severity": "3",
        "casualty_type": "10",
        "collision_index": "2022131186865",
        "collision_ref_no": "131186865",
        "collision_year": 2022,
        "enhanced_casualty_severity": "3",
        "lsoa_of_casualty": "E01011001",
        "pedestrian_location": "0",
        "pedestrian_movement": "0",
        "pedestrian_road_maintenance_worker": "0",
        "sex_of_casualty": "1",
        "vehicle_reference": 2,
        "geometry_source": "inherited_from_linked_collision",
        "source_year": 2022
      }
    },
    {
      "type": "Feature",
      "id": "2022131141481:1",
      "geometry": {
        "type": "Point",
        "coordinates": [
          -1.874006,
          53.735014
        ]
      },
      "properties": {
        "age_band_of_casualty": "9",
        "age_of_casualty": 57,
        "bus_or_coach_passenger": "0",
        "car_passenger": "0",
        "casualty_adjusted_severity_serious": "1",
        "casualty_adjusted_severity_slight": "0",
        "casualty_class": "3",
        "casualty_distance_banding": "-1",
        "casualty_imd_decile": "2",
        "casualty_injury_based": "1",
        "casualty_reference": 1,
        "casualty_severity": "2",
        "casualty_type": "0",
        "collision_index": "2022131141481",
        "collision_ref_no": "131141481",
        "collision_year": 2022,
        "enhanced_casualty_severity": "7",
        "lsoa_of_casualty": "E01010961",
        "pedestrian_location": "4",
        "pedestrian_movement": "3",
        "pedestrian_road_maintenance_worker": "2",
        "sex_of_casualty": "2",
        "vehicle_reference": 1,
        "geometry_source": "inherited_from_linked_collision",
        "source_year": 2022
      }
    },
    {
      "type": "Feature",
      "id": "2022131219486:2",
      "geometry": {
        "type": "Point",
        "coordinates": [
          -1.863251,
          53.727794
        ]
      },
      "properties": {
        "age_band_of_casualty": "9",
        "age_of_casualty": 65,
        "bus_or_coach_passenger": "0",
        "car_passenger": "0",
        "casualty_adjusted_severity_serious": "0",
        "casualty_adjusted_severity_slight": "1",
        "casualty_class": "3",
        "casualty_distance_banding": "-1",
        "casualty_imd_decile": "2",
        "casualty_injury_based": "1",
        "casualty_reference": 2,
        "casualty_severity": "3",
        "casualty_type": "0",
        "collision_index": "2022131219486",
        "collision_ref_no": "131219486",
        "collision_year": 2022,
        "enhanced_casualty_severity": "3",
        "lsoa_of_casualty": "E01010961",
        "pedestrian_location": "1",
        "pedestrian_movement": "1",
        "pedestrian_road_maintenance_worker": "-1",
        "sex_of_casualty": "2",
        "vehicle_reference": 1,
        "geometry_source": "inherited_from_linked_collision",
        "source_year": 2022
      }
    },
    {
      "type": "Feature",
      "id": "2022131241269:1",
      "geometry": {
        "type": "Point",
        "coordinates": [
          -2.097887,
          53.714125
        ]
      },
      "properties": {
        "age_band_of_casualty": "10",
        "age_of_casualty": 73,
        "bus_or_coach_passenger": "0",
        "car_passenger": "0",
        "casualty_adjusted_severity_serious": "0",
        "casualty_adjusted_severity_slight": "1",
        "casualty_class": "3",
        "casualty_distance_banding": "-1",
        "casualty_imd_decile": "7",
        "casualty_injury_based": "1",
        "casualty_reference": 1,
        "casualty_severity": "3",
        "casualty_type": "0",
        "collision_index": "2022131241269",
        "collision_ref_no": "131241269",
        "collision_year": 2022,
        "enhanced_casualty_severity": "3",
        "lsoa_of_casualty": "E01010976",
        "pedestrian_location": "8",
        "pedestrian_movement": "8",
        "pedestrian_road_maintenance_worker": "2",
        "sex_of_casualty": "2",
        "vehicle_reference": 1,
        "geometry_source": "inherited_from_linked_collision",
        "source_year": 2022
      }
    },
    {
      "type": "Feature",
      "id": "2022131131267:2",
      "geometry": {
        "type": "Point",
        "coordinates": [
          -1.824938,
          53.683307
        ]
      },
      "properties": {
        "age_band_of_casualty": "5",
        "age_of_casualty": 22,
        "bus_or_coach_passenger": "0",
        "car_passenger": "1",
        "casualty_adjusted_severity_serious": "0",
        "casualty_adjusted_severity_slight": "1",
        "casualty_class": "2",
        "casualty_distance_banding": "-1",
        "casualty_imd_decile": "2",
        "casualty_injury_based": "1",
        "casualty_reference": 2,
        "casualty_severity": "3",
        "casualty_type": "9",
        "collision_index": "2022131131267",
        "collision_ref_no": "131131267",
        "collision_year": 2022,
        "enhanced_casualty_severity": "3",
        "lsoa_of_casualty": "E01011104",
        "pedestrian_location": "0",
        "pedestrian_movement": "0",
        "pedestrian_road_maintenance_worker": "0",
        "sex_of_casualty": "2",
        "vehicle_reference": 1,
        "geometry_source": "inherited_from_linked_collision",
        "source_year": 2022
      }
    },
    {
      "type": "Feature",
      "id": "2022131169300:2",
      "geometry": {
        "type": "Point",
        "coordinates": [
          -1.812111,
          53.755426
        ]
      },
      "properties": {
        "age_band_of_casualty": "2",
        "age_of_casualty": 7,
        "bus_or_coach_passenger": "0",
        "car_passenger": "1",
        "casualty_adjusted_severity_serious": "0",
        "casualty_adjusted_severity_slight": "1",
        "casualty_class": "2",
        "casualty_distance_banding": "-1",
        "casualty_imd_decile": "8",
        "casualty_injury_based": "1",
        "casualty_reference": 2,
        "casualty_severity": "3",
        "casualty_type": "9",
        "collision_index": "2022131169300",
        "collision_ref_no": "131169300",
        "collision_year": 2022,
        "enhanced_casualty_severity": "3",
        "lsoa_of_casualty": "E01010931",
        "pedestrian_location": "0",
        "pedestrian_movement": "0",
        "pedestrian_road_maintenance_worker": "0",
        "sex_of_casualty": "2",
        "vehicle_reference": 1,
        "geometry_source": "inherited_from_linked_collision",
        "source_year": 2022
      }
    },
    {
      "type": "Feature",
      "id": "2022131237545:2",
      "geometry": {
        "type": "Point",
        "coordinates": [
          -1.894294,
          53.757054
        ]
      },
      "properties": {
        "age_band_of_casualty": "6",
        "age_of_casualty": 26,
        "bus_or_coach_passenger": "0",
        "car_passenger": "1",
        "casualty_adjusted_severity_serious": "0",
        "casualty_adjusted_severity_slight": "1",
        "casualty_class": "2",
        "casualty_distance_banding": "-1",
        "casualty_imd_decile": "1",
        "casualty_injury_based": "1",
        "casualty_reference": 2,
        "casualty_severity": "3",
        "casualty_type": "9",
        "collision_index": "2022131237545",
        "collision_ref_no": "131237545",
        "collision_year": 2022,
        "enhanced_casualty_severity": "3",
        "lsoa_of_casualty": "E01010960",
        "pedestrian_location": "0",
        "pedestrian_movement": "0",
        "pedestrian_road_maintenance_worker": "0",
        "sex_of_casualty": "1",
        "vehicle_reference": 1,
        "geometry_source": "inherited_from_linked_collision",
        "source_year": 2022
      }
    },
    {
      "type": "Feature",
      "id": "2022131251934:1",
      "geometry": {
        "type": "Point",
        "coordinates": [
          -1.891764,
          53.714575
        ]
      },
      "properties": {
        "age_band_of_casualty": "5",
        "age_of_casualty": 25,
        "bus_or_coach_passenger": "0",
        "car_passenger": "0",
        "casualty_adjusted_severity_serious": "0",
        "casualty_adjusted_severity_slight": "1",
        "casualty_class": "3",
        "casualty_distance_banding": "-1",
        "casualty_imd_decile": "2",
        "casualty_injury_based": "1",
        "casualty_reference": 1,
        "casualty_severity": "3",
        "casualty_type": "0",
        "collision_index": "2022131251934",
        "collision_ref_no": "131251934",
        "collision_year": 2022,
        "enhanced_casualty_severity": "3",
        "lsoa_of_casualty": "E01011421",
        "pedestrian_location": "7",
        "pedestrian_movement": "1",
        "pedestrian_road_maintenance_worker": "2",
        "sex_of_casualty": "1",
        "vehicle_reference": 1,
        "geometry_source": "inherited_from_linked_collision",
        "source_year": 2022
      }
    },
    {
      "type": "Feature",
      "id": "2022131142948:1",
      "geometry": {
        "type": "Point",
        "coordinates": [
          -1.860249,
          53.718973
        ]
      },
      "properties": {
        "age_band_of_casualty": "6",
        "age_of_casualty": 35,
        "bus_or_coach_passenger": "0",
        "car_passenger": "0",
        "casualty_adjusted_severity_serious": "0",
        "casualty_adjusted_severity_slight": "1",
        "casualty_class": "1",
        "casualty_distance_banding": "-1",
        "casualty_imd_decile": "2",
        "casualty_injury_based": "1",
        "casualty_reference": 1,
        "casualty_severity": "3",
        "casualty_type": "9",
        "collision_index": "2022131142948",
        "collision_ref_no": "131142948",
        "collision_year": 2022,
        "enhanced_casualty_severity": "3",
        "lsoa_of_casualty": "E01010916",
        "pedestrian_location": "0",
        "pedestrian_movement": "0",
        "pedestrian_road_maintenance_worker": "0",
        "sex_of_casualty": "1",
        "vehicle_reference": 2,
        "geometry_source": "inherited_from_linked_collision",
        "source_year": 2022
      }
    },
    {
      "type": "Feature",
      "id": "2022131164273:1",
      "geometry": {
        "type": "Point",
        "coordinates": [
          -1.809179,
          53.7565
        ]
      },
      "properties": {
        "age_band_of_casualty": "7",
        "age_of_casualty": 41,
        "bus_or_coach_passenger": "0",
        "car_passenger": "0",
        "casualty_adjusted_severity_serious": "0",
        "casualty_adjusted_severity_slight": "1",
        "casualty_class": "1",
        "casualty_distance_banding": "-1",
        "casualty_imd_decile": "1",
        "casualty_injury_based": "1",
        "casualty_reference": 1,
        "casualty_severity": "3",
        "casualty_type": "9",
        "collision_index": "2022131164273",
        "collision_ref_no": "131164273",
        "collision_year": 2022,
        "enhanced_casualty_severity": "3",
        "lsoa_of_casualty": "E01010874",
        "pedestrian_location": "0",
        "pedestrian_movement": "0",
        "pedestrian_road_maintenance_worker": "0",
        "sex_of_casualty": "2",
        "vehicle_reference": 1,
        "geometry_source": "inherited_from_linked_collision",
        "source_year": 2022
      }
    },
    {
      "type": "Feature",
      "id": "2022131222402:1",
      "geometry": {
        "type": "Point",
        "coordinates": [
          -1.827298,
          53.683706
        ]
      },
      "properties": {
        "age_band_of_casualty": "11",
        "age_of_casualty": 76,
        "bus_or_coach_passenger": "0",
        "car_passenger": "0",
        "casualty_adjusted_severity_serious": "1",
        "casualty_adjusted_severity_slight": "0",
        "casualty_class": "1",
        "casualty_distance_banding": "-1",
        "casualty_imd_decile": "10",
        "casualty_injury_based": "1",
        "casualty_reference": 1,
        "casualty_severity": "2",
        "casualty_type": "9",
        "collision_index": "2022131222402",
        "collision_ref_no": "131222402",
        "collision_year": 2022,
        "enhanced_casualty_severity": "6",
        "lsoa_of_casualty": "E01010946",
        "pedestrian_location": "0",
        "pedestrian_movement": "0",
        "pedestrian_road_maintenance_worker": "0",
        "sex_of_casualty": "2",
        "vehicle_reference": 1,
        "geometry_source": "inherited_from_linked_collision",
        "source_year": 2022
      }
    },
    {
      "type": "Feature",
      "id": "2022131234582:1",
      "geometry": {
        "type": "Point",
        "coordinates": [
          -1.812639,
          53.725479
        ]
      },
      "properties": {
        "age_band_of_casualty": "4",
        "age_of_casualty": 19,
        "bus_or_coach_passenger": "0",
        "car_passenger": "0",
        "casualty_adjusted_severity_serious": "0",
        "casualty_adjusted_severity_slight": "1",
        "casualty_class": "1",
        "casualty_distance_banding": "-1",
        "casualty_imd_decile": "1",
        "casualty_injury_based": "1",
        "casualty_reference": 1,
        "casualty_severity": "3",
        "casualty_type": "9",
        "collision_index": "2022131234582",
        "collision_ref_no": "131234582",
        "collision_year": 2022,
        "enhanced_casualty_severity": "3",
        "lsoa_of_casualty": "E01010966",
        "pedestrian_location": "0",
        "pedestrian_movement": "0",
        "pedestrian_road_maintenance_worker": "0",
        "sex_of_casualty": "1",
        "vehicle_reference": 1,
        "geometry_source": "inherited_from_linked_collision",
        "source_year": 2022
      }
    },
    {
      "type": "Feature",
      "id": "2022131241626:1",
      "geometry": {
        "type": "Point",
        "coordinates": [
          -1.853027,
          53.704125
        ]
      },
      "properties": {
        "age_band_of_casualty": "8",
        "age_of_casualty": 46,
        "bus_or_coach_passenger": "0",
        "car_passenger": "0",
        "casualty_adjusted_severity_serious": "1",
        "casualty_adjusted_severity_slight": "0",
        "casualty_class": "1",
        "casualty_distance_banding": "-1",
        "casualty_imd_decile": "9",
        "casualty_injury_based": "1",
        "casualty_reference": 1,
        "casualty_severity": "2",
        "casualty_type": "9",
        "collision_index": "2022131241626",
        "collision_ref_no": "131241626",
        "collision_year": 2022,
        "enhanced_casualty_severity": "5",
        "lsoa_of_casualty": "E01011209",
        "pedestrian_location": "0",
        "pedestrian_movement": "0",
        "pedestrian_road_maintenance_worker": "0",
        "sex_of_casualty": "1",
        "vehicle_reference": 2,
        "geometry_source": "inherited_from_linked_collision",
        "source_year": 2022
      }
    },
    {
      "type": "Feature",
      "id": "2022131134662:2",
      "geometry": {
        "type": "Point",
        "coordinates": [
          -1.891636,
          53.723203
        ]
      },
      "properties": {
        "age_band_of_casualty": "4",
        "age_of_casualty": 16,
        "bus_or_coach_passenger": "0",
        "car_passenger": "0",
        "casualty_adjusted_severity_serious": "0",
        "casualty_adjusted_severity_slight": "1",
        "casualty_class": "3",
        "casualty_distance_banding": "-1",
        "casualty_imd_decile": "-1",
        "casualty_injury_based": "1",
        "casualty_reference": 2,
        "casualty_severity": "3",
        "casualty_type": "0",
        "collision_index": "2022131134662",
        "collision_ref_no": "131134662",
        "collision_year": 2022,
        "enhanced_casualty_severity": "3",
        "lsoa_of_casualty": "-1",
        "pedestrian_location": "4",
        "pedestrian_movement": "3",
        "pedestrian_road_maintenance_worker": "2",
        "sex_of_casualty": "2",
        "vehicle_reference": 1,
        "geometry_source": "inherited_from_linked_collision",
        "source_year": 2022
      }
    },
    {
      "type": "Feature",
      "id": "2022131237782:1",
      "geometry": {
        "type": "Point",
        "coordinates": [
          -1.860053,
          53.723413
        ]
      },
      "properties": {
        "age_band_of_casualty": "5",
        "age_of_casualty": 23,
        "bus_or_coach_passenger": "0",
        "car_passenger": "0",
        "casualty_adjusted_severity_serious": "0",
        "casualty_adjusted_severity_slight": "1",
        "casualty_class": "3",
        "casualty_distance_banding": "-1",
        "casualty_imd_decile": "5",
        "casualty_injury_based": "1",
        "casualty_reference": 1,
        "casualty_severity": "3",
        "casualty_type": "0",
        "collision_index": "2022131237782",
        "collision_ref_no": "131237782",
        "collision_year": 2022,
        "enhanced_casualty_severity": "3",
        "lsoa_of_casualty": "E01033695",
        "pedestrian_location": "8",
        "pedestrian_movement": "7",
        "pedestrian_road_maintenance_worker": "2",
        "sex_of_casualty": "2",
        "vehicle_reference": 1,
        "geometry_source": "inherited_from_linked_collision",
        "source_year": 2022
      }
    },
    {
      "type": "Feature",
      "id": "2022131242412:1",
      "geometry": {
        "type": "Point",
        "coordinates": [
          -1.743234,
          53.704246
        ]
      },
      "properties": {
        "age_band_of_casualty": "5",
        "age_of_casualty": 21,
        "bus_or_coach_passenger": "0",
        "car_passenger": "0",
        "casualty_adjusted_severity_serious": "0",
        "casualty_adjusted_severity_slight": "1",
        "casualty_class": "1",
        "casualty_distance_banding": "-1",
        "casualty_imd_decile": "1",
        "casualty_injury_based": "1",
        "casualty_reference": 1,
        "casualty_severity": "3",
        "casualty_type": "9",
        "collision_index": "2022131242412",
        "collision_ref_no": "131242412",
        "collision_year": 2022,
        "enhanced_casualty_severity": "3",
        "lsoa_of_casualty": "E01012619",
        "pedestrian_location": "0",
        "pedestrian_movement": "0",
        "pedestrian_road_maintenance_worker": "0",
        "sex_of_casualty": "2",
        "vehicle_reference": 2,
        "geometry_source": "inherited_from_linked_collision",
        "source_year": 2022
      }
    },
    {
      "type": "Feature",
      "id": "2022131216066:1",
      "geometry": {
        "type": "Point",
        "coordinates": [
          -1.802063,
          53.724815
        ]
      },
      "properties": {
        "age_band_of_casualty": "10",
        "age_of_casualty": 75,
        "bus_or_coach_passenger": "0",
        "car_passenger": "0",
        "casualty_adjusted_severity_serious": "0",
        "casualty_adjusted_severity_slight": "1",
        "casualty_class": "1",
        "casualty_distance_banding": "-1",
        "casualty_imd_decile": "9",
        "casualty_injury_based": "1",
        "casualty_reference": 1,
        "casualty_severity": "3",
        "casualty_type": "9",
        "collision_index": "2022131216066",
        "collision_ref_no": "131216066",
        "collision_year": 2022,
        "enhanced_casualty_severity": "3",
        "lsoa_of_casualty": "E01010875",
        "pedestrian_location": "0",
        "pedestrian_movement": "0",
        "pedestrian_road_maintenance_worker": "0",
        "sex_of_casualty": "2",
        "vehicle_reference": 1,
        "geometry_source": "inherited_from_linked_collision",
        "source_year": 2022
      }
    },
    {
      "type": "Feature",
      "id": "2022131208640:1",
      "geometry": {
        "type": "Point",
        "coordinates": [
          -2.107046,
          53.704994
        ]
      },
      "properties": {
        "age_band_of_casualty": "10",
        "age_of_casualty": 70,
        "bus_or_coach_passenger": "0",
        "car_passenger": "0",
        "casualty_adjusted_severity_serious": "0",
        "casualty_adjusted_severity_slight": "1",
        "casualty_class": "1",
        "casualty_distance_banding": "-1",
        "casualty_imd_decile": "4",
        "casualty_injury_based": "1",
        "casualty_reference": 1,
        "casualty_severity": "3",
        "casualty_type": "1",
        "collision_index": "2022131208640",
        "collision_ref_no": "131208640",
        "collision_year": 2022,
        "enhanced_casualty_severity": "3",
        "lsoa_of_casualty": "E01010886",
        "pedestrian_location": "0",
        "pedestrian_movement": "0",
        "pedestrian_road_maintenance_worker": "0",
        "sex_of_casualty": "1",
        "vehicle_reference": 2,
        "geometry_source": "inherited_from_linked_collision",
        "source_year": 2022
      }
    },
    {
      "type": "Feature",
      "id": "2022131183968:1",
      "geometry": {
        "type": "Point",
        "coordinates": [
          -1.960902,
          53.730939
        ]
      },
      "properties": {
        "age_band_of_casualty": "3",
        "age_of_casualty": 13,
        "bus_or_coach_passenger": "0",
        "car_passenger": "0",
        "casualty_adjusted_severity_serious": "1",
        "casualty_adjusted_severity_slight": "0",
        "casualty_class": "3",
        "casualty_distance_banding": "-1",
        "casualty_imd_decile": "1",
        "casualty_injury_based": "1",
        "casualty_reference": 1,
        "casualty_severity": "2",
        "casualty_type": "0",
        "collision_index": "2022131183968",
        "collision_ref_no": "131183968",
        "collision_year": 2022,
        "enhanced_casualty_severity": "7",
        "lsoa_of_casualty": "E01010943",
        "pedestrian_location": "5",
        "pedestrian_movement": "3",
        "pedestrian_road_maintenance_worker": "2",
        "sex_of_casualty": "1",
        "vehicle_reference": 1,
        "geometry_source": "inherited_from_linked_collision",
        "source_year": 2022
      }
    },
    {
      "type": "Feature",
      "id": "2022131134654:2",
      "geometry": {
        "type": "Point",
        "coordinates": [
          -1.915083,
          53.706756
        ]
      },
      "properties": {
        "age_band_of_casualty": "10",
        "age_of_casualty": 71,
        "bus_or_coach_passenger": "0",
        "car_passenger": "0",
        "casualty_adjusted_severity_serious": "0",
        "casualty_adjusted_severity_slight": "1",
        "casualty_class": "1",
        "casualty_distance_banding": "-1",
        "casualty_imd_decile": "7",
        "casualty_injury_based": "1",
        "casualty_reference": 2,
        "casualty_severity": "3",
        "casualty_type": "9",
        "collision_index": "2022131134654",
        "collision_ref_no": "131134654",
        "collision_year": 2022,
        "enhanced_casualty_severity": "3",
        "lsoa_of_casualty": "E01010955",
        "pedestrian_location": "0",
        "pedestrian_movement": "0",
        "pedestrian_road_maintenance_worker": "0",
        "sex_of_casualty": "1",
        "vehicle_reference": 1,
        "geometry_source": "inherited_from_linked_collision",
        "source_year": 2022
      }
    },
    {
      "type": "Feature",
      "id": "2022131142326:1",
      "geometry": {
        "type": "Point",
        "coordinates": [
          -1.888457,
          53.739172
        ]
      },
      "properties": {
        "age_band_of_casualty": "8",
        "age_of_casualty": 54,
        "bus_or_coach_passenger": "0",
        "car_passenger": "0",
        "casualty_adjusted_severity_serious": "1",
        "casualty_adjusted_severity_slight": "0",
        "casualty_class": "1",
        "casualty_distance_banding": "-1",
        "casualty_imd_decile": "1",
        "casualty_injury_based": "1",
        "casualty_reference": 1,
        "casualty_severity": "2",
        "casualty_type": "9",
        "collision_index": "2022131142326",
        "collision_ref_no": "131142326",
        "collision_year": 2022,
        "enhanced_casualty_severity": "7",
        "lsoa_of_casualty": "E01010941",
        "pedestrian_location": "0",
        "pedestrian_movement": "0",
        "pedestrian_road_maintenance_worker": "0",
        "sex_of_casualty": "2",
        "vehicle_reference": 1,
        "geometry_source": "inherited_from_linked_collision",
        "source_year": 2022
      }
    },
    {
      "type": "Feature",
      "id": "2022131162095:1",
      "geometry": {
        "type": "Point",
        "coordinates": [
          -1.908958,
          53.709178
        ]
      },
      "properties": {
        "age_band_of_casualty": "6",
        "age_of_casualty": 33,
        "bus_or_coach_passenger": "0",
        "car_passenger": "0",
        "casualty_adjusted_severity_serious": "0",
        "casualty_adjusted_severity_slight": "1",
        "casualty_class": "1",
        "casualty_distance_banding": "-1",
        "casualty_imd_decile": "8",
        "casualty_injury_based": "1",
        "casualty_reference": 1,
        "casualty_severity": "3",
        "casualty_type": "9",
        "collision_index": "2022131162095",
        "collision_ref_no": "131162095",
        "collision_year": 2022,
        "enhanced_casualty_severity": "3",
        "lsoa_of_casualty": "E01010972",
        "pedestrian_location": "0",
        "pedestrian_movement": "0",
        "pedestrian_road_maintenance_worker": "0",
        "sex_of_casualty": "1",
        "vehicle_reference": 2,
        "geometry_source": "inherited_from_linked_collision",
        "source_year": 2022
      }
    },
    {
      "type": "Feature",
      "id": "2022131202029:1",
      "geometry": {
        "type": "Point",
        "coordinates": [
          -1.767111,
          53.703549
        ]
      },
      "properties": {
        "age_band_of_casualty": "8",
        "age_of_casualty": 52,
        "bus_or_coach_passenger": "0",
        "car_passenger": "0",
        "casualty_adjusted_severity_serious": "0",
        "casualty_adjusted_severity_slight": "1",
        "casualty_class": "1",
        "casualty_distance_banding": "-1",
        "casualty_imd_decile": "7",
        "casualty_injury_based": "1",
        "casualty_reference": 1,
        "casualty_severity": "3",
        "casualty_type": "9",
        "collision_index": "2022131202029",
        "collision_ref_no": "131202029",
        "collision_year": 2022,
        "enhanced_casualty_severity": "3",
        "lsoa_of_casualty": "E01010879",
        "pedestrian_location": "0",
        "pedestrian_movement": "0",
        "pedestrian_road_maintenance_worker": "0",
        "sex_of_casualty": "1",
        "vehicle_reference": 1,
        "geometry_source": "inherited_from_linked_collision",
        "source_year": 2022
      }
    },
    {
      "type": "Feature",
      "id": "2022131253209:1",
      "geometry": {
        "type": "Point",
        "coordinates": [
          -1.875286,
          53.722306
        ]
      },
      "properties": {
        "age_band_of_casualty": "6",
        "age_of_casualty": 27,
        "bus_or_coach_passenger": "0",
        "car_passenger": "1",
        "casualty_adjusted_severity_serious": "1",
        "casualty_adjusted_severity_slight": "0",
        "casualty_class": "2",
        "casualty_distance_banding": "-1",
        "casualty_imd_decile": "1",
        "casualty_injury_based": "1",
        "casualty_reference": 1,
        "casualty_severity": "2",
        "casualty_type": "9",
        "collision_index": "2022131253209",
        "collision_ref_no": "131253209",
        "collision_year": 2022,
        "enhanced_casualty_severity": "7",
        "lsoa_of_casualty": "E01010964",
        "pedestrian_location": "0",
        "pedestrian_movement": "0",
        "pedestrian_road_maintenance_worker": "0",
        "sex_of_casualty": "1",
        "vehicle_reference": 1,
        "geometry_source": "inherited_from_linked_collision",
        "source_year": 2022
      }
    },
    {
      "type": "Feature",
      "id": "2022131172029:2",
      "geometry": {
        "type": "Point",
        "coordinates": [
          -1.872337,
          53.700489
        ]
      },
      "properties": {
        "age_band_of_casualty": "4",
        "age_of_casualty": 19,
        "bus_or_coach_passenger": "0",
        "car_passenger": "1",
        "casualty_adjusted_severity_serious": "0",
        "casualty_adjusted_severity_slight": "1",
        "casualty_class": "2",
        "casualty_distance_banding": "-1",
        "casualty_imd_decile": "7",
        "casualty_injury_based": "1",
        "casualty_reference": 2,
        "casualty_severity": "3",
        "casualty_type": "9",
        "collision_index": "2022131172029",
        "collision_ref_no": "131172029",
        "collision_year": 2022,
        "enhanced_casualty_severity": "3",
        "lsoa_of_casualty": "E01010899",
        "pedestrian_location": "0",
        "pedestrian_movement": "0",
        "pedestrian_road_maintenance_worker": "0",
        "sex_of_casualty": "2",
        "vehicle_reference": 2,
        "geometry_source": "inherited_from_linked_collision",
        "source_year": 2022
      }
    },
    {
      "type": "Feature",
      "id": "2022131224295:1",
      "geometry": {
        "type": "Point",
        "coordinates": [
          -1.754889,
          53.695246
        ]
      },
      "properties": {
        "age_band_of_casualty": "6",
        "age_of_casualty": 29,
        "bus_or_coach_passenger": "0",
        "car_passenger": "0",
        "casualty_adjusted_severity_serious": "0",
        "casualty_adjusted_severity_slight": "1",
        "casualty_class": "1",
        "casualty_distance_banding": "-1",
        "casualty_imd_decile": "8",
        "casualty_injury_based": "1",
        "casualty_reference": 1,
        "casualty_severity": "3",
        "casualty_type": "9",
        "collision_index": "2022131224295",
        "collision_ref_no": "131224295",
        "collision_year": 2022,
        "enhanced_casualty_severity": "3",
        "lsoa_of_casualty": "E01011204",
        "pedestrian_location": "0",
        "pedestrian_movement": "0",
        "pedestrian_road_maintenance_worker": "0",
        "sex_of_casualty": "1",
        "vehicle_reference": 1,
        "geometry_source": "inherited_from_linked_collision",
        "source_year": 2022
      }
    },
    {
      "type": "Feature",
      "id": "2022131238825:2",
      "geometry": {
        "type": "Point",
        "coordinates": [
          -1.794261,
          53.705567
        ]
      },
      "properties": {
        "age_band_of_casualty": "10",
        "age_of_casualty": 71,
        "bus_or_coach_passenger": "0",
        "car_passenger": "1",
        "casualty_adjusted_severity_serious": "1",
        "casualty_adjusted_severity_slight": "0",
        "casualty_class": "2",
        "casualty_distance_banding": "-1",
        "casualty_imd_decile": "4",
        "casualty_injury_based": "1",
        "casualty_reference": 2,
        "casualty_severity": "2",
        "casualty_type": "9",
        "collision_index": "2022131238825",
        "collision_ref_no": "131238825",
        "collision_year": 2022,
        "enhanced_casualty_severity": "6",
        "lsoa_of_casualty": "E01010877",
        "pedestrian_location": "0",
        "pedestrian_movement": "0",
        "pedestrian_road_maintenance_worker": "0",
        "sex_of_casualty": "2",
        "vehicle_reference": 2,
        "geometry_source": "inherited_from_linked_collision",
        "source_year": 2022
      }
    },
    {
      "type": "Feature",
      "id": "2022131132474:1",
      "geometry": {
        "type": "Point",
        "coordinates": [
          -1.82402,
          53.747562
        ]
      },
      "properties": {
        "age_band_of_casualty": "9",
        "age_of_casualty": 57,
        "bus_or_coach_passenger": "0",
        "car_passenger": "1",
        "casualty_adjusted_severity_serious": "0",
        "casualty_adjusted_severity_slight": "1",
        "casualty_class": "2",
        "casualty_distance_banding": "-1",
        "casualty_imd_decile": "8",
        "casualty_injury_based": "1",
        "casualty_reference": 1,
        "casualty_severity": "3",
        "casualty_type": "9",
        "collision_index": "2022131132474",
        "collision_ref_no": "131132474",
        "collision_year": 2022,
        "enhanced_casualty_severity": "3",
        "lsoa_of_casualty": "E01010905",
        "pedestrian_location": "0",
        "pedestrian_movement": "0",
        "pedestrian_road_maintenance_worker": "0",
        "sex_of_casualty": "2",
        "vehicle_reference": 1,
        "geometry_source": "inherited_from_linked_collision",
        "source_year": 2022
      }
    },
    {
      "type": "Feature",
      "id": "2022131183796:1",
      "geometry": {
        "type": "Point",
        "coordinates": [
          -1.778217,
          53.717367
        ]
      },
      "properties": {
        "age_band_of_casualty": "9",
        "age_of_casualty": 56,
        "bus_or_coach_passenger": "0",
        "car_passenger": "0",
        "casualty_adjusted_severity_serious": "0",
        "casualty_adjusted_severity_slight": "1",
        "casualty_class": "1",
        "casualty_distance_banding": "-1",
        "casualty_imd_decile": "8",
        "casualty_injury_based": "1",
        "casualty_reference": 1,
        "casualty_severity": "3",
        "casualty_type": "1",
        "collision_index": "2022131183796",
        "collision_ref_no": "131183796",
        "collision_year": 2022,
        "enhanced_casualty_severity": "3",
        "lsoa_of_casualty": "E01011204",
        "pedestrian_location": "0",
        "pedestrian_movement": "0",
        "pedestrian_road_maintenance_worker": "0",
        "sex_of_casualty": "1",
        "vehicle_reference": 2,
        "geometry_source": "inherited_from_linked_collision",
        "source_year": 2022
      }
    },
    {
      "type": "Feature",
      "id": "2022131231344:1",
      "geometry": {
        "type": "Point",
        "coordinates": [
          -1.837824,
          53.690758
        ]
      },
      "properties": {
        "age_band_of_casualty": "9",
        "age_of_casualty": 58,
        "bus_or_coach_passenger": "0",
        "car_passenger": "0",
        "casualty_adjusted_severity_serious": "1",
        "casualty_adjusted_severity_slight": "0",
        "casualty_class": "3",
        "casualty_distance_banding": "-1",
        "casualty_imd_decile": "5",
        "casualty_injury_based": "1",
        "casualty_reference": 1,
        "casualty_severity": "2",
        "casualty_type": "0",
        "collision_index": "2022131231344",
        "collision_ref_no": "131231344",
        "collision_year": 2022,
        "enhanced_casualty_severity": "6",
        "lsoa_of_casualty": "E01010951",
        "pedestrian_location": "9",
        "pedestrian_movement": "9",
        "pedestrian_road_maintenance_worker": "2",
        "sex_of_casualty": "2",
        "vehicle_reference": 1,
        "geometry_source": "inherited_from_linked_collision",
        "source_year": 2022
      }
    },
    {
      "type": "Feature",
      "id": "2022131149459:1",
      "geometry": {
        "type": "Point",
        "coordinates": [
          -1.778685,
          53.706195
        ]
      },
      "properties": {
        "age_band_of_casualty": "5",
        "age_of_casualty": 22,
        "bus_or_coach_passenger": "0",
        "car_passenger": "0",
        "casualty_adjusted_severity_serious": "0",
        "casualty_adjusted_severity_slight": "1",
        "casualty_class": "1",
        "casualty_distance_banding": "-1",
        "casualty_imd_decile": "3",
        "casualty_injury_based": "1",
        "casualty_reference": 1,
        "casualty_severity": "3",
        "casualty_type": "19",
        "collision_index": "2022131149459",
        "collision_ref_no": "131149459",
        "collision_year": 2022,
        "enhanced_casualty_severity": "3",
        "lsoa_of_casualty": "E01010891",
        "pedestrian_location": "0",
        "pedestrian_movement": "0",
        "pedestrian_road_maintenance_worker": "0",
        "sex_of_casualty": "1",
        "vehicle_reference": 1,
        "geometry_source": "inherited_from_linked_collision",
        "source_year": 2022
      }
    },
    {
      "type": "Feature",
      "id": "2022131161669:1",
      "geometry": {
        "type": "Point",
        "coordinates": [
          -1.778879,
          53.703814
        ]
      },
      "properties": {
        "age_band_of_casualty": "10",
        "age_of_casualty": 70,
        "bus_or_coach_passenger": "0",
        "car_passenger": "0",
        "casualty_adjusted_severity_serious": "1",
        "casualty_adjusted_severity_slight": "0",
        "casualty_class": "1",
        "casualty_distance_banding": "-1",
        "casualty_imd_decile": "2",
        "casualty_injury_based": "1",
        "casualty_reference": 1,
        "casualty_severity": "2",
        "casualty_type": "9",
        "collision_index": "2022131161669",
        "collision_ref_no": "131161669",
        "collision_year": 2022,
        "enhanced_casualty_severity": "5",
        "lsoa_of_casualty": "E01010910",
        "pedestrian_location": "0",
        "pedestrian_movement": "0",
        "pedestrian_road_maintenance_worker": "0",
        "sex_of_casualty": "1",
        "vehicle_reference": 1,
        "geometry_source": "inherited_from_linked_collision",
        "source_year": 2022
      }
    },
    {
      "type": "Feature",
      "id": "2022131235101:1",
      "geometry": {
        "type": "Point",
        "coordinates": [
          -1.985671,
          53.635149
        ]
      },
      "properties": {
        "age_band_of_casualty": "7",
        "age_of_casualty": 40,
        "bus_or_coach_passenger": "0",
        "car_passenger": "0",
        "casualty_adjusted_severity_serious": "0",
        "casualty_adjusted_severity_slight": "1",
        "casualty_class": "1",
        "casualty_distance_banding": "-1",
        "casualty_imd_decile": "2",
        "casualty_injury_based": "1",
        "casualty_reference": 1,
        "casualty_severity": "3",
        "casualty_type": "9",
        "collision_index": "2022131235101",
        "collision_ref_no": "131235101",
        "collision_year": 2022,
        "enhanced_casualty_severity": "3",
        "lsoa_of_casualty": "E01011359",
        "pedestrian_location": "0",
        "pedestrian_movement": "0",
        "pedestrian_road_maintenance_worker": "0",
        "sex_of_casualty": "1",
        "vehicle_reference": 2,
        "geometry_source": "inherited_from_linked_collision",
        "source_year": 2022
      }
    },
    {
      "type": "Feature",
      "id": "2022131225506:1",
      "geometry": {
        "type": "Point",
        "coordinates": [
          -1.861276,
          53.724601
        ]
      },
      "properties": {
        "age_band_of_casualty": "7",
        "age_of_casualty": 45,
        "bus_or_coach_passenger": "0",
        "car_passenger": "0",
        "casualty_adjusted_severity_serious": "1",
        "casualty_adjusted_severity_slight": "0",
        "casualty_class": "3",
        "casualty_distance_banding": "-1",
        "casualty_imd_decile": "2",
        "casualty_injury_based": "1",
        "casualty_reference": 1,
        "casualty_severity": "2",
        "casualty_type": "0",
        "collision_index": "2022131225506",
        "collision_ref_no": "131225506",
        "collision_year": 2022,
        "enhanced_casualty_severity": "6",
        "lsoa_of_casualty": "E01010979",
        "pedestrian_location": "8",
        "pedestrian_movement": "8",
        "pedestrian_road_maintenance_worker": "2",
        "sex_of_casualty": "2",
        "vehicle_reference": 1,
        "geometry_source": "inherited_from_linked_collision",
        "source_year": 2022
      }
    },
    {
      "type": "Feature",
      "id": "2022131134662:1",
      "geometry": {
        "type": "Point",
        "coordinates": [
          -1.891636,
          53.723203
        ]
      },
      "properties": {
        "age_band_of_casualty": "2",
        "age_of_casualty": 9,
        "bus_or_coach_passenger": "0",
        "car_passenger": "0",
        "casualty_adjusted_severity_serious": "0",
        "casualty_adjusted_severity_slight": "1",
        "casualty_class": "3",
        "casualty_distance_banding": "-1",
        "casualty_imd_decile": "1",
        "casualty_injury_based": "1",
        "casualty_reference": 1,
        "casualty_severity": "3",
        "casualty_type": "0",
        "collision_index": "2022131134662",
        "collision_ref_no": "131134662",
        "collision_year": 2022,
        "enhanced_casualty_severity": "3",
        "lsoa_of_casualty": "E01011001",
        "pedestrian_location": "4",
        "pedestrian_movement": "3",
        "pedestrian_road_maintenance_worker": "2",
        "sex_of_casualty": "1",
        "vehicle_reference": 1,
        "geometry_source": "inherited_from_linked_collision",
        "source_year": 2022
      }
    },
    {
      "type": "Feature",
      "id": "2022131193467:1",
      "geometry": {
        "type": "Point",
        "coordinates": [
          -1.860914,
          53.724223
        ]
      },
      "properties": {
        "age_band_of_casualty": "8",
        "age_of_casualty": 54,
        "bus_or_coach_passenger": "0",
        "car_passenger": "0",
        "casualty_adjusted_severity_serious": "0",
        "casualty_adjusted_severity_slight": "1",
        "casualty_class": "3",
        "casualty_distance_banding": "-1",
        "casualty_imd_decile": "1",
        "casualty_injury_based": "1",
        "casualty_reference": 1,
        "casualty_severity": "3",
        "casualty_type": "0",
        "collision_index": "2022131193467",
        "collision_ref_no": "131193467",
        "collision_year": 2022,
        "enhanced_casualty_severity": "3",
        "lsoa_of_casualty": "E01010925",
        "pedestrian_location": "8",
        "pedestrian_movement": "7",
        "pedestrian_road_maintenance_worker": "2",
        "sex_of_casualty": "1",
        "vehicle_reference": 1,
        "geometry_source": "inherited_from_linked_collision",
        "source_year": 2022
      }
    },
    {
      "type": "Feature",
      "id": "2022131238039:1",
      "geometry": {
        "type": "Point",
        "coordinates": [
          -1.799509,
          53.691375
        ]
      },
      "properties": {
        "age_band_of_casualty": "3",
        "age_of_casualty": 11,
        "bus_or_coach_passenger": "0",
        "car_passenger": "0",
        "casualty_adjusted_severity_serious": "0",
        "casualty_adjusted_severity_slight": "1",
        "casualty_class": "3",
        "casualty_distance_banding": "-1",
        "casualty_imd_decile": "2",
        "casualty_injury_based": "1",
        "casualty_reference": 1,
        "casualty_severity": "3",
        "casualty_type": "0",
        "collision_index": "2022131238039",
        "collision_ref_no": "131238039",
        "collision_year": 2022,
        "enhanced_casualty_severity": "3",
        "lsoa_of_casualty": "E01010889",
        "pedestrian_location": "5",
        "pedestrian_movement": "1",
        "pedestrian_road_maintenance_worker": "2",
        "sex_of_casualty": "1",
        "vehicle_reference": 1,
        "geometry_source": "inherited_from_linked_collision",
        "source_year": 2022
      }
    },
    {
      "type": "Feature",
      "id": "2022131250975:1",
      "geometry": {
        "type": "Point",
        "coordinates": [
          -1.862887,
          53.718572
        ]
      },
      "properties": {
        "age_band_of_casualty": "9",
        "age_of_casualty": 57,
        "bus_or_coach_passenger": "0",
        "car_passenger": "0",
        "casualty_adjusted_severity_serious": "1",
        "casualty_adjusted_severity_slight": "0",
        "casualty_class": "3",
        "casualty_distance_banding": "-1",
        "casualty_imd_decile": "6",
        "casualty_injury_based": "1",
        "casualty_reference": 1,
        "casualty_severity": "2",
        "casualty_type": "0",
        "collision_index": "2022131250975",
        "collision_ref_no": "131250975",
        "collision_year": 2022,
        "enhanced_casualty_severity": "7",
        "lsoa_of_casualty": "E01010970",
        "pedestrian_location": "10",
        "pedestrian_movement": "7",
        "pedestrian_road_maintenance_worker": "2",
        "sex_of_casualty": "2",
        "vehicle_reference": 1,
        "geometry_source": "inherited_from_linked_collision",
        "source_year": 2022
      }
    },
    {
      "type": "Feature",
      "id": "2022131167915:1",
      "geometry": {
        "type": "Point",
        "coordinates": [
          -1.871455,
          53.726527
        ]
      },
      "properties": {
        "age_band_of_casualty": "8",
        "age_of_casualty": 46,
        "bus_or_coach_passenger": "0",
        "car_passenger": "0",
        "casualty_adjusted_severity_serious": "0",
        "casualty_adjusted_severity_slight": "1",
        "casualty_class": "1",
        "casualty_distance_banding": "-1",
        "casualty_imd_decile": "6",
        "casualty_injury_based": "1",
        "casualty_reference": 1,
        "casualty_severity": "3",
        "casualty_type": "1",
        "collision_index": "2022131167915",
        "collision_ref_no": "131167915",
        "collision_year": 2022,
        "enhanced_casualty_severity": "3",
        "lsoa_of_casualty": "E01010754",
        "pedestrian_location": "0",
        "pedestrian_movement": "0",
        "pedestrian_road_maintenance_worker": "0",
        "sex_of_casualty": "1",
        "vehicle_reference": 2,
        "geometry_source": "inherited_from_linked_collision",
        "source_year": 2022
      }
    },
    {
      "type": "Feature",
      "id": "2022131143454:1",
      "geometry": {
        "type": "Point",
        "coordinates": [
          -1.902674,
          53.747103
        ]
      },
      "properties": {
        "age_band_of_casualty": "2",
        "age_of_casualty": 7,
        "bus_or_coach_passenger": "0",
        "car_passenger": "2",
        "casualty_adjusted_severity_serious": "0",
        "casualty_adjusted_severity_slight": "1",
        "casualty_class": "2",
        "casualty_distance_banding": "-1",
        "casualty_imd_decile": "1",
        "casualty_injury_based": "1",
        "casualty_reference": 1,
        "casualty_severity": "3",
        "casualty_type": "9",
        "collision_index": "2022131143454",
        "collision_ref_no": "131143454",
        "collision_year": 2022,
        "enhanced_casualty_severity": "3",
        "lsoa_of_casualty": "E01010925",
        "pedestrian_location": "0",
        "pedestrian_movement": "0",
        "pedestrian_road_maintenance_worker": "0",
        "sex_of_casualty": "2",
        "vehicle_reference": 2,
        "geometry_source": "inherited_from_linked_collision",
        "source_year": 2022
      }
    },
    {
      "type": "Feature",
      "id": "2022131246030:1",
      "geometry": {
        "type": "Point",
        "coordinates": [
          -1.920096,
          53.739575
        ]
      },
      "properties": {
        "age_band_of_casualty": "4",
        "age_of_casualty": 20,
        "bus_or_coach_passenger": "0",
        "car_passenger": "0",
        "casualty_adjusted_severity_serious": "0",
        "casualty_adjusted_severity_slight": "1",
        "casualty_class": "1",
        "casualty_distance_banding": "-1",
        "casualty_imd_decile": "1",
        "casualty_injury_based": "1",
        "casualty_reference": 1,
        "casualty_severity": "3",
        "casualty_type": "9",
        "collision_index": "2022131246030",
        "collision_ref_no": "131246030",
        "collision_year": 2022,
        "enhanced_casualty_severity": "3",
        "lsoa_of_casualty": "E01010996",
        "pedestrian_location": "0",
        "pedestrian_movement": "0",
        "pedestrian_road_maintenance_worker": "0",
        "sex_of_casualty": "1",
        "vehicle_reference": 1,
        "geometry_source": "inherited_from_linked_collision",
        "source_year": 2022
      }
    },
    {
      "type": "Feature",
      "id": "2022131135205:1",
      "geometry": {
        "type": "Point",
        "coordinates": [
          -1.754081,
          53.696189
        ]
      },
      "properties": {
        "age_band_of_casualty": "7",
        "age_of_casualty": 41,
        "bus_or_coach_passenger": "0",
        "car_passenger": "0",
        "casualty_adjusted_severity_serious": "0",
        "casualty_adjusted_severity_slight": "1",
        "casualty_class": "1",
        "casualty_distance_banding": "-1",
        "casualty_imd_decile": "1",
        "casualty_injury_based": "1",
        "casualty_reference": 1,
        "casualty_severity": "3",
        "casualty_type": "9",
        "collision_index": "2022131135205",
        "collision_ref_no": "131135205",
        "collision_year": 2022,
        "enhanced_casualty_severity": "3",
        "lsoa_of_casualty": "E01011134",
        "pedestrian_location": "0",
        "pedestrian_movement": "0",
        "pedestrian_road_maintenance_worker": "0",
        "sex_of_casualty": "2",
        "vehicle_reference": 2,
        "geometry_source": "inherited_from_linked_collision",
        "source_year": 2022
      }
    },
    {
      "type": "Feature",
      "id": "2022131203264:3",
      "geometry": {
        "type": "Point",
        "coordinates": [
          -1.993179,
          53.784721
        ]
      },
      "properties": {
        "age_band_of_casualty": "7",
        "age_of_casualty": 38,
        "bus_or_coach_passenger": "0",
        "car_passenger": "2",
        "casualty_adjusted_severity_serious": "0",
        "casualty_adjusted_severity_slight": "1",
        "casualty_class": "2",
        "casualty_distance_banding": "-1",
        "casualty_imd_decile": "6",
        "casualty_injury_based": "1",
        "casualty_reference": 3,
        "casualty_severity": "3",
        "casualty_type": "9",
        "collision_index": "2022131203264",
        "collision_ref_no": "131203264",
        "collision_year": 2022,
        "enhanced_casualty_severity": "3",
        "lsoa_of_casualty": "E01010888",
        "pedestrian_location": "0",
        "pedestrian_movement": "0",
        "pedestrian_road_maintenance_worker": "0",
        "sex_of_casualty": "2",
        "vehicle_reference": 1,
        "geometry_source": "inherited_from_linked_collision",
        "source_year": 2022
      }
    },
    {
      "type": "Feature",
      "id": "2022131242399:1",
      "geometry": {
        "type": "Point",
        "coordinates": [
          -1.824004,
          53.747553
        ]
      },
      "properties": {
        "age_band_of_casualty": "9",
        "age_of_casualty": 58,
        "bus_or_coach_passenger": "0",
        "car_passenger": "0",
        "casualty_adjusted_severity_serious": "0",
        "casualty_adjusted_severity_slight": "1",
        "casualty_class": "1",
        "casualty_distance_banding": "-1",
        "casualty_imd_decile": "7",
        "casualty_injury_based": "1",
        "casualty_reference": 1,
        "casualty_severity": "3",
        "casualty_type": "1",
        "collision_index": "2022131242399",
        "collision_ref_no": "131242399",
        "collision_year": 2022,
        "enhanced_casualty_severity": "3",
        "lsoa_of_casualty": "E01010911",
        "pedestrian_location": "0",
        "pedestrian_movement": "0",
        "pedestrian_road_maintenance_worker": "0",
        "sex_of_casualty": "1",
        "vehicle_reference": 2,
        "geometry_source": "inherited_from_linked_collision",
        "source_year": 2022
      }
    },
    {
      "type": "Feature",
      "id": "2022131182535:1",
      "geometry": {
        "type": "Point",
        "coordinates": [
          -1.883903,
          53.757611
        ]
      },
      "properties": {
        "age_band_of_casualty": "8",
        "age_of_casualty": 48,
        "bus_or_coach_passenger": "0",
        "car_passenger": "0",
        "casualty_adjusted_severity_serious": "0",
        "casualty_adjusted_severity_slight": "1",
        "casualty_class": "1",
        "casualty_distance_banding": "-1",
        "casualty_imd_decile": "2",
        "casualty_injury_based": "1",
        "casualty_reference": 1,
        "casualty_severity": "3",
        "casualty_type": "3",
        "collision_index": "2022131182535",
        "collision_ref_no": "131182535",
        "collision_year": 2022,
        "enhanced_casualty_severity": "3",
        "lsoa_of_casualty": "E01010916",
        "pedestrian_location": "0",
        "pedestrian_movement": "0",
        "pedestrian_road_maintenance_worker": "0",
        "sex_of_casualty": "1",
        "vehicle_reference": 2,
        "geometry_source": "inherited_from_linked_collision",
        "source_year": 2022
      }
    },
    {
      "type": "Feature",
      "id": "2022131235445:1",
      "geometry": {
        "type": "Point",
        "coordinates": [
          -1.874879,
          53.727016
        ]
      },
      "properties": {
        "age_band_of_casualty": "2",
        "age_of_casualty": 7,
        "bus_or_coach_passenger": "0",
        "car_passenger": "0",
        "casualty_adjusted_severity_serious": "1",
        "casualty_adjusted_severity_slight": "0",
        "casualty_class": "3",
        "casualty_distance_banding": "-1",
        "casualty_imd_decile": "1",
        "casualty_injury_based": "1",
        "casualty_reference": 1,
        "casualty_severity": "2",
        "casualty_type": "0",
        "collision_index": "2022131235445",
        "collision_ref_no": "131235445",
        "collision_year": 2022,
        "enhanced_casualty_severity": "7",
        "lsoa_of_casualty": "E01010964",
        "pedestrian_location": "10",
        "pedestrian_movement": "9",
        "pedestrian_road_maintenance_worker": "2",
        "sex_of_casualty": "1",
        "vehicle_reference": 1,
        "geometry_source": "inherited_from_linked_collision",
        "source_year": 2022
      }
    },
    {
      "type": "Feature",
      "id": "2022131157506:2",
      "geometry": {
        "type": "Point",
        "coordinates": [
          -1.745435,
          53.711046
        ]
      },
      "properties": {
        "age_band_of_casualty": "6",
        "age_of_casualty": 32,
        "bus_or_coach_passenger": "0",
        "car_passenger": "1",
        "casualty_adjusted_severity_serious": "0",
        "casualty_adjusted_severity_slight": "1",
        "casualty_class": "2",
        "casualty_distance_banding": "-1",
        "casualty_imd_decile": "1",
        "casualty_injury_based": "1",
        "casualty_reference": 2,
        "casualty_severity": "3",
        "casualty_type": "9",
        "collision_index": "2022131157506",
        "collision_ref_no": "131157506",
        "collision_year": 2022,
        "enhanced_casualty_severity": "3",
        "lsoa_of_casualty": "E01010730",
        "pedestrian_location": "0",
        "pedestrian_movement": "0",
        "pedestrian_road_maintenance_worker": "0",
        "sex_of_casualty": "1",
        "vehicle_reference": 3,
        "geometry_source": "inherited_from_linked_collision",
        "source_year": 2022
      }
    },
    {
      "type": "Feature",
      "id": "2022131188431:1",
      "geometry": {
        "type": "Point",
        "coordinates": [
          -1.913431,
          53.736784
        ]
      },
      "properties": {
        "age_band_of_casualty": "10",
        "age_of_casualty": 68,
        "bus_or_coach_passenger": "0",
        "car_passenger": "1",
        "casualty_adjusted_severity_serious": "0",
        "casualty_adjusted_severity_slight": "1",
        "casualty_class": "2",
        "casualty_distance_banding": "-1",
        "casualty_imd_decile": "6",
        "casualty_injury_based": "1",
        "casualty_reference": 1,
        "casualty_severity": "3",
        "casualty_type": "9",
        "collision_index": "2022131188431",
        "collision_ref_no": "131188431",
        "collision_year": 2022,
        "enhanced_casualty_severity": "3",
        "lsoa_of_casualty": "E01010927",
        "pedestrian_location": "0",
        "pedestrian_movement": "0",
        "pedestrian_road_maintenance_worker": "0",
        "sex_of_casualty": "2",
        "vehicle_reference": 2,
        "geometry_source": "inherited_from_linked_collision",
        "source_year": 2022
      }
    },
    {
      "type": "Feature",
      "id": "2022131196539:1",
      "geometry": {
        "type": "Point",
        "coordinates": [
          -1.830265,
          53.729073
        ]
      },
      "properties": {
        "age_band_of_casualty": "11",
        "age_of_casualty": 82,
        "bus_or_coach_passenger": "0",
        "car_passenger": "0",
        "casualty_adjusted_severity_serious": "1",
        "casualty_adjusted_severity_slight": "0",
        "casualty_class": "1",
        "casualty_distance_banding": "-1",
        "casualty_imd_decile": "2",
        "casualty_injury_based": "1",
        "casualty_reference": 1,
        "casualty_severity": "2",
        "casualty_type": "9",
        "collision_index": "2022131196539",
        "collision_ref_no": "131196539",
        "collision_year": 2022,
        "enhanced_casualty_severity": "6",
        "lsoa_of_casualty": "E01010910",
        "pedestrian_location": "0",
        "pedestrian_movement": "0",
        "pedestrian_road_maintenance_worker": "0",
        "sex_of_casualty": "1",
        "vehicle_reference": 1,
        "geometry_source": "inherited_from_linked_collision",
        "source_year": 2022
      }
    },
    {
      "type": "Feature",
      "id": "2022131225324:1",
      "geometry": {
        "type": "Point",
        "coordinates": [
          -1.896034,
          53.765172
        ]
      },
      "properties": {
        "age_band_of_casualty": "7",
        "age_of_casualty": 36,
        "bus_or_coach_passenger": "0",
        "car_passenger": "0",
        "casualty_adjusted_severity_serious": "0",
        "casualty_adjusted_severity_slight": "1",
        "casualty_class": "1",
        "casualty_distance_banding": "-1",
        "casualty_imd_decile": "7",
        "casualty_injury_based": "1",
        "casualty_reference": 1,
        "casualty_severity": "3",
        "casualty_type": "9",
        "collision_index": "2022131225324",
        "collision_ref_no": "131225324",
        "collision_year": 2022,
        "enhanced_casualty_severity": "3",
        "lsoa_of_casualty": "E01010939",
        "pedestrian_location": "0",
        "pedestrian_movement": "0",
        "pedestrian_road_maintenance_worker": "0",
        "sex_of_casualty": "1",
        "vehicle_reference": 1,
        "geometry_source": "inherited_from_linked_collision",
        "source_year": 2022
      }
    },
    {
      "type": "Feature",
      "id": "2022131234083:2",
      "geometry": {
        "type": "Point",
        "coordinates": [
          -1.889583,
          53.725907
        ]
      },
      "properties": {
        "age_band_of_casualty": "3",
        "age_of_casualty": 14,
        "bus_or_coach_passenger": "0",
        "car_passenger": "2",
        "casualty_adjusted_severity_serious": "0",
        "casualty_adjusted_severity_slight": "1",
        "casualty_class": "2",
        "casualty_distance_banding": "-1",
        "casualty_imd_decile": "3",
        "casualty_injury_based": "1",
        "casualty_reference": 2,
        "casualty_severity": "3",
        "casualty_type": "9",
        "collision_index": "2022131234083",
        "collision_ref_no": "131234083",
        "collision_year": 2022,
        "enhanced_casualty_severity": "3",
        "lsoa_of_casualty": "E01010998",
        "pedestrian_location": "0",
        "pedestrian_movement": "0",
        "pedestrian_road_maintenance_worker": "0",
        "sex_of_casualty": "2",
        "vehicle_reference": 2,
        "geometry_source": "inherited_from_linked_collision",
        "source_year": 2022
      }
    },
    {
      "type": "Feature",
      "id": "2022131147373:1",
      "geometry": {
        "type": "Point",
        "coordinates": [
          -2.00479,
          53.663085
        ]
      },
      "properties": {
        "age_band_of_casualty": "7",
        "age_of_casualty": 36,
        "bus_or_coach_passenger": "0",
        "car_passenger": "0",
        "casualty_adjusted_severity_serious": "0",
        "casualty_adjusted_severity_slight": "1",
        "casualty_class": "1",
        "casualty_distance_banding": "-1",
        "casualty_imd_decile": "1",
        "casualty_injury_based": "1",
        "casualty_reference": 1,
        "casualty_severity": "3",
        "casualty_type": "20",
        "collision_index": "2022131147373",
        "collision_ref_no": "131147373",
        "collision_year": 2022,
        "enhanced_casualty_severity": "3",
        "lsoa_of_casualty": "E01011003",
        "pedestrian_location": "0",
        "pedestrian_movement": "0",
        "pedestrian_road_maintenance_worker": "0",
        "sex_of_casualty": "1",
        "vehicle_reference": 1,
        "geometry_source": "inherited_from_linked_collision",
        "source_year": 2022
      }
    },
    {
      "type": "Feature",
      "id": "2022131131778:1",
      "geometry": {
        "type": "Point",
        "coordinates": [
          -1.870602,
          53.707983
        ]
      },
      "properties": {
        "age_band_of_casualty": "6",
        "age_of_casualty": 33,
        "bus_or_coach_passenger": "0",
        "car_passenger": "0",
        "casualty_adjusted_severity_serious": "0",
        "casualty_adjusted_severity_slight": "1",
        "casualty_class": "1",
        "casualty_distance_banding": "-1",
        "casualty_imd_decile": "4",
        "casualty_injury_based": "1",
        "casualty_reference": 1,
        "casualty_severity": "3",
        "casualty_type": "9",
        "collision_index": "2022131131778",
        "collision_ref_no": "131131778",
        "collision_year": 2022,
        "enhanced_casualty_severity": "3",
        "lsoa_of_casualty": "E01010902",
        "pedestrian_location": "0",
        "pedestrian_movement": "0",
        "pedestrian_road_maintenance_worker": "0",
        "sex_of_casualty": "2",
        "vehicle_reference": 2,
        "geometry_source": "inherited_from_linked_collision",
        "source_year": 2022
      }
    },
    {
      "type": "Feature",
      "id": "2022131194577:1",
      "geometry": {
        "type": "Point",
        "coordinates": [
          -1.896092,
          53.766197
        ]
      },
      "properties": {
        "age_band_of_casualty": "6",
        "age_of_casualty": 29,
        "bus_or_coach_passenger": "0",
        "car_passenger": "0",
        "casualty_adjusted_severity_serious": "0",
        "casualty_adjusted_severity_slight": "1",
        "casualty_class": "1",
        "casualty_distance_banding": "-1",
        "casualty_imd_decile": "6",
        "casualty_injury_based": "1",
        "casualty_reference": 1,
        "casualty_severity": "3",
        "casualty_type": "9",
        "collision_index": "2022131194577",
        "collision_ref_no": "131194577",
        "collision_year": 2022,
        "enhanced_casualty_severity": "3",
        "lsoa_of_casualty": "E01010578",
        "pedestrian_location": "0",
        "pedestrian_movement": "0",
        "pedestrian_road_maintenance_worker": "0",
        "sex_of_casualty": "1",
        "vehicle_reference": 1,
        "geometry_source": "inherited_from_linked_collision",
        "source_year": 2022
      }
    },
    {
      "type": "Feature",
      "id": "2022131139956:1",
      "geometry": {
        "type": "Point",
        "coordinates": [
          -1.85992,
          53.72673
        ]
      },
      "properties": {
        "age_band_of_casualty": "10",
        "age_of_casualty": 68,
        "bus_or_coach_passenger": "0",
        "car_passenger": "0",
        "casualty_adjusted_severity_serious": "0",
        "casualty_adjusted_severity_slight": "1",
        "casualty_class": "3",
        "casualty_distance_banding": "-1",
        "casualty_imd_decile": "5",
        "casualty_injury_based": "1",
        "casualty_reference": 1,
        "casualty_severity": "3",
        "casualty_type": "0",
        "collision_index": "2022131139956",
        "collision_ref_no": "131139956",
        "collision_year": 2022,
        "enhanced_casualty_severity": "3",
        "lsoa_of_casualty": "E01010934",
        "pedestrian_location": "8",
        "pedestrian_movement": "1",
        "pedestrian_road_maintenance_worker": "2",
        "sex_of_casualty": "1",
        "vehicle_reference": 1,
        "geometry_source": "inherited_from_linked_collision",
        "source_year": 2022
      }
    },
    {
      "type": "Feature",
      "id": "2022131169751:1",
      "geometry": {
        "type": "Point",
        "coordinates": [
          -1.927743,
          53.700472
        ]
      },
      "properties": {
        "age_band_of_casualty": "8",
        "age_of_casualty": 55,
        "bus_or_coach_passenger": "0",
        "car_passenger": "0",
        "casualty_adjusted_severity_serious": "1",
        "casualty_adjusted_severity_slight": "0",
        "casualty_class": "3",
        "casualty_distance_banding": "-1",
        "casualty_imd_decile": "10",
        "casualty_injury_based": "1",
        "casualty_reference": 1,
        "casualty_severity": "2",
        "casualty_type": "0",
        "collision_index": "2022131169751",
        "collision_ref_no": "131169751",
        "collision_year": 2022,
        "enhanced_casualty_severity": "7",
        "lsoa_of_casualty": "E01010954",
        "pedestrian_location": "5",
        "pedestrian_movement": "9",
        "pedestrian_road_maintenance_worker": "2",
        "sex_of_casualty": "1",
        "vehicle_reference": 1,
        "geometry_source": "inherited_from_linked_collision",
        "source_year": 2022
      }
    },
    {
      "type": "Feature",
      "id": "2022131208905:1",
      "geometry": {
        "type": "Point",
        "coordinates": [
          -1.881089,
          53.739174
        ]
      },
      "properties": {
        "age_band_of_casualty": "2",
        "age_of_casualty": 9,
        "bus_or_coach_passenger": "0",
        "car_passenger": "0",
        "casualty_adjusted_severity_serious": "1",
        "casualty_adjusted_severity_slight": "0",
        "casualty_class": "3",
        "casualty_distance_banding": "-1",
        "casualty_imd_decile": "1",
        "casualty_injury_based": "1",
        "casualty_reference": 1,
        "casualty_severity": "2",
        "casualty_type": "0",
        "collision_index": "2022131208905",
        "collision_ref_no": "131208905",
        "collision_year": 2022,
        "enhanced_casualty_severity": "7",
        "lsoa_of_casualty": "E01010943",
        "pedestrian_location": "8",
        "pedestrian_movement": "1",
        "pedestrian_road_maintenance_worker": "2",
        "sex_of_casualty": "1",
        "vehicle_reference": 1,
        "geometry_source": "inherited_from_linked_collision",
        "source_year": 2022
      }
    },
    {
      "type": "Feature",
      "id": "2022131154819:1",
      "geometry": {
        "type": "Point",
        "coordinates": [
          -1.917194,
          53.750799
        ]
      },
      "properties": {
        "age_band_of_casualty": "8",
        "age_of_casualty": 51,
        "bus_or_coach_passenger": "0",
        "car_passenger": "0",
        "casualty_adjusted_severity_serious": "1",
        "casualty_adjusted_severity_slight": "0",
        "casualty_class": "3",
        "casualty_distance_banding": "-1",
        "casualty_imd_decile": "1",
        "casualty_injury_based": "1",
        "casualty_reference": 1,
        "casualty_severity": "2",
        "casualty_type": "0",
        "collision_index": "2022131154819",
        "collision_ref_no": "131154819",
        "collision_year": 2022,
        "enhanced_casualty_severity": "7",
        "lsoa_of_casualty": "E01010926",
        "pedestrian_location": "9",
        "pedestrian_movement": "5",
        "pedestrian_road_maintenance_worker": "2",
        "sex_of_casualty": "1",
        "vehicle_reference": 2,
        "geometry_source": "inherited_from_linked_collision",
        "source_year": 2022
      }
    },
    {
      "type": "Feature",
      "id": "2022131160050:1",
      "geometry": {
        "type": "Point",
        "coordinates": [
          -1.86124,
          53.72177
        ]
      },
      "properties": {
        "age_band_of_casualty": "11",
        "age_of_casualty": 82,
        "bus_or_coach_passenger": "0",
        "car_passenger": "0",
        "casualty_adjusted_severity_serious": "0",
        "casualty_adjusted_severity_slight": "1",
        "casualty_class": "3",
        "casualty_distance_banding": "-1",
        "casualty_imd_decile": "6",
        "casualty_injury_based": "1",
        "casualty_reference": 1,
        "casualty_severity": "3",
        "casualty_type": "0",
        "collision_index": "2022131160050",
        "collision_ref_no": "131160050",
        "collision_year": 2022,
        "enhanced_casualty_severity": "3",
        "lsoa_of_casualty": "E01010975",
        "pedestrian_location": "6",
        "pedestrian_movement": "9",
        "pedestrian_road_maintenance_worker": "2",
        "sex_of_casualty": "2",
        "vehicle_reference": 1,
        "geometry_source": "inherited_from_linked_collision",
        "source_year": 2022
      }
    },
    {
      "type": "Feature",
      "id": "2022131217216:1",
      "geometry": {
        "type": "Point",
        "coordinates": [
          -2.160257,
          53.711721
        ]
      },
      "properties": {
        "age_band_of_casualty": "7",
        "age_of_casualty": 40,
        "bus_or_coach_passenger": "0",
        "car_passenger": "0",
        "casualty_adjusted_severity_serious": "1",
        "casualty_adjusted_severity_slight": "0",
        "casualty_class": "1",
        "casualty_distance_banding": "-1",
        "casualty_imd_decile": "1",
        "casualty_injury_based": "1",
        "casualty_reference": 1,
        "casualty_severity": "2",
        "casualty_type": "5",
        "collision_index": "2022131217216",
        "collision_ref_no": "131217216",
        "collision_year": 2022,
        "enhanced_casualty_severity": "6",
        "lsoa_of_casualty": "E01005475",
        "pedestrian_location": "0",
        "pedestrian_movement": "0",
        "pedestrian_road_maintenance_worker": "0",
        "sex_of_casualty": "1",
        "vehicle_reference": 1,
        "geometry_source": "inherited_from_linked_collision",
        "source_year": 2022
      }
    },
    {
      "type": "Feature",
      "id": "2022131145327:1",
      "geometry": {
        "type": "Point",
        "coordinates": [
          -1.948966,
          53.648325
        ]
      },
      "properties": {
        "age_band_of_casualty": "7",
        "age_of_casualty": 45,
        "bus_or_coach_passenger": "0",
        "car_passenger": "0",
        "casualty_adjusted_severity_serious": "1",
        "casualty_adjusted_severity_slight": "0",
        "casualty_class": "2",
        "casualty_distance_banding": "-1",
        "casualty_imd_decile": "-1",
        "casualty_injury_based": "1",
        "casualty_reference": 1,
        "casualty_severity": "2",
        "casualty_type": "9",
        "collision_index": "2022131145327",
        "collision_ref_no": "131145327",
        "collision_year": 2022,
        "enhanced_casualty_severity": "6",
        "lsoa_of_casualty": "-1",
        "pedestrian_location": "0",
        "pedestrian_movement": "0",
        "pedestrian_road_maintenance_worker": "0",
        "sex_of_casualty": "1",
        "vehicle_reference": 1,
        "geometry_source": "inherited_from_linked_collision",
        "source_year": 2022
      }
    },
    {
      "type": "Feature",
      "id": "2022131167261:1",
      "geometry": {
        "type": "Point",
        "coordinates": [
          -1.827326,
          53.710248
        ]
      },
      "properties": {
        "age_band_of_casualty": "6",
        "age_of_casualty": 31,
        "bus_or_coach_passenger": "0",
        "car_passenger": "0",
        "casualty_adjusted_severity_serious": "0",
        "casualty_adjusted_severity_slight": "1",
        "casualty_class": "1",
        "casualty_distance_banding": "-1",
        "casualty_imd_decile": "8",
        "casualty_injury_based": "1",
        "casualty_reference": 1,
        "casualty_severity": "3",
        "casualty_type": "9",
        "collision_index": "2022131167261",
        "collision_ref_no": "131167261",
        "collision_year": 2022,
        "enhanced_casualty_severity": "3",
        "lsoa_of_casualty": "E01011169",
        "pedestrian_location": "0",
        "pedestrian_movement": "0",
        "pedestrian_road_maintenance_worker": "0",
        "sex_of_casualty": "2",
        "vehicle_reference": 2,
        "geometry_source": "inherited_from_linked_collision",
        "source_year": 2022
      }
    },
    {
      "type": "Feature",
      "id": "2022131182449:1",
      "geometry": {
        "type": "Point",
        "coordinates": [
          -1.868352,
          53.739754
        ]
      },
      "properties": {
        "age_band_of_casualty": "6",
        "age_of_casualty": 28,
        "bus_or_coach_passenger": "0",
        "car_passenger": "0",
        "casualty_adjusted_severity_serious": "0",
        "casualty_adjusted_severity_slight": "1",
        "casualty_class": "1",
        "casualty_distance_banding": "-1",
        "casualty_imd_decile": "1",
        "casualty_injury_based": "1",
        "casualty_reference": 1,
        "casualty_severity": "3",
        "casualty_type": "9",
        "collision_index": "2022131182449",
        "collision_ref_no": "131182449",
        "collision_year": 2022,
        "enhanced_casualty_severity": "3",
        "lsoa_of_casualty": "E01010663",
        "pedestrian_location": "0",
        "pedestrian_movement": "0",
        "pedestrian_road_maintenance_worker": "0",
        "sex_of_casualty": "1",
        "vehicle_reference": 2,
        "geometry_source": "inherited_from_linked_collision",
        "source_year": 2022
      }
    },
    {
      "type": "Feature",
      "id": "2022131134231:1",
      "geometry": {
        "type": "Point",
        "coordinates": [
          -1.891696,
          53.723383
        ]
      },
      "properties": {
        "age_band_of_casualty": "7",
        "age_of_casualty": 41,
        "bus_or_coach_passenger": "0",
        "car_passenger": "0",
        "casualty_adjusted_severity_serious": "1",
        "casualty_adjusted_severity_slight": "0",
        "casualty_class": "2",
        "casualty_distance_banding": "-1",
        "casualty_imd_decile": "2",
        "casualty_injury_based": "1",
        "casualty_reference": 1,
        "casualty_severity": "2",
        "casualty_type": "19",
        "collision_index": "2022131134231",
        "collision_ref_no": "131134231",
        "collision_year": 2022,
        "enhanced_casualty_severity": "7",
        "lsoa_of_casualty": "E01011002",
        "pedestrian_location": "0",
        "pedestrian_movement": "0",
        "pedestrian_road_maintenance_worker": "0",
        "sex_of_casualty": "1",
        "vehicle_reference": 2,
        "geometry_source": "inherited_from_linked_collision",
        "source_year": 2022
      }
    },
    {
      "type": "Feature",
      "id": "2022131250603:2",
      "geometry": {
        "type": "Point",
        "coordinates": [
          -1.881536,
          53.720326
        ]
      },
      "properties": {
        "age_band_of_casualty": "8",
        "age_of_casualty": 52,
        "bus_or_coach_passenger": "0",
        "car_passenger": "0",
        "casualty_adjusted_severity_serious": "0",
        "casualty_adjusted_severity_slight": "1",
        "casualty_class": "1",
        "casualty_distance_banding": "-1",
        "casualty_imd_decile": "7",
        "casualty_injury_based": "1",
        "casualty_reference": 2,
        "casualty_severity": "3",
        "casualty_type": "19",
        "collision_index": "2022131250603",
        "collision_ref_no": "131250603",
        "collision_year": 2022,
        "enhanced_casualty_severity": "3",
        "lsoa_of_casualty": "E01010911",
        "pedestrian_location": "0",
        "pedestrian_movement": "0",
        "pedestrian_road_maintenance_worker": "0",
        "sex_of_casualty": "1",
        "vehicle_reference": 3,
        "geometry_source": "inherited_from_linked_collision",
        "source_year": 2022
      }
    },
    {
      "type": "Feature",
      "id": "2022131136698:1",
      "geometry": {
        "type": "Point",
        "coordinates": [
          -1.881273,
          53.657517
        ]
      },
      "properties": {
        "age_band_of_casualty": "7",
        "age_of_casualty": 40,
        "bus_or_coach_passenger": "0",
        "car_passenger": "0",
        "casualty_adjusted_severity_serious": "1",
        "casualty_adjusted_severity_slight": "0",
        "casualty_class": "3",
        "casualty_distance_banding": "-1",
        "casualty_imd_decile": "7",
        "casualty_injury_based": "1",
        "casualty_reference": 1,
        "casualty_severity": "2",
        "casualty_type": "0",
        "collision_index": "2022131136698",
        "collision_ref_no": "131136698",
        "collision_year": 2022,
        "enhanced_casualty_severity": "7",
        "lsoa_of_casualty": "E01011211",
        "pedestrian_location": "10",
        "pedestrian_movement": "9",
        "pedestrian_road_maintenance_worker": "2",
        "sex_of_casualty": "1",
        "vehicle_reference": 1,
        "geometry_source": "inherited_from_linked_collision",
        "source_year": 2022
      }
    },
    {
      "type": "Feature",
      "id": "2022131151628:1",
      "geometry": {
        "type": "Point",
        "coordinates": [
          -1.860511,
          53.726937
        ]
      },
      "properties": {
        "age_band_of_casualty": "4",
        "age_of_casualty": 19,
        "bus_or_coach_passenger": "0",
        "car_passenger": "0",
        "casualty_adjusted_severity_serious": "0",
        "casualty_adjusted_severity_slight": "1",
        "casualty_class": "3",
        "casualty_distance_banding": "-1",
        "casualty_imd_decile": "2",
        "casualty_injury_based": "1",
        "casualty_reference": 1,
        "casualty_severity": "3",
        "casualty_type": "0",
        "collision_index": "2022131151628",
        "collision_ref_no": "131151628",
        "collision_year": 2022,
        "enhanced_casualty_severity": "3",
        "lsoa_of_casualty": "E01010930",
        "pedestrian_location": "5",
        "pedestrian_movement": "3",
        "pedestrian_road_maintenance_worker": "1",
        "sex_of_casualty": "1",
        "vehicle_reference": 1,
        "geometry_source": "inherited_from_linked_collision",
        "source_year": 2022
      }
    },
    {
      "type": "Feature",
      "id": "2022131256913:1",
      "geometry": {
        "type": "Point",
        "coordinates": [
          -1.893735,
          53.750223
        ]
      },
      "properties": {
        "age_band_of_casualty": "4",
        "age_of_casualty": 18,
        "bus_or_coach_passenger": "0",
        "car_passenger": "0",
        "casualty_adjusted_severity_serious": "1",
        "casualty_adjusted_severity_slight": "0",
        "casualty_class": "3",
        "casualty_distance_banding": "-1",
        "casualty_imd_decile": "4",
        "casualty_injury_based": "1",
        "casualty_reference": 1,
        "casualty_severity": "2",
        "casualty_type": "0",
        "collision_index": "2022131256913",
        "collision_ref_no": "131256913",
        "collision_year": 2022,
        "enhanced_casualty_severity": "7",
        "lsoa_of_casualty": "E01010890",
        "pedestrian_location": "10",
        "pedestrian_movement": "9",
        "pedestrian_road_maintenance_worker": "1",
        "sex_of_casualty": "2",
        "vehicle_reference": 1,
        "geometry_source": "inherited_from_linked_collision",
        "source_year": 2022
      }
    },
    {
      "type": "Feature",
      "id": "2022131137403:1",
      "geometry": {
        "type": "Point",
        "coordinates": [
          -1.857762,
          53.719438
        ]
      },
      "properties": {
        "age_band_of_casualty": "6",
        "age_of_casualty": 27,
        "bus_or_coach_passenger": "0",
        "car_passenger": "1",
        "casualty_adjusted_severity_serious": "1",
        "casualty_adjusted_severity_slight": "0",
        "casualty_class": "2",
        "casualty_distance_banding": "-1",
        "casualty_imd_decile": "6",
        "casualty_injury_based": "1",
        "casualty_reference": 1,
        "casualty_severity": "2",
        "casualty_type": "9",
        "collision_index": "2022131137403",
        "collision_ref_no": "131137403",
        "collision_year": 2022,
        "enhanced_casualty_severity": "6",
        "lsoa_of_casualty": "E01011228",
        "pedestrian_location": "0",
        "pedestrian_movement": "0",
        "pedestrian_road_maintenance_worker": "0",
        "sex_of_casualty": "2",
        "vehicle_reference": 1,
        "geometry_source": "inherited_from_linked_collision",
        "source_year": 2022
      }
    },
    {
      "type": "Feature",
      "id": "2022131203987:1",
      "geometry": {
        "type": "Point",
        "coordinates": [
          -1.873779,
          53.724687
        ]
      },
      "properties": {
        "age_band_of_casualty": "5",
        "age_of_casualty": 23,
        "bus_or_coach_passenger": "0",
        "car_passenger": "0",
        "casualty_adjusted_severity_serious": "0",
        "casualty_adjusted_severity_slight": "1",
        "casualty_class": "1",
        "casualty_distance_banding": "-1",
        "casualty_imd_decile": "3",
        "casualty_injury_based": "1",
        "casualty_reference": 1,
        "casualty_severity": "3",
        "casualty_type": "9",
        "collision_index": "2022131203987",
        "collision_ref_no": "131203987",
        "collision_year": 2022,
        "enhanced_casualty_severity": "3",
        "lsoa_of_casualty": "E01010998",
        "pedestrian_location": "0",
        "pedestrian_movement": "0",
        "pedestrian_road_maintenance_worker": "0",
        "sex_of_casualty": "1",
        "vehicle_reference": 1,
        "geometry_source": "inherited_from_linked_collision",
        "source_year": 2022
      }
    },
    {
      "type": "Feature",
      "id": "2022131222135:1",
      "geometry": {
        "type": "Point",
        "coordinates": [
          -1.848435,
          53.70065
        ]
      },
      "properties": {
        "age_band_of_casualty": "7",
        "age_of_casualty": 37,
        "bus_or_coach_passenger": "0",
        "car_passenger": "0",
        "casualty_adjusted_severity_serious": "0",
        "casualty_adjusted_severity_slight": "1",
        "casualty_class": "1",
        "casualty_distance_banding": "-1",
        "casualty_imd_decile": "6",
        "casualty_injury_based": "1",
        "casualty_reference": 1,
        "casualty_severity": "3",
        "casualty_type": "9",
        "collision_index": "2022131222135",
        "collision_ref_no": "131222135",
        "collision_year": 2022,
        "enhanced_casualty_severity": "3",
        "lsoa_of_casualty": "E01010991",
        "pedestrian_location": "0",
        "pedestrian_movement": "0",
        "pedestrian_road_maintenance_worker": "0",
        "sex_of_casualty": "1",
        "vehicle_reference": 1,
        "geometry_source": "inherited_from_linked_collision",
        "source_year": 2022
      }
    },
    {
      "type": "Feature",
      "id": "2022131248528:1",
      "geometry": {
        "type": "Point",
        "coordinates": [
          -1.891927,
          53.716229
        ]
      },
      "properties": {
        "age_band_of_casualty": "7",
        "age_of_casualty": 41,
        "bus_or_coach_passenger": "0",
        "car_passenger": "0",
        "casualty_adjusted_severity_serious": "0",
        "casualty_adjusted_severity_slight": "1",
        "casualty_class": "1",
        "casualty_distance_banding": "-1",
        "casualty_imd_decile": "6",
        "casualty_injury_based": "1",
        "casualty_reference": 1,
        "casualty_severity": "3",
        "casualty_type": "9",
        "collision_index": "2022131248528",
        "collision_ref_no": "131248528",
        "collision_year": 2022,
        "enhanced_casualty_severity": "3",
        "lsoa_of_casualty": "E01010969",
        "pedestrian_location": "0",
        "pedestrian_movement": "0",
        "pedestrian_road_maintenance_worker": "0",
        "sex_of_casualty": "2",
        "vehicle_reference": 2,
        "geometry_source": "inherited_from_linked_collision",
        "source_year": 2022
      }
    },
    {
      "type": "Feature",
      "id": "2022131257299:1",
      "geometry": {
        "type": "Point",
        "coordinates": [
          -1.913067,
          53.707213
        ]
      },
      "properties": {
        "age_band_of_casualty": "11",
        "age_of_casualty": 76,
        "bus_or_coach_passenger": "0",
        "car_passenger": "0",
        "casualty_adjusted_severity_serious": "0",
        "casualty_adjusted_severity_slight": "1",
        "casualty_class": "1",
        "casualty_distance_banding": "-1",
        "casualty_imd_decile": "4",
        "casualty_injury_based": "1",
        "casualty_reference": 1,
        "casualty_severity": "3",
        "casualty_type": "22",
        "collision_index": "2022131257299",
        "collision_ref_no": "131257299",
        "collision_year": 2022,
        "enhanced_casualty_severity": "3",
        "lsoa_of_casualty": "E01010959",
        "pedestrian_location": "0",
        "pedestrian_movement": "0",
        "pedestrian_road_maintenance_worker": "0",
        "sex_of_casualty": "1",
        "vehicle_reference": 2,
        "geometry_source": "inherited_from_linked_collision",
        "source_year": 2022
      }
    },
    {
      "type": "Feature",
      "id": "2022131180385:1",
      "geometry": {
        "type": "Point",
        "coordinates": [
          -1.871736,
          53.718878
        ]
      },
      "properties": {
        "age_band_of_casualty": "5",
        "age_of_casualty": 21,
        "bus_or_coach_passenger": "0",
        "car_passenger": "0",
        "casualty_adjusted_severity_serious": "1",
        "casualty_adjusted_severity_slight": "0",
        "casualty_class": "1",
        "casualty_distance_banding": "-1",
        "casualty_imd_decile": "3",
        "casualty_injury_based": "1",
        "casualty_reference": 1,
        "casualty_severity": "2",
        "casualty_type": "1",
        "collision_index": "2022131180385",
        "collision_ref_no": "131180385",
        "collision_year": 2022,
        "enhanced_casualty_severity": "7",
        "lsoa_of_casualty": "E01010998",
        "pedestrian_location": "0",
        "pedestrian_movement": "0",
        "pedestrian_road_maintenance_worker": "0",
        "sex_of_casualty": "1",
        "vehicle_reference": 2,
        "geometry_source": "inherited_from_linked_collision",
        "source_year": 2022
      }
    },
    {
      "type": "Feature",
      "id": "2022131134638:1",
      "geometry": {
        "type": "Point",
        "coordinates": [
          -1.859669,
          53.72468
        ]
      },
      "properties": {
        "age_band_of_casualty": "9",
        "age_of_casualty": 56,
        "bus_or_coach_passenger": "0",
        "car_passenger": "0",
        "casualty_adjusted_severity_serious": "0",
        "casualty_adjusted_severity_slight": "1",
        "casualty_class": "3",
        "casualty_distance_banding": "-1",
        "casualty_imd_decile": "5",
        "casualty_injury_based": "1",
        "casualty_reference": 1,
        "casualty_severity": "3",
        "casualty_type": "0",
        "collision_index": "2022131134638",
        "collision_ref_no": "131134638",
        "collision_year": 2022,
        "enhanced_casualty_severity": "3",
        "lsoa_of_casualty": "E01010934",
        "pedestrian_location": "1",
        "pedestrian_movement": "9",
        "pedestrian_road_maintenance_worker": "2",
        "sex_of_casualty": "1",
        "vehicle_reference": 1,
        "geometry_source": "inherited_from_linked_collision",
        "source_year": 2022
      }
    },
    {
      "type": "Feature",
      "id": "2022131201535:1",
      "geometry": {
        "type": "Point",
        "coordinates": [
          -1.887165,
          53.717698
        ]
      },
      "properties": {
        "age_band_of_casualty": "6",
        "age_of_casualty": 33,
        "bus_or_coach_passenger": "0",
        "car_passenger": "0",
        "casualty_adjusted_severity_serious": "0",
        "casualty_adjusted_severity_slight": "1",
        "casualty_class": "3",
        "casualty_distance_banding": "-1",
        "casualty_imd_decile": "3",
        "casualty_injury_based": "1",
        "casualty_reference": 1,
        "casualty_severity": "3",
        "casualty_type": "0",
        "collision_index": "2022131201535",
        "collision_ref_no": "131201535",
        "collision_year": 2022,
        "enhanced_casualty_severity": "3",
        "lsoa_of_casualty": "E01010998",
        "pedestrian_location": "6",
        "pedestrian_movement": "9",
        "pedestrian_road_maintenance_worker": "2",
        "sex_of_casualty": "2",
        "vehicle_reference": 1,
        "geometry_source": "inherited_from_linked_collision",
        "source_year": 2022
      }
    },
    {
      "type": "Feature",
      "id": "2022131148474:1",
      "geometry": {
        "type": "Point",
        "coordinates": [
          -1.856768,
          53.686585
        ]
      },
      "properties": {
        "age_band_of_casualty": "8",
        "age_of_casualty": 51,
        "bus_or_coach_passenger": "0",
        "car_passenger": "0",
        "casualty_adjusted_severity_serious": "0",
        "casualty_adjusted_severity_slight": "1",
        "casualty_class": "3",
        "casualty_distance_banding": "-1",
        "casualty_imd_decile": "7",
        "casualty_injury_based": "1",
        "casualty_reference": 1,
        "casualty_severity": "3",
        "casualty_type": "0",
        "collision_index": "2022131148474",
        "collision_ref_no": "131148474",
        "collision_year": 2022,
        "enhanced_casualty_severity": "3",
        "lsoa_of_casualty": "E01010899",
        "pedestrian_location": "4",
        "pedestrian_movement": "3",
        "pedestrian_road_maintenance_worker": "2",
        "sex_of_casualty": "2",
        "vehicle_reference": 1,
        "geometry_source": "inherited_from_linked_collision",
        "source_year": 2022
      }
    },
    {
      "type": "Feature",
      "id": "2022131182466:1",
      "geometry": {
        "type": "Point",
        "coordinates": [
          -1.897466,
          53.743809
        ]
      },
      "properties": {
        "age_band_of_casualty": "4",
        "age_of_casualty": 18,
        "bus_or_coach_passenger": "0",
        "car_passenger": "0",
        "casualty_adjusted_severity_serious": "1",
        "casualty_adjusted_severity_slight": "0",
        "casualty_class": "1",
        "casualty_distance_banding": "-1",
        "casualty_imd_decile": "2",
        "casualty_injury_based": "1",
        "casualty_reference": 1,
        "casualty_severity": "2",
        "casualty_type": "3",
        "collision_index": "2022131182466",
        "collision_ref_no": "131182466",
        "collision_year": 2022,
        "enhanced_casualty_severity": "7",
        "lsoa_of_casualty": "E01010930",
        "pedestrian_location": "0",
        "pedestrian_movement": "0",
        "pedestrian_road_maintenance_worker": "0",
        "sex_of_casualty": "1",
        "vehicle_reference": 1,
        "geometry_source": "inherited_from_linked_collision",
        "source_year": 2022
      }
    },
    {
      "type": "Feature",
      "id": "2022131175180:1",
      "geometry": {
        "type": "Point",
        "coordinates": [
          -1.876105,
          53.727395
        ]
      },
      "properties": {
        "age_band_of_casualty": "9",
        "age_of_casualty": 56,
        "bus_or_coach_passenger": "0",
        "car_passenger": "0",
        "casualty_adjusted_severity_serious": "0",
        "casualty_adjusted_severity_slight": "1",
        "casualty_class": "1",
        "casualty_distance_banding": "-1",
        "casualty_imd_decile": "5",
        "casualty_injury_based": "1",
        "casualty_reference": 1,
        "casualty_severity": "3",
        "casualty_type": "5",
        "collision_index": "2022131175180",
        "collision_ref_no": "131175180",
        "collision_year": 2022,
        "enhanced_casualty_severity": "3",
        "lsoa_of_casualty": "E01010921",
        "pedestrian_location": "0",
        "pedestrian_movement": "0",
        "pedestrian_road_maintenance_worker": "0",
        "sex_of_casualty": "1",
        "vehicle_reference": 2,
        "geometry_source": "inherited_from_linked_collision",
        "source_year": 2022
      }
    },
    {
      "type": "Feature",
      "id": "2022131211552:1",
      "geometry": {
        "type": "Point",
        "coordinates": [
          -1.754228,
          53.694364
        ]
      },
      "properties": {
        "age_band_of_casualty": "8",
        "age_of_casualty": 48,
        "bus_or_coach_passenger": "0",
        "car_passenger": "0",
        "casualty_adjusted_severity_serious": "0",
        "casualty_adjusted_severity_slight": "1",
        "casualty_class": "1",
        "casualty_distance_banding": "-1",
        "casualty_imd_decile": "3",
        "casualty_injury_based": "1",
        "casualty_reference": 1,
        "casualty_severity": "3",
        "casualty_type": "9",
        "collision_index": "2022131211552",
        "collision_ref_no": "131211552",
        "collision_year": 2022,
        "enhanced_casualty_severity": "3",
        "lsoa_of_casualty": "E01025388",
        "pedestrian_location": "0",
        "pedestrian_movement": "0",
        "pedestrian_road_maintenance_worker": "0",
        "sex_of_casualty": "2",
        "vehicle_reference": 2,
        "geometry_source": "inherited_from_linked_collision",
        "source_year": 2022
      }
    },
    {
      "type": "Feature",
      "id": "2022131155194:1",
      "geometry": {
        "type": "Point",
        "coordinates": [
          -1.857708,
          53.71764
        ]
      },
      "properties": {
        "age_band_of_casualty": "6",
        "age_of_casualty": 26,
        "bus_or_coach_passenger": "0",
        "car_passenger": "0",
        "casualty_adjusted_severity_serious": "0",
        "casualty_adjusted_severity_slight": "1",
        "casualty_class": "3",
        "casualty_distance_banding": "-1",
        "casualty_imd_decile": "3",
        "casualty_injury_based": "1",
        "casualty_reference": 1,
        "casualty_severity": "3",
        "casualty_type": "0",
        "collision_index": "2022131155194",
        "collision_ref_no": "131155194",
        "collision_year": 2022,
        "enhanced_casualty_severity": "3",
        "lsoa_of_casualty": "E01010993",
        "pedestrian_location": "10",
        "pedestrian_movement": "9",
        "pedestrian_road_maintenance_worker": "2",
        "sex_of_casualty": "1",
        "vehicle_reference": 1,
        "geometry_source": "inherited_from_linked_collision",
        "source_year": 2022
      }
    },
    {
      "type": "Feature",
      "id": "2022131131513:1",
      "geometry": {
        "type": "Point",
        "coordinates": [
          -1.856066,
          53.696974
        ]
      },
      "properties": {
        "age_band_of_casualty": "7",
        "age_of_casualty": 39,
        "bus_or_coach_passenger": "0",
        "car_passenger": "0",
        "casualty_adjusted_severity_serious": "1",
        "casualty_adjusted_severity_slight": "0",
        "casualty_class": "1",
        "casualty_distance_banding": "-1",
        "casualty_imd_decile": "7",
        "casualty_injury_based": "1",
        "casualty_reference": 1,
        "casualty_severity": "2",
        "casualty_type": "9",
        "collision_index": "2022131131513",
        "collision_ref_no": "131131513",
        "collision_year": 2022,
        "enhanced_casualty_severity": "7",
        "lsoa_of_casualty": "E01010897",
        "pedestrian_location": "0",
        "pedestrian_movement": "0",
        "pedestrian_road_maintenance_worker": "0",
        "sex_of_casualty": "2",
        "vehicle_reference": 2,
        "geometry_source": "inherited_from_linked_collision",
        "source_year": 2022
      }
    },
    {
      "type": "Feature",
      "id": "2022131172029:3",
      "geometry": {
        "type": "Point",
        "coordinates": [
          -1.872337,
          53.700489
        ]
      },
      "properties": {
        "age_band_of_casualty": "5",
        "age_of_casualty": 22,
        "bus_or_coach_passenger": "0",
        "car_passenger": "2",
        "casualty_adjusted_severity_serious": "0",
        "casualty_adjusted_severity_slight": "1",
        "casualty_class": "2",
        "casualty_distance_banding": "-1",
        "casualty_imd_decile": "7",
        "casualty_injury_based": "1",
        "casualty_reference": 3,
        "casualty_severity": "3",
        "casualty_type": "9",
        "collision_index": "2022131172029",
        "collision_ref_no": "131172029",
        "collision_year": 2022,
        "enhanced_casualty_severity": "3",
        "lsoa_of_casualty": "E01010636",
        "pedestrian_location": "0",
        "pedestrian_movement": "0",
        "pedestrian_road_maintenance_worker": "0",
        "sex_of_casualty": "1",
        "vehicle_reference": 2,
        "geometry_source": "inherited_from_linked_collision",
        "source_year": 2022
      }
    },
    {
      "type": "Feature",
      "id": "2022131209196:2",
      "geometry": {
        "type": "Point",
        "coordinates": [
          -1.775433,
          53.702504
        ]
      },
      "properties": {
        "age_band_of_casualty": "2",
        "age_of_casualty": 6,
        "bus_or_coach_passenger": "0",
        "car_passenger": "2",
        "casualty_adjusted_severity_serious": "1",
        "casualty_adjusted_severity_slight": "0",
        "casualty_class": "2",
        "casualty_distance_banding": "-1",
        "casualty_imd_decile": "2",
        "casualty_injury_based": "1",
        "casualty_reference": 2,
        "casualty_severity": "2",
        "casualty_type": "9",
        "collision_index": "2022131209196",
        "collision_ref_no": "131209196",
        "collision_year": 2022,
        "enhanced_casualty_severity": "7",
        "lsoa_of_casualty": "E01011249",
        "pedestrian_location": "0",
        "pedestrian_movement": "0",
        "pedestrian_road_maintenance_worker": "0",
        "sex_of_casualty": "2",
        "vehicle_reference": 2,
        "geometry_source": "inherited_from_linked_collision",
        "source_year": 2022
      }
    },
    {
      "type": "Feature",
      "id": "2022131218023:1",
      "geometry": {
        "type": "Point",
        "coordinates": [
          -1.948735,
          53.702065
        ]
      },
      "properties": {
        "age_band_of_casualty": "9",
        "age_of_casualty": 56,
        "bus_or_coach_passenger": "0",
        "car_passenger": "0",
        "casualty_adjusted_severity_serious": "0",
        "casualty_adjusted_severity_slight": "1",
        "casualty_class": "1",
        "casualty_distance_banding": "-1",
        "casualty_imd_decile": "6",
        "casualty_injury_based": "1",
        "casualty_reference": 1,
        "casualty_severity": "3",
        "casualty_type": "9",
        "collision_index": "2022131218023",
        "collision_ref_no": "131218023",
        "collision_year": 2022,
        "enhanced_casualty_severity": "3",
        "lsoa_of_casualty": "E01010956",
        "pedestrian_location": "0",
        "pedestrian_movement": "0",
        "pedestrian_road_maintenance_worker": "0",
        "sex_of_casualty": "2",
        "vehicle_reference": 2,
        "geometry_source": "inherited_from_linked_collision",
        "source_year": 2022
      }
    },
    {
      "type": "Feature",
      "id": "2022131242412:2",
      "geometry": {
        "type": "Point",
        "coordinates": [
          -1.743234,
          53.704246
        ]
      },
      "properties": {
        "age_band_of_casualty": "4",
        "age_of_casualty": 18,
        "bus_or_coach_passenger": "0",
        "car_passenger": "1",
        "casualty_adjusted_severity_serious": "0",
        "casualty_adjusted_severity_slight": "1",
        "casualty_class": "2",
        "casualty_distance_banding": "-1",
        "casualty_imd_decile": "3",
        "casualty_injury_based": "1",
        "casualty_reference": 2,
        "casualty_severity": "3",
        "casualty_type": "9",
        "collision_index": "2022131242412",
        "collision_ref_no": "131242412",
        "collision_year": 2022,
        "enhanced_casualty_severity": "3",
        "lsoa_of_casualty": "E01012615",
        "pedestrian_location": "0",
        "pedestrian_movement": "0",
        "pedestrian_road_maintenance_worker": "0",
        "sex_of_casualty": "2",
        "vehicle_reference": 2,
        "geometry_source": "inherited_from_linked_collision",
        "source_year": 2022
      }
    },
    {
      "type": "Feature",
      "id": "2022131253702:1",
      "geometry": {
        "type": "Point",
        "coordinates": [
          -1.774905,
          53.702108
        ]
      },
      "properties": {
        "age_band_of_casualty": "5",
        "age_of_casualty": 25,
        "bus_or_coach_passenger": "0",
        "car_passenger": "0",
        "casualty_adjusted_severity_serious": "0",
        "casualty_adjusted_severity_slight": "1",
        "casualty_class": "1",
        "casualty_distance_banding": "-1",
        "casualty_imd_decile": "3",
        "casualty_injury_based": "1",
        "casualty_reference": 1,
        "casualty_severity": "3",
        "casualty_type": "9",
        "collision_index": "2022131253702",
        "collision_ref_no": "131253702",
        "collision_year": 2022,
        "enhanced_casualty_severity": "3",
        "lsoa_of_casualty": "E01011048",
        "pedestrian_location": "0",
        "pedestrian_movement": "0",
        "pedestrian_road_maintenance_worker": "0",
        "sex_of_casualty": "1",
        "vehicle_reference": 2,
        "geometry_source": "inherited_from_linked_collision",
        "source_year": 2022
      }
    },
    {
      "type": "Feature",
      "id": "2022131161766:2",
      "geometry": {
        "type": "Point",
        "coordinates": [
          -1.74669,
          53.698699
        ]
      },
      "properties": {
        "age_band_of_casualty": "7",
        "age_of_casualty": 41,
        "bus_or_coach_passenger": "0",
        "car_passenger": "0",
        "casualty_adjusted_severity_serious": "0",
        "casualty_adjusted_severity_slight": "1",
        "casualty_class": "2",
        "casualty_distance_banding": "-1",
        "casualty_imd_decile": "3",
        "casualty_injury_based": "1",
        "casualty_reference": 2,
        "casualty_severity": "3",
        "casualty_type": "19",
        "collision_index": "2022131161766",
        "collision_ref_no": "131161766",
        "collision_year": 2022,
        "enhanced_casualty_severity": "3",
        "lsoa_of_casualty": "E01011343",
        "pedestrian_location": "0",
        "pedestrian_movement": "0",
        "pedestrian_road_maintenance_worker": "0",
        "sex_of_casualty": "1",
        "vehicle_reference": 2,
        "geometry_source": "inherited_from_linked_collision",
        "source_year": 2022
      }
    },
    {
      "type": "Feature",
      "id": "2022131223317:1",
      "geometry": {
        "type": "Point",
        "coordinates": [
          -1.88337,
          53.714657
        ]
      },
      "properties": {
        "age_band_of_casualty": "5",
        "age_of_casualty": 21,
        "bus_or_coach_passenger": "0",
        "car_passenger": "0",
        "casualty_adjusted_severity_serious": "1",
        "casualty_adjusted_severity_slight": "0",
        "casualty_class": "3",
        "casualty_distance_banding": "-1",
        "casualty_imd_decile": "6",
        "casualty_injury_based": "1",
        "casualty_reference": 1,
        "casualty_severity": "2",
        "casualty_type": "0",
        "collision_index": "2022131223317",
        "collision_ref_no": "131223317",
        "collision_year": 2022,
        "enhanced_casualty_severity": "7",
        "lsoa_of_casualty": "E01010952",
        "pedestrian_location": "8",
        "pedestrian_movement": "7",
        "pedestrian_road_maintenance_worker": "2",
        "sex_of_casualty": "1",
        "vehicle_reference": 1,
        "geometry_source": "inherited_from_linked_collision",
        "source_year": 2022
      }
    },
    {
      "type": "Feature",
      "id": "2022131180778:1",
      "geometry": {
        "type": "Point",
        "coordinates": [
          -1.840569,
          53.689881
        ]
      },
      "properties": {
        "age_band_of_casualty": "6",
        "age_of_casualty": 35,
        "bus_or_coach_passenger": "0",
        "car_passenger": "0",
        "casualty_adjusted_severity_serious": "0",
        "casualty_adjusted_severity_slight": "1",
        "casualty_class": "1",
        "casualty_distance_banding": "-1",
        "casualty_imd_decile": "6",
        "casualty_injury_based": "1",
        "casualty_reference": 1,
        "casualty_severity": "3",
        "casualty_type": "1",
        "collision_index": "2022131180778",
        "collision_ref_no": "131180778",
        "collision_year": 2022,
        "enhanced_casualty_severity": "3",
        "lsoa_of_casualty": "E01010948",
        "pedestrian_location": "0",
        "pedestrian_movement": "0",
        "pedestrian_road_maintenance_worker": "0",
        "sex_of_casualty": "1",
        "vehicle_reference": 1,
        "geometry_source": "inherited_from_linked_collision",
        "source_year": 2022
      }
    },
    {
      "type": "Feature",
      "id": "2022131150685:2",
      "geometry": {
        "type": "Point",
        "coordinates": [
          -1.876973,
          53.741731
        ]
      },
      "properties": {
        "age_band_of_casualty": "10",
        "age_of_casualty": 72,
        "bus_or_coach_passenger": "0",
        "car_passenger": "0",
        "casualty_adjusted_severity_serious": "0",
        "casualty_adjusted_severity_slight": "1",
        "casualty_class": "1",
        "casualty_distance_banding": "-1",
        "casualty_imd_decile": "5",
        "casualty_injury_based": "1",
        "casualty_reference": 2,
        "casualty_severity": "3",
        "casualty_type": "9",
        "collision_index": "2022131150685",
        "collision_ref_no": "131150685",
        "collision_year": 2022,
        "enhanced_casualty_severity": "3",
        "lsoa_of_casualty": "E01010756",
        "pedestrian_location": "0",
        "pedestrian_movement": "0",
        "pedestrian_road_maintenance_worker": "0",
        "sex_of_casualty": "2",
        "vehicle_reference": 1,
        "geometry_source": "inherited_from_linked_collision",
        "source_year": 2022
      }
    },
    {
      "type": "Feature",
      "id": "2022131172007:1",
      "geometry": {
        "type": "Point",
        "coordinates": [
          -1.861701,
          53.729033
        ]
      },
      "properties": {
        "age_band_of_casualty": "7",
        "age_of_casualty": 44,
        "bus_or_coach_passenger": "0",
        "car_passenger": "0",
        "casualty_adjusted_severity_serious": "0",
        "casualty_adjusted_severity_slight": "1",
        "casualty_class": "1",
        "casualty_distance_banding": "-1",
        "casualty_imd_decile": "1",
        "casualty_injury_based": "1",
        "casualty_reference": 1,
        "casualty_severity": "3",
        "casualty_type": "9",
        "collision_index": "2022131172007",
        "collision_ref_no": "131172007",
        "collision_year": 2022,
        "enhanced_casualty_severity": "3",
        "lsoa_of_casualty": "E01027177",
        "pedestrian_location": "0",
        "pedestrian_movement": "0",
        "pedestrian_road_maintenance_worker": "0",
        "sex_of_casualty": "1",
        "vehicle_reference": 2,
        "geometry_source": "inherited_from_linked_collision",
        "source_year": 2022
      }
    },
    {
      "type": "Feature",
      "id": "2022131129713:1",
      "geometry": {
        "type": "Point",
        "coordinates": [
          -1.780874,
          53.710595
        ]
      },
      "properties": {
        "age_band_of_casualty": "9",
        "age_of_casualty": 56,
        "bus_or_coach_passenger": "0",
        "car_passenger": "0",
        "casualty_adjusted_severity_serious": "0",
        "casualty_adjusted_severity_slight": "1",
        "casualty_class": "1",
        "casualty_distance_banding": "-1",
        "casualty_imd_decile": "2",
        "casualty_injury_based": "1",
        "casualty_reference": 1,
        "casualty_severity": "3",
        "casualty_type": "9",
        "collision_index": "2022131129713",
        "collision_ref_no": "131129713",
        "collision_year": 2022,
        "enhanced_casualty_severity": "3",
        "lsoa_of_casualty": "E01011080",
        "pedestrian_location": "0",
        "pedestrian_movement": "0",
        "pedestrian_road_maintenance_worker": "0",
        "sex_of_casualty": "2",
        "vehicle_reference": 1,
        "geometry_source": "inherited_from_linked_collision",
        "source_year": 2022
      }
    },
    {
      "type": "Feature",
      "id": "2022131192182:1",
      "geometry": {
        "type": "Point",
        "coordinates": [
          -1.911037,
          53.664383
        ]
      },
      "properties": {
        "age_band_of_casualty": "7",
        "age_of_casualty": 40,
        "bus_or_coach_passenger": "0",
        "car_passenger": "0",
        "casualty_adjusted_severity_serious": "0",
        "casualty_adjusted_severity_slight": "1",
        "casualty_class": "1",
        "casualty_distance_banding": "-1",
        "casualty_imd_decile": "4",
        "casualty_injury_based": "1",
        "casualty_reference": 1,
        "casualty_severity": "3",
        "casualty_type": "9",
        "collision_index": "2022131192182",
        "collision_ref_no": "131192182",
        "collision_year": 2022,
        "enhanced_casualty_severity": "3",
        "lsoa_of_casualty": "E01010959",
        "pedestrian_location": "0",
        "pedestrian_movement": "0",
        "pedestrian_road_maintenance_worker": "0",
        "sex_of_casualty": "1",
        "vehicle_reference": 3,
        "geometry_source": "inherited_from_linked_collision",
        "source_year": 2022
      }
    },
    {
      "type": "Feature",
      "id": "2022131258084:1",
      "geometry": {
        "type": "Point",
        "coordinates": [
          -1.892739,
          53.754366
        ]
      },
      "properties": {
        "age_band_of_casualty": "3",
        "age_of_casualty": 11,
        "bus_or_coach_passenger": "0",
        "car_passenger": "0",
        "casualty_adjusted_severity_serious": "0",
        "casualty_adjusted_severity_slight": "1",
        "casualty_class": "1",
        "casualty_distance_banding": "-1",
        "casualty_imd_decile": "3",
        "casualty_injury_based": "1",
        "casualty_reference": 1,
        "casualty_severity": "3",
        "casualty_type": "22",
        "collision_index": "2022131258084",
        "collision_ref_no": "131258084",
        "collision_year": 2022,
        "enhanced_casualty_severity": "3",
        "lsoa_of_casualty": "E01010912",
        "pedestrian_location": "0",
        "pedestrian_movement": "0",
        "pedestrian_road_maintenance_worker": "0",
        "sex_of_casualty": "2",
        "vehicle_reference": 1,
        "geometry_source": "inherited_from_linked_collision",
        "source_year": 2022
      }
    },
    {
      "type": "Feature",
      "id": "2022131148955:1",
      "geometry": {
        "type": "Point",
        "coordinates": [
          -1.78083,
          53.710253
        ]
      },
      "properties": {
        "age_band_of_casualty": "8",
        "age_of_casualty": 54,
        "bus_or_coach_passenger": "0",
        "car_passenger": "0",
        "casualty_adjusted_severity_serious": "0",
        "casualty_adjusted_severity_slight": "1",
        "casualty_class": "3",
        "casualty_distance_banding": "-1",
        "casualty_imd_decile": "1",
        "casualty_injury_based": "1",
        "casualty_reference": 1,
        "casualty_severity": "3",
        "casualty_type": "0",
        "collision_index": "2022131148955",
        "collision_ref_no": "131148955",
        "collision_year": 2022,
        "enhanced_casualty_severity": "3",
        "lsoa_of_casualty": "E01010880",
        "pedestrian_location": "10",
        "pedestrian_movement": "9",
        "pedestrian_road_maintenance_worker": "2",
        "sex_of_casualty": "1",
        "vehicle_reference": 1,
        "geometry_source": "inherited_from_linked_collision",
        "source_year": 2022
      }
    },
    {
      "type": "Feature",
      "id": "2022131248767:1",
      "geometry": {
        "type": "Point",
        "coordinates": [
          -1.852215,
          53.702569
        ]
      },
      "properties": {
        "age_band_of_casualty": "3",
        "age_of_casualty": 13,
        "bus_or_coach_passenger": "0",
        "car_passenger": "0",
        "casualty_adjusted_severity_serious": "0",
        "casualty_adjusted_severity_slight": "1",
        "casualty_class": "3",
        "casualty_distance_banding": "-1",
        "casualty_imd_decile": "3",
        "casualty_injury_based": "1",
        "casualty_reference": 1,
        "casualty_severity": "3",
        "casualty_type": "0",
        "collision_index": "2022131248767",
        "collision_ref_no": "131248767",
        "collision_year": 2022,
        "enhanced_casualty_severity": "3",
        "lsoa_of_casualty": "E01010993",
        "pedestrian_location": "6",
        "pedestrian_movement": "9",
        "pedestrian_road_maintenance_worker": "2",
        "sex_of_casualty": "2",
        "vehicle_reference": 1,
        "geometry_source": "inherited_from_linked_collision",
        "source_year": 2022
      }
    },
    {
      "type": "Feature",
      "id": "2022131163879:1",
      "geometry": {
        "type": "Point",
        "coordinates": [
          -1.783267,
          53.698851
        ]
      },
      "properties": {
        "age_band_of_casualty": "8",
        "age_of_casualty": 52,
        "bus_or_coach_passenger": "0",
        "car_passenger": "1",
        "casualty_adjusted_severity_serious": "0",
        "casualty_adjusted_severity_slight": "1",
        "casualty_class": "2",
        "casualty_distance_banding": "-1",
        "casualty_imd_decile": "3",
        "casualty_injury_based": "1",
        "casualty_reference": 1,
        "casualty_severity": "3",
        "casualty_type": "9",
        "collision_index": "2022131163879",
        "collision_ref_no": "131163879",
        "collision_year": 2022,
        "enhanced_casualty_severity": "3",
        "lsoa_of_casualty": "E01010891",
        "pedestrian_location": "0",
        "pedestrian_movement": "0",
        "pedestrian_road_maintenance_worker": "0",
        "sex_of_casualty": "2",
        "vehicle_reference": 1,
        "geometry_source": "inherited_from_linked_collision",
        "source_year": 2022
      }
    },
    {
      "type": "Feature",
      "id": "2022131183041:2",
      "geometry": {
        "type": "Point",
        "coordinates": [
          -1.874195,
          53.686641
        ]
      },
      "properties": {
        "age_band_of_casualty": "11",
        "age_of_casualty": 81,
        "bus_or_coach_passenger": "0",
        "car_passenger": "0",
        "casualty_adjusted_severity_serious": "1",
        "casualty_adjusted_severity_slight": "0",
        "casualty_class": "2",
        "casualty_distance_banding": "-1",
        "casualty_imd_decile": "7",
        "casualty_injury_based": "1",
        "casualty_reference": 2,
        "casualty_severity": "2",
        "casualty_type": "9",
        "collision_index": "2022131183041",
        "collision_ref_no": "131183041",
        "collision_year": 2022,
        "enhanced_casualty_severity": "5",
        "lsoa_of_casualty": "E01010897",
        "pedestrian_location": "0",
        "pedestrian_movement": "0",
        "pedestrian_road_maintenance_worker": "0",
        "sex_of_casualty": "1",
        "vehicle_reference": 1,
        "geometry_source": "inherited_from_linked_collision",
        "source_year": 2022
      }
    },
    {
      "type": "Feature",
      "id": "2022131237755:1",
      "geometry": {
        "type": "Point",
        "coordinates": [
          -2.013603,
          53.63319
        ]
      },
      "properties": {
        "age_band_of_casualty": "8",
        "age_of_casualty": 46,
        "bus_or_coach_passenger": "0",
        "car_passenger": "0",
        "casualty_adjusted_severity_serious": "0",
        "casualty_adjusted_severity_slight": "1",
        "casualty_class": "1",
        "casualty_distance_banding": "-1",
        "casualty_imd_decile": "5",
        "casualty_injury_based": "1",
        "casualty_reference": 1,
        "casualty_severity": "3",
        "casualty_type": "9",
        "collision_index": "2022131237755",
        "collision_ref_no": "131237755",
        "collision_year": 2022,
        "enhanced_casualty_severity": "3",
        "lsoa_of_casualty": "E01032559",
        "pedestrian_location": "0",
        "pedestrian_movement": "0",
        "pedestrian_road_maintenance_worker": "0",
        "sex_of_casualty": "1",
        "vehicle_reference": 1,
        "geometry_source": "inherited_from_linked_collision",
        "source_year": 2022
      }
    },
    {
      "type": "Feature",
      "id": "2022131248069:1",
      "geometry": {
        "type": "Point",
        "coordinates": [
          -1.743498,
          53.705586
        ]
      },
      "properties": {
        "age_band_of_casualty": "8",
        "age_of_casualty": 54,
        "bus_or_coach_passenger": "0",
        "car_passenger": "0",
        "casualty_adjusted_severity_serious": "0",
        "casualty_adjusted_severity_slight": "1",
        "casualty_class": "1",
        "casualty_distance_banding": "-1",
        "casualty_imd_decile": "1",
        "casualty_injury_based": "1",
        "casualty_reference": 1,
        "casualty_severity": "3",
        "casualty_type": "9",
        "collision_index": "2022131248069",
        "collision_ref_no": "131248069",
        "collision_year": 2022,
        "enhanced_casualty_severity": "3",
        "lsoa_of_casualty": "E01010831",
        "pedestrian_location": "0",
        "pedestrian_movement": "0",
        "pedestrian_road_maintenance_worker": "0",
        "sex_of_casualty": "1",
        "vehicle_reference": 2,
        "geometry_source": "inherited_from_linked_collision",
        "source_year": 2022
      }
    },
    {
      "type": "Feature",
      "id": "2022131219099:1",
      "geometry": {
        "type": "Point",
        "coordinates": [
          -1.828568,
          53.680427
        ]
      },
      "properties": {
        "age_band_of_casualty": "5",
        "age_of_casualty": 25,
        "bus_or_coach_passenger": "0",
        "car_passenger": "0",
        "casualty_adjusted_severity_serious": "1",
        "casualty_adjusted_severity_slight": "0",
        "casualty_class": "1",
        "casualty_distance_banding": "-1",
        "casualty_imd_decile": "8",
        "casualty_injury_based": "1",
        "casualty_reference": 1,
        "casualty_severity": "2",
        "casualty_type": "1",
        "collision_index": "2022131219099",
        "collision_ref_no": "131219099",
        "collision_year": 2022,
        "enhanced_casualty_severity": "7",
        "lsoa_of_casualty": "E01011210",
        "pedestrian_location": "0",
        "pedestrian_movement": "0",
        "pedestrian_road_maintenance_worker": "0",
        "sex_of_casualty": "2",
        "vehicle_reference": 2,
        "geometry_source": "inherited_from_linked_collision",
        "source_year": 2022
      }
    },
    {
      "type": "Feature",
      "id": "2022131241091:1",
      "geometry": {
        "type": "Point",
        "coordinates": [
          -1.872985,
          53.726834
        ]
      },
      "properties": {
        "age_band_of_casualty": "11",
        "age_of_casualty": 83,
        "bus_or_coach_passenger": "0",
        "car_passenger": "0",
        "casualty_adjusted_severity_serious": "0",
        "casualty_adjusted_severity_slight": "1",
        "casualty_class": "3",
        "casualty_distance_banding": "-1",
        "casualty_imd_decile": "5",
        "casualty_injury_based": "1",
        "casualty_reference": 1,
        "casualty_severity": "3",
        "casualty_type": "0",
        "collision_index": "2022131241091",
        "collision_ref_no": "131241091",
        "collision_year": 2022,
        "enhanced_casualty_severity": "3",
        "lsoa_of_casualty": "E01010934",
        "pedestrian_location": "5",
        "pedestrian_movement": "1",
        "pedestrian_road_maintenance_worker": "2",
        "sex_of_casualty": "1",
        "vehicle_reference": 1,
        "geometry_source": "inherited_from_linked_collision",
        "source_year": 2022
      }
    },
    {
      "type": "Feature",
      "id": "2022131131788:1",
      "geometry": {
        "type": "Point",
        "coordinates": [
          -1.883083,
          53.725271
        ]
      },
      "properties": {
        "age_band_of_casualty": "3",
        "age_of_casualty": 12,
        "bus_or_coach_passenger": "0",
        "car_passenger": "1",
        "casualty_adjusted_severity_serious": "0",
        "casualty_adjusted_severity_slight": "1",
        "casualty_class": "2",
        "casualty_distance_banding": "-1",
        "casualty_imd_decile": "1",
        "casualty_injury_based": "1",
        "casualty_reference": 1,
        "casualty_severity": "3",
        "casualty_type": "9",
        "collision_index": "2022131131788",
        "collision_ref_no": "131131788",
        "collision_year": 2022,
        "enhanced_casualty_severity": "3",
        "lsoa_of_casualty": "E01010960",
        "pedestrian_location": "0",
        "pedestrian_movement": "0",
        "pedestrian_road_maintenance_worker": "0",
        "sex_of_casualty": "1",
        "vehicle_reference": 1,
        "geometry_source": "inherited_from_linked_collision",
        "source_year": 2022
      }
    },
    {
      "type": "Feature",
      "id": "2022131184028:1",
      "geometry": {
        "type": "Point",
        "coordinates": [
          -1.919295,
          53.674761
        ]
      },
      "properties": {
        "age_band_of_casualty": "8",
        "age_of_casualty": 51,
        "bus_or_coach_passenger": "0",
        "car_passenger": "0",
        "casualty_adjusted_severity_serious": "0",
        "casualty_adjusted_severity_slight": "1",
        "casualty_class": "1",
        "casualty_distance_banding": "-1",
        "casualty_imd_decile": "6",
        "casualty_injury_based": "1",
        "casualty_reference": 1,
        "casualty_severity": "3",
        "casualty_type": "9",
        "collision_index": "2022131184028",
        "collision_ref_no": "131184028",
        "collision_year": 2022,
        "enhanced_casualty_severity": "3",
        "lsoa_of_casualty": "E01011738",
        "pedestrian_location": "0",
        "pedestrian_movement": "0",
        "pedestrian_road_maintenance_worker": "0",
        "sex_of_casualty": "1",
        "vehicle_reference": 2,
        "geometry_source": "inherited_from_linked_collision",
        "source_year": 2022
      }
    },
    {
      "type": "Feature",
      "id": "2022131219221:4",
      "geometry": {
        "type": "Point",
        "coordinates": [
          -1.883674,
          53.714226
        ]
      },
      "properties": {
        "age_band_of_casualty": "1",
        "age_of_casualty": 4,
        "bus_or_coach_passenger": "0",
        "car_passenger": "0",
        "casualty_adjusted_severity_serious": "1",
        "casualty_adjusted_severity_slight": "0",
        "casualty_class": "2",
        "casualty_distance_banding": "-1",
        "casualty_imd_decile": "2",
        "casualty_injury_based": "1",
        "casualty_reference": 4,
        "casualty_severity": "2",
        "casualty_type": "9",
        "collision_index": "2022131219221",
        "collision_ref_no": "131219221",
        "collision_year": 2022,
        "enhanced_casualty_severity": "7",
        "lsoa_of_casualty": "E01011236",
        "pedestrian_location": "0",
        "pedestrian_movement": "0",
        "pedestrian_road_maintenance_worker": "0",
        "sex_of_casualty": "1",
        "vehicle_reference": 2,
        "geometry_source": "inherited_from_linked_collision",
        "source_year": 2022
      }
    },
    {
      "type": "Feature",
      "id": "2022131221651:1",
      "geometry": {
        "type": "Point",
        "coordinates": [
          -1.887454,
          53.660363
        ]
      },
      "properties": {
        "age_band_of_casualty": "10",
        "age_of_casualty": 71,
        "bus_or_coach_passenger": "0",
        "car_passenger": "0",
        "casualty_adjusted_severity_serious": "0",
        "casualty_adjusted_severity_slight": "1",
        "casualty_class": "1",
        "casualty_distance_banding": "-1",
        "casualty_imd_decile": "5",
        "casualty_injury_based": "1",
        "casualty_reference": 1,
        "casualty_severity": "3",
        "casualty_type": "9",
        "collision_index": "2022131221651",
        "collision_ref_no": "131221651",
        "collision_year": 2022,
        "enhanced_casualty_severity": "3",
        "lsoa_of_casualty": "E01011078",
        "pedestrian_location": "0",
        "pedestrian_movement": "0",
        "pedestrian_road_maintenance_worker": "0",
        "sex_of_casualty": "2",
        "vehicle_reference": 2,
        "geometry_source": "inherited_from_linked_collision",
        "source_year": 2022
      }
    },
    {
      "type": "Feature",
      "id": "2022131242412:3",
      "geometry": {
        "type": "Point",
        "coordinates": [
          -1.743234,
          53.704246
        ]
      },
      "properties": {
        "age_band_of_casualty": "5",
        "age_of_casualty": 24,
        "bus_or_coach_passenger": "0",
        "car_passenger": "2",
        "casualty_adjusted_severity_serious": "0",
        "casualty_adjusted_severity_slight": "1",
        "casualty_class": "2",
        "casualty_distance_banding": "-1",
        "casualty_imd_decile": "1",
        "casualty_injury_based": "1",
        "casualty_reference": 3,
        "casualty_severity": "3",
        "casualty_type": "9",
        "collision_index": "2022131242412",
        "collision_ref_no": "131242412",
        "collision_year": 2022,
        "enhanced_casualty_severity": "3",
        "lsoa_of_casualty": "E01012619",
        "pedestrian_location": "0",
        "pedestrian_movement": "0",
        "pedestrian_road_maintenance_worker": "0",
        "sex_of_casualty": "1",
        "vehicle_reference": 2,
        "geometry_source": "inherited_from_linked_collision",
        "source_year": 2022
      }
    },
    {
      "type": "Feature",
      "id": "2022131225706:1",
      "geometry": {
        "type": "Point",
        "coordinates": [
          -1.906127,
          53.749083
        ]
      },
      "properties": {
        "age_band_of_casualty": "7",
        "age_of_casualty": 37,
        "bus_or_coach_passenger": "0",
        "car_passenger": "0",
        "casualty_adjusted_severity_serious": "0",
        "casualty_adjusted_severity_slight": "1",
        "casualty_class": "1",
        "casualty_distance_banding": "-1",
        "casualty_imd_decile": "1",
        "casualty_injury_based": "1",
        "casualty_reference": 1,
        "casualty_severity": "3",
        "casualty_type": "1",
        "collision_index": "2022131225706",
        "collision_ref_no": "131225706",
        "collision_year": 2022,
        "enhanced_casualty_severity": "3",
        "lsoa_of_casualty": "E01010941",
        "pedestrian_location": "0",
        "pedestrian_movement": "0",
        "pedestrian_road_maintenance_worker": "0",
        "sex_of_casualty": "1",
        "vehicle_reference": 2,
        "geometry_source": "inherited_from_linked_collision",
        "source_year": 2022
      }
    },
    {
      "type": "Feature",
      "id": "2022131253632:1",
      "geometry": {
        "type": "Point",
        "coordinates": [
          -1.885882,
          53.73819
        ]
      },
      "properties": {
        "age_band_of_casualty": "4",
        "age_of_casualty": 20,
        "bus_or_coach_passenger": "0",
        "car_passenger": "0",
        "casualty_adjusted_severity_serious": "1",
        "casualty_adjusted_severity_slight": "0",
        "casualty_class": "3",
        "casualty_distance_banding": "-1",
        "casualty_imd_decile": "1",
        "casualty_injury_based": "1",
        "casualty_reference": 1,
        "casualty_severity": "2",
        "casualty_type": "0",
        "collision_index": "2022131253632",
        "collision_ref_no": "131253632",
        "collision_year": 2022,
        "enhanced_casualty_severity": "7",
        "lsoa_of_casualty": "E01010938",
        "pedestrian_location": "8",
        "pedestrian_movement": "1",
        "pedestrian_road_maintenance_worker": "2",
        "sex_of_casualty": "2",
        "vehicle_reference": 1,
        "geometry_source": "inherited_from_linked_collision",
        "source_year": 2022
      }
    },
    {
      "type": "Feature",
      "id": "2022131203085:2",
      "geometry": {
        "type": "Point",
        "coordinates": [
          -1.848937,
          53.704219
        ]
      },
      "properties": {
        "age_band_of_casualty": "2",
        "age_of_casualty": 8,
        "bus_or_coach_passenger": "0",
        "car_passenger": "2",
        "casualty_adjusted_severity_serious": "0",
        "casualty_adjusted_severity_slight": "1",
        "casualty_class": "2",
        "casualty_distance_banding": "-1",
        "casualty_imd_decile": "4",
        "casualty_injury_based": "1",
        "casualty_reference": 2,
        "casualty_severity": "3",
        "casualty_type": "9",
        "collision_index": "2022131203085",
        "collision_ref_no": "131203085",
        "collision_year": 2022,
        "enhanced_casualty_severity": "3",
        "lsoa_of_casualty": "E01010989",
        "pedestrian_location": "0",
        "pedestrian_movement": "0",
        "pedestrian_road_maintenance_worker": "0",
        "sex_of_casualty": "2",
        "vehicle_reference": 2,
        "geometry_source": "inherited_from_linked_collision",
        "source_year": 2022
      }
    },
    {
      "type": "Feature",
      "id": "2022131246030:2",
      "geometry": {
        "type": "Point",
        "coordinates": [
          -1.920096,
          53.739575
        ]
      },
      "properties": {
        "age_band_of_casualty": "4",
        "age_of_casualty": 20,
        "bus_or_coach_passenger": "0",
        "car_passenger": "1",
        "casualty_adjusted_severity_serious": "0",
        "casualty_adjusted_severity_slight": "1",
        "casualty_class": "2",
        "casualty_distance_banding": "-1",
        "casualty_imd_decile": "1",
        "casualty_injury_based": "1",
        "casualty_reference": 2,
        "casualty_severity": "3",
        "casualty_type": "9",
        "collision_index": "2022131246030",
        "collision_ref_no": "131246030",
        "collision_year": 2022,
        "enhanced_casualty_severity": "3",
        "lsoa_of_casualty": "E01010966",
        "pedestrian_location": "0",
        "pedestrian_movement": "0",
        "pedestrian_road_maintenance_worker": "0",
        "sex_of_casualty": "1",
        "vehicle_reference": 1,
        "geometry_source": "inherited_from_linked_collision",
        "source_year": 2022
      }
    },
    {
      "type": "Feature",
      "id": "2022131161945:2",
      "geometry": {
        "type": "Point",
        "coordinates": [
          -1.879435,
          53.718239
        ]
      },
      "properties": {
        "age_band_of_casualty": "6",
        "age_of_casualty": 34,
        "bus_or_coach_passenger": "0",
        "car_passenger": "1",
        "casualty_adjusted_severity_serious": "0",
        "casualty_adjusted_severity_slight": "1",
        "casualty_class": "2",
        "casualty_distance_banding": "-1",
        "casualty_imd_decile": "2",
        "casualty_injury_based": "1",
        "casualty_reference": 2,
        "casualty_severity": "3",
        "casualty_type": "9",
        "collision_index": "2022131161945",
        "collision_ref_no": "131161945",
        "collision_year": 2022,
        "enhanced_casualty_severity": "3",
        "lsoa_of_casualty": "E01010929",
        "pedestrian_location": "0",
        "pedestrian_movement": "0",
        "pedestrian_road_maintenance_worker": "0",
        "sex_of_casualty": "2",
        "vehicle_reference": 2,
        "geometry_source": "inherited_from_linked_collision",
        "source_year": 2022
      }
    },
    {
      "type": "Feature",
      "id": "2022131171510:1",
      "geometry": {
        "type": "Point",
        "coordinates": [
          -1.867167,
          53.721354
        ]
      },
      "properties": {
        "age_band_of_casualty": "6",
        "age_of_casualty": 35,
        "bus_or_coach_passenger": "0",
        "car_passenger": "1",
        "casualty_adjusted_severity_serious": "1",
        "casualty_adjusted_severity_slight": "0",
        "casualty_class": "2",
        "casualty_distance_banding": "-1",
        "casualty_imd_decile": "1",
        "casualty_injury_based": "1",
        "casualty_reference": 1,
        "casualty_severity": "2",
        "casualty_type": "9",
        "collision_index": "2022131171510",
        "collision_ref_no": "131171510",
        "collision_year": 2022,
        "enhanced_casualty_severity": "6",
        "lsoa_of_casualty": "E01010938",
        "pedestrian_location": "0",
        "pedestrian_movement": "0",
        "pedestrian_road_maintenance_worker": "0",
        "sex_of_casualty": "2",
        "vehicle_reference": 1,
        "geometry_source": "inherited_from_linked_collision",
        "source_year": 2022
      }
    },
    {
      "type": "Feature",
      "id": "2022131230382:1",
      "geometry": {
        "type": "Point",
        "coordinates": [
          -1.838193,
          53.732823
        ]
      },
      "properties": {
        "age_band_of_casualty": "11",
        "age_of_casualty": 76,
        "bus_or_coach_passenger": "0",
        "car_passenger": "0",
        "casualty_adjusted_severity_serious": "0",
        "casualty_adjusted_severity_slight": "1",
        "casualty_class": "1",
        "casualty_distance_banding": "-1",
        "casualty_imd_decile": "3",
        "casualty_injury_based": "1",
        "casualty_reference": 1,
        "casualty_severity": "3",
        "casualty_type": "9",
        "collision_index": "2022131230382",
        "collision_ref_no": "131230382",
        "collision_year": 2022,
        "enhanced_casualty_severity": "3",
        "lsoa_of_casualty": "E01010980",
        "pedestrian_location": "0",
        "pedestrian_movement": "0",
        "pedestrian_road_maintenance_worker": "0",
        "sex_of_casualty": "1",
        "vehicle_reference": 1,
        "geometry_source": "inherited_from_linked_collision",
        "source_year": 2022
      }
    },
    {
      "type": "Feature",
      "id": "2022131250611:1",
      "geometry": {
        "type": "Point",
        "coordinates": [
          -1.872788,
          53.726744
        ]
      },
      "properties": {
        "age_band_of_casualty": "9",
        "age_of_casualty": 63,
        "bus_or_coach_passenger": "0",
        "car_passenger": "0",
        "casualty_adjusted_severity_serious": "0",
        "casualty_adjusted_severity_slight": "1",
        "casualty_class": "1",
        "casualty_distance_banding": "-1",
        "casualty_imd_decile": "8",
        "casualty_injury_based": "1",
        "casualty_reference": 1,
        "casualty_severity": "3",
        "casualty_type": "9",
        "collision_index": "2022131250611",
        "collision_ref_no": "131250611",
        "collision_year": 2022,
        "enhanced_casualty_severity": "3",
        "lsoa_of_casualty": "E01010861",
        "pedestrian_location": "0",
        "pedestrian_movement": "0",
        "pedestrian_road_maintenance_worker": "0",
        "sex_of_casualty": "1",
        "vehicle_reference": 1,
        "geometry_source": "inherited_from_linked_collision",
        "source_year": 2022
      }
    },
    {
      "type": "Feature",
      "id": "2022131258573:1",
      "geometry": {
        "type": "Point",
        "coordinates": [
          -2.100598,
          53.6883
        ]
      },
      "properties": {
        "age_band_of_casualty": "6",
        "age_of_casualty": 32,
        "bus_or_coach_passenger": "0",
        "car_passenger": "0",
        "casualty_adjusted_severity_serious": "0",
        "casualty_adjusted_severity_slight": "1",
        "casualty_class": "1",
        "casualty_distance_banding": "-1",
        "casualty_imd_decile": "1",
        "casualty_injury_based": "1",
        "casualty_reference": 1,
        "casualty_severity": "3",
        "casualty_type": "4",
        "collision_index": "2022131258573",
        "collision_ref_no": "131258573",
        "collision_year": 2022,
        "enhanced_casualty_severity": "3",
        "lsoa_of_casualty": "E01005467",
        "pedestrian_location": "0",
        "pedestrian_movement": "0",
        "pedestrian_road_maintenance_worker": "0",
        "sex_of_casualty": "1",
        "vehicle_reference": 2,
        "geometry_source": "inherited_from_linked_collision",
        "source_year": 2022
      }
    },
    {
      "type": "Feature",
      "id": "2022131147738:1",
      "geometry": {
        "type": "Point",
        "coordinates": [
          -1.880773,
          53.716739
        ]
      },
      "properties": {
        "age_band_of_casualty": "8",
        "age_of_casualty": 50,
        "bus_or_coach_passenger": "0",
        "car_passenger": "0",
        "casualty_adjusted_severity_serious": "0",
        "casualty_adjusted_severity_slight": "1",
        "casualty_class": "1",
        "casualty_distance_banding": "-1",
        "casualty_imd_decile": "2",
        "casualty_injury_based": "1",
        "casualty_reference": 1,
        "casualty_severity": "3",
        "casualty_type": "9",
        "collision_index": "2022131147738",
        "collision_ref_no": "131147738",
        "collision_year": 2022,
        "enhanced_casualty_severity": "3",
        "lsoa_of_casualty": "E01010942",
        "pedestrian_location": "0",
        "pedestrian_movement": "0",
        "pedestrian_road_maintenance_worker": "0",
        "sex_of_casualty": "1",
        "vehicle_reference": 2,
        "geometry_source": "inherited_from_linked_collision",
        "source_year": 2022
      }
    },
    {
      "type": "Feature",
      "id": "2022131166835:2",
      "geometry": {
        "type": "Point",
        "coordinates": [
          -1.834438,
          53.693208
        ]
      },
      "properties": {
        "age_band_of_casualty": "7",
        "age_of_casualty": 42,
        "bus_or_coach_passenger": "0",
        "car_passenger": "1",
        "casualty_adjusted_severity_serious": "1",
        "casualty_adjusted_severity_slight": "0",
        "casualty_class": "2",
        "casualty_distance_banding": "-1",
        "casualty_imd_decile": "2",
        "casualty_injury_based": "1",
        "casualty_reference": 2,
        "casualty_severity": "2",
        "casualty_type": "9",
        "collision_index": "2022131166835",
        "collision_ref_no": "131166835",
        "collision_year": 2022,
        "enhanced_casualty_severity": "7",
        "lsoa_of_casualty": "E01010894",
        "pedestrian_location": "0",
        "pedestrian_movement": "0",
        "pedestrian_road_maintenance_worker": "0",
        "sex_of_casualty": "1",
        "vehicle_reference": 3,
        "geometry_source": "inherited_from_linked_collision",
        "source_year": 2022
      }
    },
    {
      "type": "Feature",
      "id": "2022131237545:1",
      "geometry": {
        "type": "Point",
        "coordinates": [
          -1.894294,
          53.757054
        ]
      },
      "properties": {
        "age_band_of_casualty": "6",
        "age_of_casualty": 27,
        "bus_or_coach_passenger": "0",
        "car_passenger": "0",
        "casualty_adjusted_severity_serious": "0",
        "casualty_adjusted_severity_slight": "1",
        "casualty_class": "1",
        "casualty_distance_banding": "-1",
        "casualty_imd_decile": "1",
        "casualty_injury_based": "1",
        "casualty_reference": 1,
        "casualty_severity": "3",
        "casualty_type": "9",
        "collision_index": "2022131237545",
        "collision_ref_no": "131237545",
        "collision_year": 2022,
        "enhanced_casualty_severity": "3",
        "lsoa_of_casualty": "E01010960",
        "pedestrian_location": "0",
        "pedestrian_movement": "0",
        "pedestrian_road_maintenance_worker": "0",
        "sex_of_casualty": "2",
        "vehicle_reference": 1,
        "geometry_source": "inherited_from_linked_collision",
        "source_year": 2022
      }
    },
    {
      "type": "Feature",
      "id": "2022131224312:1",
      "geometry": {
        "type": "Point",
        "coordinates": [
          -1.867311,
          53.737973
        ]
      },
      "properties": {
        "age_band_of_casualty": "8",
        "age_of_casualty": 49,
        "bus_or_coach_passenger": "0",
        "car_passenger": "0",
        "casualty_adjusted_severity_serious": "0",
        "casualty_adjusted_severity_slight": "1",
        "casualty_class": "1",
        "casualty_distance_banding": "-1",
        "casualty_imd_decile": "5",
        "casualty_injury_based": "1",
        "casualty_reference": 1,
        "casualty_severity": "3",
        "casualty_type": "5",
        "collision_index": "2022131224312",
        "collision_ref_no": "131224312",
        "collision_year": 2022,
        "enhanced_casualty_severity": "3",
        "lsoa_of_casualty": "E01010783",
        "pedestrian_location": "0",
        "pedestrian_movement": "0",
        "pedestrian_road_maintenance_worker": "0",
        "sex_of_casualty": "1",
        "vehicle_reference": 1,
        "geometry_source": "inherited_from_linked_collision",
        "source_year": 2022
      }
    },
    {
      "type": "Feature",
      "id": "2022131151360:1",
      "geometry": {
        "type": "Point",
        "coordinates": [
          -1.824057,
          53.687647
        ]
      },
      "properties": {
        "age_band_of_casualty": "3",
        "age_of_casualty": 13,
        "bus_or_coach_passenger": "0",
        "car_passenger": "0",
        "casualty_adjusted_severity_serious": "0",
        "casualty_adjusted_severity_slight": "1",
        "casualty_class": "1",
        "casualty_distance_banding": "-1",
        "casualty_imd_decile": "4",
        "casualty_injury_based": "1",
        "casualty_reference": 1,
        "casualty_severity": "3",
        "casualty_type": "90",
        "collision_index": "2022131151360",
        "collision_ref_no": "131151360",
        "collision_year": 2022,
        "enhanced_casualty_severity": "3",
        "lsoa_of_casualty": "E01010893",
        "pedestrian_location": "0",
        "pedestrian_movement": "0",
        "pedestrian_road_maintenance_worker": "0",
        "sex_of_casualty": "1",
        "vehicle_reference": 1,
        "geometry_source": "inherited_from_linked_collision",
        "source_year": 2022
      }
    },
    {
      "type": "Feature",
      "id": "2022131184079:1",
      "geometry": {
        "type": "Point",
        "coordinates": [
          -1.914235,
          53.714009
        ]
      },
      "properties": {
        "age_band_of_casualty": "4",
        "age_of_casualty": 20,
        "bus_or_coach_passenger": "0",
        "car_passenger": "0",
        "casualty_adjusted_severity_serious": "0",
        "casualty_adjusted_severity_slight": "0",
        "casualty_class": "3",
        "casualty_distance_banding": "-1",
        "casualty_imd_decile": "1",
        "casualty_injury_based": "1",
        "casualty_reference": 1,
        "casualty_severity": "1",
        "casualty_type": "0",
        "collision_index": "2022131184079",
        "collision_ref_no": "131184079",
        "collision_year": 2022,
        "enhanced_casualty_severity": "1",
        "lsoa_of_casualty": "E01010938",
        "pedestrian_location": "8",
        "pedestrian_movement": "5",
        "pedestrian_road_maintenance_worker": "2",
        "sex_of_casualty": "1",
        "vehicle_reference": 1,
        "geometry_source": "inherited_from_linked_collision",
        "source_year": 2022
      }
    },
    {
      "type": "Feature",
      "id": "2022131221456:1",
      "geometry": {
        "type": "Point",
        "coordinates": [
          -1.778246,
          53.703318
        ]
      },
      "properties": {
        "age_band_of_casualty": "11",
        "age_of_casualty": 91,
        "bus_or_coach_passenger": "0",
        "car_passenger": "0",
        "casualty_adjusted_severity_serious": "0",
        "casualty_adjusted_severity_slight": "1",
        "casualty_class": "3",
        "casualty_distance_banding": "-1",
        "casualty_imd_decile": "3",
        "casualty_injury_based": "1",
        "casualty_reference": 1,
        "casualty_severity": "3",
        "casualty_type": "0",
        "collision_index": "2022131221456",
        "collision_ref_no": "131221456",
        "collision_year": 2022,
        "enhanced_casualty_severity": "3",
        "lsoa_of_casualty": "E01010794",
        "pedestrian_location": "5",
        "pedestrian_movement": "1",
        "pedestrian_road_maintenance_worker": "2",
        "sex_of_casualty": "2",
        "vehicle_reference": 1,
        "geometry_source": "inherited_from_linked_collision",
        "source_year": 2022
      }
    }
  ]
}