{
  "type": "FeatureCollection",
  "features": [
    {
      "type": "Feature",
      "id": "2024131412635",
      "geometry": {
        "type": "Point",
        "coordinates": [
          -1.77684,
          53.70277
        ]
      },
      "properties": {
        "carriageway_hazards": "0",
        "carriageway_hazards_historic": "-1",
        "collision_adjusted_severity_serious": "1",
        "collision_adjusted_severity_slight": "0",
        "collision_index": "2024131412635",
        "collision_injury_based": "1",
        "collision_ref_no": "131412635",
        "collision_severity": "2",
        "collision_year": 2024,
        "date": "20/02/2024",
        "day_of_week": "3",
        "did_police_officer_attend_scene_of_accident": "1",
        "enhanced_severity_collision": "7",
        "first_road_class": "3",
        "first_road_number": "643",
        "junction_control": "2",
        "junction_detail": "19",
        "junction_detail_historic": "-1",
        "latitude": "53.70277",
        "light_conditions": "4",
        "local_authority_district": "-1",
        "local_authority_highway": "E08000033",
        "local_authority_highway_current": "E08000033",
        "local_authority_ons_district": "E08000033",
        "location_easting_osgr": "414830",
        "location_northing_osgr": "422950",
        "longitude": "-1.77684",
        "lsoa_of_accident_location": "E01010878",
        "number_of_casualties": 1,
        "number_of_vehicles": 2,
        "pedestrian_crossing": "17",
        "pedestrian_crossing_human_control_historic": "-1",
        "pedestrian_crossing_physical_facilities_historic": "-1",
        "police_force": "13",
        "road_surface_conditions": "2",
        "road_type": "6",
        "second_road_class": "3",
        "second_road_number": "644",
        "special_conditions_at_site": "-1",
        "speed_limit": 30,
        "time": "20:01",
        "trunk_road_flag": "2",
        "urban_or_rural_area": "1",
        "weather_conditions": "1",
        "geometry_source": "collision_location",
        "source_year": 2024,
        "date_iso": "2024-02-20"
      }
    },
    {
      "type": "Feature",
      "id": "2024131535502",
      "geometry": {
        "type": "Point",
        "coordinates": [
          -1.74475,
          53.71096
        ]
      },
      "properties": {
        "carriageway_hazards": "0",
        "carriageway_hazards_historic": "-1",
        "collision_adjusted_severity_serious": "1",
        "collision_adjusted_severity_slight": "0",
        "collision_index": "2024131535502",
        "collision_injury_based": "1",
        "collision_ref_no": "131535502",
        "collision_severity": "2",
        "collision_year": 2024,
        "date": "15/12/2024",
        "day_of_week": "1",
        "did_police_officer_attend_scene_of_accident": "1",
        "enhanced_severity_collision": "5",
        "first_road_class": "1",
        "first_road_number": "62",
        "junction_control": "-1",
        "junction_detail": "0",
        "junction_detail_historic": "-1",
        "latitude": "53.71096",
        "light_conditions": "4",
        "local_authority_district": "-1",
        "local_authority_highway": "E08000033",
        "local_authority_highway_current": "E08000033",
        "local_authority_ons_district": "E08000033",
        "location_easting_osgr": "416945",
        "location_northing_osgr": "423868",
        "longitude": "-1.74475",
        "lsoa_of_accident_location": "E01010879",
        "number_of_casualties": 5,
        "number_of_vehicles": 2,
        "pedestrian_crossing": "0",
        "pedestrian_crossing_human_control_historic": "-1",
        "pedestrian_crossing_physical_facilities_historic": "-1",
        "police_force": "13",
        "road_surface_conditions": "2",
        "road_type": "3",
        "second_road_class": "6",
        "second_road_number": "0",
        "special_conditions_at_site": "-1",
        "speed_limit": 70,
        "time": "19:30",
        "trunk_road_flag": "1",
        "urban_or_rural_area": "2",
        "weather_conditions": "1",
        "geometry_source": "collision_location",
        "source_year": 2024,
        "date_iso": "2024-12-15"
      }
    },
    {
      "type": "Feature",
      "id": "2024131530398",
      "geometry": {
        "type": "Point",
        "coordinates": [
          -1.99636,
          53.63311
        ]
      },
      "properties": {
        "carriageway_hazards": "0",
        "carriageway_hazards_historic": "-1",
        "collision_adjusted_severity_serious": "0",
        "collision_adjusted_severity_slight": "1",
        "collision_index": "2024131530398",
        "collision_injury_based": "1",
        "collision_ref_no": "131530398",
        "collision_severity": "3",
        "collision_year": 2024,
        "date": "15/12/2024",
        "day_of_week": "1",
        "did_police_officer_attend_scene_of_accident": "1",
        "enhanced_severity_collision": "3",
        "first_road_class": "1",
        "first_road_number": "62",
        "junction_control": "-1",
        "junction_detail": "0",
        "junction_detail_historic": "-1",
        "latitude": "53.63311",
        "light_conditions": "1",
        "local_authority_district": "-1",
        "local_authority_highway": "E08000033",
        "local_authority_highway_current": "E08000033",
        "local_authority_ons_district": "E08000033",
        "location_easting_osgr": "400338",
        "location_northing_osgr": "415176",
        "longitude": "-1.99636",
        "lsoa_of_accident_location": "E01010955",
        "number_of_casualties": 4,
        "number_of_vehicles": 5,
        "pedestrian_crossing": "0",
        "pedestrian_crossing_human_control_historic": "-1",
        "pedestrian_crossing_physical_facilities_historic": "-1",
        "police_force": "13",
        "road_surface_conditions": "2",
        "road_type": "9",
        "second_road_class": "-1",
        "second_road_number": "-1",
        "special_conditions_at_site": "-1",
        "speed_limit": 70,
        "time": "09:16",
        "trunk_road_flag": "1",
        "urban_or_rural_area": "2",
        "weather_conditions": "1",
        "geometry_source": "collision_location",
        "source_year": 2024,
        "date_iso": "2024-12-15"
      }
    },
    {
      "type": "Feature",
      "id": "2024131426888",
      "geometry": {
        "type": "Point",
        "coordinates": [
          -1.84941,
          53.70822
        ]
      },
      "properties": {
        "carriageway_hazards": "0",
        "carriageway_hazards_historic": "-1",
        "collision_adjusted_severity_serious": "0",
        "collision_adjusted_severity_slight": "1",
        "collision_index": "2024131426888",
        "collision_injury_based": "1",
        "collision_ref_no": "131426888",
        "collision_severity": "3",
        "collision_year": 2024,
        "date": "01/04/2024",
        "day_of_week": "2",
        "did_police_officer_attend_scene_of_accident": "1",
        "enhanced_severity_collision": "3",
        "first_road_class": "6",
        "first_road_number": "0",
        "junction_control": "4",
        "junction_detail": "13",
        "junction_detail_historic": "-1",
        "latitude": "53.70822",
        "light_conditions": "1",
        "local_authority_district": "-1",
        "local_authority_highway": "E08000033",
        "local_authority_highway_current": "E08000033",
        "local_authority_ons_district": "E08000033",
        "location_easting_osgr": "410038",
        "location_northing_osgr": "423543",
        "longitude": "-1.84941",
        "lsoa_of_accident_location": "E01010992",
        "number_of_casualties": 1,
        "number_of_vehicles": 2,
        "pedestrian_crossing": "0",
        "pedestrian_crossing_human_control_historic": "-1",
        "pedestrian_crossing_physical_facilities_historic": "-1",
        "police_force": "13",
        "road_surface_conditions": "2",
        "road_type": "6",
        "second_road_class": "6",
        "second_road_number": "0",
        "special_conditions_at_site": "-1",
        "speed_limit": 30,
        "time": "13:57",
        "trunk_road_flag": "2",
        "urban_or_rural_area": "1",
        "weather_conditions": "2",
        "geometry_source": "collision_location",
        "source_year": 2024,
        "date_iso": "2024-04-01"
      }
    },
    {
      "type": "Feature",
      "id": "2024131525078",
      "geometry": {
        "type": "Point",
        "coordinates": [
          -1.836,
          53.68575
        ]
      },
      "properties": {
        "carriageway_hazards": "0",
        "carriageway_hazards_historic": "-1",
        "collision_adjusted_severity_serious": "0",
        "collision_adjusted_severity_slight": "1",
        "collision_index": "2024131525078",
        "collision_injury_based": "1",
        "collision_ref_no": "131525078",
        "collision_severity": "3",
        "collision_year": 2024,
        "date": "03/12/2024",
        "day_of_week": "3",
        "did_police_officer_attend_scene_of_accident": "1",
        "enhanced_severity_collision": "3",
        "first_road_class": "6",
        "first_road_number": "0",
        "junction_control": "-1",
        "junction_detail": "0",
        "junction_detail_historic": "-1",
        "latitude": "53.68575",
        "light_conditions": "1",
        "local_authority_district": "-1",
        "local_authority_highway": "E08000033",
        "local_authority_highway_current": "E08000033",
        "local_authority_ons_district": "E08000033",
        "location_easting_osgr": "410929",
        "location_northing_osgr": "421045",
        "longitude": "-1.836",
        "lsoa_of_accident_location": "E01010889",
        "number_of_casualties": 1,
        "number_of_vehicles": 1,
        "pedestrian_crossing": "13",
        "pedestrian_crossing_human_control_historic": "-1",
        "pedestrian_crossing_physical_facilities_historic": "-1",
        "police_force": "13",
        "road_surface_conditions": "1",
        "road_type": "6",
        "second_road_class": "6",
        "second_road_number": "0",
        "special_conditions_at_site": "-1",
        "speed_limit": 20,
        "time": "14:40",
        "trunk_road_flag": "2",
        "urban_or_rural_area": "1",
        "weather_conditions": "1",
        "geometry_source": "collision_location",
        "source_year": 2024,
        "date_iso": "2024-12-03"
      }
    },
    {
      "type": "Feature",
      "id": "2024131430693",
      "geometry": {
        "type": "Point",
        "coordinates": [
          -1.8606,
          53.68636
        ]
      },
      "properties": {
        "carriageway_hazards": "0",
        "carriageway_hazards_historic": "-1",
        "collision_adjusted_severity_serious": "1",
        "collision_adjusted_severity_slight": "0",
        "collision_index": "2024131430693",
        "collision_injury_based": "1",
        "collision_ref_no": "131430693",
        "collision_severity": "2",
        "collision_year": 2024,
        "date": "11/04/2024",
        "day_of_week": "5",
        "did_police_officer_attend_scene_of_accident": "1",
        "enhanced_severity_collision": "5",
        "first_road_class": "4",
        "first_road_number": "6114",
        "junction_control": "4",
        "junction_detail": "13",
        "junction_detail_historic": "-1",
        "latitude": "53.68636",
        "light_conditions": "1",
        "local_authority_district": "-1",
        "local_authority_highway": "E08000033",
        "local_authority_highway_current": "E08000033",
        "local_authority_ons_district": "E08000033",
        "location_easting_osgr": "409304",
        "location_northing_osgr": "421110",
        "longitude": "-1.8606",
        "lsoa_of_accident_location": "E01010900",
        "number_of_casualties": 1,
        "number_of_vehicles": 1,
        "pedestrian_crossing": "0",
        "pedestrian_crossing_human_control_historic": "-1",
        "pedestrian_crossing_physical_facilities_historic": "-1",
        "police_force": "13",
        "road_surface_conditions": "1",
        "road_type": "6",
        "second_road_class": "6",
        "second_road_number": "0",
        "special_conditions_at_site": "-1",
        "speed_limit": 30,
        "time": "10:00",
        "trunk_road_flag": "2",
        "urban_or_rural_area": "1",
        "weather_conditions": "1",
        "geometry_source": "collision_location",
        "source_year": 2024,
        "date_iso": "2024-04-11"
      }
    },
    {
      "type": "Feature",
      "id": "2024131408102",
      "geometry": {
        "type": "Point",
        "coordinates": [
          -1.78371,
          53.70137
        ]
      },
      "properties": {
        "carriageway_hazards": "0",
        "carriageway_hazards_historic": "-1",
        "collision_adjusted_severity_serious": "0",
        "collision_adjusted_severity_slight": "1",
        "collision_index": "2024131408102",
        "collision_injury_based": "1",
        "collision_ref_no": "131408102",
        "collision_severity": "3",
        "collision_year": 2024,
        "date": "09/02/2024",
        "day_of_week": "6",
        "did_police_officer_attend_scene_of_accident": "1",
        "enhanced_severity_collision": "3",
        "first_road_class": "3",
        "first_road_number": "643",
        "junction_control": "4",
        "junction_detail": "-1",
        "junction_detail_historic": "-1",
        "latitude": "53.70137",
        "light_conditions": "1",
        "local_authority_district": "-1",
        "local_authority_highway": "E08000033",
        "local_authority_highway_current": "E08000033",
        "local_authority_ons_district": "E08000033",
        "location_easting_osgr": "414377",
        "location_northing_osgr": "422792",
        "longitude": "-1.78371",
        "lsoa_of_accident_location": "E01010949",
        "number_of_casualties": 1,
        "number_of_vehicles": 2,
        "pedestrian_crossing": "0",
        "pedestrian_crossing_human_control_historic": "-1",
        "pedestrian_crossing_physical_facilities_historic": "-1",
        "police_force": "13",
        "road_surface_conditions": "2",
        "road_type": "9",
        "second_road_class": "6",
        "second_road_number": "0",
        "special_conditions_at_site": "-1",
        "speed_limit": 30,
        "time": "12:49",
        "trunk_road_flag": "2",
        "urban_or_rural_area": "1",
        "weather_conditions": "2",
        "geometry_source": "collision_location",
        "source_year": 2024,
        "date_iso": "2024-02-09"
      }
    },
    {
      "type": "Feature",
      "id": "2024131412417",
      "geometry": {
        "type": "Point",
        "coordinates": [
          -1.85631,
          53.69744
        ]
      },
      "properties": {
        "carriageway_hazards": "0",
        "carriageway_hazards_historic": "-1",
        "collision_adjusted_severity_serious": "0",
        "collision_adjusted_severity_slight": "1",
        "collision_index": "2024131412417",
        "collision_injury_based": "1",
        "collision_ref_no": "131412417",
        "collision_severity": "3",
        "collision_year": 2024,
        "date": "20/02/2024",
        "day_of_week": "3",
        "did_police_officer_attend_scene_of_accident": "2",
        "enhanced_severity_collision": "3",
        "first_road_class": "4",
        "first_road_number": "6112",
        "junction_control": "4",
        "junction_detail": "-1",
        "junction_detail_historic": "-1",
        "latitude": "53.69744",
        "light_conditions": "7",
        "local_authority_district": "-1",
        "local_authority_highway": "E08000033",
        "local_authority_highway_current": "E08000033",
        "local_authority_ons_district": "E08000033",
        "location_easting_osgr": "409585",
        "location_northing_osgr": "422343",
        "longitude": "-1.85631",
        "lsoa_of_accident_location": "E01010993",
        "number_of_casualties": 1,
        "number_of_vehicles": 2,
        "pedestrian_crossing": "0",
        "pedestrian_crossing_human_control_historic": "-1",
        "pedestrian_crossing_physical_facilities_historic": "-1",
        "police_force": "13",
        "road_surface_conditions": "2",
        "road_type": "6",
        "second_road_class": "3",
        "second_road_number": "6026",
        "special_conditions_at_site": "-1",
        "speed_limit": 30,
        "time": "18:15",
        "trunk_road_flag": "2",
        "urban_or_rural_area": "2",
        "weather_conditions": "1",
        "geometry_source": "collision_location",
        "source_year": 2024,
        "date_iso": "2024-02-20"
      }
    },
    {
      "type": "Feature",
      "id": "2024131416380",
      "geometry": {
        "type": "Point",
        "coordinates": [
          -1.8683,
          53.6882
        ]
      },
      "properties": {
        "carriageway_hazards": "0",
        "carriageway_hazards_historic": "-1",
        "collision_adjusted_severity_serious": "0",
        "collision_adjusted_severity_slight": "1",
        "collision_index": "2024131416380",
        "collision_injury_based": "1",
        "collision_ref_no": "131416380",
        "collision_severity": "3",
        "collision_year": 2024,
        "date": "02/03/2024",
        "day_of_week": "7",
        "did_police_officer_attend_scene_of_accident": "1",
        "enhanced_severity_collision": "3",
        "first_road_class": "4",
        "first_road_number": "6113",
        "junction_control": "4",
        "junction_detail": "13",
        "junction_detail_historic": "-1",
        "latitude": "53.6882",
        "light_conditions": "4",
        "local_authority_district": "-1",
        "local_authority_highway": "E08000033",
        "local_authority_highway_current": "E08000033",
        "local_authority_ons_district": "E08000033",
        "location_easting_osgr": "408795",
        "location_northing_osgr": "421313",
        "longitude": "-1.8683",
        "lsoa_of_accident_location": "E01010900",
        "number_of_casualties": 2,
        "number_of_vehicles": 3,
        "pedestrian_crossing": "0",
        "pedestrian_crossing_human_control_historic": "-1",
        "pedestrian_crossing_physical_facilities_historic": "-1",
        "police_force": "13",
        "road_surface_conditions": "2",
        "road_type": "6",
        "second_road_class": "6",
        "second_road_number": "0",
        "special_conditions_at_site": "-1",
        "speed_limit": 30,
        "time": "22:00",
        "trunk_road_flag": "2",
        "urban_or_rural_area": "1",
        "weather_conditions": "2",
        "geometry_source": "collision_location",
        "source_year": 2024,
        "date_iso": "2024-03-02"
      }
    },
    {
      "type": "Feature",
      "id": "2024131450761",
      "geometry": {
        "type": "Point",
        "coordinates": [
          -1.83993,
          53.73432
        ]
      },
      "properties": {
        "carriageway_hazards": "0",
        "carriageway_hazards_historic": "-1",
        "collision_adjusted_severity_serious": "0",
        "collision_adjusted_severity_slight": "1",
        "collision_index": "2024131450761",
        "collision_injury_based": "1",
        "collision_ref_no": "131450761",
        "collision_severity": "3",
        "collision_year": 2024,
        "date": "01/06/2024",
        "day_of_week": "7",
        "did_police_officer_attend_scene_of_accident": "1",
        "enhanced_severity_collision": "3",
        "first_road_class": "6",
        "first_road_number": "0",
        "junction_control": "-1",
        "junction_detail": "0",
        "junction_detail_historic": "-1",
        "latitude": "53.73432",
        "light_conditions": "1",
        "local_authority_district": "-1",
        "local_authority_highway": "E08000033",
        "local_authority_highway_current": "E08000033",
        "local_authority_ons_district": "E08000033",
        "location_easting_osgr": "410657",
        "location_northing_osgr": "426448",
        "longitude": "-1.83993",
        "lsoa_of_accident_location": "E01010937",
        "number_of_casualties": 1,
        "number_of_vehicles": 2,
        "pedestrian_crossing": "0",
        "pedestrian_crossing_human_control_historic": "-1",
        "pedestrian_crossing_physical_facilities_historic": "-1",
        "police_force": "13",
        "road_surface_conditions": "1",
        "road_type": "6",
        "second_road_class": "6",
        "second_road_number": "0",
        "special_conditions_at_site": "-1",
        "speed_limit": 30,
        "time": "19:32",
        "trunk_road_flag": "2",
        "urban_or_rural_area": "1",
        "weather_conditions": "1",
        "geometry_source": "collision_location",
        "source_year": 2024,
        "date_iso": "2024-06-01"
      }
    },
    {
      "type": "Feature",
      "id": "2024131467309",
      "geometry": {
        "type": "Point",
        "coordinates": [
          -1.80091,
          53.68242
        ]
      },
      "properties": {
        "carriageway_hazards": "0",
        "carriageway_hazards_historic": "-1",
        "collision_adjusted_severity_serious": "0",
        "collision_adjusted_severity_slight": "1",
        "collision_index": "2024131467309",
        "collision_injury_based": "1",
        "collision_ref_no": "131467309",
        "collision_severity": "3",
        "collision_year": 2024,
        "date": "09/07/2024",
        "day_of_week": "3",
        "did_police_officer_attend_scene_of_accident": "2",
        "enhanced_severity_collision": "3",
        "first_road_class": "3",
        "first_road_number": "643",
        "junction_control": "2",
        "junction_detail": "16",
        "junction_detail_historic": "-1",
        "latitude": "53.68242",
        "light_conditions": "1",
        "local_authority_district": "-1",
        "local_authority_highway": "E08000033",
        "local_authority_highway_current": "E08000033",
        "local_authority_ons_district": "E08000033",
        "location_easting_osgr": "413247",
        "location_northing_osgr": "420681",
        "longitude": "-1.80091",
        "lsoa_of_accident_location": "E01010891",
        "number_of_casualties": 1,
        "number_of_vehicles": 2,
        "pedestrian_crossing": "0",
        "pedestrian_crossing_human_control_historic": "-1",
        "pedestrian_crossing_physical_facilities_historic": "-1",
        "police_force": "13",
        "road_surface_conditions": "1",
        "road_type": "6",
        "second_road_class": "3",
        "second_road_number": "6107",
        "special_conditions_at_site": "-1",
        "speed_limit": 30,
        "time": "12:39",
        "trunk_road_flag": "2",
        "urban_or_rural_area": "1",
        "weather_conditions": "9",
        "geometry_source": "collision_location",
        "source_year": 2024,
        "date_iso": "2024-07-09"
      }
    },
    {
      "type": "Feature",
      "id": "2024131512268",
      "geometry": {
        "type": "Point",
        "coordinates": [
          -1.88602,
          53.71495
        ]
      },
      "properties": {
        "carriageway_hazards": "0",
        "carriageway_hazards_historic": "-1",
        "collision_adjusted_severity_serious": "0",
        "collision_adjusted_severity_slight": "1",
        "collision_index": "2024131512268",
        "collision_injury_based": "1",
        "collision_ref_no": "131512268",
        "collision_severity": "3",
        "collision_year": 2024,
        "date": "02/11/2024",
        "day_of_week": "7",
        "did_police_officer_attend_scene_of_accident": "1",
        "enhanced_severity_collision": "3",
        "first_road_class": "6",
        "first_road_number": "0",
        "junction_control": "4",
        "junction_detail": "13",
        "junction_detail_historic": "-1",
        "latitude": "53.71495",
        "light_conditions": "1",
        "local_authority_district": "-1",
        "local_authority_highway": "E08000033",
        "local_authority_highway_current": "E08000033",
        "local_authority_ons_district": "E08000033",
        "location_easting_osgr": "407620",
        "location_northing_osgr": "424287",
        "longitude": "-1.88602",
        "lsoa_of_accident_location": "E01011002",
        "number_of_casualties": 1,
        "number_of_vehicles": 2,
        "pedestrian_crossing": "0",
        "pedestrian_crossing_human_control_historic": "-1",
        "pedestrian_crossing_physical_facilities_historic": "-1",
        "police_force": "13",
        "road_surface_conditions": "1",
        "road_type": "6",
        "second_road_class": "6",
        "second_road_number": "0",
        "special_conditions_at_site": "-1",
        "speed_limit": 30,
        "time": "01:00",
        "trunk_road_flag": "2",
        "urban_or_rural_area": "1",
        "weather_conditions": "1",
        "geometry_source": "collision_location",
        "source_year": 2024,
        "date_iso": "2024-11-02"
      }
    },
    {
      "type": "Feature",
      "id": "2024131514623",
      "geometry": {
        "type": "Point",
        "coordinates": [
          -1.79588,
          53.72575
        ]
      },
      "properties": {
        "carriageway_hazards": "0",
        "carriageway_hazards_historic": "-1",
        "collision_adjusted_severity_serious": "0",
        "collision_adjusted_severity_slight": "1",
        "collision_index": "2024131514623",
        "collision_injury_based": "1",
        "collision_ref_no": "131514623",
        "collision_severity": "3",
        "collision_year": 2024,
        "date": "11/11/2024",
        "day_of_week": "2",
        "did_police_officer_attend_scene_of_accident": "1",
        "enhanced_severity_collision": "3",
        "first_road_class": "3",
        "first_road_number": "649",
        "junction_control": "4",
        "junction_detail": "13",
        "junction_detail_historic": "-1",
        "latitude": "53.72575",
        "light_conditions": "1",
        "local_authority_district": "-1",
        "local_authority_highway": "E08000033",
        "local_authority_highway_current": "E08000033",
        "local_authority_ons_district": "E08000033",
        "location_easting_osgr": "413566",
        "location_northing_osgr": "425502",
        "longitude": "-1.79588",
        "lsoa_of_accident_location": "E01010905",
        "number_of_casualties": 1,
        "number_of_vehicles": 2,
        "pedestrian_crossing": "0",
        "pedestrian_crossing_human_control_historic": "-1",
        "pedestrian_crossing_physical_facilities_historic": "-1",
        "police_force": "13",
        "road_surface_conditions": "1",
        "road_type": "6",
        "second_road_class": "6",
        "second_road_number": "0",
        "special_conditions_at_site": "-1",
        "speed_limit": 30,
        "time": "06:26",
        "trunk_road_flag": "2",
        "urban_or_rural_area": "1",
        "weather_conditions": "1",
        "geometry_source": "collision_location",
        "source_year": 2024,
        "date_iso": "2024-11-11"
      }
    },
    {
      "type": "Feature",
      "id": "2024131418136",
      "geometry": {
        "type": "Point",
        "coordinates": [
          -1.80574,
          53.68902
        ]
      },
      "properties": {
        "carriageway_hazards": "0",
        "carriageway_hazards_historic": "-1",
        "collision_adjusted_severity_serious": "0",
        "collision_adjusted_severity_slight": "1",
        "collision_index": "2024131418136",
        "collision_injury_based": "1",
        "collision_ref_no": "131418136",
        "collision_severity": "3",
        "collision_year": 2024,
        "date": "07/03/2024",
        "day_of_week": "5",
        "did_police_officer_attend_scene_of_accident": "1",
        "enhanced_severity_collision": "3",
        "first_road_class": "6",
        "first_road_number": "0",
        "junction_control": "4",
        "junction_detail": "13",
        "junction_detail_historic": "-1",
        "latitude": "53.68902",
        "light_conditions": "1",
        "local_authority_district": "-1",
        "local_authority_highway": "E08000033",
        "local_authority_highway_current": "E08000033",
        "local_authority_ons_district": "E08000033",
        "location_easting_osgr": "412926",
        "location_northing_osgr": "421414",
        "longitude": "-1.80574",
        "lsoa_of_accident_location": "E01010895",
        "number_of_casualties": 1,
        "number_of_vehicles": 2,
        "pedestrian_crossing": "0",
        "pedestrian_crossing_human_control_historic": "-1",
        "pedestrian_crossing_physical_facilities_historic": "-1",
        "police_force": "13",
        "road_surface_conditions": "1",
        "road_type": "6",
        "second_road_class": "6",
        "second_road_number": "0",
        "special_conditions_at_site": "-1",
        "speed_limit": 30,
        "time": "13:20",
        "trunk_road_flag": "2",
        "urban_or_rural_area": "1",
        "weather_conditions": "1",
        "geometry_source": "collision_location",
        "source_year": 2024,
        "date_iso": "2024-03-07"
      }
    },
    {
      "type": "Feature",
      "id": "2024131447007",
      "geometry": {
        "type": "Point",
        "coordinates": [
          -2.00683,
          53.63137
        ]
      },
      "properties": {
        "carriageway_hazards": "0",
        "carriageway_hazards_historic": "-1",
        "collision_adjusted_severity_serious": "0",
        "collision_adjusted_severity_slight": "1",
        "collision_index": "2024131447007",
        "collision_injury_based": "1",
        "collision_ref_no": "131447007",
        "collision_severity": "3",
        "collision_year": 2024,
        "date": "23/05/2024",
        "day_of_week": "5",
        "did_police_officer_attend_scene_of_accident": "1",
        "enhanced_severity_collision": "3",
        "first_road_class": "1",
        "first_road_number": "62",
        "junction_control": "-1",
        "junction_detail": "0",
        "junction_detail_historic": "-1",
        "latitude": "53.63137",
        "light_conditions": "1",
        "local_authority_district": "-1",
        "local_authority_highway": "E08000033",
        "local_authority_highway_current": "E08000033",
        "local_authority_ons_district": "E08000033",
        "location_easting_osgr": "399646",
        "location_northing_osgr": "414983",
        "longitude": "-2.00683",
        "lsoa_of_accident_location": "E01010955",
        "number_of_casualties": 1,
        "number_of_vehicles": 1,
        "pedestrian_crossing": "0",
        "pedestrian_crossing_human_control_historic": "-1",
        "pedestrian_crossing_physical_facilities_historic": "-1",
        "police_force": "13",
        "road_surface_conditions": "2",
        "road_type": "3",
        "second_road_class": "-1",
        "second_road_number": "-1",
        "special_conditions_at_site": "-1",
        "speed_limit": 70,
        "time": "06:25",
        "trunk_road_flag": "1",
        "urban_or_rural_area": "2",
        "weather_conditions": "2",
        "geometry_source": "collision_location",
        "source_year": 2024,
        "date_iso": "2024-05-23"
      }
    },
    {
      "type": "Feature",
      "id": "2024131478122",
      "geometry": {
        "type": "Point",
        "coordinates": [
          -1.77551,
          53.70245
        ]
      },
      "properties": {
        "carriageway_hazards": "17",
        "carriageway_hazards_historic": "-1",
        "collision_adjusted_severity_serious": "0",
        "collision_adjusted_severity_slight": "1",
        "collision_index": "2024131478122",
        "collision_injury_based": "1",
        "collision_ref_no": "131478122",
        "collision_severity": "3",
        "collision_year": 2024,
        "date": "10/08/2024",
        "day_of_week": "7",
        "did_police_officer_attend_scene_of_accident": "1",
        "enhanced_severity_collision": "3",
        "first_road_class": "3",
        "first_road_number": "643",
        "junction_control": "4",
        "junction_detail": "-1",
        "junction_detail_historic": "-1",
        "latitude": "53.70245",
        "light_conditions": "1",
        "local_authority_district": "-1",
        "local_authority_highway": "E08000033",
        "local_authority_highway_current": "E08000033",
        "local_authority_ons_district": "E08000033",
        "location_easting_osgr": "414918",
        "location_northing_osgr": "422914",
        "longitude": "-1.77551",
        "lsoa_of_accident_location": "E01010878",
        "number_of_casualties": 1,
        "number_of_vehicles": 2,
        "pedestrian_crossing": "17",
        "pedestrian_crossing_human_control_historic": "-1",
        "pedestrian_crossing_physical_facilities_historic": "-1",
        "police_force": "13",
        "road_surface_conditions": "1",
        "road_type": "1",
        "second_road_class": "3",
        "second_road_number": "644",
        "special_conditions_at_site": "-1",
        "speed_limit": 30,
        "time": "10:45",
        "trunk_road_flag": "2",
        "urban_or_rural_area": "1",
        "weather_conditions": "1",
        "geometry_source": "collision_location",
        "source_year": 2024,
        "date_iso": "2024-08-10"
      }
    },
    {
      "type": "Feature",
      "id": "2024131450999",
      "geometry": {
        "type": "Point",
        "coordinates": [
          -1.88258,
          53.74355
        ]
      },
      "properties": {
        "carriageway_hazards": "0",
        "carriageway_hazards_historic": "-1",
        "collision_adjusted_severity_serious": "0",
        "collision_adjusted_severity_slight": "1",
        "collision_index": "2024131450999",
        "collision_injury_based": "1",
        "collision_ref_no": "131450999",
        "collision_severity": "3",
        "collision_year": 2024,
        "date": "02/06/2024",
        "day_of_week": "1",
        "did_police_officer_attend_scene_of_accident": "1",
        "enhanced_severity_collision": "3",
        "first_road_class": "3",
        "first_road_number": "629",
        "junction_control": "4",
        "junction_detail": "18",
        "junction_detail_historic": "-1",
        "latitude": "53.74355",
        "light_conditions": "1",
        "local_authority_district": "-1",
        "local_authority_highway": "E08000033",
        "local_authority_highway_current": "E08000033",
        "local_authority_ons_district": "E08000033",
        "location_easting_osgr": "407842",
        "location_northing_osgr": "427470",
        "longitude": "-1.88258",
        "lsoa_of_accident_location": "E01010942",
        "number_of_casualties": 1,
        "number_of_vehicles": 1,
        "pedestrian_crossing": "13",
        "pedestrian_crossing_human_control_historic": "-1",
        "pedestrian_crossing_physical_facilities_historic": "-1",
        "police_force": "13",
        "road_surface_conditions": "1",
        "road_type": "6",
        "second_road_class": "6",
        "second_road_number": "0",
        "special_conditions_at_site": "-1",
        "speed_limit": 30,
        "time": "17:25",
        "trunk_road_flag": "2",
        "urban_or_rural_area": "1",
        "weather_conditions": "1",
        "geometry_source": "collision_location",
        "source_year": 2024,
        "date_iso": "2024-06-02"
      }
    },
    {
      "type": "Feature",
      "id": "2024131502426",
      "geometry": {
        "type": "Point",
        "coordinates": [
          -1.8824,
          53.75938
        ]
      },
      "properties": {
        "carriageway_hazards": "0",
        "carriageway_hazards_historic": "-1",
        "collision_adjusted_severity_serious": "0",
        "collision_adjusted_severity_slight": "1",
        "collision_index": "2024131502426",
        "collision_injury_based": "1",
        "collision_ref_no": "131502426",
        "collision_severity": "3",
        "collision_year": 2024,
        "date": "11/10/2024",
        "day_of_week": "6",
        "did_police_officer_attend_scene_of_accident": "1",
        "enhanced_severity_collision": "3",
        "first_road_class": "6",
        "first_road_number": "0",
        "junction_control": "-1",
        "junction_detail": "0",
        "junction_detail_historic": "-1",
        "latitude": "53.75938",
        "light_conditions": "1",
        "local_authority_district": "-1",
        "local_authority_highway": "E08000033",
        "local_authority_highway_current": "E08000033",
        "local_authority_ons_district": "E08000033",
        "location_easting_osgr": "407851",
        "location_northing_osgr": "429231",
        "longitude": "-1.8824",
        "lsoa_of_accident_location": "E01010913",
        "number_of_casualties": 1,
        "number_of_vehicles": 1,
        "pedestrian_crossing": "0",
        "pedestrian_crossing_human_control_historic": "-1",
        "pedestrian_crossing_physical_facilities_historic": "-1",
        "police_force": "13",
        "road_surface_conditions": "1",
        "road_type": "6",
        "second_road_class": "6",
        "second_road_number": "0",
        "special_conditions_at_site": "-1",
        "speed_limit": 30,
        "time": "07:45",
        "trunk_road_flag": "2",
        "urban_or_rural_area": "1",
        "weather_conditions": "1",
        "geometry_source": "collision_location",
        "source_year": 2024,
        "date_iso": "2024-10-11"
      }
    },
    {
      "type": "Feature",
      "id": "2024131477968",
      "geometry": {
        "type": "Point",
        "coordinates": [
          -1.86511,
          53.73378
        ]
      },
      "properties": {
        "carriageway_hazards": "0",
        "carriageway_hazards_historic": "-1",
        "collision_adjusted_severity_serious": "0",
        "collision_adjusted_severity_slight": "1",
        "collision_index": "2024131477968",
        "collision_injury_based": "1",
        "collision_ref_no": "131477968",
        "collision_severity": "3",
        "collision_year": 2024,
        "date": "09/08/2024",
        "day_of_week": "6",
        "did_police_officer_attend_scene_of_accident": "1",
        "enhanced_severity_collision": "3",
        "first_road_class": "3",
        "first_road_number": "647",
        "junction_control": "4",
        "junction_detail": "16",
        "junction_detail_historic": "-1",
        "latitude": "53.73378",
        "light_conditions": "1",
        "local_authority_district": "-1",
        "local_authority_highway": "E08000033",
        "local_authority_highway_current": "E08000033",
        "local_authority_ons_district": "E08000033",
        "location_easting_osgr": "408996",
        "location_northing_osgr": "426385",
        "longitude": "-1.86511",
        "lsoa_of_accident_location": "E01010967",
        "number_of_casualties": 2,
        "number_of_vehicles": 2,
        "pedestrian_crossing": "0",
        "pedestrian_crossing_human_control_historic": "-1",
        "pedestrian_crossing_physical_facilities_historic": "-1",
        "police_force": "13",
        "road_surface_conditions": "1",
        "road_type": "6",
        "second_road_class": "6",
        "second_road_number": "0",
        "special_conditions_at_site": "-1",
        "speed_limit": 30,
        "time": "19:36",
        "trunk_road_flag": "2",
        "urban_or_rural_area": "1",
        "weather_conditions": "1",
        "geometry_source": "collision_location",
        "source_year": 2024,
        "date_iso": "2024-08-09"
      }
    },
    {
      "type": "Feature",
      "id": "2024131405920",
      "geometry": {
        "type": "Point",
        "coordinates": [
          -1.88498,
          53.74679
        ]
      },
      "properties": {
        "carriageway_hazards": "0",
        "carriageway_hazards_historic": "-1",
        "collision_adjusted_severity_serious": "0",
        "collision_adjusted_severity_slight": "1",
        "collision_index": "2024131405920",
        "collision_injury_based": "1",
        "collision_ref_no": "131405920",
        "collision_severity": "3",
        "collision_year": 2024,
        "date": "25/01/2024",
        "day_of_week": "5",
        "did_police_officer_attend_scene_of_accident": "1",
        "enhanced_severity_collision": "3",
        "first_road_class": "6",
        "first_road_number": "0",
        "junction_control": "4",
        "junction_detail": "13",
        "junction_detail_historic": "-1",
        "latitude": "53.74679",
        "light_conditions": "4",
        "local_authority_district": "-1",
        "local_authority_highway": "E08000033",
        "local_authority_highway_current": "E08000033",
        "local_authority_ons_district": "E08000033",
        "location_easting_osgr": "407683",
        "location_northing_osgr": "427830",
        "longitude": "-1.88498",
        "lsoa_of_accident_location": "E01010916",
        "number_of_casualties": 1,
        "number_of_vehicles": 2,
        "pedestrian_crossing": "0",
        "pedestrian_crossing_human_control_historic": "-1",
        "pedestrian_crossing_physical_facilities_historic": "-1",
        "police_force": "13",
        "road_surface_conditions": "2",
        "road_type": "6",
        "second_road_class": "6",
        "second_road_number": "0",
        "special_conditions_at_site": "-1",
        "speed_limit": 20,
        "time": "16:55",
        "trunk_road_flag": "2",
        "urban_or_rural_area": "1",
        "weather_conditions": "2",
        "geometry_source": "collision_location",
        "source_year": 2024,
        "date_iso": "2024-01-25"
      }
    },
    {
      "type": "Feature",
      "id": "2024131478978",
      "geometry": {
        "type": "Point",
        "coordinates": [
          -1.7791,
          53.69866
        ]
      },
      "properties": {
        "carriageway_hazards": "11",
        "carriageway_hazards_historic": "-1",
        "collision_adjusted_severity_serious": "0",
        "collision_adjusted_severity_slight": "1",
        "collision_index": "2024131478978",
        "collision_injury_based": "1",
        "collision_ref_no": "131478978",
        "collision_severity": "3",
        "collision_year": 2024,
        "date": "12/08/2024",
        "day_of_week": "2",
        "did_police_officer_attend_scene_of_accident": "1",
        "enhanced_severity_collision": "3",
        "first_road_class": "3",
        "first_road_number": "641",
        "junction_control": "2",
        "junction_detail": "16",
        "junction_detail_historic": "-1",
        "latitude": "53.69866",
        "light_conditions": "4",
        "local_authority_district": "-1",
        "local_authority_highway": "E08000033",
        "local_authority_highway_current": "E08000033",
        "local_authority_ons_district": "E08000033",
        "location_easting_osgr": "414682",
        "location_northing_osgr": "422492",
        "longitude": "-1.7791",
        "lsoa_of_accident_location": "E01010947",
        "number_of_casualties": 3,
        "number_of_vehicles": 2,
        "pedestrian_crossing": "0",
        "pedestrian_crossing_human_control_historic": "-1",
        "pedestrian_crossing_physical_facilities_historic": "-1",
        "police_force": "13",
        "road_surface_conditions": "1",
        "road_type": "6",
        "second_road_class": "6",
        "second_road_number": "0",
        "special_conditions_at_site": "-1",
        "speed_limit": 30,
        "time": "21:42",
        "trunk_road_flag": "2",
        "urban_or_rural_area": "1",
        "weather_conditions": "1",
        "geometry_source": "collision_location",
        "source_year": 2024,
        "date_iso": "2024-08-12"
      }
    },
    {
      "type": "Feature",
      "id": "2024131529619",
      "geometry": {
        "type": "Point",
        "coordinates": [
          -1.87598,
          53.73538
        ]
      },
      "properties": {
        "carriageway_hazards": "0",
        "carriageway_hazards_historic": "-1",
        "collision_adjusted_severity_serious": "1",
        "collision_adjusted_severity_slight": "0",
        "collision_index": "2024131529619",
        "collision_injury_based": "1",
        "collision_ref_no": "131529619",
        "collision_severity": "2",
        "collision_year": 2024,
        "date": "03/12/2024",
        "day_of_week": "3",
        "did_police_officer_attend_scene_of_accident": "1",
        "enhanced_severity_collision": "7",
        "first_road_class": "6",
        "first_road_number": "0",
        "junction_control": "-1",
        "junction_detail": "0",
        "junction_detail_historic": "-1",
        "latitude": "53.73538",
        "light_conditions": "1",
        "local_authority_district": "-1",
        "local_authority_highway": "E08000033",
        "local_authority_highway_current": "E08000033",
        "local_authority_ons_district": "E08000033",
        "location_easting_osgr": "408279",
        "location_northing_osgr": "426562",
        "longitude": "-1.87598",
        "lsoa_of_accident_location": "E01010938",
        "number_of_casualties": 1,
        "number_of_vehicles": 2,
        "pedestrian_crossing": "0",
        "pedestrian_crossing_human_control_historic": "-1",
        "pedestrian_crossing_physical_facilities_historic": "-1",
        "police_force": "13",
        "road_surface_conditions": "1",
        "road_type": "6",
        "second_road_class": "6",
        "second_road_number": "0",
        "special_conditions_at_site": "-1",
        "speed_limit": 20,
        "time": "14:44",
        "trunk_road_flag": "2",
        "urban_or_rural_area": "1",
        "weather_conditions": "1",
        "geometry_source": "collision_location",
        "source_year": 2024,
        "date_iso": "2024-12-03"
      }
    },
    {
      "type": "Feature",
      "id": "2024131491457",
      "geometry": {
        "type": "Point",
        "coordinates": [
          -1.86704,
          53.68812
        ]
      },
      "properties": {
        "carriageway_hazards": "0",
        "carriageway_hazards_historic": "-1",
        "collision_adjusted_severity_serious": "0",
        "collision_adjusted_severity_slight": "1",
        "collision_index": "2024131491457",
        "collision_injury_based": "1",
        "collision_ref_no": "131491457",
        "collision_severity": "3",
        "collision_year": 2024,
        "date": "13/09/2024",
        "day_of_week": "6",
        "did_police_officer_attend_scene_of_accident": "1",
        "enhanced_severity_collision": "3",
        "first_road_class": "4",
        "first_road_number": "6113",
        "junction_control": "4",
        "junction_detail": "13",
        "junction_detail_historic": "-1",
        "latitude": "53.68812",
        "light_conditions": "1",
        "local_authority_district": "-1",
        "local_authority_highway": "E08000033",
        "local_authority_highway_current": "E08000033",
        "local_authority_ons_district": "E08000033",
        "location_easting_osgr": "408878",
        "location_northing_osgr": "421305",
        "longitude": "-1.86704",
        "lsoa_of_accident_location": "E01010900",
        "number_of_casualties": 1,
        "number_of_vehicles": 2,
        "pedestrian_crossing": "11",
        "pedestrian_crossing_human_control_historic": "-1",
        "pedestrian_crossing_physical_facilities_historic": "-1",
        "police_force": "13",
        "road_surface_conditions": "1",
        "road_type": "6",
        "second_road_class": "6",
        "second_road_number": "0",
        "special_conditions_at_site": "-1",
        "speed_limit": 30,
        "time": "13:47",
        "trunk_road_flag": "2",
        "urban_or_rural_area": "1",
        "weather_conditions": "1",
        "geometry_source": "collision_location",
        "source_year": 2024,
        "date_iso": "2024-09-13"
      }
    },
    {
      "type": "Feature",
      "id": "2024131525955",
      "geometry": {
        "type": "Point",
        "coordinates": [
          -1.73257,
          53.68425
        ]
      },
      "properties": {
        "carriageway_hazards": "0",
        "carriageway_hazards_historic": "-1",
        "collision_adjusted_severity_serious": "0",
        "collision_adjusted_severity_slight": "1",
        "collision_index": "2024131525955",
        "collision_injury_based": "1",
        "collision_ref_no": "131525955",
        "collision_severity": "3",
        "collision_year": 2024,
        "date": "04/12/2024",
        "day_of_week": "4",
        "did_police_officer_attend_scene_of_accident": "2",
        "enhanced_severity_collision": "3",
        "first_road_class": "3",
        "first_road_number": "62",
        "junction_control": "-1",
        "junction_detail": "0",
        "junction_detail_historic": "-1",
        "latitude": "53.68425",
        "light_conditions": "4",
        "local_authority_district": "-1",
        "local_authority_highway": "E08000033",
        "local_authority_highway_current": "E08000033",
        "local_authority_ons_district": "E08000033",
        "location_easting_osgr": "417760",
        "location_northing_osgr": "420899",
        "longitude": "-1.73257",
        "lsoa_of_accident_location": "E01010879",
        "number_of_casualties": 1,
        "number_of_vehicles": 2,
        "pedestrian_crossing": "0",
        "pedestrian_crossing_human_control_historic": "-1",
        "pedestrian_crossing_physical_facilities_historic": "-1",
        "police_force": "13",
        "road_surface_conditions": "1",
        "road_type": "3",
        "second_road_class": "6",
        "second_road_number": "0",
        "special_conditions_at_site": "-1",
        "speed_limit": 30,
        "time": "15:45",
        "trunk_road_flag": "2",
        "urban_or_rural_area": "2",
        "weather_conditions": "1",
        "geometry_source": "collision_location",
        "source_year": 2024,
        "date_iso": "2024-12-04"
      }
    },
    {
      "type": "Feature",
      "id": "2024131452042",
      "geometry": {
        "type": "Point",
        "coordinates": [
          -1.85079,
          53.70186
        ]
      },
      "properties": {
        "carriageway_hazards": "0",
        "carriageway_hazards_historic": "-1",
        "collision_adjusted_severity_serious": "0",
        "collision_adjusted_severity_slight": "1",
        "collision_index": "2024131452042",
        "collision_injury_based": "1",
        "collision_ref_no": "131452042",
        "collision_severity": "3",
        "collision_year": 2024,
        "date": "18/03/2024",
        "day_of_week": "2",
        "did_police_officer_attend_scene_of_accident": "1",
        "enhanced_severity_collision": "3",
        "first_road_class": "6",
        "first_road_number": "0",
        "junction_control": "-1",
        "junction_detail": "0",
        "junction_detail_historic": "-1",
        "latitude": "53.70186",
        "light_conditions": "1",
        "local_authority_district": "-1",
        "local_authority_highway": "E08000033",
        "local_authority_highway_current": "E08000033",
        "local_authority_ons_district": "E08000033",
        "location_easting_osgr": "409948",
        "location_northing_osgr": "422836",
        "longitude": "-1.85079",
        "lsoa_of_accident_location": "E01010993",
        "number_of_casualties": 1,
        "number_of_vehicles": 1,
        "pedestrian_crossing": "0",
        "pedestrian_crossing_human_control_historic": "-1",
        "pedestrian_crossing_physical_facilities_historic": "-1",
        "police_force": "13",
        "road_surface_conditions": "1",
        "road_type": "6",
        "second_road_class": "-1",
        "second_road_number": "-1",
        "special_conditions_at_site": "-1",
        "speed_limit": 20,
        "time": "16:40",
        "trunk_road_flag": "2",
        "urban_or_rural_area": "1",
        "weather_conditions": "1",
        "geometry_source": "collision_location",
        "source_year": 2024,
        "date_iso": "2024-03-18"
      }
    },
    {
      "type": "Feature",
      "id": "2024131528485",
      "geometry": {
        "type": "Point",
        "coordinates": [
          -1.87363,
          53.72337
        ]
      },
      "properties": {
        "carriageway_hazards": "0",
        "carriageway_hazards_historic": "-1",
        "collision_adjusted_severity_serious": "1",
        "collision_adjusted_severity_slight": "0",
        "collision_index": "2024131528485",
        "collision_injury_based": "1",
        "collision_ref_no": "131528485",
        "collision_severity": "2",
        "collision_year": 2024,
        "date": "10/12/2024",
        "day_of_week": "3",
        "did_police_officer_attend_scene_of_accident": "1",
        "enhanced_severity_collision": "5",
        "first_road_class": "6",
        "first_road_number": "0",
        "junction_control": "4",
        "junction_detail": "13",
        "junction_detail_historic": "-1",
        "latitude": "53.72337",
        "light_conditions": "4",
        "local_authority_district": "-1",
        "local_authority_highway": "E08000033",
        "local_authority_highway_current": "E08000033",
        "local_authority_ons_district": "E08000033",
        "location_easting_osgr": "408436",
        "location_northing_osgr": "425226",
        "longitude": "-1.87363",
        "lsoa_of_accident_location": "E01010966",
        "number_of_casualties": 3,
        "number_of_vehicles": 3,
        "pedestrian_crossing": "0",
        "pedestrian_crossing_human_control_historic": "-1",
        "pedestrian_crossing_physical_facilities_historic": "-1",
        "police_force": "13",
        "road_surface_conditions": "1",
        "road_type": "6",
        "second_road_class": "6",
        "second_road_number": "0",
        "special_conditions_at_site": "-1",
        "speed_limit": 20,
        "time": "23:40",
        "trunk_road_flag": "2",
        "urban_or_rural_area": "1",
        "weather_conditions": "1",
        "geometry_source": "collision_location",
        "source_year": 2024,
        "date_iso": "2024-12-10"
      }
    },
    {
      "type": "Feature",
      "id": "2024131426300",
      "geometry": {
        "type": "Point",
        "coordinates": [
          -2.13103,
          53.73038
        ]
      },
      "properties": {
        "carriageway_hazards": "0",
        "carriageway_hazards_historic": "-1",
        "collision_adjusted_severity_serious": "1",
        "collision_adjusted_severity_slight": "0",
        "collision_index": "2024131426300",
        "collision_injury_based": "1",
        "collision_ref_no": "131426300",
        "collision_severity": "2",
        "collision_year": 2024,
        "date": "30/03/2024",
        "day_of_week": "7",
        "did_police_officer_attend_scene_of_accident": "1",
        "enhanced_severity_collision": "7",
        "first_road_class": "3",
        "first_road_number": "646",
        "junction_control": "-1",
        "junction_detail": "0",
        "junction_detail_historic": "-1",
        "latitude": "53.73038",
        "light_conditions": "4",
        "local_authority_district": "-1",
        "local_authority_highway": "E08000033",
        "local_authority_highway_current": "E08000033",
        "local_authority_ons_district": "E08000033",
        "location_easting_osgr": "391453",
        "location_northing_osgr": "426006",
        "longitude": "-2.13103",
        "lsoa_of_accident_location": "E01010986",
        "number_of_casualties": 1,
        "number_of_vehicles": 1,
        "pedestrian_crossing": "0",
        "pedestrian_crossing_human_control_historic": "-1",
        "pedestrian_crossing_physical_facilities_historic": "-1",
        "police_force": "13",
        "road_surface_conditions": "2",
        "road_type": "6",
        "second_road_class": "6",
        "second_road_number": "0",
        "special_conditions_at_site": "-1",
        "speed_limit": 30,
        "time": "02:59",
        "trunk_road_flag": "2",
        "urban_or_rural_area": "2",
        "weather_conditions": "1",
        "geometry_source": "collision_location",
        "source_year": 2024,
        "date_iso": "2024-03-30"
      }
    },
    {
      "type": "Feature",
      "id": "2024131449066",
      "geometry": {
        "type": "Point",
        "coordinates": [
          -2.12256,
          53.72734
        ]
      },
      "properties": {
        "carriageway_hazards": "13",
        "carriageway_hazards_historic": "-1",
        "collision_adjusted_severity_serious": "1",
        "collision_adjusted_severity_slight": "0",
        "collision_index": "2024131449066",
        "collision_injury_based": "1",
        "collision_ref_no": "131449066",
        "collision_severity": "2",
        "collision_year": 2024,
        "date": "27/05/2024",
        "day_of_week": "2",
        "did_police_officer_attend_scene_of_accident": "1",
        "enhanced_severity_collision": "6",
        "first_road_class": "3",
        "first_road_number": "646",
        "junction_control": "2",
        "junction_detail": "19",
        "junction_detail_historic": "-1",
        "latitude": "53.72734",
        "light_conditions": "1",
        "local_authority_district": "-1",
        "local_authority_highway": "E08000033",
        "local_authority_highway_current": "E08000033",
        "local_authority_ons_district": "E08000033",
        "location_easting_osgr": "392011",
        "location_northing_osgr": "425667",
        "longitude": "-2.12256",
        "lsoa_of_accident_location": "E01010987",
        "number_of_casualties": 1,
        "number_of_vehicles": 2,
        "pedestrian_crossing": "0",
        "pedestrian_crossing_human_control_historic": "-1",
        "pedestrian_crossing_physical_facilities_historic": "-1",
        "police_force": "13",
        "road_surface_conditions": "2",
        "road_type": "6",
        "second_road_class": "6",
        "second_road_number": "0",
        "special_conditions_at_site": "-1",
        "speed_limit": 30,
        "time": "09:04",
        "trunk_road_flag": "2",
        "urban_or_rural_area": "1",
        "weather_conditions": "2",
        "geometry_source": "collision_location",
        "source_year": 2024,
        "date_iso": "2024-05-27"
      }
    },
    {
      "type": "Feature",
      "id": "2024131439968",
      "geometry": {
        "type": "Point",
        "coordinates": [
          -1.91904,
          53.7142
        ]
      },
      "properties": {
        "carriageway_hazards": "0",
        "carriageway_hazards_historic": "-1",
        "collision_adjusted_severity_serious": "0",
        "collision_adjusted_severity_slight": "1",
        "collision_index": "2024131439968",
        "collision_injury_based": "1",
        "collision_ref_no": "131439968",
        "collision_severity": "3",
        "collision_year": 2024,
        "date": "07/05/2024",
        "day_of_week": "3",
        "did_police_officer_attend_scene_of_accident": "1",
        "enhanced_severity_collision": "3",
        "first_road_class": "3",
        "first_road_number": "646",
        "junction_control": "4",
        "junction_detail": "13",
        "junction_detail_historic": "-1",
        "latitude": "53.7142",
        "light_conditions": "1",
        "local_authority_district": "-1",
        "local_authority_highway": "E08000033",
        "local_authority_highway_current": "E08000033",
        "local_authority_ons_district": "E08000033",
        "location_easting_osgr": "405441",
        "location_northing_osgr": "424201",
        "longitude": "-1.91904",
        "lsoa_of_accident_location": "E01010922",
        "number_of_casualties": 1,
        "number_of_vehicles": 2,
        "pedestrian_crossing": "17",
        "pedestrian_crossing_human_control_historic": "-1",
        "pedestrian_crossing_physical_facilities_historic": "-1",
        "police_force": "13",
        "road_surface_conditions": "1",
        "road_type": "6",
        "second_road_class": "6",
        "second_road_number": "0",
        "special_conditions_at_site": "-1",
        "speed_limit": 30,
        "time": "12:13",
        "trunk_road_flag": "2",
        "urban_or_rural_area": "1",
        "weather_conditions": "1",
        "geometry_source": "collision_location",
        "source_year": 2024,
        "date_iso": "2024-05-07"
      }
    },
    {
      "type": "Feature",
      "id": "2024131456382",
      "geometry": {
        "type": "Point",
        "coordinates": [
          -1.89221,
          53.74695
        ]
      },
      "properties": {
        "carriageway_hazards": "0",
        "carriageway_hazards_historic": "-1",
        "collision_adjusted_severity_serious": "0",
        "collision_adjusted_severity_slight": "1",
        "collision_index": "2024131456382",
        "collision_injury_based": "1",
        "collision_ref_no": "131456382",
        "collision_severity": "3",
        "collision_year": 2024,
        "date": "16/06/2024",
        "day_of_week": "1",
        "did_police_officer_attend_scene_of_accident": "1",
        "enhanced_severity_collision": "3",
        "first_road_class": "6",
        "first_road_number": "0",
        "junction_control": "4",
        "junction_detail": "13",
        "junction_detail_historic": "-1",
        "latitude": "53.74695",
        "light_conditions": "1",
        "local_authority_district": "-1",
        "local_authority_highway": "E08000033",
        "local_authority_highway_current": "E08000033",
        "local_authority_ons_district": "E08000033",
        "location_easting_osgr": "407206",
        "location_northing_osgr": "427847",
        "longitude": "-1.89221",
        "lsoa_of_accident_location": "E01010941",
        "number_of_casualties": 1,
        "number_of_vehicles": 1,
        "pedestrian_crossing": "0",
        "pedestrian_crossing_human_control_historic": "-1",
        "pedestrian_crossing_physical_facilities_historic": "-1",
        "police_force": "13",
        "road_surface_conditions": "1",
        "road_type": "6",
        "second_road_class": "6",
        "second_road_number": "0",
        "special_conditions_at_site": "-1",
        "speed_limit": 20,
        "time": "13:50",
        "trunk_road_flag": "2",
        "urban_or_rural_area": "1",
        "weather_conditions": "1",
        "geometry_source": "collision_location",
        "source_year": 2024,
        "date_iso": "2024-06-16"
      }
    },
    {
      "type": "Feature",
      "id": "2024131485174",
      "geometry": {
        "type": "Point",
        "coordinates": [
          -1.87162,
          53.73306
        ]
      },
      "properties": {
        "carriageway_hazards": "0",
        "carriageway_hazards_historic": "-1",
        "collision_adjusted_severity_serious": "0",
        "collision_adjusted_severity_slight": "0",
        "collision_index": "2024131485174",
        "collision_injury_based": "1",
        "collision_ref_no": "131485174",
        "collision_severity": "1",
        "collision_year": 2024,
        "date": "29/08/2024",
        "day_of_week": "5",
        "did_police_officer_attend_scene_of_accident": "1",
        "enhanced_severity_collision": "1",
        "first_road_class": "3",
        "first_road_number": "629",
        "junction_control": "-1",
        "junction_detail": "0",
        "junction_detail_historic": "-1",
        "latitude": "53.73306",
        "light_conditions": "1",
        "local_authority_district": "-1",
        "local_authority_highway": "E08000033",
        "local_authority_highway_current": "E08000033",
        "local_authority_ons_district": "E08000033",
        "location_easting_osgr": "408567",
        "location_northing_osgr": "426304",
        "longitude": "-1.87162",
        "lsoa_of_accident_location": "E01010961",
        "number_of_casualties": 1,
        "number_of_vehicles": 1,
        "pedestrian_crossing": "0",
        "pedestrian_crossing_human_control_historic": "-1",
        "pedestrian_crossing_physical_facilities_historic": "-1",
        "police_force": "13",
        "road_surface_conditions": "1",
        "road_type": "3",
        "second_road_class": "-1",
        "second_road_number": "-1",
        "special_conditions_at_site": "-1",
        "speed_limit": 40,
        "time": "16:55",
        "trunk_road_flag": "2",
        "urban_or_rural_area": "1",
        "weather_conditions": "1",
        "geometry_source": "collision_location",
        "source_year": 2024,
        "date_iso": "2024-08-29"
      }
    },
    {
      "type": "Feature",
      "id": "2024131452143",
      "geometry": {
        "type": "Point",
        "coordinates": [
          -1.87827,
          53.71838
        ]
      },
      "properties": {
        "carriageway_hazards": "0",
        "carriageway_hazards_historic": "-1",
        "collision_adjusted_severity_serious": "0",
        "collision_adjusted_severity_slight": "1",
        "collision_index": "2024131452143",
        "collision_injury_based": "1",
        "collision_ref_no": "131452143",
        "collision_severity": "3",
        "collision_year": 2024,
        "date": "04/06/2024",
        "day_of_week": "3",
        "did_police_officer_attend_scene_of_accident": "1",
        "enhanced_severity_collision": "3",
        "first_road_class": "6",
        "first_road_number": "0",
        "junction_control": "4",
        "junction_detail": "13",
        "junction_detail_historic": "-1",
        "latitude": "53.71838",
        "light_conditions": "1",
        "local_authority_district": "-1",
        "local_authority_highway": "E08000033",
        "local_authority_highway_current": "E08000033",
        "local_authority_ons_district": "E08000033",
        "location_easting_osgr": "408131",
        "location_northing_osgr": "424670",
        "longitude": "-1.87827",
        "lsoa_of_accident_location": "E01010996",
        "number_of_casualties": 1,
        "number_of_vehicles": 2,
        "pedestrian_crossing": "0",
        "pedestrian_crossing_human_control_historic": "-1",
        "pedestrian_crossing_physical_facilities_historic": "-1",
        "police_force": "13",
        "road_surface_conditions": "1",
        "road_type": "6",
        "second_road_class": "6",
        "second_road_number": "0",
        "special_conditions_at_site": "-1",
        "speed_limit": 20,
        "time": "19:00",
        "trunk_road_flag": "2",
        "urban_or_rural_area": "1",
        "weather_conditions": "1",
        "geometry_source": "collision_location",
        "source_year": 2024,
        "date_iso": "2024-06-04"
      }
    },
    {
      "type": "Feature",
      "id": "2024131426659",
      "geometry": {
        "type": "Point",
        "coordinates": [
          -1.94911,
          53.66542
        ]
      },
      "properties": {
        "carriageway_hazards": "0",
        "carriageway_hazards_historic": "-1",
        "collision_adjusted_severity_serious": "0",
        "collision_adjusted_severity_slight": "1",
        "collision_index": "2024131426659",
        "collision_injury_based": "1",
        "collision_ref_no": "131426659",
        "collision_severity": "3",
        "collision_year": 2024,
        "date": "29/03/2024",
        "day_of_week": "6",
        "did_police_officer_attend_scene_of_accident": "1",
        "enhanced_severity_collision": "3",
        "first_road_class": "6",
        "first_road_number": "0",
        "junction_control": "4",
        "junction_detail": "19",
        "junction_detail_historic": "-1",
        "latitude": "53.66542",
        "light_conditions": "1",
        "local_authority_district": "-1",
        "local_authority_highway": "E08000033",
        "local_authority_highway_current": "E08000033",
        "local_authority_ons_district": "E08000033",
        "location_easting_osgr": "403460",
        "location_northing_osgr": "418772",
        "longitude": "-1.94911",
        "lsoa_of_accident_location": "E01010954",
        "number_of_casualties": 2,
        "number_of_vehicles": 2,
        "pedestrian_crossing": "0",
        "pedestrian_crossing_human_control_historic": "-1",
        "pedestrian_crossing_physical_facilities_historic": "-1",
        "police_force": "13",
        "road_surface_conditions": "1",
        "road_type": "6",
        "second_road_class": "3",
        "second_road_number": "672",
        "special_conditions_at_site": "-1",
        "speed_limit": 30,
        "time": "15:42",
        "trunk_road_flag": "2",
        "urban_or_rural_area": "2",
        "weather_conditions": "1",
        "geometry_source": "collision_location",
        "source_year": 2024,
        "date_iso": "2024-03-29"
      }
    },
    {
      "type": "Feature",
      "id": "2024131523864",
      "geometry": {
        "type": "Point",
        "coordinates": [
          -1.78224,
          53.70101
        ]
      },
      "properties": {
        "carriageway_hazards": "0",
        "carriageway_hazards_historic": "-1",
        "collision_adjusted_severity_serious": "0",
        "collision_adjusted_severity_slight": "1",
        "collision_index": "2024131523864",
        "collision_injury_based": "1",
        "collision_ref_no": "131523864",
        "collision_severity": "3",
        "collision_year": 2024,
        "date": "30/11/2024",
        "day_of_week": "7",
        "did_police_officer_attend_scene_of_accident": "1",
        "enhanced_severity_collision": "3",
        "first_road_class": "3",
        "first_road_number": "643",
        "junction_control": "4",
        "junction_detail": "13",
        "junction_detail_historic": "-1",
        "latitude": "53.70101",
        "light_conditions": "4",
        "local_authority_district": "-1",
        "local_authority_highway": "E08000033",
        "local_authority_highway_current": "E08000033",
        "local_authority_ons_district": "E08000033",
        "location_easting_osgr": "414474",
        "location_northing_osgr": "422752",
        "longitude": "-1.78224",
        "lsoa_of_accident_location": "E01010949",
        "number_of_casualties": 1,
        "number_of_vehicles": 1,
        "pedestrian_crossing": "13",
        "pedestrian_crossing_human_control_historic": "-1",
        "pedestrian_crossing_physical_facilities_historic": "-1",
        "police_force": "13",
        "road_surface_conditions": "2",
        "road_type": "6",
        "second_road_class": "6",
        "second_road_number": "0",
        "special_conditions_at_site": "-1",
        "speed_limit": 20,
        "time": "22:30",
        "trunk_road_flag": "2",
        "urban_or_rural_area": "1",
        "weather_conditions": "1",
        "geometry_source": "collision_location",
        "source_year": 2024,
        "date_iso": "2024-11-30"
      }
    },
    {
      "type": "Feature",
      "id": "2024131496842",
      "geometry": {
        "type": "Point",
        "coordinates": [
          -1.83014,
          53.68117
        ]
      },
      "properties": {
        "carriageway_hazards": "0",
        "carriageway_hazards_historic": "-1",
        "collision_adjusted_severity_serious": "0",
        "collision_adjusted_severity_slight": "1",
        "collision_index": "2024131496842",
        "collision_injury_based": "1",
        "collision_ref_no": "131496842",
        "collision_severity": "3",
        "collision_year": 2024,
        "date": "27/09/2024",
        "day_of_week": "6",
        "did_police_officer_attend_scene_of_accident": "1",
        "enhanced_severity_collision": "3",
        "first_road_class": "6",
        "first_road_number": "0",
        "junction_control": "4",
        "junction_detail": "13",
        "junction_detail_historic": "-1",
        "latitude": "53.68117",
        "light_conditions": "1",
        "local_authority_district": "-1",
        "local_authority_highway": "E08000033",
        "local_authority_highway_current": "E08000033",
        "local_authority_ons_district": "E08000033",
        "location_easting_osgr": "411317",
        "location_northing_osgr": "420537",
        "longitude": "-1.83014",
        "lsoa_of_accident_location": "E01010894",
        "number_of_casualties": 1,
        "number_of_vehicles": 1,
        "pedestrian_crossing": "0",
        "pedestrian_crossing_human_control_historic": "-1",
        "pedestrian_crossing_physical_facilities_historic": "-1",
        "police_force": "13",
        "road_surface_conditions": "1",
        "road_type": "6",
        "second_road_class": "6",
        "second_road_number": "0",
        "special_conditions_at_site": "-1",
        "speed_limit": 30,
        "time": "16:10",
        "trunk_road_flag": "2",
        "urban_or_rural_area": "1",
        "weather_conditions": "1",
        "geometry_source": "collision_location",
        "source_year": 2024,
        "date_iso": "2024-09-27"
      }
    },
    {
      "type": "Feature",
      "id": "2024131488609",
      "geometry": {
        "type": "Point",
        "coordinates": [
          -1.77007,
          53.70267
        ]
      },
      "properties": {
        "carriageway_hazards": "0",
        "carriageway_hazards_historic": "-1",
        "collision_adjusted_severity_serious": "1",
        "collision_adjusted_severity_slight": "0",
        "collision_index": "2024131488609",
        "collision_injury_based": "1",
        "collision_ref_no": "131488609",
        "collision_severity": "2",
        "collision_year": 2024,
        "date": "06/09/2024",
        "day_of_week": "6",
        "did_police_officer_attend_scene_of_accident": "1",
        "enhanced_severity_collision": "6",
        "first_road_class": "3",
        "first_road_number": "643",
        "junction_control": "4",
        "junction_detail": "19",
        "junction_detail_historic": "-1",
        "latitude": "53.70267",
        "light_conditions": "1",
        "local_authority_district": "-1",
        "local_authority_highway": "E08000033",
        "local_authority_highway_current": "E08000033",
        "local_authority_ons_district": "E08000033",
        "location_easting_osgr": "415277",
        "location_northing_osgr": "422940",
        "longitude": "-1.77007",
        "lsoa_of_accident_location": "E01010879",
        "number_of_casualties": 1,
        "number_of_vehicles": 1,
        "pedestrian_crossing": "0",
        "pedestrian_crossing_human_control_historic": "-1",
        "pedestrian_crossing_physical_facilities_historic": "-1",
        "police_force": "13",
        "road_surface_conditions": "1",
        "road_type": "6",
        "second_road_class": "6",
        "second_road_number": "0",
        "special_conditions_at_site": "-1",
        "speed_limit": 30,
        "time": "08:05",
        "trunk_road_flag": "2",
        "urban_or_rural_area": "1",
        "weather_conditions": "1",
        "geometry_source": "collision_location",
        "source_year": 2024,
        "date_iso": "2024-09-06"
      }
    },
    {
      "type": "Feature",
      "id": "2024131513057",
      "geometry": {
        "type": "Point",
        "coordinates": [
          -1.80771,
          53.75694
        ]
      },
      "properties": {
        "carriageway_hazards": "0",
        "carriageway_hazards_historic": "-1",
        "collision_adjusted_severity_serious": "0",
        "collision_adjusted_severity_slight": "1",
        "collision_index": "2024131513057",
        "collision_injury_based": "1",
        "collision_ref_no": "131513057",
        "collision_severity": "3",
        "collision_year": 2024,
        "date": "05/11/2024",
        "day_of_week": "3",
        "did_police_officer_attend_scene_of_accident": "2",
        "enhanced_severity_collision": "3",
        "first_road_class": "6",
        "first_road_number": "0",
        "junction_control": "4",
        "junction_detail": "13",
        "junction_detail_historic": "-1",
        "latitude": "53.75694",
        "light_conditions": "1",
        "local_authority_district": "-1",
        "local_authority_highway": "E08000033",
        "local_authority_highway_current": "E08000033",
        "local_authority_ons_district": "E08000033",
        "location_easting_osgr": "412776",
        "location_northing_osgr": "428970",
        "longitude": "-1.80771",
        "lsoa_of_accident_location": "E01010932",
        "number_of_casualties": 1,
        "number_of_vehicles": 2,
        "pedestrian_crossing": "0",
        "pedestrian_crossing_human_control_historic": "-1",
        "pedestrian_crossing_physical_facilities_historic": "-1",
        "police_force": "13",
        "road_surface_conditions": "1",
        "road_type": "6",
        "second_road_class": "3",
        "second_road_number": "6036",
        "special_conditions_at_site": "-1",
        "speed_limit": 30,
        "time": "14:30",
        "trunk_road_flag": "2",
        "urban_or_rural_area": "1",
        "weather_conditions": "1",
        "geometry_source": "collision_location",
        "source_year": 2024,
        "date_iso": "2024-11-05"
      }
    },
    {
      "type": "Feature",
      "id": "2024131434175",
      "geometry": {
        "type": "Point",
        "coordinates": [
          -1.87289,
          53.72346
        ]
      },
      "properties": {
        "carriageway_hazards": "0",
        "carriageway_hazards_historic": "-1",
        "collision_adjusted_severity_serious": "1",
        "collision_adjusted_severity_slight": "0",
        "collision_index": "2024131434175",
        "collision_injury_based": "1",
        "collision_ref_no": "131434175",
        "collision_severity": "2",
        "collision_year": 2024,
        "date": "29/03/2024",
        "day_of_week": "6",
        "did_police_officer_attend_scene_of_accident": "1",
        "enhanced_severity_collision": "7",
        "first_road_class": "6",
        "first_road_number": "0",
        "junction_control": "-1",
        "junction_detail": "0",
        "junction_detail_historic": "-1",
        "latitude": "53.72346",
        "light_conditions": "1",
        "local_authority_district": "-1",
        "local_authority_highway": "E08000033",
        "local_authority_highway_current": "E08000033",
        "local_authority_ons_district": "E08000033",
        "location_easting_osgr": "408485",
        "location_northing_osgr": "425236",
        "longitude": "-1.87289",
        "lsoa_of_accident_location": "E01010965",
        "number_of_casualties": 2,
        "number_of_vehicles": 4,
        "pedestrian_crossing": "0",
        "pedestrian_crossing_human_control_historic": "-1",
        "pedestrian_crossing_physical_facilities_historic": "-1",
        "police_force": "13",
        "road_surface_conditions": "1",
        "road_type": "6",
        "second_road_class": "6",
        "second_road_number": "0",
        "special_conditions_at_site": "-1",
        "speed_limit": 30,
        "time": "10:47",
        "trunk_road_flag": "2",
        "urban_or_rural_area": "1",
        "weather_conditions": "1",
        "geometry_source": "collision_location",
        "source_year": 2024,
        "date_iso": "2024-03-29"
      }
    },
    {
      "type": "Feature",
      "id": "2024131475888",
      "geometry": {
        "type": "Point",
        "coordinates": [
          -2.16024,
          53.71172
        ]
      },
      "properties": {
        "carriageway_hazards": "0",
        "carriageway_hazards_historic": "-1",
        "collision_adjusted_severity_serious": "0",
        "collision_adjusted_severity_slight": "0",
        "collision_index": "2024131475888",
        "collision_injury_based": "1",
        "collision_ref_no": "131475888",
        "collision_severity": "1",
        "collision_year": 2024,
        "date": "04/08/2024",
        "day_of_week": "1",
        "did_police_officer_attend_scene_of_accident": "1",
        "enhanced_severity_collision": "1",
        "first_road_class": "3",
        "first_road_number": "681",
        "junction_control": "-1",
        "junction_detail": "0",
        "junction_detail_historic": "-1",
        "latitude": "53.71172",
        "light_conditions": "1",
        "local_authority_district": "-1",
        "local_authority_highway": "E08000033",
        "local_authority_highway_current": "E08000033",
        "local_authority_ons_district": "E08000033",
        "location_easting_osgr": "389521",
        "location_northing_osgr": "423934",
        "longitude": "-2.16024",
        "lsoa_of_accident_location": "E01010985",
        "number_of_casualties": 1,
        "number_of_vehicles": 1,
        "pedestrian_crossing": "0",
        "pedestrian_crossing_human_control_historic": "-1",
        "pedestrian_crossing_physical_facilities_historic": "-1",
        "police_force": "13",
        "road_surface_conditions": "1",
        "road_type": "6",
        "second_road_class": "6",
        "second_road_number": "0",
        "special_conditions_at_site": "-1",
        "speed_limit": 60,
        "time": "18:11",
        "trunk_road_flag": "2",
        "urban_or_rural_area": "2",
        "weather_conditions": "1",
        "geometry_source": "collision_location",
        "source_year": 2024,
        "date_iso": "2024-08-04"
      }
    },
    {
      "type": "Feature",
      "id": "2024131490670",
      "geometry": {
        "type": "Point",
        "coordinates": [
          -1.80804,
          53.75687
        ]
      },
      "properties": {
        "carriageway_hazards": "0",
        "carriageway_hazards_historic": "-1",
        "collision_adjusted_severity_serious": "0",
        "collision_adjusted_severity_slight": "1",
        "collision_index": "2024131490670",
        "collision_injury_based": "1",
        "collision_ref_no": "131490670",
        "collision_severity": "3",
        "collision_year": 2024,
        "date": "11/09/2024",
        "day_of_week": "4",
        "did_police_officer_attend_scene_of_accident": "1",
        "enhanced_severity_collision": "3",
        "first_road_class": "3",
        "first_road_number": "6036",
        "junction_control": "4",
        "junction_detail": "-1",
        "junction_detail_historic": "-1",
        "latitude": "53.75687",
        "light_conditions": "1",
        "local_authority_district": "-1",
        "local_authority_highway": "E08000033",
        "local_authority_highway_current": "E08000033",
        "local_authority_ons_district": "E08000033",
        "location_easting_osgr": "412754",
        "location_northing_osgr": "428962",
        "longitude": "-1.80804",
        "lsoa_of_accident_location": "E01010932",
        "number_of_casualties": 2,
        "number_of_vehicles": 2,
        "pedestrian_crossing": "0",
        "pedestrian_crossing_human_control_historic": "-1",
        "pedestrian_crossing_physical_facilities_historic": "-1",
        "police_force": "13",
        "road_surface_conditions": "2",
        "road_type": "6",
        "second_road_class": "6",
        "second_road_number": "0",
        "special_conditions_at_site": "-1",
        "speed_limit": 30,
        "time": "09:10",
        "trunk_road_flag": "2",
        "urban_or_rural_area": "1",
        "weather_conditions": "5",
        "geometry_source": "collision_location",
        "source_year": 2024,
        "date_iso": "2024-09-11"
      }
    },
    {
      "type": "Feature",
      "id": "2024131516455",
      "geometry": {
        "type": "Point",
        "coordinates": [
          -1.74417,
          53.70893
        ]
      },
      "properties": {
        "carriageway_hazards": "0",
        "carriageway_hazards_historic": "-1",
        "collision_adjusted_severity_serious": "1",
        "collision_adjusted_severity_slight": "0",
        "collision_index": "2024131516455",
        "collision_injury_based": "1",
        "collision_ref_no": "131516455",
        "collision_severity": "2",
        "collision_year": 2024,
        "date": "13/11/2024",
        "day_of_week": "4",
        "did_police_officer_attend_scene_of_accident": "1",
        "enhanced_severity_collision": "7",
        "first_road_class": "1",
        "first_road_number": "62",
        "junction_control": "-1",
        "junction_detail": "0",
        "junction_detail_historic": "-1",
        "latitude": "53.70893",
        "light_conditions": "1",
        "local_authority_district": "-1",
        "local_authority_highway": "E08000033",
        "local_authority_highway_current": "E08000033",
        "local_authority_ons_district": "E08000033",
        "location_easting_osgr": "416984",
        "location_northing_osgr": "423642",
        "longitude": "-1.74417",
        "lsoa_of_accident_location": "E01010879",
        "number_of_casualties": 1,
        "number_of_vehicles": 2,
        "pedestrian_crossing": "0",
        "pedestrian_crossing_human_control_historic": "-1",
        "pedestrian_crossing_physical_facilities_historic": "-1",
        "police_force": "13",
        "road_surface_conditions": "1",
        "road_type": "3",
        "second_road_class": "6",
        "second_road_number": "0",
        "special_conditions_at_site": "-1",
        "speed_limit": 70,
        "time": "13:44",
        "trunk_road_flag": "1",
        "urban_or_rural_area": "2",
        "weather_conditions": "1",
        "geometry_source": "collision_location",
        "source_year": 2024,
        "date_iso": "2024-11-13"
      }
    },
    {
      "type": "Feature",
      "id": "2024131404948",
      "geometry": {
        "type": "Point",
        "coordinates": [
          -1.73381,
          53.68251
        ]
      },
      "properties": {
        "carriageway_hazards": "0",
        "carriageway_hazards_historic": "-1",
        "collision_adjusted_severity_serious": "0",
        "collision_adjusted_severity_slight": "1",
        "collision_index": "2024131404948",
        "collision_injury_based": "1",
        "collision_ref_no": "131404948",
        "collision_severity": "3",
        "collision_year": 2024,
        "date": "30/01/2024",
        "day_of_week": "3",
        "did_police_officer_attend_scene_of_accident": "1",
        "enhanced_severity_collision": "3",
        "first_road_class": "3",
        "first_road_number": "62",
        "junction_control": "4",
        "junction_detail": "13",
        "junction_detail_historic": "-1",
        "latitude": "53.68251",
        "light_conditions": "1",
        "local_authority_district": "-1",
        "local_authority_highway": "E08000033",
        "local_authority_highway_current": "E08000033",
        "local_authority_ons_district": "E08000033",
        "location_easting_osgr": "417679",
        "location_northing_osgr": "420705",
        "longitude": "-1.73381",
        "lsoa_of_accident_location": "E01010879",
        "number_of_casualties": 1,
        "number_of_vehicles": 2,
        "pedestrian_crossing": "0",
        "pedestrian_crossing_human_control_historic": "-1",
        "pedestrian_crossing_physical_facilities_historic": "-1",
        "police_force": "13",
        "road_surface_conditions": "1",
        "road_type": "6",
        "second_road_class": "6",
        "second_road_number": "0",
        "special_conditions_at_site": "-1",
        "speed_limit": 40,
        "time": "15:49",
        "trunk_road_flag": "2",
        "urban_or_rural_area": "2",
        "weather_conditions": "1",
        "geometry_source": "collision_location",
        "source_year": 2024,
        "date_iso": "2024-01-30"
      }
    },
    {
      "type": "Feature",
      "id": "2024131431209",
      "geometry": {
        "type": "Point",
        "coordinates": [
          -1.83005,
          53.73252
        ]
      },
      "properties": {
        "carriageway_hazards": "0",
        "carriageway_hazards_historic": "-1",
        "collision_adjusted_severity_serious": "0",
        "collision_adjusted_severity_slight": "1",
        "collision_index": "2024131431209",
        "collision_injury_based": "1",
        "collision_ref_no": "131431209",
        "collision_severity": "3",
        "collision_year": 2024,
        "date": "13/04/2024",
        "day_of_week": "7",
        "did_police_officer_attend_scene_of_accident": "1",
        "enhanced_severity_collision": "3",
        "first_road_class": "6",
        "first_road_number": "0",
        "junction_control": "4",
        "junction_detail": "18",
        "junction_detail_historic": "-1",
        "latitude": "53.73252",
        "light_conditions": "1",
        "local_authority_district": "-1",
        "local_authority_highway": "E08000033",
        "local_authority_highway_current": "E08000033",
        "local_authority_ons_district": "E08000033",
        "location_easting_osgr": "411309",
        "location_northing_osgr": "426250",
        "longitude": "-1.83005",
        "lsoa_of_accident_location": "E01010937",
        "number_of_casualties": 1,
        "number_of_vehicles": 2,
        "pedestrian_crossing": "0",
        "pedestrian_crossing_human_control_historic": "-1",
        "pedestrian_crossing_physical_facilities_historic": "-1",
        "police_force": "13",
        "road_surface_conditions": "1",
        "road_type": "6",
        "second_road_class": "3",
        "second_road_number": "6036",
        "special_conditions_at_site": "-1",
        "speed_limit": 40,
        "time": "13:27",
        "trunk_road_flag": "2",
        "urban_or_rural_area": "1",
        "weather_conditions": "1",
        "geometry_source": "collision_location",
        "source_year": 2024,
        "date_iso": "2024-04-13"
      }
    },
    {
      "type": "Feature",
      "id": "2024131522407",
      "geometry": {
        "type": "Point",
        "coordinates": [
          -1.8945,
          53.73066
        ]
      },
      "properties": {
        "carriageway_hazards": "0",
        "carriageway_hazards_historic": "-1",
        "collision_adjusted_severity_serious": "0",
        "collision_adjusted_severity_slight": "1",
        "collision_index": "2024131522407",
        "collision_injury_based": "1",
        "collision_ref_no": "131522407",
        "collision_severity": "3",
        "collision_year": 2024,
        "date": "26/11/2024",
        "day_of_week": "3",
        "did_police_officer_attend_scene_of_accident": "1",
        "enhanced_severity_collision": "3",
        "first_road_class": "6",
        "first_road_number": "0",
        "junction_control": "-1",
        "junction_detail": "0",
        "junction_detail_historic": "-1",
        "latitude": "53.73066",
        "light_conditions": "4",
        "local_authority_district": "-1",
        "local_authority_highway": "E08000033",
        "local_authority_highway_current": "E08000033",
        "local_authority_ons_district": "E08000033",
        "location_easting_osgr": "407058",
        "location_northing_osgr": "426034",
        "longitude": "-1.8945",
        "lsoa_of_accident_location": "E01010930",
        "number_of_casualties": 1,
        "number_of_vehicles": 2,
        "pedestrian_crossing": "0",
        "pedestrian_crossing_human_control_historic": "-1",
        "pedestrian_crossing_physical_facilities_historic": "-1",
        "police_force": "13",
        "road_surface_conditions": "2",
        "road_type": "6",
        "second_road_class": "6",
        "second_road_number": "0",
        "special_conditions_at_site": "-1",
        "speed_limit": 30,
        "time": "18:29",
        "trunk_road_flag": "2",
        "urban_or_rural_area": "1",
        "weather_conditions": "1",
        "geometry_source": "collision_location",
        "source_year": 2024,
        "date_iso": "2024-11-26"
      }
    },
    {
      "type": "Feature",
      "id": "2024131477549",
      "geometry": {
        "type": "Point",
        "coordinates": [
          -1.9139,
          53.70622
        ]
      },
      "properties": {
        "carriageway_hazards": "17",
        "carriageway_hazards_historic": "-1",
        "collision_adjusted_severity_serious": "0",
        "collision_adjusted_severity_slight": "1",
        "collision_index": "2024131477549",
        "collision_injury_based": "1",
        "collision_ref_no": "131477549",
        "collision_severity": "3",
        "collision_year": 2024,
        "date": "06/08/2024",
        "day_of_week": "3",
        "did_police_officer_attend_scene_of_accident": "1",
        "enhanced_severity_collision": "3",
        "first_road_class": "6",
        "first_road_number": "0",
        "junction_control": "4",
        "junction_detail": "16",
        "junction_detail_historic": "-1",
        "latitude": "53.70622",
        "light_conditions": "1",
        "local_authority_district": "-1",
        "local_authority_highway": "E08000033",
        "local_authority_highway_current": "E08000033",
        "local_authority_ons_district": "E08000033",
        "location_easting_osgr": "405781",
        "location_northing_osgr": "423314",
        "longitude": "-1.9139",
        "lsoa_of_accident_location": "E01010979",
        "number_of_casualties": 1,
        "number_of_vehicles": 2,
        "pedestrian_crossing": "0",
        "pedestrian_crossing_human_control_historic": "-1",
        "pedestrian_crossing_physical_facilities_historic": "-1",
        "police_force": "13",
        "road_surface_conditions": "1",
        "road_type": "6",
        "second_road_class": "6",
        "second_road_number": "0",
        "special_conditions_at_site": "-1",
        "speed_limit": 30,
        "time": "13:47",
        "trunk_road_flag": "2",
        "urban_or_rural_area": "1",
        "weather_conditions": "1",
        "geometry_source": "collision_location",
        "source_year": 2024,
        "date_iso": "2024-08-06"
      }
    },
    {
      "type": "Feature",
      "id": "2024131498829",
      "geometry": {
        "type": "Point",
        "coordinates": [
          -1.93835,
          53.71548
        ]
      },
      "properties": {
        "carriageway_hazards": "0",
        "carriageway_hazards_historic": "-1",
        "collision_adjusted_severity_serious": "0",
        "collision_adjusted_severity_slight": "1",
        "collision_index": "2024131498829",
        "collision_injury_based": "1",
        "collision_ref_no": "131498829",
        "collision_severity": "3",
        "collision_year": 2024,
        "date": "02/10/2024",
        "day_of_week": "4",
        "did_police_officer_attend_scene_of_accident": "1",
        "enhanced_severity_collision": "3",
        "first_road_class": "3",
        "first_road_number": "646",
        "junction_control": "4",
        "junction_detail": "13",
        "junction_detail_historic": "-1",
        "latitude": "53.71548",
        "light_conditions": "4",
        "local_authority_district": "-1",
        "local_authority_highway": "E08000033",
        "local_authority_highway_current": "E08000033",
        "local_authority_ons_district": "E08000033",
        "location_easting_osgr": "404166",
        "location_northing_osgr": "424342",
        "longitude": "-1.93835",
        "lsoa_of_accident_location": "E01010922",
        "number_of_casualties": 1,
        "number_of_vehicles": 2,
        "pedestrian_crossing": "0",
        "pedestrian_crossing_human_control_historic": "-1",
        "pedestrian_crossing_physical_facilities_historic": "-1",
        "police_force": "13",
        "road_surface_conditions": "1",
        "road_type": "6",
        "second_road_class": "6",
        "second_road_number": "0",
        "special_conditions_at_site": "-1",
        "speed_limit": 30,
        "time": "21:10",
        "trunk_road_flag": "2",
        "urban_or_rural_area": "2",
        "weather_conditions": "1",
        "geometry_source": "collision_location",
        "source_year": 2024,
        "date_iso": "2024-10-02"
      }
    },
    {
      "type": "Feature",
      "id": "2024131396986",
      "geometry": {
        "type": "Point",
        "coordinates": [
          -2.02494,
          53.75473
        ]
      },
      "properties": {
        "carriageway_hazards": "0",
        "carriageway_hazards_historic": "-1",
        "collision_adjusted_severity_serious": "0",
        "collision_adjusted_severity_slight": "1",
        "collision_index": "2024131396986",
        "collision_injury_based": "1",
        "collision_ref_no": "131396986",
        "collision_severity": "3",
        "collision_year": 2024,
        "date": "10/01/2024",
        "day_of_week": "4",
        "did_police_officer_attend_scene_of_accident": "1",
        "enhanced_severity_collision": "3",
        "first_road_class": "6",
        "first_road_number": "0",
        "junction_control": "-1",
        "junction_detail": "0",
        "junction_detail_historic": "-1",
        "latitude": "53.75473",
        "light_conditions": "6",
        "local_authority_district": "-1",
        "local_authority_highway": "E08000033",
        "local_authority_highway_current": "E08000033",
        "local_authority_ons_district": "E08000033",
        "location_easting_osgr": "398453",
        "location_northing_osgr": "428708",
        "longitude": "-2.02494",
        "lsoa_of_accident_location": "E01010887",
        "number_of_casualties": 1,
        "number_of_vehicles": 1,
        "pedestrian_crossing": "0",
        "pedestrian_crossing_human_control_historic": "-1",
        "pedestrian_crossing_physical_facilities_historic": "-1",
        "police_force": "13",
        "road_surface_conditions": "1",
        "road_type": "6",
        "second_road_class": "-1",
        "second_road_number": "-1",
        "special_conditions_at_site": "-1",
        "speed_limit": 60,
        "time": "18:35",
        "trunk_road_flag": "2",
        "urban_or_rural_area": "2",
        "weather_conditions": "1",
        "geometry_source": "collision_location",
        "source_year": 2024,
        "date_iso": "2024-01-10"
      }
    },
    {
      "type": "Feature",
      "id": "2024131441235",
      "geometry": {
        "type": "Point",
        "coordinates": [
          -1.86454,
          53.68853
        ]
      },
      "properties": {
        "carriageway_hazards": "0",
        "carriageway_hazards_historic": "-1",
        "collision_adjusted_severity_serious": "1",
        "collision_adjusted_severity_slight": "0",
        "collision_index": "2024131441235",
        "collision_injury_based": "1",
        "collision_ref_no": "131441235",
        "collision_severity": "2",
        "collision_year": 2024,
        "date": "09/05/2024",
        "day_of_week": "5",
        "did_police_officer_attend_scene_of_accident": "2",
        "enhanced_severity_collision": "7",
        "first_road_class": "4",
        "first_road_number": "6113",
        "junction_control": "4",
        "junction_detail": "19",
        "junction_detail_historic": "-1",
        "latitude": "53.68853",
        "light_conditions": "1",
        "local_authority_district": "-1",
        "local_authority_highway": "E08000033",
        "local_authority_highway_current": "E08000033",
        "local_authority_ons_district": "E08000033",
        "location_easting_osgr": "409043",
        "location_northing_osgr": "421351",
        "longitude": "-1.86454",
        "lsoa_of_accident_location": "E01010899",
        "number_of_casualties": 1,
        "number_of_vehicles": 2,
        "pedestrian_crossing": "0",
        "pedestrian_crossing_human_control_historic": "-1",
        "pedestrian_crossing_physical_facilities_historic": "-1",
        "police_force": "13",
        "road_surface_conditions": "1",
        "road_type": "3",
        "second_road_class": "6",
        "second_road_number": "0",
        "special_conditions_at_site": "-1",
        "speed_limit": 30,
        "time": "16:45",
        "trunk_road_flag": "2",
        "urban_or_rural_area": "1",
        "weather_conditions": "1",
        "geometry_source": "collision_location",
        "source_year": 2024,
        "date_iso": "2024-05-09"
      }
    },
    {
      "type": "Feature",
      "id": "2024131444309",
      "geometry": {
        "type": "Point",
        "coordinates": [
          -1.96107,
          53.73099
        ]
      },
      "properties": {
        "carriageway_hazards": "0",
        "carriageway_hazards_historic": "-1",
        "collision_adjusted_severity_serious": "1",
        "collision_adjusted_severity_slight": "0",
        "collision_index": "2024131444309",
        "collision_injury_based": "1",
        "collision_ref_no": "131444309",
        "collision_severity": "2",
        "collision_year": 2024,
        "date": "17/05/2024",
        "day_of_week": "6",
        "did_police_officer_attend_scene_of_accident": "1",
        "enhanced_severity_collision": "6",
        "first_road_class": "3",
        "first_road_number": "646",
        "junction_control": "4",
        "junction_detail": "13",
        "junction_detail_historic": "-1",
        "latitude": "53.73099",
        "light_conditions": "4",
        "local_authority_district": "-1",
        "local_authority_highway": "E08000033",
        "local_authority_highway_current": "E08000033",
        "local_authority_ons_district": "E08000033",
        "location_easting_osgr": "402666",
        "location_northing_osgr": "426067",
        "longitude": "-1.96107",
        "lsoa_of_accident_location": "E01010917",
        "number_of_casualties": 2,
        "number_of_vehicles": 2,
        "pedestrian_crossing": "0",
        "pedestrian_crossing_human_control_historic": "-1",
        "pedestrian_crossing_physical_facilities_historic": "-1",
        "police_force": "13",
        "road_surface_conditions": "1",
        "road_type": "6",
        "second_road_class": "6",
        "second_road_number": "0",
        "special_conditions_at_site": "-1",
        "speed_limit": 40,
        "time": "23:02",
        "trunk_road_flag": "2",
        "urban_or_rural_area": "2",
        "weather_conditions": "1",
        "geometry_source": "collision_location",
        "source_year": 2024,
        "date_iso": "2024-05-17"
      }
    },
    {
      "type": "Feature",
      "id": "2024131445204",
      "geometry": {
        "type": "Point",
        "coordinates": [
          -1.87289,
          53.7185
        ]
      },
      "properties": {
        "carriageway_hazards": "0",
        "carriageway_hazards_historic": "-1",
        "collision_adjusted_severity_serious": "1",
        "collision_adjusted_severity_slight": "0",
        "collision_index": "2024131445204",
        "collision_injury_based": "1",
        "collision_ref_no": "131445204",
        "collision_severity": "2",
        "collision_year": 2024,
        "date": "20/05/2024",
        "day_of_week": "2",
        "did_police_officer_attend_scene_of_accident": "1",
        "enhanced_severity_collision": "7",
        "first_road_class": "3",
        "first_road_number": "58",
        "junction_control": "2",
        "junction_detail": "13",
        "junction_detail_historic": "-1",
        "latitude": "53.7185",
        "light_conditions": "1",
        "local_authority_district": "-1",
        "local_authority_highway": "E08000033",
        "local_authority_highway_current": "E08000033",
        "local_authority_ons_district": "E08000033",
        "location_easting_osgr": "408486",
        "location_northing_osgr": "424684",
        "longitude": "-1.87289",
        "lsoa_of_accident_location": "E01010995",
        "number_of_casualties": 2,
        "number_of_vehicles": 3,
        "pedestrian_crossing": "15",
        "pedestrian_crossing_human_control_historic": "-1",
        "pedestrian_crossing_physical_facilities_historic": "-1",
        "police_force": "13",
        "road_surface_conditions": "1",
        "road_type": "6",
        "second_road_class": "6",
        "second_road_number": "0",
        "special_conditions_at_site": "-1",
        "speed_limit": 30,
        "time": "11:22",
        "trunk_road_flag": "2",
        "urban_or_rural_area": "1",
        "weather_conditions": "1",
        "geometry_source": "collision_location",
        "source_year": 2024,
        "date_iso": "2024-05-20"
      }
    },
    {
      "type": "Feature",
      "id": "2024131529972",
      "geometry": {
        "type": "Point",
        "coordinates": [
          -2.14653,
          53.73302
        ]
      },
      "properties": {
        "carriageway_hazards": "0",
        "carriageway_hazards_historic": "-1",
        "collision_adjusted_severity_serious": "1",
        "collision_adjusted_severity_slight": "0",
        "collision_index": "2024131529972",
        "collision_injury_based": "1",
        "collision_ref_no": "131529972",
        "collision_severity": "2",
        "collision_year": 2024,
        "date": "06/12/2024",
        "day_of_week": "6",
        "did_police_officer_attend_scene_of_accident": "1",
        "enhanced_severity_collision": "6",
        "first_road_class": "3",
        "first_road_number": "646",
        "junction_control": "-1",
        "junction_detail": "0",
        "junction_detail_historic": "-1",
        "latitude": "53.73302",
        "light_conditions": "4",
        "local_authority_district": "-1",
        "local_authority_highway": "E08000033",
        "local_authority_highway_current": "E08000033",
        "local_authority_ons_district": "E08000033",
        "location_easting_osgr": "390431",
        "location_northing_osgr": "426302",
        "longitude": "-2.14653",
        "lsoa_of_accident_location": "E01010986",
        "number_of_casualties": 1,
        "number_of_vehicles": 2,
        "pedestrian_crossing": "0",
        "pedestrian_crossing_human_control_historic": "-1",
        "pedestrian_crossing_physical_facilities_historic": "-1",
        "police_force": "13",
        "road_surface_conditions": "2",
        "road_type": "6",
        "second_road_class": "6",
        "second_road_number": "0",
        "special_conditions_at_site": "-1",
        "speed_limit": 30,
        "time": "18:10",
        "trunk_road_flag": "2",
        "urban_or_rural_area": "2",
        "weather_conditions": "5",
        "geometry_source": "collision_location",
        "source_year": 2024,
        "date_iso": "2024-12-06"
      }
    },
    {
      "type": "Feature",
      "id": "2024131458568",
      "geometry": {
        "type": "Point",
        "coordinates": [
          -1.88767,
          53.66046
        ]
      },
      "properties": {
        "carriageway_hazards": "0",
        "carriageway_hazards_historic": "-1",
        "collision_adjusted_severity_serious": "0",
        "collision_adjusted_severity_slight": "1",
        "collision_index": "2024131458568",
        "collision_injury_based": "1",
        "collision_ref_no": "131458568",
        "collision_severity": "3",
        "collision_year": 2024,
        "date": "21/06/2024",
        "day_of_week": "6",
        "did_police_officer_attend_scene_of_accident": "1",
        "enhanced_severity_collision": "3",
        "first_road_class": "6",
        "first_road_number": "0",
        "junction_control": "4",
        "junction_detail": "16",
        "junction_detail_historic": "-1",
        "latitude": "53.66046",
        "light_conditions": "1",
        "local_authority_district": "-1",
        "local_authority_highway": "E08000033",
        "local_authority_highway_current": "E08000033",
        "local_authority_ons_district": "E08000033",
        "location_easting_osgr": "407521",
        "location_northing_osgr": "418225",
        "longitude": "-1.88767",
        "lsoa_of_accident_location": "E01010896",
        "number_of_casualties": 1,
        "number_of_vehicles": 2,
        "pedestrian_crossing": "0",
        "pedestrian_crossing_human_control_historic": "-1",
        "pedestrian_crossing_physical_facilities_historic": "-1",
        "police_force": "13",
        "road_surface_conditions": "1",
        "road_type": "6",
        "second_road_class": "6",
        "second_road_number": "0",
        "special_conditions_at_site": "-1",
        "speed_limit": 60,
        "time": "20:00",
        "trunk_road_flag": "2",
        "urban_or_rural_area": "2",
        "weather_conditions": "1",
        "geometry_source": "collision_location",
        "source_year": 2024,
        "date_iso": "2024-06-21"
      }
    },
    {
      "type": "Feature",
      "id": "2024131433149",
      "geometry": {
        "type": "Point",
        "coordinates": [
          -1.88188,
          53.71793
        ]
      },
      "properties": {
        "carriageway_hazards": "0",
        "carriageway_hazards_historic": "-1",
        "collision_adjusted_severity_serious": "1",
        "collision_adjusted_severity_slight": "0",
        "collision_index": "2024131433149",
        "collision_injury_based": "1",
        "collision_ref_no": "131433149",
        "collision_severity": "2",
        "collision_year": 2024,
        "date": "09/04/2024",
        "day_of_week": "3",
        "did_police_officer_attend_scene_of_accident": "2",
        "enhanced_severity_collision": "7",
        "first_road_class": "6",
        "first_road_number": "0",
        "junction_control": "-1",
        "junction_detail": "0",
        "junction_detail_historic": "-1",
        "latitude": "53.71793",
        "light_conditions": "4",
        "local_authority_district": "-1",
        "local_authority_highway": "E08000033",
        "local_authority_highway_current": "E08000033",
        "local_authority_ons_district": "E08000033",
        "location_easting_osgr": "407893",
        "location_northing_osgr": "424620",
        "longitude": "-1.88188",
        "lsoa_of_accident_location": "E01011003",
        "number_of_casualties": 1,
        "number_of_vehicles": 1,
        "pedestrian_crossing": "0",
        "pedestrian_crossing_human_control_historic": "-1",
        "pedestrian_crossing_physical_facilities_historic": "-1",
        "police_force": "13",
        "road_surface_conditions": "2",
        "road_type": "6",
        "second_road_class": "6",
        "second_road_number": "0",
        "special_conditions_at_site": "-1",
        "speed_limit": 30,
        "time": "18:45",
        "trunk_road_flag": "2",
        "urban_or_rural_area": "1",
        "weather_conditions": "1",
        "geometry_source": "collision_location",
        "source_year": 2024,
        "date_iso": "2024-04-09"
      }
    },
    {
      "type": "Feature",
      "id": "2024131458894",
      "geometry": {
        "type": "Point",
        "coordinates": [
          -1.88012,
          53.7323
        ]
      },
      "properties": {
        "carriageway_hazards": "0",
        "carriageway_hazards_historic": "-1",
        "collision_adjusted_severity_serious": "1",
        "collision_adjusted_severity_slight": "0",
        "collision_index": "2024131458894",
        "collision_injury_based": "1",
        "collision_ref_no": "131458894",
        "collision_severity": "2",
        "collision_year": 2024,
        "date": "22/06/2024",
        "day_of_week": "7",
        "did_police_officer_attend_scene_of_accident": "1",
        "enhanced_severity_collision": "7",
        "first_road_class": "6",
        "first_road_number": "0",
        "junction_control": "4",
        "junction_detail": "13",
        "junction_detail_historic": "-1",
        "latitude": "53.7323",
        "light_conditions": "1",
        "local_authority_district": "-1",
        "local_authority_highway": "E08000033",
        "local_authority_highway_current": "E08000033",
        "local_authority_ons_district": "E08000033",
        "location_easting_osgr": "408006",
        "location_northing_osgr": "426219",
        "longitude": "-1.88012",
        "lsoa_of_accident_location": "E01010939",
        "number_of_casualties": 2,
        "number_of_vehicles": 2,
        "pedestrian_crossing": "17",
        "pedestrian_crossing_human_control_historic": "-1",
        "pedestrian_crossing_physical_facilities_historic": "-1",
        "police_force": "13",
        "road_surface_conditions": "1",
        "road_type": "6",
        "second_road_class": "6",
        "second_road_number": "0",
        "special_conditions_at_site": "-1",
        "speed_limit": 30,
        "time": "16:11",
        "trunk_road_flag": "2",
        "urban_or_rural_area": "1",
        "weather_conditions": "1",
        "geometry_source": "collision_location",
        "source_year": 2024,
        "date_iso": "2024-06-22"
      }
    },
    {
      "type": "Feature",
      "id": "2024131503699",
      "geometry": {
        "type": "Point",
        "coordinates": [
          -1.88179,
          53.74162
        ]
      },
      "properties": {
        "carriageway_hazards": "0",
        "carriageway_hazards_historic": "-1",
        "collision_adjusted_severity_serious": "0",
        "collision_adjusted_severity_slight": "1",
        "collision_index": "2024131503699",
        "collision_injury_based": "1",
        "collision_ref_no": "131503699",
        "collision_severity": "3",
        "collision_year": 2024,
        "date": "02/08/2024",
        "day_of_week": "6",
        "did_police_officer_attend_scene_of_accident": "1",
        "enhanced_severity_collision": "3",
        "first_road_class": "6",
        "first_road_number": "0",
        "junction_control": "4",
        "junction_detail": "16",
        "junction_detail_historic": "-1",
        "latitude": "53.74162",
        "light_conditions": "1",
        "local_authority_district": "-1",
        "local_authority_highway": "E08000033",
        "local_authority_highway_current": "E08000033",
        "local_authority_ons_district": "E08000033",
        "location_easting_osgr": "407894",
        "location_northing_osgr": "427255",
        "longitude": "-1.88179",
        "lsoa_of_accident_location": "E01010944",
        "number_of_casualties": 1,
        "number_of_vehicles": 2,
        "pedestrian_crossing": "0",
        "pedestrian_crossing_human_control_historic": "-1",
        "pedestrian_crossing_physical_facilities_historic": "-1",
        "police_force": "13",
        "road_surface_conditions": "1",
        "road_type": "6",
        "second_road_class": "6",
        "second_road_number": "0",
        "special_conditions_at_site": "-1",
        "speed_limit": 30,
        "time": "10:32",
        "trunk_road_flag": "2",
        "urban_or_rural_area": "1",
        "weather_conditions": "1",
        "geometry_source": "collision_location",
        "source_year": 2024,
        "date_iso": "2024-08-02"
      }
    },
    {
      "type": "Feature",
      "id": "2024131396215",
      "geometry": {
        "type": "Point",
        "coordinates": [
          -1.81264,
          53.72547
        ]
      },
      "properties": {
        "carriageway_hazards": "0",
        "carriageway_hazards_historic": "-1",
        "collision_adjusted_severity_serious": "0",
        "collision_adjusted_severity_slight": "1",
        "collision_index": "2024131396215",
        "collision_injury_based": "1",
        "collision_ref_no": "131396215",
        "collision_severity": "3",
        "collision_year": 2024,
        "date": "09/01/2024",
        "day_of_week": "3",
        "did_police_officer_attend_scene_of_accident": "1",
        "enhanced_severity_collision": "3",
        "first_road_class": "3",
        "first_road_number": "644",
        "junction_control": "4",
        "junction_detail": "16",
        "junction_detail_historic": "-1",
        "latitude": "53.72547",
        "light_conditions": "4",
        "local_authority_district": "-1",
        "local_authority_highway": "E08000033",
        "local_authority_highway_current": "E08000033",
        "local_authority_ons_district": "E08000033",
        "location_easting_osgr": "412460",
        "location_northing_osgr": "425468",
        "longitude": "-1.81264",
        "lsoa_of_accident_location": "E01010909",
        "number_of_casualties": 1,
        "number_of_vehicles": 2,
        "pedestrian_crossing": "0",
        "pedestrian_crossing_human_control_historic": "-1",
        "pedestrian_crossing_physical_facilities_historic": "-1",
        "police_force": "13",
        "road_surface_conditions": "4",
        "road_type": "6",
        "second_road_class": "3",
        "second_road_number": "58",
        "special_conditions_at_site": "-1",
        "speed_limit": 30,
        "time": "06:58",
        "trunk_road_flag": "2",
        "urban_or_rural_area": "1",
        "weather_conditions": "1",
        "geometry_source": "collision_location",
        "source_year": 2024,
        "date_iso": "2024-01-09"
      }
    },
    {
      "type": "Feature",
      "id": "2024131453586",
      "geometry": {
        "type": "Point",
        "coordinates": [
          -1.90849,
          53.752
        ]
      },
      "properties": {
        "carriageway_hazards": "0",
        "carriageway_hazards_historic": "-1",
        "collision_adjusted_severity_serious": "0",
        "collision_adjusted_severity_slight": "1",
        "collision_index": "2024131453586",
        "collision_injury_based": "1",
        "collision_ref_no": "131453586",
        "collision_severity": "3",
        "collision_year": 2024,
        "date": "09/06/2024",
        "day_of_week": "1",
        "did_police_officer_attend_scene_of_accident": "2",
        "enhanced_severity_collision": "3",
        "first_road_class": "6",
        "first_road_number": "0",
        "junction_control": "4",
        "junction_detail": "13",
        "junction_detail_historic": "-1",
        "latitude": "53.752",
        "light_conditions": "1",
        "local_authority_district": "-1",
        "local_authority_highway": "E08000033",
        "local_authority_highway_current": "E08000033",
        "local_authority_ons_district": "E08000033",
        "location_easting_osgr": "406132",
        "location_northing_osgr": "428408",
        "longitude": "-1.90849",
        "lsoa_of_accident_location": "E01010925",
        "number_of_casualties": 2,
        "number_of_vehicles": 2,
        "pedestrian_crossing": "0",
        "pedestrian_crossing_human_control_historic": "-1",
        "pedestrian_crossing_physical_facilities_historic": "-1",
        "police_force": "13",
        "road_surface_conditions": "1",
        "road_type": "6",
        "second_road_class": "6",
        "second_road_number": "0",
        "special_conditions_at_site": "-1",
        "speed_limit": 30,
        "time": "14:00",
        "trunk_road_flag": "2",
        "urban_or_rural_area": "1",
        "weather_conditions": "1",
        "geometry_source": "collision_location",
        "source_year": 2024,
        "date_iso": "2024-06-09"
      }
    },
    {
      "type": "Feature",
      "id": "2024131494677",
      "geometry": {
        "type": "Point",
        "coordinates": [
          -1.85856,
          53.6853
        ]
      },
      "properties": {
        "carriageway_hazards": "0",
        "carriageway_hazards_historic": "-1",
        "collision_adjusted_severity_serious": "0",
        "collision_adjusted_severity_slight": "1",
        "collision_index": "2024131494677",
        "collision_injury_based": "1",
        "collision_ref_no": "131494677",
        "collision_severity": "3",
        "collision_year": 2024,
        "date": "22/09/2024",
        "day_of_week": "1",
        "did_police_officer_attend_scene_of_accident": "1",
        "enhanced_severity_collision": "3",
        "first_road_class": "4",
        "first_road_number": "6112",
        "junction_control": "4",
        "junction_detail": "13",
        "junction_detail_historic": "-1",
        "latitude": "53.6853",
        "light_conditions": "1",
        "local_authority_district": "-1",
        "local_authority_highway": "E08000033",
        "local_authority_highway_current": "E08000033",
        "local_authority_ons_district": "E08000033",
        "location_easting_osgr": "409439",
        "location_northing_osgr": "420992",
        "longitude": "-1.85856",
        "lsoa_of_accident_location": "E01010898",
        "number_of_casualties": 2,
        "number_of_vehicles": 2,
        "pedestrian_crossing": "0",
        "pedestrian_crossing_human_control_historic": "-1",
        "pedestrian_crossing_physical_facilities_historic": "-1",
        "police_force": "13",
        "road_surface_conditions": "2",
        "road_type": "6",
        "second_road_class": "6",
        "second_road_number": "0",
        "special_conditions_at_site": "-1",
        "speed_limit": 30,
        "time": "15:16",
        "trunk_road_flag": "2",
        "urban_or_rural_area": "1",
        "weather_conditions": "2",
        "geometry_source": "collision_location",
        "source_year": 2024,
        "date_iso": "2024-09-22"
      }
    },
    {
      "type": "Feature",
      "id": "2024131536279",
      "geometry": {
        "type": "Point",
        "coordinates": [
          -1.85983,
          53.72598
        ]
      },
      "properties": {
        "carriageway_hazards": "0",
        "carriageway_hazards_historic": "-1",
        "collision_adjusted_severity_serious": "0",
        "collision_adjusted_severity_slight": "1",
        "collision_index": "2024131536279",
        "collision_injury_based": "1",
        "collision_ref_no": "131536279",
        "collision_severity": "3",
        "collision_year": 2024,
        "date": "30/12/2024",
        "day_of_week": "2",
        "did_police_officer_attend_scene_of_accident": "2",
        "enhanced_severity_collision": "3",
        "first_road_class": "6",
        "first_road_number": "0",
        "junction_control": "4",
        "junction_detail": "13",
        "junction_detail_historic": "-1",
        "latitude": "53.72598",
        "light_conditions": "1",
        "local_authority_district": "-1",
        "local_authority_highway": "E08000033",
        "local_authority_highway_current": "E08000033",
        "local_authority_ons_district": "E08000033",
        "location_easting_osgr": "409346",
        "location_northing_osgr": "425518",
        "longitude": "-1.85983",
        "lsoa_of_accident_location": "E01034582",
        "number_of_casualties": 1,
        "number_of_vehicles": 1,
        "pedestrian_crossing": "0",
        "pedestrian_crossing_human_control_historic": "-1",
        "pedestrian_crossing_physical_facilities_historic": "-1",
        "police_force": "13",
        "road_surface_conditions": "1",
        "road_type": "6",
        "second_road_class": "6",
        "second_road_number": "0",
        "special_conditions_at_site": "-1",
        "speed_limit": 30,
        "time": "14:50",
        "trunk_road_flag": "2",
        "urban_or_rural_area": "1",
        "weather_conditions": "1",
        "geometry_source": "collision_location",
        "source_year": 2024,
        "date_iso": "2024-12-30"
      }
    },
    {
      "type": "Feature",
      "id": "2024131428914",
      "geometry": {
        "type": "Point",
        "coordinates": [
          -1.90029,
          53.71832
        ]
      },
      "properties": {
        "carriageway_hazards": "0",
        "carriageway_hazards_historic": "-1",
        "collision_adjusted_severity_serious": "0",
        "collision_adjusted_severity_slight": "1",
        "collision_index": "2024131428914",
        "collision_injury_based": "1",
        "collision_ref_no": "131428914",
        "collision_severity": "3",
        "collision_year": 2024,
        "date": "07/04/2024",
        "day_of_week": "1",
        "did_police_officer_attend_scene_of_accident": "2",
        "enhanced_severity_collision": "3",
        "first_road_class": "6",
        "first_road_number": "0",
        "junction_control": "-1",
        "junction_detail": "0",
        "junction_detail_historic": "-1",
        "latitude": "53.71832",
        "light_conditions": "1",
        "local_authority_district": "-1",
        "local_authority_highway": "E08000033",
        "local_authority_highway_current": "E08000033",
        "local_authority_ons_district": "E08000033",
        "location_easting_osgr": "406678",
        "location_northing_osgr": "424661",
        "longitude": "-1.90029",
        "lsoa_of_accident_location": "E01010976",
        "number_of_casualties": 2,
        "number_of_vehicles": 2,
        "pedestrian_crossing": "0",
        "pedestrian_crossing_human_control_historic": "-1",
        "pedestrian_crossing_physical_facilities_historic": "-1",
        "police_force": "13",
        "road_surface_conditions": "1",
        "road_type": "6",
        "second_road_class": "6",
        "second_road_number": "0",
        "special_conditions_at_site": "-1",
        "speed_limit": 30,
        "time": "13:30",
        "trunk_road_flag": "2",
        "urban_or_rural_area": "1",
        "weather_conditions": "1",
        "geometry_source": "collision_location",
        "source_year": 2024,
        "date_iso": "2024-04-07"
      }
    },
    {
      "type": "Feature",
      "id": "2024131500829",
      "geometry": {
        "type": "Point",
        "coordinates": [
          -1.87383,
          53.71803
        ]
      },
      "properties": {
        "carriageway_hazards": "0",
        "carriageway_hazards_historic": "-1",
        "collision_adjusted_severity_serious": "0",
        "collision_adjusted_severity_slight": "1",
        "collision_index": "2024131500829",
        "collision_injury_based": "1",
        "collision_ref_no": "131500829",
        "collision_severity": "3",
        "collision_year": 2024,
        "date": "08/10/2024",
        "day_of_week": "3",
        "did_police_officer_attend_scene_of_accident": "1",
        "enhanced_severity_collision": "3",
        "first_road_class": "3",
        "first_road_number": "58",
        "junction_control": "4",
        "junction_detail": "13",
        "junction_detail_historic": "-1",
        "latitude": "53.71803",
        "light_conditions": "4",
        "local_authority_district": "-1",
        "local_authority_highway": "E08000033",
        "local_authority_highway_current": "E08000033",
        "local_authority_ons_district": "E08000033",
        "location_easting_osgr": "408424",
        "location_northing_osgr": "424632",
        "longitude": "-1.87383",
        "lsoa_of_accident_location": "E01010974",
        "number_of_casualties": 1,
        "number_of_vehicles": 2,
        "pedestrian_crossing": "0",
        "pedestrian_crossing_human_control_historic": "-1",
        "pedestrian_crossing_physical_facilities_historic": "-1",
        "police_force": "13",
        "road_surface_conditions": "2",
        "road_type": "6",
        "second_road_class": "6",
        "second_road_number": "0",
        "special_conditions_at_site": "-1",
        "speed_limit": 30,
        "time": "03:25",
        "trunk_road_flag": "2",
        "urban_or_rural_area": "1",
        "weather_conditions": "2",
        "geometry_source": "collision_location",
        "source_year": 2024,
        "date_iso": "2024-10-08"
      }
    },
    {
      "type": "Feature",
      "id": "2024131501421",
      "geometry": {
        "type": "Point",
        "coordinates": [
          -1.78423,
          53.70676
        ]
      },
      "properties": {
        "carriageway_hazards": "19",
        "carriageway_hazards_historic": "-1",
        "collision_adjusted_severity_serious": "0",
        "collision_adjusted_severity_slight": "1",
        "collision_index": "2024131501421",
        "collision_injury_based": "1",
        "collision_ref_no": "131501421",
        "collision_severity": "3",
        "collision_year": 2024,
        "date": "09/10/2024",
        "day_of_week": "4",
        "did_police_officer_attend_scene_of_accident": "2",
        "enhanced_severity_collision": "3",
        "first_road_class": "6",
        "first_road_number": "0",
        "junction_control": "4",
        "junction_detail": "13",
        "junction_detail_historic": "-1",
        "latitude": "53.70676",
        "light_conditions": "1",
        "local_authority_district": "-1",
        "local_authority_highway": "E08000033",
        "local_authority_highway_current": "E08000033",
        "local_authority_ons_district": "E08000033",
        "location_easting_osgr": "414341",
        "location_northing_osgr": "423392",
        "longitude": "-1.78423",
        "lsoa_of_accident_location": "E01010877",
        "number_of_casualties": 1,
        "number_of_vehicles": 1,
        "pedestrian_crossing": "0",
        "pedestrian_crossing_human_control_historic": "-1",
        "pedestrian_crossing_physical_facilities_historic": "-1",
        "police_force": "13",
        "road_surface_conditions": "2",
        "road_type": "6",
        "second_road_class": "6",
        "second_road_number": "0",
        "special_conditions_at_site": "-1",
        "speed_limit": 20,
        "time": "08:02",
        "trunk_road_flag": "2",
        "urban_or_rural_area": "1",
        "weather_conditions": "1",
        "geometry_source": "collision_location",
        "source_year": 2024,
        "date_iso": "2024-10-09"
      }
    },
    {
      "type": "Feature",
      "id": "2024131406709",
      "geometry": {
        "type": "Point",
        "coordinates": [
          -1.78213,
          53.7308
        ]
      },
      "properties": {
        "carriageway_hazards": "0",
        "carriageway_hazards_historic": "-1",
        "collision_adjusted_severity_serious": "0",
        "collision_adjusted_severity_slight": "1",
        "collision_index": "2024131406709",
        "collision_injury_based": "1",
        "collision_ref_no": "131406709",
        "collision_severity": "3",
        "collision_year": 2024,
        "date": "06/02/2024",
        "day_of_week": "3",
        "did_police_officer_attend_scene_of_accident": "1",
        "enhanced_severity_collision": "3",
        "first_road_class": "3",
        "first_road_number": "58",
        "junction_control": "-1",
        "junction_detail": "0",
        "junction_detail_historic": "-1",
        "latitude": "53.7308",
        "light_conditions": "1",
        "local_authority_district": "-1",
        "local_authority_highway": "E08000033",
        "local_authority_highway_current": "E08000033",
        "local_authority_ons_district": "E08000033",
        "location_easting_osgr": "414471",
        "location_northing_osgr": "426067",
        "longitude": "-1.78213",
        "lsoa_of_accident_location": "E01010905",
        "number_of_casualties": 2,
        "number_of_vehicles": 4,
        "pedestrian_crossing": "0",
        "pedestrian_crossing_human_control_historic": "-1",
        "pedestrian_crossing_physical_facilities_historic": "-1",
        "police_force": "13",
        "road_surface_conditions": "2",
        "road_type": "6",
        "second_road_class": "-1",
        "second_road_number": "-1",
        "special_conditions_at_site": "-1",
        "speed_limit": 50,
        "time": "07:00",
        "trunk_road_flag": "2",
        "urban_or_rural_area": "1",
        "weather_conditions": "2",
        "geometry_source": "collision_location",
        "source_year": 2024,
        "date_iso": "2024-02-06"
      }
    },
    {
      "type": "Feature",
      "id": "2024131534603",
      "geometry": {
        "type": "Point",
        "coordinates": [
          -1.8821,
          53.72042
        ]
      },
      "properties": {
        "carriageway_hazards": "0",
        "carriageway_hazards_historic": "-1",
        "collision_adjusted_severity_serious": "0",
        "collision_adjusted_severity_slight": "1",
        "collision_index": "2024131534603",
        "collision_injury_based": "1",
        "collision_ref_no": "131534603",
        "collision_severity": "3",
        "collision_year": 2024,
        "date": "24/12/2024",
        "day_of_week": "3",
        "did_police_officer_attend_scene_of_accident": "1",
        "enhanced_severity_collision": "3",
        "first_road_class": "6",
        "first_road_number": "0",
        "junction_control": "2",
        "junction_detail": "16",
        "junction_detail_historic": "-1",
        "latitude": "53.72042",
        "light_conditions": "4",
        "local_authority_district": "-1",
        "local_authority_highway": "E08000033",
        "local_authority_highway_current": "E08000033",
        "local_authority_ons_district": "E08000033",
        "location_easting_osgr": "407878",
        "location_northing_osgr": "424896",
        "longitude": "-1.8821",
        "lsoa_of_accident_location": "E01011001",
        "number_of_casualties": 1,
        "number_of_vehicles": 1,
        "pedestrian_crossing": "14",
        "pedestrian_crossing_human_control_historic": "-1",
        "pedestrian_crossing_physical_facilities_historic": "-1",
        "police_force": "13",
        "road_surface_conditions": "2",
        "road_type": "6",
        "second_road_class": "6",
        "second_road_number": "0",
        "special_conditions_at_site": "-1",
        "speed_limit": 30,
        "time": "20:27",
        "trunk_road_flag": "2",
        "urban_or_rural_area": "1",
        "weather_conditions": "1",
        "geometry_source": "collision_location",
        "source_year": 2024,
        "date_iso": "2024-12-24"
      }
    },
    {
      "type": "Feature",
      "id": "2024131463597",
      "geometry": {
        "type": "Point",
        "coordinates": [
          -1.88864,
          53.73903
        ]
      },
      "properties": {
        "carriageway_hazards": "0",
        "carriageway_hazards_historic": "-1",
        "collision_adjusted_severity_serious": "0",
        "collision_adjusted_severity_slight": "1",
        "collision_index": "2024131463597",
        "collision_injury_based": "1",
        "collision_ref_no": "131463597",
        "collision_severity": "3",
        "collision_year": 2024,
        "date": "29/06/2024",
        "day_of_week": "7",
        "did_police_officer_attend_scene_of_accident": "1",
        "enhanced_severity_collision": "3",
        "first_road_class": "6",
        "first_road_number": "0",
        "junction_control": "4",
        "junction_detail": "-1",
        "junction_detail_historic": "-1",
        "latitude": "53.73903",
        "light_conditions": "1",
        "local_authority_district": "-1",
        "local_authority_highway": "E08000033",
        "local_authority_highway_current": "E08000033",
        "local_authority_ons_district": "E08000033",
        "location_easting_osgr": "407443",
        "location_northing_osgr": "426966",
        "longitude": "-1.88864",
        "lsoa_of_accident_location": "E01010944",
        "number_of_casualties": 1,
        "number_of_vehicles": 3,
        "pedestrian_crossing": "0",
        "pedestrian_crossing_human_control_historic": "-1",
        "pedestrian_crossing_physical_facilities_historic": "-1",
        "police_force": "13",
        "road_surface_conditions": "2",
        "road_type": "1",
        "second_road_class": "6",
        "second_road_number": "0",
        "special_conditions_at_site": "-1",
        "speed_limit": 30,
        "time": "16:45",
        "trunk_road_flag": "2",
        "urban_or_rural_area": "1",
        "weather_conditions": "2",
        "geometry_source": "collision_location",
        "source_year": 2024,
        "date_iso": "2024-06-29"
      }
    },
    {
      "type": "Feature",
      "id": "2024131488193",
      "geometry": {
        "type": "Point",
        "coordinates": [
          -1.78194,
          53.68634
        ]
      },
      "properties": {
        "carriageway_hazards": "0",
        "carriageway_hazards_historic": "-1",
        "collision_adjusted_severity_serious": "0",
        "collision_adjusted_severity_slight": "1",
        "collision_index": "2024131488193",
        "collision_injury_based": "1",
        "collision_ref_no": "131488193",
        "collision_severity": "3",
        "collision_year": 2024,
        "date": "06/09/2024",
        "day_of_week": "6",
        "did_police_officer_attend_scene_of_accident": "1",
        "enhanced_severity_collision": "3",
        "first_road_class": "3",
        "first_road_number": "641",
        "junction_control": "-1",
        "junction_detail": "0",
        "junction_detail_historic": "-1",
        "latitude": "53.68634",
        "light_conditions": "1",
        "local_authority_district": "-1",
        "local_authority_highway": "E08000033",
        "local_authority_highway_current": "E08000033",
        "local_authority_ons_district": "E08000033",
        "location_easting_osgr": "414499",
        "location_northing_osgr": "421121",
        "longitude": "-1.78194",
        "lsoa_of_accident_location": "E01010946",
        "number_of_casualties": 1,
        "number_of_vehicles": 2,
        "pedestrian_crossing": "0",
        "pedestrian_crossing_human_control_historic": "-1",
        "pedestrian_crossing_physical_facilities_historic": "-1",
        "police_force": "13",
        "road_surface_conditions": "1",
        "road_type": "3",
        "second_road_class": "-1",
        "second_road_number": "-1",
        "special_conditions_at_site": "-1",
        "speed_limit": 50,
        "time": "16:22",
        "trunk_road_flag": "2",
        "urban_or_rural_area": "2",
        "weather_conditions": "1",
        "geometry_source": "collision_location",
        "source_year": 2024,
        "date_iso": "2024-09-06"
      }
    },
    {
      "type": "Feature",
      "id": "2024131492090",
      "geometry": {
        "type": "Point",
        "coordinates": [
          -1.96619,
          53.73615
        ]
      },
      "properties": {
        "carriageway_hazards": "0",
        "carriageway_hazards_historic": "-1",
        "collision_adjusted_severity_serious": "0",
        "collision_adjusted_severity_slight": "1",
        "collision_index": "2024131492090",
        "collision_injury_based": "1",
        "collision_ref_no": "131492090",
        "collision_severity": "3",
        "collision_year": 2024,
        "date": "16/09/2024",
        "day_of_week": "2",
        "did_police_officer_attend_scene_of_accident": "1",
        "enhanced_severity_collision": "3",
        "first_road_class": "6",
        "first_road_number": "0",
        "junction_control": "-1",
        "junction_detail": "0",
        "junction_detail_historic": "-1",
        "latitude": "53.73615",
        "light_conditions": "1",
        "local_authority_district": "-1",
        "local_authority_highway": "E08000033",
        "local_authority_highway_current": "E08000033",
        "local_authority_ons_district": "E08000033",
        "location_easting_osgr": "402328",
        "location_northing_osgr": "426641",
        "longitude": "-1.96619",
        "lsoa_of_accident_location": "E01010917",
        "number_of_casualties": 2,
        "number_of_vehicles": 2,
        "pedestrian_crossing": "0",
        "pedestrian_crossing_human_control_historic": "-1",
        "pedestrian_crossing_physical_facilities_historic": "-1",
        "police_force": "13",
        "road_surface_conditions": "1",
        "road_type": "6",
        "second_road_class": "6",
        "second_road_number": "0",
        "special_conditions_at_site": "-1",
        "speed_limit": 60,
        "time": "15:39",
        "trunk_road_flag": "2",
        "urban_or_rural_area": "2",
        "weather_conditions": "1",
        "geometry_source": "collision_location",
        "source_year": 2024,
        "date_iso": "2024-09-16"
      }
    },
    {
      "type": "Feature",
      "id": "2024131527425",
      "geometry": {
        "type": "Point",
        "coordinates": [
          -1.8603,
          53.71786
        ]
      },
      "properties": {
        "carriageway_hazards": "0",
        "carriageway_hazards_historic": "-1",
        "collision_adjusted_severity_serious": "1",
        "collision_adjusted_severity_slight": "0",
        "collision_index": "2024131527425",
        "collision_injury_based": "1",
        "collision_ref_no": "131527425",
        "collision_severity": "2",
        "collision_year": 2024,
        "date": "08/12/2024",
        "day_of_week": "1",
        "did_police_officer_attend_scene_of_accident": "1",
        "enhanced_severity_collision": "7",
        "first_road_class": "3",
        "first_road_number": "629",
        "junction_control": "4",
        "junction_detail": "16",
        "junction_detail_historic": "-1",
        "latitude": "53.71786",
        "light_conditions": "1",
        "local_authority_district": "-1",
        "local_authority_highway": "E08000033",
        "local_authority_highway_current": "E08000033",
        "local_authority_ons_district": "E08000033",
        "location_easting_osgr": "409317",
        "location_northing_osgr": "424614",
        "longitude": "-1.8603",
        "lsoa_of_accident_location": "E01034583",
        "number_of_casualties": 1,
        "number_of_vehicles": 2,
        "pedestrian_crossing": "0",
        "pedestrian_crossing_human_control_historic": "-1",
        "pedestrian_crossing_physical_facilities_historic": "-1",
        "police_force": "13",
        "road_surface_conditions": "2",
        "road_type": "6",
        "second_road_class": "6",
        "second_road_number": "0",
        "special_conditions_at_site": "-1",
        "speed_limit": 30,
        "time": "09:55",
        "trunk_road_flag": "2",
        "urban_or_rural_area": "1",
        "weather_conditions": "4",
        "geometry_source": "collision_location",
        "source_year": 2024,
        "date_iso": "2024-12-08"
      }
    },
    {
      "type": "Feature",
      "id": "2024131431877",
      "geometry": {
        "type": "Point",
        "coordinates": [
          -2.14924,
          53.73188
        ]
      },
      "properties": {
        "carriageway_hazards": "0",
        "carriageway_hazards_historic": "-1",
        "collision_adjusted_severity_serious": "0",
        "collision_adjusted_severity_slight": "1",
        "collision_index": "2024131431877",
        "collision_injury_based": "1",
        "collision_ref_no": "131431877",
        "collision_severity": "3",
        "collision_year": 2024,
        "date": "15/04/2024",
        "day_of_week": "2",
        "did_police_officer_attend_scene_of_accident": "1",
        "enhanced_severity_collision": "3",
        "first_road_class": "3",
        "first_road_number": "646",
        "junction_control": "4",
        "junction_detail": "13",
        "junction_detail_historic": "-1",
        "latitude": "53.73188",
        "light_conditions": "1",
        "local_authority_district": "-1",
        "local_authority_highway": "E08000033",
        "local_authority_highway_current": "E08000033",
        "local_authority_ons_district": "E08000033",
        "location_easting_osgr": "390252",
        "location_northing_osgr": "426176",
        "longitude": "-2.14924",
        "lsoa_of_accident_location": "E01010986",
        "number_of_casualties": 1,
        "number_of_vehicles": 1,
        "pedestrian_crossing": "0",
        "pedestrian_crossing_human_control_historic": "-1",
        "pedestrian_crossing_physical_facilities_historic": "-1",
        "police_force": "13",
        "road_surface_conditions": "2",
        "road_type": "6",
        "second_road_class": "6",
        "second_road_number": "0",
        "special_conditions_at_site": "-1",
        "speed_limit": 30,
        "time": "13:22",
        "trunk_road_flag": "2",
        "urban_or_rural_area": "2",
        "weather_conditions": "2",
        "geometry_source": "collision_location",
        "source_year": 2024,
        "date_iso": "2024-04-15"
      }
    },
    {
      "type": "Feature",
      "id": "2024131436775",
      "geometry": {
        "type": "Point",
        "coordinates": [
          -1.91752,
          53.67623
        ]
      },
      "properties": {
        "carriageway_hazards": "0",
        "carriageway_hazards_historic": "-1",
        "collision_adjusted_severity_serious": "0",
        "collision_adjusted_severity_slight": "1",
        "collision_index": "2024131436775",
        "collision_injury_based": "1",
        "collision_ref_no": "131436775",
        "collision_severity": "3",
        "collision_year": 2024,
        "date": "28/04/2024",
        "day_of_week": "1",
        "did_police_officer_attend_scene_of_accident": "1",
        "enhanced_severity_collision": "3",
        "first_road_class": "4",
        "first_road_number": "6114",
        "junction_control": "4",
        "junction_detail": "16",
        "junction_detail_historic": "-1",
        "latitude": "53.67623",
        "light_conditions": "1",
        "local_authority_district": "-1",
        "local_authority_highway": "E08000033",
        "local_authority_highway_current": "E08000033",
        "local_authority_ons_district": "E08000033",
        "location_easting_osgr": "405546",
        "location_northing_osgr": "419977",
        "longitude": "-1.91752",
        "lsoa_of_accident_location": "E01010953",
        "number_of_casualties": 1,
        "number_of_vehicles": 2,
        "pedestrian_crossing": "0",
        "pedestrian_crossing_human_control_historic": "-1",
        "pedestrian_crossing_physical_facilities_historic": "-1",
        "police_force": "13",
        "road_surface_conditions": "1",
        "road_type": "6",
        "second_road_class": "6",
        "second_road_number": "0",
        "special_conditions_at_site": "-1",
        "speed_limit": 30,
        "time": "16:33",
        "trunk_road_flag": "2",
        "urban_or_rural_area": "2",
        "weather_conditions": "1",
        "geometry_source": "collision_location",
        "source_year": 2024,
        "date_iso": "2024-04-28"
      }
    },
    {
      "type": "Feature",
      "id": "2024131421958",
      "geometry": {
        "type": "Point",
        "coordinates": [
          -2.0979,
          53.71365
        ]
      },
      "properties": {
        "carriageway_hazards": "0",
        "carriageway_hazards_historic": "-1",
        "collision_adjusted_severity_serious": "1",
        "collision_adjusted_severity_slight": "0",
        "collision_index": "2024131421958",
        "collision_injury_based": "1",
        "collision_ref_no": "131421958",
        "collision_severity": "2",
        "collision_year": 2024,
        "date": "17/03/2024",
        "day_of_week": "1",
        "did_police_officer_attend_scene_of_accident": "2",
        "enhanced_severity_collision": "7",
        "first_road_class": "3",
        "first_road_number": "6033",
        "junction_control": "4",
        "junction_detail": "13",
        "junction_detail_historic": "-1",
        "latitude": "53.71365",
        "light_conditions": "1",
        "local_authority_district": "-1",
        "local_authority_highway": "E08000033",
        "local_authority_highway_current": "E08000033",
        "local_authority_ons_district": "E08000033",
        "location_easting_osgr": "393636",
        "location_northing_osgr": "424141",
        "longitude": "-2.0979",
        "lsoa_of_accident_location": "E01010983",
        "number_of_casualties": 1,
        "number_of_vehicles": 2,
        "pedestrian_crossing": "0",
        "pedestrian_crossing_human_control_historic": "-1",
        "pedestrian_crossing_physical_facilities_historic": "-1",
        "police_force": "13",
        "road_surface_conditions": "1",
        "road_type": "6",
        "second_road_class": "3",
        "second_road_number": "646",
        "special_conditions_at_site": "-1",
        "speed_limit": 30,
        "time": "16:55",
        "trunk_road_flag": "2",
        "urban_or_rural_area": "1",
        "weather_conditions": "1",
        "geometry_source": "collision_location",
        "source_year": 2024,
        "date_iso": "2024-03-17"
      }
    },
    {
      "type": "Feature",
      "id": "2024131526180",
      "geometry": {
        "type": "Point",
        "coordinates": [
          -1.88226,
          53.74334
        ]
      },
      "properties": {
        "carriageway_hazards": "19",
        "carriageway_hazards_historic": "-1",
        "collision_adjusted_severity_serious": "0",
        "collision_adjusted_severity_slight": "1",
        "collision_index": "2024131526180",
        "collision_injury_based": "1",
        "collision_ref_no": "131526180",
        "collision_severity": "3",
        "collision_year": 2024,
        "date": "04/12/2024",
        "day_of_week": "4",
        "did_police_officer_attend_scene_of_accident": "2",
        "enhanced_severity_collision": "3",
        "first_road_class": "6",
        "first_road_number": "0",
        "junction_control": "4",
        "junction_detail": "13",
        "junction_detail_historic": "-1",
        "latitude": "53.74334",
        "light_conditions": "1",
        "local_authority_district": "-1",
        "local_authority_highway": "E08000033",
        "local_authority_highway_current": "E08000033",
        "local_authority_ons_district": "E08000033",
        "location_easting_osgr": "407863",
        "location_northing_osgr": "427447",
        "longitude": "-1.88226",
        "lsoa_of_accident_location": "E01010942",
        "number_of_casualties": 1,
        "number_of_vehicles": 1,
        "pedestrian_crossing": "0",
        "pedestrian_crossing_human_control_historic": "-1",
        "pedestrian_crossing_physical_facilities_historic": "-1",
        "police_force": "13",
        "road_surface_conditions": "1",
        "road_type": "6",
        "second_road_class": "3",
        "second_road_number": "629",
        "special_conditions_at_site": "-1",
        "speed_limit": 30,
        "time": "16:04",
        "trunk_road_flag": "2",
        "urban_or_rural_area": "1",
        "weather_conditions": "1",
        "geometry_source": "collision_location",
        "source_year": 2024,
        "date_iso": "2024-12-04"
      }
    },
    {
      "type": "Feature",
      "id": "2024131511198",
      "geometry": {
        "type": "Point",
        "coordinates": [
          -1.98563,
          53.63517
        ]
      },
      "properties": {
        "carriageway_hazards": "0",
        "carriageway_hazards_historic": "-1",
        "collision_adjusted_severity_serious": "0",
        "collision_adjusted_severity_slight": "1",
        "collision_index": "2024131511198",
        "collision_injury_based": "1",
        "collision_ref_no": "131511198",
        "collision_severity": "3",
        "collision_year": 2024,
        "date": "01/11/2024",
        "day_of_week": "6",
        "did_police_officer_attend_scene_of_accident": "1",
        "enhanced_severity_collision": "3",
        "first_road_class": "1",
        "first_road_number": "62",
        "junction_control": "-1",
        "junction_detail": "0",
        "junction_detail_historic": "-1",
        "latitude": "53.63517",
        "light_conditions": "1",
        "local_authority_district": "-1",
        "local_authority_highway": "E08000033",
        "local_authority_highway_current": "E08000033",
        "local_authority_ons_district": "E08000033",
        "location_easting_osgr": "401048",
        "location_northing_osgr": "415405",
        "longitude": "-1.98563",
        "lsoa_of_accident_location": "E01010955",
        "number_of_casualties": 1,
        "number_of_vehicles": 2,
        "pedestrian_crossing": "0",
        "pedestrian_crossing_human_control_historic": "-1",
        "pedestrian_crossing_physical_facilities_historic": "-1",
        "police_force": "13",
        "road_surface_conditions": "1",
        "road_type": "3",
        "second_road_class": "-1",
        "second_road_number": "-1",
        "special_conditions_at_site": "-1",
        "speed_limit": 70,
        "time": "09:09",
        "trunk_road_flag": "1",
        "urban_or_rural_area": "2",
        "weather_conditions": "4",
        "geometry_source": "collision_location",
        "source_year": 2024,
        "date_iso": "2024-11-01"
      }
    },
    {
      "type": "Feature",
      "id": "2024131407665",
      "geometry": {
        "type": "Point",
        "coordinates": [
          -1.85769,
          53.71947
        ]
      },
      "properties": {
        "carriageway_hazards": "0",
        "carriageway_hazards_historic": "-1",
        "collision_adjusted_severity_serious": "0",
        "collision_adjusted_severity_slight": "1",
        "collision_index": "2024131407665",
        "collision_injury_based": "1",
        "collision_ref_no": "131407665",
        "collision_severity": "3",
        "collision_year": 2024,
        "date": "06/02/2024",
        "day_of_week": "3",
        "did_police_officer_attend_scene_of_accident": "2",
        "enhanced_severity_collision": "3",
        "first_road_class": "6",
        "first_road_number": "0",
        "junction_control": "4",
        "junction_detail": "16",
        "junction_detail_historic": "-1",
        "latitude": "53.71947",
        "light_conditions": "7",
        "local_authority_district": "-1",
        "local_authority_highway": "E08000033",
        "local_authority_highway_current": "E08000033",
        "local_authority_ons_district": "E08000033",
        "location_easting_osgr": "409489",
        "location_northing_osgr": "424794",
        "longitude": "-1.85769",
        "lsoa_of_accident_location": "E01034582",
        "number_of_casualties": 1,
        "number_of_vehicles": 1,
        "pedestrian_crossing": "0",
        "pedestrian_crossing_human_control_historic": "-1",
        "pedestrian_crossing_physical_facilities_historic": "-1",
        "police_force": "13",
        "road_surface_conditions": "1",
        "road_type": "6",
        "second_road_class": "6",
        "second_road_number": "0",
        "special_conditions_at_site": "-1",
        "speed_limit": 30,
        "time": "17:30",
        "trunk_road_flag": "2",
        "urban_or_rural_area": "1",
        "weather_conditions": "1",
        "geometry_source": "collision_location",
        "source_year": 2024,
        "date_iso": "2024-02-06"
      }
    },
    {
      "type": "Feature",
      "id": "2024131455380",
      "geometry": {
        "type": "Point",
        "coordinates": [
          -2.10084,
          53.68853
        ]
      },
      "properties": {
        "carriageway_hazards": "0",
        "carriageway_hazards_historic": "-1",
        "collision_adjusted_severity_serious": "1",
        "collision_adjusted_severity_slight": "0",
        "collision_index": "2024131455380",
        "collision_injury_based": "1",
        "collision_ref_no": "131455380",
        "collision_severity": "2",
        "collision_year": 2024,
        "date": "21/05/2024",
        "day_of_week": "3",
        "did_police_officer_attend_scene_of_accident": "1",
        "enhanced_severity_collision": "7",
        "first_road_class": "3",
        "first_road_number": "6033",
        "junction_control": "4",
        "junction_detail": "13",
        "junction_detail_historic": "-1",
        "latitude": "53.68853",
        "light_conditions": "1",
        "local_authority_district": "-1",
        "local_authority_highway": "E08000033",
        "local_authority_highway_current": "E08000033",
        "local_authority_ons_district": "E08000033",
        "location_easting_osgr": "393438",
        "location_northing_osgr": "421347",
        "longitude": "-2.10084",
        "lsoa_of_accident_location": "E01010886",
        "number_of_casualties": 1,
        "number_of_vehicles": 2,
        "pedestrian_crossing": "12",
        "pedestrian_crossing_human_control_historic": "-1",
        "pedestrian_crossing_physical_facilities_historic": "-1",
        "police_force": "13",
        "road_surface_conditions": "1",
        "road_type": "9",
        "second_road_class": "6",
        "second_road_number": "0",
        "special_conditions_at_site": "-1",
        "speed_limit": 30,
        "time": "18:00",
        "trunk_road_flag": "2",
        "urban_or_rural_area": "1",
        "weather_conditions": "1",
        "geometry_source": "collision_location",
        "source_year": 2024,
        "date_iso": "2024-05-21"
      }
    },
    {
      "type": "Feature",
      "id": "2024131470054",
      "geometry": {
        "type": "Point",
        "coordinates": [
          -1.87579,
          53.71248
        ]
      },
      "properties": {
        "carriageway_hazards": "17",
        "carriageway_hazards_historic": "-1",
        "collision_adjusted_severity_serious": "1",
        "collision_adjusted_severity_slight": "0",
        "collision_index": "2024131470054",
        "collision_injury_based": "1",
        "collision_ref_no": "131470054",
        "collision_severity": "2",
        "collision_year": 2024,
        "date": "18/07/2024",
        "day_of_week": "5",
        "did_police_officer_attend_scene_of_accident": "1",
        "enhanced_severity_collision": "7",
        "first_road_class": "6",
        "first_road_number": "0",
        "junction_control": "-1",
        "junction_detail": "0",
        "junction_detail_historic": "-1",
        "latitude": "53.71248",
        "light_conditions": "1",
        "local_authority_district": "-1",
        "local_authority_highway": "E08000033",
        "local_authority_highway_current": "E08000033",
        "local_authority_ons_district": "E08000033",
        "location_easting_osgr": "408296",
        "location_northing_osgr": "424014",
        "longitude": "-1.87579",
        "lsoa_of_accident_location": "E01010970",
        "number_of_casualties": 2,
        "number_of_vehicles": 3,
        "pedestrian_crossing": "13",
        "pedestrian_crossing_human_control_historic": "-1",
        "pedestrian_crossing_physical_facilities_historic": "-1",
        "police_force": "13",
        "road_surface_conditions": "1",
        "road_type": "6",
        "second_road_class": "6",
        "second_road_number": "0",
        "special_conditions_at_site": "-1",
        "speed_limit": 30,
        "time": "14:00",
        "trunk_road_flag": "2",
        "urban_or_rural_area": "1",
        "weather_conditions": "8",
        "geometry_source": "collision_location",
        "source_year": 2024,
        "date_iso": "2024-07-18"
      }
    },
    {
      "type": "Feature",
      "id": "2024131475620",
      "geometry": {
        "type": "Point",
        "coordinates": [
          -1.88128,
          53.71855
        ]
      },
      "properties": {
        "carriageway_hazards": "0",
        "carriageway_hazards_historic": "-1",
        "collision_adjusted_severity_serious": "1",
        "collision_adjusted_severity_slight": "0",
        "collision_index": "2024131475620",
        "collision_injury_based": "1",
        "collision_ref_no": "131475620",
        "collision_severity": "2",
        "collision_year": 2024,
        "date": "03/08/2024",
        "day_of_week": "7",
        "did_police_officer_attend_scene_of_accident": "1",
        "enhanced_severity_collision": "7",
        "first_road_class": "6",
        "first_road_number": "0",
        "junction_control": "-1",
        "junction_detail": "0",
        "junction_detail_historic": "-1",
        "latitude": "53.71855",
        "light_conditions": "1",
        "local_authority_district": "-1",
        "local_authority_highway": "E08000033",
        "local_authority_highway_current": "E08000033",
        "local_authority_ons_district": "E08000033",
        "location_easting_osgr": "407932",
        "location_northing_osgr": "424689",
        "longitude": "-1.88128",
        "lsoa_of_accident_location": "E01011003",
        "number_of_casualties": 1,
        "number_of_vehicles": 4,
        "pedestrian_crossing": "0",
        "pedestrian_crossing_human_control_historic": "-1",
        "pedestrian_crossing_physical_facilities_historic": "-1",
        "police_force": "13",
        "road_surface_conditions": "1",
        "road_type": "6",
        "second_road_class": "6",
        "second_road_number": "0",
        "special_conditions_at_site": "-1",
        "speed_limit": 30,
        "time": "20:09",
        "trunk_road_flag": "2",
        "urban_or_rural_area": "1",
        "weather_conditions": "1",
        "geometry_source": "collision_location",
        "source_year": 2024,
        "date_iso": "2024-08-03"
      }
    },
    {
      "type": "Feature",
      "id": "2024131516582",
      "geometry": {
        "type": "Point",
        "coordinates": [
          -1.86864,
          53.72549
        ]
      },
      "properties": {
        "carriageway_hazards": "0",
        "carriageway_hazards_historic": "-1",
        "collision_adjusted_severity_serious": "0",
        "collision_adjusted_severity_slight": "1",
        "collision_index": "2024131516582",
        "collision_injury_based": "1",
        "collision_ref_no": "131516582",
        "collision_severity": "3",
        "collision_year": 2024,
        "date": "17/08/2024",
        "day_of_week": "7",
        "did_police_officer_attend_scene_of_accident": "1",
        "enhanced_severity_collision": "3",
        "first_road_class": "6",
        "first_road_number": "0",
        "junction_control": "4",
        "junction_detail": "13",
        "junction_detail_historic": "-1",
        "latitude": "53.72549",
        "light_conditions": "1",
        "local_authority_district": "-1",
        "local_authority_highway": "E08000033",
        "local_authority_highway_current": "E08000033",
        "local_authority_ons_district": "E08000033",
        "location_easting_osgr": "408765",
        "location_northing_osgr": "425462",
        "longitude": "-1.86864",
        "lsoa_of_accident_location": "E01010960",
        "number_of_casualties": 1,
        "number_of_vehicles": 2,
        "pedestrian_crossing": "0",
        "pedestrian_crossing_human_control_historic": "-1",
        "pedestrian_crossing_physical_facilities_historic": "-1",
        "police_force": "13",
        "road_surface_conditions": "1",
        "road_type": "6",
        "second_road_class": "6",
        "second_road_number": "0",
        "special_conditions_at_site": "-1",
        "speed_limit": 20,
        "time": "15:27",
        "trunk_road_flag": "2",
        "urban_or_rural_area": "1",
        "weather_conditions": "1",
        "geometry_source": "collision_location",
        "source_year": 2024,
        "date_iso": "2024-08-17"
      }
    },
    {
      "type": "Feature",
      "id": "2024131488628",
      "geometry": {
        "type": "Point",
        "coordinates": [
          -1.88801,
          53.71444
        ]
      },
      "properties": {
        "carriageway_hazards": "0",
        "carriageway_hazards_historic": "-1",
        "collision_adjusted_severity_serious": "0",
        "collision_adjusted_severity_slight": "1",
        "collision_index": "2024131488628",
        "collision_injury_based": "1",
        "collision_ref_no": "131488628",
        "collision_severity": "3",
        "collision_year": 2024,
        "date": "08/09/2024",
        "day_of_week": "1",
        "did_police_officer_attend_scene_of_accident": "1",
        "enhanced_severity_collision": "3",
        "first_road_class": "3",
        "first_road_number": "58",
        "junction_control": "-1",
        "junction_detail": "0",
        "junction_detail_historic": "-1",
        "latitude": "53.71444",
        "light_conditions": "1",
        "local_authority_district": "-1",
        "local_authority_highway": "E08000033",
        "local_authority_highway_current": "E08000033",
        "local_authority_ons_district": "E08000033",
        "location_easting_osgr": "407489",
        "location_northing_osgr": "424231",
        "longitude": "-1.88801",
        "lsoa_of_accident_location": "E01010977",
        "number_of_casualties": 1,
        "number_of_vehicles": 1,
        "pedestrian_crossing": "0",
        "pedestrian_crossing_human_control_historic": "-1",
        "pedestrian_crossing_physical_facilities_historic": "-1",
        "police_force": "13",
        "road_surface_conditions": "2",
        "road_type": "6",
        "second_road_class": "6",
        "second_road_number": "0",
        "special_conditions_at_site": "-1",
        "speed_limit": 30,
        "time": "09:02",
        "trunk_road_flag": "2",
        "urban_or_rural_area": "1",
        "weather_conditions": "2",
        "geometry_source": "collision_location",
        "source_year": 2024,
        "date_iso": "2024-09-08"
      }
    },
    {
      "type": "Feature",
      "id": "2024131507885",
      "geometry": {
        "type": "Point",
        "coordinates": [
          -1.79572,
          53.70489
        ]
      },
      "properties": {
        "carriageway_hazards": "0",
        "carriageway_hazards_historic": "-1",
        "collision_adjusted_severity_serious": "0",
        "collision_adjusted_severity_slight": "1",
        "collision_index": "2024131507885",
        "collision_injury_based": "1",
        "collision_ref_no": "131507885",
        "collision_severity": "3",
        "collision_year": 2024,
        "date": "24/10/2024",
        "day_of_week": "5",
        "did_police_officer_attend_scene_of_accident": "1",
        "enhanced_severity_collision": "3",
        "first_road_class": "6",
        "first_road_number": "0",
        "junction_control": "-1",
        "junction_detail": "0",
        "junction_detail_historic": "-1",
        "latitude": "53.70489",
        "light_conditions": "1",
        "local_authority_district": "-1",
        "local_authority_highway": "E08000033",
        "local_authority_highway_current": "E08000033",
        "local_authority_ons_district": "E08000033",
        "location_easting_osgr": "413583",
        "location_northing_osgr": "423182",
        "longitude": "-1.79572",
        "lsoa_of_accident_location": "E01010877",
        "number_of_casualties": 1,
        "number_of_vehicles": 2,
        "pedestrian_crossing": "0",
        "pedestrian_crossing_human_control_historic": "-1",
        "pedestrian_crossing_physical_facilities_historic": "-1",
        "police_force": "13",
        "road_surface_conditions": "1",
        "road_type": "6",
        "second_road_class": "-1",
        "second_road_number": "-1",
        "special_conditions_at_site": "-1",
        "speed_limit": 30,
        "time": "07:44",
        "trunk_road_flag": "2",
        "urban_or_rural_area": "1",
        "weather_conditions": "1",
        "geometry_source": "collision_location",
        "source_year": 2024,
        "date_iso": "2024-10-24"
      }
    },
    {
      "type": "Feature",
      "id": "2024131535603",
      "geometry": {
        "type": "Point",
        "coordinates": [
          -1.82878,
          53.74667
        ]
      },
      "properties": {
        "carriageway_hazards": "0",
        "carriageway_hazards_historic": "-1",
        "collision_adjusted_severity_serious": "0",
        "collision_adjusted_severity_slight": "1",
        "collision_index": "2024131535603",
        "collision_injury_based": "1",
        "collision_ref_no": "131535603",
        "collision_severity": "3",
        "collision_year": 2024,
        "date": "29/12/2024",
        "day_of_week": "1",
        "did_police_officer_attend_scene_of_accident": "1",
        "enhanced_severity_collision": "3",
        "first_road_class": "6",
        "first_road_number": "0",
        "junction_control": "-1",
        "junction_detail": "0",
        "junction_detail_historic": "-1",
        "latitude": "53.74667",
        "light_conditions": "1",
        "local_authority_district": "-1",
        "local_authority_highway": "E08000033",
        "local_authority_highway_current": "E08000033",
        "local_authority_ons_district": "E08000033",
        "location_easting_osgr": "411389",
        "location_northing_osgr": "427824",
        "longitude": "-1.82878",
        "lsoa_of_accident_location": "E01010936",
        "number_of_casualties": 1,
        "number_of_vehicles": 2,
        "pedestrian_crossing": "0",
        "pedestrian_crossing_human_control_historic": "-1",
        "pedestrian_crossing_physical_facilities_historic": "-1",
        "police_force": "13",
        "road_surface_conditions": "2",
        "road_type": "6",
        "second_road_class": "6",
        "second_road_number": "0",
        "special_conditions_at_site": "-1",
        "speed_limit": 30,
        "time": "12:04",
        "trunk_road_flag": "2",
        "urban_or_rural_area": "1",
        "weather_conditions": "1",
        "geometry_source": "collision_location",
        "source_year": 2024,
        "date_iso": "2024-12-29"
      }
    },
    {
      "type": "Feature",
      "id": "2024131397375",
      "geometry": {
        "type": "Point",
        "coordinates": [
          -1.83844,
          53.68775
        ]
      },
      "properties": {
        "carriageway_hazards": "0",
        "carriageway_hazards_historic": "-1",
        "collision_adjusted_severity_serious": "1",
        "collision_adjusted_severity_slight": "0",
        "collision_index": "2024131397375",
        "collision_injury_based": "1",
        "collision_ref_no": "131397375",
        "collision_severity": "2",
        "collision_year": 2024,
        "date": "11/01/2024",
        "day_of_week": "5",
        "did_police_officer_attend_scene_of_accident": "1",
        "enhanced_severity_collision": "7",
        "first_road_class": "4",
        "first_road_number": "6114",
        "junction_control": "4",
        "junction_detail": "13",
        "junction_detail_historic": "-1",
        "latitude": "53.68775",
        "light_conditions": "4",
        "local_authority_district": "-1",
        "local_authority_highway": "E08000033",
        "local_authority_highway_current": "E08000033",
        "local_authority_ons_district": "E08000033",
        "location_easting_osgr": "410767",
        "location_northing_osgr": "421267",
        "longitude": "-1.83844",
        "lsoa_of_accident_location": "E01010889",
        "number_of_casualties": 1,
        "number_of_vehicles": 1,
        "pedestrian_crossing": "0",
        "pedestrian_crossing_human_control_historic": "-1",
        "pedestrian_crossing_physical_facilities_historic": "-1",
        "police_force": "13",
        "road_surface_conditions": "2",
        "road_type": "7",
        "second_road_class": "6",
        "second_road_number": "0",
        "special_conditions_at_site": "-1",
        "speed_limit": 30,
        "time": "17:42",
        "trunk_road_flag": "2",
        "urban_or_rural_area": "1",
        "weather_conditions": "8",
        "geometry_source": "collision_location",
        "source_year": 2024,
        "date_iso": "2024-01-11"
      }
    },
    {
      "type": "Feature",
      "id": "2024131466652",
      "geometry": {
        "type": "Point",
        "coordinates": [
          -1.78475,
          53.70712
        ]
      },
      "properties": {
        "carriageway_hazards": "0",
        "carriageway_hazards_historic": "-1",
        "collision_adjusted_severity_serious": "1",
        "collision_adjusted_severity_slight": "0",
        "collision_index": "2024131466652",
        "collision_injury_based": "1",
        "collision_ref_no": "131466652",
        "collision_severity": "2",
        "collision_year": 2024,
        "date": "11/07/2024",
        "day_of_week": "5",
        "did_police_officer_attend_scene_of_accident": "1",
        "enhanced_severity_collision": "7",
        "first_road_class": "6",
        "first_road_number": "0",
        "junction_control": "4",
        "junction_detail": "13",
        "junction_detail_historic": "-1",
        "latitude": "53.70712",
        "light_conditions": "1",
        "local_authority_district": "-1",
        "local_authority_highway": "E08000033",
        "local_authority_highway_current": "E08000033",
        "local_authority_ons_district": "E08000033",
        "location_easting_osgr": "414306",
        "location_northing_osgr": "423432",
        "longitude": "-1.78475",
        "lsoa_of_accident_location": "E01010877",
        "number_of_casualties": 1,
        "number_of_vehicles": 3,
        "pedestrian_crossing": "0",
        "pedestrian_crossing_human_control_historic": "-1",
        "pedestrian_crossing_physical_facilities_historic": "-1",
        "police_force": "13",
        "road_surface_conditions": "1",
        "road_type": "6",
        "second_road_class": "6",
        "second_road_number": "0",
        "special_conditions_at_site": "-1",
        "speed_limit": 20,
        "time": "20:02",
        "trunk_road_flag": "2",
        "urban_or_rural_area": "1",
        "weather_conditions": "1",
        "geometry_source": "collision_location",
        "source_year": 2024,
        "date_iso": "2024-07-11"
      }
    },
    {
      "type": "Feature",
      "id": "2024131400989",
      "geometry": {
        "type": "Point",
        "coordinates": [
          -1.86018,
          53.72756
        ]
      },
      "properties": {
        "carriageway_hazards": "0",
        "carriageway_hazards_historic": "-1",
        "collision_adjusted_severity_serious": "0",
        "collision_adjusted_severity_slight": "1",
        "collision_index": "2024131400989",
        "collision_injury_based": "1",
        "collision_ref_no": "131400989",
        "collision_severity": "3",
        "collision_year": 2024,
        "date": "21/01/2024",
        "day_of_week": "1",
        "did_police_officer_attend_scene_of_accident": "1",
        "enhanced_severity_collision": "3",
        "first_road_class": "3",
        "first_road_number": "58",
        "junction_control": "-1",
        "junction_detail": "0",
        "junction_detail_historic": "-1",
        "latitude": "53.72756",
        "light_conditions": "1",
        "local_authority_district": "-1",
        "local_authority_highway": "E08000033",
        "local_authority_highway_current": "E08000033",
        "local_authority_ons_district": "E08000033",
        "location_easting_osgr": "409323",
        "location_northing_osgr": "425694",
        "longitude": "-1.86018",
        "lsoa_of_accident_location": "E01032923",
        "number_of_casualties": 1,
        "number_of_vehicles": 3,
        "pedestrian_crossing": "0",
        "pedestrian_crossing_human_control_historic": "-1",
        "pedestrian_crossing_physical_facilities_historic": "-1",
        "police_force": "13",
        "road_surface_conditions": "2",
        "road_type": "3",
        "second_road_class": "-1",
        "second_road_number": "-1",
        "special_conditions_at_site": "-1",
        "speed_limit": 40,
        "time": "14:17",
        "trunk_road_flag": "2",
        "urban_or_rural_area": "1",
        "weather_conditions": "1",
        "geometry_source": "collision_location",
        "source_year": 2024,
        "date_iso": "2024-01-21"
      }
    },
    {
      "type": "Feature",
      "id": "2024131488824",
      "geometry": {
        "type": "Point",
        "coordinates": [
          -1.74288,
          53.70457
        ]
      },
      "properties": {
        "carriageway_hazards": "0",
        "carriageway_hazards_historic": "-1",
        "collision_adjusted_severity_serious": "0",
        "collision_adjusted_severity_slight": "1",
        "collision_index": "2024131488824",
        "collision_injury_based": "1",
        "collision_ref_no": "131488824",
        "collision_severity": "3",
        "collision_year": 2024,
        "date": "08/09/2024",
        "day_of_week": "1",
        "did_police_officer_attend_scene_of_accident": "1",
        "enhanced_severity_collision": "3",
        "first_road_class": "1",
        "first_road_number": "62",
        "junction_control": "-1",
        "junction_detail": "0",
        "junction_detail_historic": "-1",
        "latitude": "53.70457",
        "light_conditions": "4",
        "local_authority_district": "-1",
        "local_authority_highway": "E08000033",
        "local_authority_highway_current": "E08000033",
        "local_authority_ons_district": "E08000033",
        "location_easting_osgr": "417071",
        "location_northing_osgr": "423157",
        "longitude": "-1.74288",
        "lsoa_of_accident_location": "E01010879",
        "number_of_casualties": 1,
        "number_of_vehicles": 1,
        "pedestrian_crossing": "0",
        "pedestrian_crossing_human_control_historic": "-1",
        "pedestrian_crossing_physical_facilities_historic": "-1",
        "police_force": "13",
        "road_surface_conditions": "2",
        "road_type": "3",
        "second_road_class": "-1",
        "second_road_number": "-1",
        "special_conditions_at_site": "-1",
        "speed_limit": 70,
        "time": "22:46",
        "trunk_road_flag": "1",
        "urban_or_rural_area": "2",
        "weather_conditions": "2",
        "geometry_source": "collision_location",
        "source_year": 2024,
        "date_iso": "2024-09-08"
      }
    },
    {
      "type": "Feature",
      "id": "2024131499220",
      "geometry": {
        "type": "Point",
        "coordinates": [
          -1.88115,
          53.7128
        ]
      },
      "properties": {
        "carriageway_hazards": "0",
        "carriageway_hazards_historic": "-1",
        "collision_adjusted_severity_serious": "0",
        "collision_adjusted_severity_slight": "1",
        "collision_index": "2024131499220",
        "collision_injury_based": "1",
        "collision_ref_no": "131499220",
        "collision_severity": "3",
        "collision_year": 2024,
        "date": "02/10/2024",
        "day_of_week": "4",
        "did_police_officer_attend_scene_of_accident": "2",
        "enhanced_severity_collision": "3",
        "first_road_class": "6",
        "first_road_number": "0",
        "junction_control": "4",
        "junction_detail": "-1",
        "junction_detail_historic": "-1",
        "latitude": "53.7128",
        "light_conditions": "1",
        "local_authority_district": "-1",
        "local_authority_highway": "E08000033",
        "local_authority_highway_current": "E08000033",
        "local_authority_ons_district": "E08000033",
        "location_easting_osgr": "407942",
        "location_northing_osgr": "424049",
        "longitude": "-1.88115",
        "lsoa_of_accident_location": "E01010970",
        "number_of_casualties": 1,
        "number_of_vehicles": 2,
        "pedestrian_crossing": "0",
        "pedestrian_crossing_human_control_historic": "-1",
        "pedestrian_crossing_physical_facilities_historic": "-1",
        "police_force": "13",
        "road_surface_conditions": "1",
        "road_type": "6",
        "second_road_class": "3",
        "second_road_number": "646",
        "special_conditions_at_site": "-1",
        "speed_limit": 20,
        "time": "12:07",
        "trunk_road_flag": "2",
        "urban_or_rural_area": "1",
        "weather_conditions": "1",
        "geometry_source": "collision_location",
        "source_year": 2024,
        "date_iso": "2024-10-02"
      }
    },
    {
      "type": "Feature",
      "id": "2024131448010",
      "geometry": {
        "type": "Point",
        "coordinates": [
          -1.91721,
          53.75081
        ]
      },
      "properties": {
        "carriageway_hazards": "0",
        "carriageway_hazards_historic": "-1",
        "collision_adjusted_severity_serious": "0",
        "collision_adjusted_severity_slight": "1",
        "collision_index": "2024131448010",
        "collision_injury_based": "1",
        "collision_ref_no": "131448010",
        "collision_severity": "3",
        "collision_year": 2024,
        "date": "18/04/2024",
        "day_of_week": "5",
        "did_police_officer_attend_scene_of_accident": "1",
        "enhanced_severity_collision": "3",
        "first_road_class": "6",
        "first_road_number": "0",
        "junction_control": "4",
        "junction_detail": "18",
        "junction_detail_historic": "-1",
        "latitude": "53.75081",
        "light_conditions": "1",
        "local_authority_district": "-1",
        "local_authority_highway": "E08000033",
        "local_authority_highway_current": "E08000033",
        "local_authority_ons_district": "E08000033",
        "location_easting_osgr": "405557",
        "location_northing_osgr": "428274",
        "longitude": "-1.91721",
        "lsoa_of_accident_location": "E01010926",
        "number_of_casualties": 1,
        "number_of_vehicles": 2,
        "pedestrian_crossing": "0",
        "pedestrian_crossing_human_control_historic": "-1",
        "pedestrian_crossing_physical_facilities_historic": "-1",
        "police_force": "13",
        "road_surface_conditions": "2",
        "road_type": "9",
        "second_road_class": "6",
        "second_road_number": "0",
        "special_conditions_at_site": "-1",
        "speed_limit": 30,
        "time": "20:00",
        "trunk_road_flag": "2",
        "urban_or_rural_area": "1",
        "weather_conditions": "4",
        "geometry_source": "collision_location",
        "source_year": 2024,
        "date_iso": "2024-04-18"
      }
    },
    {
      "type": "Feature",
      "id": "2024131507695",
      "geometry": {
        "type": "Point",
        "coordinates": [
          -1.75181,
          53.69527
        ]
      },
      "properties": {
        "carriageway_hazards": "0",
        "carriageway_hazards_historic": "-1",
        "collision_adjusted_severity_serious": "0",
        "collision_adjusted_severity_slight": "1",
        "collision_index": "2024131507695",
        "collision_injury_based": "1",
        "collision_ref_no": "131507695",
        "collision_severity": "3",
        "collision_year": 2024,
        "date": "23/10/2024",
        "day_of_week": "4",
        "did_police_officer_attend_scene_of_accident": "1",
        "enhanced_severity_collision": "3",
        "first_road_class": "3",
        "first_road_number": "644",
        "junction_control": "4",
        "junction_detail": "-1",
        "junction_detail_historic": "-1",
        "latitude": "53.69527",
        "light_conditions": "1",
        "local_authority_district": "-1",
        "local_authority_highway": "E08000033",
        "local_authority_highway_current": "E08000033",
        "local_authority_ons_district": "E08000033",
        "location_easting_osgr": "416485",
        "location_northing_osgr": "422121",
        "longitude": "-1.75181",
        "lsoa_of_accident_location": "E01010879",
        "number_of_casualties": 2,
        "number_of_vehicles": 2,
        "pedestrian_crossing": "0",
        "pedestrian_crossing_human_control_historic": "-1",
        "pedestrian_crossing_physical_facilities_historic": "-1",
        "police_force": "13",
        "road_surface_conditions": "1",
        "road_type": "1",
        "second_road_class": "1",
        "second_road_number": "62",
        "special_conditions_at_site": "-1",
        "speed_limit": 60,
        "time": "15:46",
        "trunk_road_flag": "2",
        "urban_or_rural_area": "2",
        "weather_conditions": "1",
        "geometry_source": "collision_location",
        "source_year": 2024,
        "date_iso": "2024-10-23"
      }
    },
    {
      "type": "Feature",
      "id": "2024131515097",
      "geometry": {
        "type": "Point",
        "coordinates": [
          -1.89566,
          53.76428
        ]
      },
      "properties": {
        "carriageway_hazards": "0",
        "carriageway_hazards_historic": "-1",
        "collision_adjusted_severity_serious": "1",
        "collision_adjusted_severity_slight": "0",
        "collision_index": "2024131515097",
        "collision_injury_based": "1",
        "collision_ref_no": "131515097",
        "collision_severity": "2",
        "collision_year": 2024,
        "date": "12/11/2024",
        "day_of_week": "3",
        "did_police_officer_attend_scene_of_accident": "1",
        "enhanced_severity_collision": "6",
        "first_road_class": "3",
        "first_road_number": "629",
        "junction_control": "4",
        "junction_detail": "16",
        "junction_detail_historic": "-1",
        "latitude": "53.76428",
        "light_conditions": "1",
        "local_authority_district": "-1",
        "local_authority_highway": "E08000033",
        "local_authority_highway_current": "E08000033",
        "local_authority_ons_district": "E08000033",
        "location_easting_osgr": "406976",
        "location_northing_osgr": "429775",
        "longitude": "-1.89566",
        "lsoa_of_accident_location": "E01010911",
        "number_of_casualties": 2,
        "number_of_vehicles": 2,
        "pedestrian_crossing": "0",
        "pedestrian_crossing_human_control_historic": "-1",
        "pedestrian_crossing_physical_facilities_historic": "-1",
        "police_force": "13",
        "road_surface_conditions": "2",
        "road_type": "6",
        "second_road_class": "6",
        "second_road_number": "0",
        "special_conditions_at_site": "-1",
        "speed_limit": 50,
        "time": "08:27",
        "trunk_road_flag": "2",
        "urban_or_rural_area": "2",
        "weather_conditions": "1",
        "geometry_source": "collision_location",
        "source_year": 2024,
        "date_iso": "2024-11-12"
      }
    },
    {
      "type": "Feature",
      "id": "2024131489957",
      "geometry": {
        "type": "Point",
        "coordinates": [
          -1.8816,
          53.72313
        ]
      },
      "properties": {
        "carriageway_hazards": "0",
        "carriageway_hazards_historic": "-1",
        "collision_adjusted_severity_serious": "0",
        "collision_adjusted_severity_slight": "1",
        "collision_index": "2024131489957",
        "collision_injury_based": "1",
        "collision_ref_no": "131489957",
        "collision_severity": "3",
        "collision_year": 2024,
        "date": "06/09/2024",
        "day_of_week": "6",
        "did_police_officer_attend_scene_of_accident": "2",
        "enhanced_severity_collision": "3",
        "first_road_class": "6",
        "first_road_number": "0",
        "junction_control": "4",
        "junction_detail": "13",
        "junction_detail_historic": "-1",
        "latitude": "53.72313",
        "light_conditions": "1",
        "local_authority_district": "-1",
        "local_authority_highway": "E08000033",
        "local_authority_highway_current": "E08000033",
        "local_authority_ons_district": "E08000033",
        "location_easting_osgr": "407910",
        "location_northing_osgr": "425198",
        "longitude": "-1.8816",
        "lsoa_of_accident_location": "E01010964",
        "number_of_casualties": 1,
        "number_of_vehicles": 1,
        "pedestrian_crossing": "0",
        "pedestrian_crossing_human_control_historic": "-1",
        "pedestrian_crossing_physical_facilities_historic": "-1",
        "police_force": "13",
        "road_surface_conditions": "1",
        "road_type": "6",
        "second_road_class": "6",
        "second_road_number": "0",
        "special_conditions_at_site": "-1",
        "speed_limit": 20,
        "time": "14:30",
        "trunk_road_flag": "2",
        "urban_or_rural_area": "1",
        "weather_conditions": "1",
        "geometry_source": "collision_location",
        "source_year": 2024,
        "date_iso": "2024-09-06"
      }
    },
    {
      "type": "Feature",
      "id": "2024131505792",
      "geometry": {
        "type": "Point",
        "coordinates": [
          -1.91308,
          53.70734
        ]
      },
      "properties": {
        "carriageway_hazards": "0",
        "carriageway_hazards_historic": "-1",
        "collision_adjusted_severity_serious": "1",
        "collision_adjusted_severity_slight": "0",
        "collision_index": "2024131505792",
        "collision_injury_based": "1",
        "collision_ref_no": "131505792",
        "collision_severity": "2",
        "collision_year": 2024,
        "date": "17/10/2024",
        "day_of_week": "5",
        "did_police_officer_attend_scene_of_accident": "2",
        "enhanced_severity_collision": "7",
        "first_road_class": "6",
        "first_road_number": "0",
        "junction_control": "4",
        "junction_detail": "16",
        "junction_detail_historic": "-1",
        "latitude": "53.70734",
        "light_conditions": "1",
        "local_authority_district": "-1",
        "local_authority_highway": "E08000033",
        "local_authority_highway_current": "E08000033",
        "local_authority_ons_district": "E08000033",
        "location_easting_osgr": "405835",
        "location_northing_osgr": "423438",
        "longitude": "-1.91308",
        "lsoa_of_accident_location": "E01010979",
        "number_of_casualties": 1,
        "number_of_vehicles": 1,
        "pedestrian_crossing": "0",
        "pedestrian_crossing_human_control_historic": "-1",
        "pedestrian_crossing_physical_facilities_historic": "-1",
        "police_force": "13",
        "road_surface_conditions": "1",
        "road_type": "3",
        "second_road_class": "3",
        "second_road_number": "58",
        "special_conditions_at_site": "-1",
        "speed_limit": 20,
        "time": "15:52",
        "trunk_road_flag": "2",
        "urban_or_rural_area": "1",
        "weather_conditions": "1",
        "geometry_source": "collision_location",
        "source_year": 2024,
        "date_iso": "2024-10-17"
      }
    },
    {
      "type": "Feature",
      "id": "2024131482785",
      "geometry": {
        "type": "Point",
        "coordinates": [
          -1.85072,
          53.70131
        ]
      },
      "properties": {
        "carriageway_hazards": "0",
        "carriageway_hazards_historic": "-1",
        "collision_adjusted_severity_serious": "0",
        "collision_adjusted_severity_slight": "1",
        "collision_index": "2024131482785",
        "collision_injury_based": "1",
        "collision_ref_no": "131482785",
        "collision_severity": "3",
        "collision_year": 2024,
        "date": "23/06/2024",
        "day_of_week": "1",
        "did_police_officer_attend_scene_of_accident": "1",
        "enhanced_severity_collision": "3",
        "first_road_class": "6",
        "first_road_number": "0",
        "junction_control": "-1",
        "junction_detail": "0",
        "junction_detail_historic": "-1",
        "latitude": "53.70131",
        "light_conditions": "1",
        "local_authority_district": "-1",
        "local_authority_highway": "E08000033",
        "local_authority_highway_current": "E08000033",
        "local_authority_ons_district": "E08000033",
        "location_easting_osgr": "409953",
        "location_northing_osgr": "422774",
        "longitude": "-1.85072",
        "lsoa_of_accident_location": "E01010993",
        "number_of_casualties": 1,
        "number_of_vehicles": 2,
        "pedestrian_crossing": "0",
        "pedestrian_crossing_human_control_historic": "-1",
        "pedestrian_crossing_physical_facilities_historic": "-1",
        "police_force": "13",
        "road_surface_conditions": "1",
        "road_type": "6",
        "second_road_class": "4",
        "second_road_number": "6114",
        "special_conditions_at_site": "-1",
        "speed_limit": 30,
        "time": "20:00",
        "trunk_road_flag": "2",
        "urban_or_rural_area": "1",
        "weather_conditions": "1",
        "geometry_source": "collision_location",
        "source_year": 2024,
        "date_iso": "2024-06-23"
      }
    },
    {
      "type": "Feature",
      "id": "2024131433852",
      "geometry": {
        "type": "Point",
        "coordinates": [
          -1.81734,
          53.72547
        ]
      },
      "properties": {
        "carriageway_hazards": "0",
        "carriageway_hazards_historic": "-1",
        "collision_adjusted_severity_serious": "0",
        "collision_adjusted_severity_slight": "1",
        "collision_index": "2024131433852",
        "collision_injury_based": "1",
        "collision_ref_no": "131433852",
        "collision_severity": "3",
        "collision_year": 2024,
        "date": "20/04/2024",
        "day_of_week": "7",
        "did_police_officer_attend_scene_of_accident": "1",
        "enhanced_severity_collision": "3",
        "first_road_class": "6",
        "first_road_number": "0",
        "junction_control": "-1",
        "junction_detail": "0",
        "junction_detail_historic": "-1",
        "latitude": "53.72547",
        "light_conditions": "1",
        "local_authority_district": "-1",
        "local_authority_highway": "E08000033",
        "local_authority_highway_current": "E08000033",
        "local_authority_ons_district": "E08000033",
        "location_easting_osgr": "412150",
        "location_northing_osgr": "425467",
        "longitude": "-1.81734",
        "lsoa_of_accident_location": "E01010909",
        "number_of_casualties": 1,
        "number_of_vehicles": 2,
        "pedestrian_crossing": "0",
        "pedestrian_crossing_human_control_historic": "-1",
        "pedestrian_crossing_physical_facilities_historic": "-1",
        "police_force": "13",
        "road_surface_conditions": "1",
        "road_type": "6",
        "second_road_class": "6",
        "second_road_number": "0",
        "special_conditions_at_site": "-1",
        "speed_limit": 30,
        "time": "11:02",
        "trunk_road_flag": "2",
        "urban_or_rural_area": "1",
        "weather_conditions": "1",
        "geometry_source": "collision_location",
        "source_year": 2024,
        "date_iso": "2024-04-20"
      }
    },
    {
      "type": "Feature",
      "id": "2024131403128",
      "geometry": {
        "type": "Point",
        "coordinates": [
          -1.85311,
          53.70503
        ]
      },
      "properties": {
        "carriageway_hazards": "0",
        "carriageway_hazards_historic": "-1",
        "collision_adjusted_severity_serious": "1",
        "collision_adjusted_severity_slight": "0",
        "collision_index": "2024131403128",
        "collision_injury_based": "1",
        "collision_ref_no": "131403128",
        "collision_severity": "2",
        "collision_year": 2024,
        "date": "26/01/2024",
        "day_of_week": "6",
        "did_police_officer_attend_scene_of_accident": "1",
        "enhanced_severity_collision": "6",
        "first_road_class": "6",
        "first_road_number": "0",
        "junction_control": "4",
        "junction_detail": "13",
        "junction_detail_historic": "-1",
        "latitude": "53.70503",
        "light_conditions": "4",
        "local_authority_district": "-1",
        "local_authority_highway": "E08000033",
        "local_authority_highway_current": "E08000033",
        "local_authority_ons_district": "E08000033",
        "location_easting_osgr": "409794",
        "location_northing_osgr": "423188",
        "longitude": "-1.85311",
        "lsoa_of_accident_location": "E01010992",
        "number_of_casualties": 3,
        "number_of_vehicles": 2,
        "pedestrian_crossing": "0",
        "pedestrian_crossing_human_control_historic": "-1",
        "pedestrian_crossing_physical_facilities_historic": "-1",
        "police_force": "13",
        "road_surface_conditions": "1",
        "road_type": "6",
        "second_road_class": "3",
        "second_road_number": "629",
        "special_conditions_at_site": "-1",
        "speed_limit": 30,
        "time": "20:00",
        "trunk_road_flag": "2",
        "urban_or_rural_area": "1",
        "weather_conditions": "1",
        "geometry_source": "collision_location",
        "source_year": 2024,
        "date_iso": "2024-01-26"
      }
    },
    {
      "type": "Feature",
      "id": "2024131423799",
      "geometry": {
        "type": "Point",
        "coordinates": [
          -1.85827,
          53.721
        ]
      },
      "properties": {
        "carriageway_hazards": "0",
        "carriageway_hazards_historic": "-1",
        "collision_adjusted_severity_serious": "1",
        "collision_adjusted_severity_slight": "0",
        "collision_index": "2024131423799",
        "collision_injury_based": "1",
        "collision_ref_no": "131423799",
        "collision_severity": "2",
        "collision_year": 2024,
        "date": "22/03/2024",
        "day_of_week": "6",
        "did_police_officer_attend_scene_of_accident": "1",
        "enhanced_severity_collision": "7",
        "first_road_class": "6",
        "first_road_number": "0",
        "junction_control": "4",
        "junction_detail": "16",
        "junction_detail_historic": "-1",
        "latitude": "53.721",
        "light_conditions": "4",
        "local_authority_district": "-1",
        "local_authority_highway": "E08000033",
        "local_authority_highway_current": "E08000033",
        "local_authority_ons_district": "E08000033",
        "location_easting_osgr": "409450",
        "location_northing_osgr": "424964",
        "longitude": "-1.85827",
        "lsoa_of_accident_location": "E01034582",
        "number_of_casualties": 1,
        "number_of_vehicles": 2,
        "pedestrian_crossing": "0",
        "pedestrian_crossing_human_control_historic": "-1",
        "pedestrian_crossing_physical_facilities_historic": "-1",
        "police_force": "13",
        "road_surface_conditions": "2",
        "road_type": "2",
        "second_road_class": "6",
        "second_road_number": "0",
        "special_conditions_at_site": "-1",
        "speed_limit": 30,
        "time": "21:41",
        "trunk_road_flag": "2",
        "urban_or_rural_area": "1",
        "weather_conditions": "2",
        "geometry_source": "collision_location",
        "source_year": 2024,
        "date_iso": "2024-03-22"
      }
    },
    {
      "type": "Feature",
      "id": "2024131470276",
      "geometry": {
        "type": "Point",
        "coordinates": [
          -1.80123,
          53.71564
        ]
      },
      "properties": {
        "carriageway_hazards": "0",
        "carriageway_hazards_historic": "-1",
        "collision_adjusted_severity_serious": "0",
        "collision_adjusted_severity_slight": "1",
        "collision_index": "2024131470276",
        "collision_injury_based": "1",
        "collision_ref_no": "131470276",
        "collision_severity": "3",
        "collision_year": 2024,
        "date": "20/07/2024",
        "day_of_week": "7",
        "did_police_officer_attend_scene_of_accident": "1",
        "enhanced_severity_collision": "3",
        "first_road_class": "6",
        "first_road_number": "0",
        "junction_control": "4",
        "junction_detail": "13",
        "junction_detail_historic": "-1",
        "latitude": "53.71564",
        "light_conditions": "1",
        "local_authority_district": "-1",
        "local_authority_highway": "E08000033",
        "local_authority_highway_current": "E08000033",
        "local_authority_ons_district": "E08000033",
        "location_easting_osgr": "413216",
        "location_northing_osgr": "424377",
        "longitude": "-1.80123",
        "lsoa_of_accident_location": "E01010904",
        "number_of_casualties": 1,
        "number_of_vehicles": 2,
        "pedestrian_crossing": "0",
        "pedestrian_crossing_human_control_historic": "-1",
        "pedestrian_crossing_physical_facilities_historic": "-1",
        "police_force": "13",
        "road_surface_conditions": "1",
        "road_type": "6",
        "second_road_class": "6",
        "second_road_number": "0",
        "special_conditions_at_site": "-1",
        "speed_limit": 30,
        "time": "20:00",
        "trunk_road_flag": "2",
        "urban_or_rural_area": "1",
        "weather_conditions": "1",
        "geometry_source": "collision_location",
        "source_year": 2024,
        "date_iso": "2024-07-20"
      }
    },
    {
      "type": "Feature",
      "id": "2024131470453",
      "geometry": {
        "type": "Point",
        "coordinates": [
          -1.86252,
          53.72551
        ]
      },
      "properties": {
        "carriageway_hazards": "0",
        "carriageway_hazards_historic": "-1",
        "collision_adjusted_severity_serious": "1",
        "collision_adjusted_severity_slight": "0",
        "collision_index": "2024131470453",
        "collision_injury_based": "1",
        "collision_ref_no": "131470453",
        "collision_severity": "2",
        "collision_year": 2024,
        "date": "21/07/2024",
        "day_of_week": "1",
        "did_police_officer_attend_scene_of_accident": "1",
        "enhanced_severity_collision": "6",
        "first_road_class": "3",
        "first_road_number": "629",
        "junction_control": "-1",
        "junction_detail": "0",
        "junction_detail_historic": "-1",
        "latitude": "53.72551",
        "light_conditions": "1",
        "local_authority_district": "-1",
        "local_authority_highway": "E08000033",
        "local_authority_highway_current": "E08000033",
        "local_authority_ons_district": "E08000033",
        "location_easting_osgr": "409169",
        "location_northing_osgr": "425465",
        "longitude": "-1.86252",
        "lsoa_of_accident_location": "E01034582",
        "number_of_casualties": 1,
        "number_of_vehicles": 2,
        "pedestrian_crossing": "0",
        "pedestrian_crossing_human_control_historic": "-1",
        "pedestrian_crossing_physical_facilities_historic": "-1",
        "police_force": "13",
        "road_surface_conditions": "1",
        "road_type": "6",
        "second_road_class": "6",
        "second_road_number": "0",
        "special_conditions_at_site": "-1",
        "speed_limit": 30,
        "time": "11:07",
        "trunk_road_flag": "2",
        "urban_or_rural_area": "1",
        "weather_conditions": "1",
        "geometry_source": "collision_location",
        "source_year": 2024,
        "date_iso": "2024-07-21"
      }
    },
    {
      "type": "Feature",
      "id": "2024131473480",
      "geometry": {
        "type": "Point",
        "coordinates": [
          -1.90682,
          53.72237
        ]
      },
      "properties": {
        "carriageway_hazards": "0",
        "carriageway_hazards_historic": "-1",
        "collision_adjusted_severity_serious": "0",
        "collision_adjusted_severity_slight": "1",
        "collision_index": "2024131473480",
        "collision_injury_based": "1",
        "collision_ref_no": "131473480",
        "collision_severity": "3",
        "collision_year": 2024,
        "date": "27/07/2024",
        "day_of_week": "7",
        "did_police_officer_attend_scene_of_accident": "1",
        "enhanced_severity_collision": "3",
        "first_road_class": "6",
        "first_road_number": "0",
        "junction_control": "4",
        "junction_detail": "13",
        "junction_detail_historic": "-1",
        "latitude": "53.72237",
        "light_conditions": "1",
        "local_authority_district": "-1",
        "local_authority_highway": "E08000033",
        "local_authority_highway_current": "E08000033",
        "local_authority_ons_district": "E08000033",
        "location_easting_osgr": "406246",
        "location_northing_osgr": "425111",
        "longitude": "-1.90682",
        "lsoa_of_accident_location": "E01010998",
        "number_of_casualties": 1,
        "number_of_vehicles": 2,
        "pedestrian_crossing": "0",
        "pedestrian_crossing_human_control_historic": "-1",
        "pedestrian_crossing_physical_facilities_historic": "-1",
        "police_force": "13",
        "road_surface_conditions": "1",
        "road_type": "6",
        "second_road_class": "6",
        "second_road_number": "0",
        "special_conditions_at_site": "-1",
        "speed_limit": 30,
        "time": "11:43",
        "trunk_road_flag": "2",
        "urban_or_rural_area": "2",
        "weather_conditions": "1",
        "geometry_source": "collision_location",
        "source_year": 2024,
        "date_iso": "2024-07-27"
      }
    },
    {
      "type": "Feature",
      "id": "2024131485636",
      "geometry": {
        "type": "Point",
        "coordinates": [
          -1.82169,
          53.74618
        ]
      },
      "properties": {
        "carriageway_hazards": "0",
        "carriageway_hazards_historic": "-1",
        "collision_adjusted_severity_serious": "0",
        "collision_adjusted_severity_slight": "1",
        "collision_index": "2024131485636",
        "collision_injury_based": "1",
        "collision_ref_no": "131485636",
        "collision_severity": "3",
        "collision_year": 2024,
        "date": "31/08/2024",
        "day_of_week": "7",
        "did_police_officer_attend_scene_of_accident": "1",
        "enhanced_severity_collision": "3",
        "first_road_class": "3",
        "first_road_number": "6036",
        "junction_control": "4",
        "junction_detail": "-1",
        "junction_detail_historic": "-1",
        "latitude": "53.74618",
        "light_conditions": "4",
        "local_authority_district": "-1",
        "local_authority_highway": "E08000033",
        "local_authority_highway_current": "E08000033",
        "local_authority_ons_district": "E08000033",
        "location_easting_osgr": "411857",
        "location_northing_osgr": "427771",
        "longitude": "-1.82169",
        "lsoa_of_accident_location": "E01010935",
        "number_of_casualties": 1,
        "number_of_vehicles": 1,
        "pedestrian_crossing": "0",
        "pedestrian_crossing_human_control_historic": "-1",
        "pedestrian_crossing_physical_facilities_historic": "-1",
        "police_force": "13",
        "road_surface_conditions": "1",
        "road_type": "6",
        "second_road_class": "3",
        "second_road_number": "6036",
        "special_conditions_at_site": "-1",
        "speed_limit": 30,
        "time": "03:55",
        "trunk_road_flag": "2",
        "urban_or_rural_area": "1",
        "weather_conditions": "1",
        "geometry_source": "collision_location",
        "source_year": 2024,
        "date_iso": "2024-08-31"
      }
    },
    {
      "type": "Feature",
      "id": "2024131403433",
      "geometry": {
        "type": "Point",
        "coordinates": [
          -1.77794,
          53.70356
        ]
      },
      "properties": {
        "carriageway_hazards": "21",
        "carriageway_hazards_historic": "-1",
        "collision_adjusted_severity_serious": "0",
        "collision_adjusted_severity_slight": "1",
        "collision_index": "2024131403433",
        "collision_injury_based": "1",
        "collision_ref_no": "131403433",
        "collision_severity": "3",
        "collision_year": 2024,
        "date": "28/01/2024",
        "day_of_week": "1",
        "did_police_officer_attend_scene_of_accident": "1",
        "enhanced_severity_collision": "3",
        "first_road_class": "3",
        "first_road_number": "641",
        "junction_control": "4",
        "junction_detail": "-1",
        "junction_detail_historic": "-1",
        "latitude": "53.70356",
        "light_conditions": "1",
        "local_authority_district": "-1",
        "local_authority_highway": "E08000033",
        "local_authority_highway_current": "E08000033",
        "local_authority_ons_district": "E08000033",
        "location_easting_osgr": "414757",
        "location_northing_osgr": "423037",
        "longitude": "-1.77794",
        "lsoa_of_accident_location": "E01010878",
        "number_of_casualties": 1,
        "number_of_vehicles": 1,
        "pedestrian_crossing": "0",
        "pedestrian_crossing_human_control_historic": "-1",
        "pedestrian_crossing_physical_facilities_historic": "-1",
        "police_force": "13",
        "road_surface_conditions": "1",
        "road_type": "1",
        "second_road_class": "3",
        "second_road_number": "641",
        "special_conditions_at_site": "-1",
        "speed_limit": 30,
        "time": "09:30",
        "trunk_road_flag": "2",
        "urban_or_rural_area": "1",
        "weather_conditions": "1",
        "geometry_source": "collision_location",
        "source_year": 2024,
        "date_iso": "2024-01-28"
      }
    },
    {
      "type": "Feature",
      "id": "2024131448653",
      "geometry": {
        "type": "Point",
        "coordinates": [
          -2.10139,
          53.68923
        ]
      },
      "properties": {
        "carriageway_hazards": "0",
        "carriageway_hazards_historic": "-1",
        "collision_adjusted_severity_serious": "0",
        "collision_adjusted_severity_slight": "1",
        "collision_index": "2024131448653",
        "collision_injury_based": "1",
        "collision_ref_no": "131448653",
        "collision_severity": "3",
        "collision_year": 2024,
        "date": "26/05/2024",
        "day_of_week": "1",
        "did_police_officer_attend_scene_of_accident": "2",
        "enhanced_severity_collision": "3",
        "first_road_class": "3",
        "first_road_number": "6033",
        "junction_control": "-1",
        "junction_detail": "0",
        "junction_detail_historic": "-1",
        "latitude": "53.68923",
        "light_conditions": "1",
        "local_authority_district": "-1",
        "local_authority_highway": "E08000033",
        "local_authority_highway_current": "E08000033",
        "local_authority_ons_district": "E08000033",
        "location_easting_osgr": "393402",
        "location_northing_osgr": "421425",
        "longitude": "-2.10139",
        "lsoa_of_accident_location": "E01010886",
        "number_of_casualties": 1,
        "number_of_vehicles": 1,
        "pedestrian_crossing": "12",
        "pedestrian_crossing_human_control_historic": "-1",
        "pedestrian_crossing_physical_facilities_historic": "-1",
        "police_force": "13",
        "road_surface_conditions": "1",
        "road_type": "6",
        "second_road_class": "6",
        "second_road_number": "0",
        "special_conditions_at_site": "-1",
        "speed_limit": 30,
        "time": "10:56",
        "trunk_road_flag": "2",
        "urban_or_rural_area": "1",
        "weather_conditions": "1",
        "geometry_source": "collision_location",
        "source_year": 2024,
        "date_iso": "2024-05-26"
      }
    },
    {
      "type": "Feature",
      "id": "2024131408677",
      "geometry": {
        "type": "Point",
        "coordinates": [
          -1.75372,
          53.69627
        ]
      },
      "properties": {
        "carriageway_hazards": "0",
        "carriageway_hazards_historic": "-1",
        "collision_adjusted_severity_serious": "0",
        "collision_adjusted_severity_slight": "1",
        "collision_index": "2024131408677",
        "collision_injury_based": "1",
        "collision_ref_no": "131408677",
        "collision_severity": "3",
        "collision_year": 2024,
        "date": "11/02/2024",
        "day_of_week": "1",
        "did_police_officer_attend_scene_of_accident": "1",
        "enhanced_severity_collision": "3",
        "first_road_class": "3",
        "first_road_number": "644",
        "junction_control": "-1",
        "junction_detail": "0",
        "junction_detail_historic": "-1",
        "latitude": "53.69627",
        "light_conditions": "4",
        "local_authority_district": "-1",
        "local_authority_highway": "E08000033",
        "local_authority_highway_current": "E08000033",
        "local_authority_ons_district": "E08000033",
        "location_easting_osgr": "416359",
        "location_northing_osgr": "422231",
        "longitude": "-1.75372",
        "lsoa_of_accident_location": "E01010879",
        "number_of_casualties": 1,
        "number_of_vehicles": 2,
        "pedestrian_crossing": "0",
        "pedestrian_crossing_human_control_historic": "-1",
        "pedestrian_crossing_physical_facilities_historic": "-1",
        "police_force": "13",
        "road_surface_conditions": "2",
        "road_type": "6",
        "second_road_class": "1",
        "second_road_number": "62",
        "special_conditions_at_site": "-1",
        "speed_limit": 30,
        "time": "20:00",
        "trunk_road_flag": "2",
        "urban_or_rural_area": "2",
        "weather_conditions": "1",
        "geometry_source": "collision_location",
        "source_year": 2024,
        "date_iso": "2024-02-11"
      }
    },
    {
      "type": "Feature",
      "id": "2024131508997",
      "geometry": {
        "type": "Point",
        "coordinates": [
          -1.78728,
          53.73215
        ]
      },
      "properties": {
        "carriageway_hazards": "0",
        "carriageway_hazards_historic": "-1",
        "collision_adjusted_severity_serious": "0",
        "collision_adjusted_severity_slight": "1",
        "collision_index": "2024131508997",
        "collision_injury_based": "1",
        "collision_ref_no": "131508997",
        "collision_severity": "3",
        "collision_year": 2024,
        "date": "26/10/2024",
        "day_of_week": "7",
        "did_police_officer_attend_scene_of_accident": "1",
        "enhanced_severity_collision": "3",
        "first_road_class": "3",
        "first_road_number": "58",
        "junction_control": "-1",
        "junction_detail": "0",
        "junction_detail_historic": "-1",
        "latitude": "53.73215",
        "light_conditions": "4",
        "local_authority_district": "-1",
        "local_authority_highway": "E08000033",
        "local_authority_highway_current": "E08000033",
        "local_authority_ons_district": "E08000033",
        "location_easting_osgr": "414131",
        "location_northing_osgr": "426216",
        "longitude": "-1.78728",
        "lsoa_of_accident_location": "E01010905",
        "number_of_casualties": 5,
        "number_of_vehicles": 4,
        "pedestrian_crossing": "0",
        "pedestrian_crossing_human_control_historic": "-1",
        "pedestrian_crossing_physical_facilities_historic": "-1",
        "police_force": "13",
        "road_surface_conditions": "2",
        "road_type": "6",
        "second_road_class": "6",
        "second_road_number": "0",
        "special_conditions_at_site": "-1",
        "speed_limit": 50,
        "time": "22:42",
        "trunk_road_flag": "2",
        "urban_or_rural_area": "1",
        "weather_conditions": "2",
        "geometry_source": "collision_location",
        "source_year": 2024,
        "date_iso": "2024-10-26"
      }
    },
    {
      "type": "Feature",
      "id": "2024131458609",
      "geometry": {
        "type": "Point",
        "coordinates": [
          -1.93593,
          53.69496
        ]
      },
      "properties": {
        "carriageway_hazards": "21",
        "carriageway_hazards_historic": "-1",
        "collision_adjusted_severity_serious": "1",
        "collision_adjusted_severity_slight": "0",
        "collision_index": "2024131458609",
        "collision_injury_based": "1",
        "collision_ref_no": "131458609",
        "collision_severity": "2",
        "collision_year": 2024,
        "date": "22/06/2024",
        "day_of_week": "7",
        "did_police_officer_attend_scene_of_accident": "1",
        "enhanced_severity_collision": "6",
        "first_road_class": "6",
        "first_road_number": "0",
        "junction_control": "-1",
        "junction_detail": "0",
        "junction_detail_historic": "-1",
        "latitude": "53.69496",
        "light_conditions": "4",
        "local_authority_district": "-1",
        "local_authority_highway": "E08000033",
        "local_authority_highway_current": "E08000033",
        "local_authority_ons_district": "E08000033",
        "location_easting_osgr": "404328",
        "location_northing_osgr": "422059",
        "longitude": "-1.93593",
        "lsoa_of_accident_location": "E01010956",
        "number_of_casualties": 1,
        "number_of_vehicles": 1,
        "pedestrian_crossing": "0",
        "pedestrian_crossing_human_control_historic": "-1",
        "pedestrian_crossing_physical_facilities_historic": "-1",
        "police_force": "13",
        "road_surface_conditions": "1",
        "road_type": "6",
        "second_road_class": "3",
        "second_road_number": "58",
        "special_conditions_at_site": "-1",
        "speed_limit": 30,
        "time": "01:08",
        "trunk_road_flag": "2",
        "urban_or_rural_area": "2",
        "weather_conditions": "1",
        "geometry_source": "collision_location",
        "source_year": 2024,
        "date_iso": "2024-06-22"
      }
    },
    {
      "type": "Feature",
      "id": "2024131532538",
      "geometry": {
        "type": "Point",
        "coordinates": [
          -1.81064,
          53.72578
        ]
      },
      "properties": {
        "carriageway_hazards": "0",
        "carriageway_hazards_historic": "-1",
        "collision_adjusted_severity_serious": "1",
        "collision_adjusted_severity_slight": "0",
        "collision_index": "2024131532538",
        "collision_injury_based": "1",
        "collision_ref_no": "131532538",
        "collision_severity": "2",
        "collision_year": 2024,
        "date": "19/12/2024",
        "day_of_week": "5",
        "did_police_officer_attend_scene_of_accident": "1",
        "enhanced_severity_collision": "5",
        "first_road_class": "3",
        "first_road_number": "58",
        "junction_control": "4",
        "junction_detail": "13",
        "junction_detail_historic": "-1",
        "latitude": "53.72578",
        "light_conditions": "4",
        "local_authority_district": "-1",
        "local_authority_highway": "E08000033",
        "local_authority_highway_current": "E08000033",
        "local_authority_ons_district": "E08000033",
        "location_easting_osgr": "412592",
        "location_northing_osgr": "425503",
        "longitude": "-1.81064",
        "lsoa_of_accident_location": "E01010907",
        "number_of_casualties": 1,
        "number_of_vehicles": 1,
        "pedestrian_crossing": "0",
        "pedestrian_crossing_human_control_historic": "-1",
        "pedestrian_crossing_physical_facilities_historic": "-1",
        "police_force": "13",
        "road_surface_conditions": "1",
        "road_type": "6",
        "second_road_class": "6",
        "second_road_number": "0",
        "special_conditions_at_site": "-1",
        "speed_limit": 30,
        "time": "16:16",
        "trunk_road_flag": "2",
        "urban_or_rural_area": "1",
        "weather_conditions": "1",
        "geometry_source": "collision_location",
        "source_year": 2024,
        "date_iso": "2024-12-19"
      }
    },
    {
      "type": "Feature",
      "id": "2024131536399",
      "geometry": {
        "type": "Point",
        "coordinates": [
          -1.83345,
          53.69372
        ]
      },
      "properties": {
        "carriageway_hazards": "0",
        "carriageway_hazards_historic": "-1",
        "collision_adjusted_severity_serious": "1",
        "collision_adjusted_severity_slight": "0",
        "collision_index": "2024131536399",
        "collision_injury_based": "1",
        "collision_ref_no": "131536399",
        "collision_severity": "2",
        "collision_year": 2024,
        "date": "31/12/2024",
        "day_of_week": "3",
        "did_police_officer_attend_scene_of_accident": "1",
        "enhanced_severity_collision": "7",
        "first_road_class": "3",
        "first_road_number": "6025",
        "junction_control": "-1",
        "junction_detail": "0",
        "junction_detail_historic": "-1",
        "latitude": "53.69372",
        "light_conditions": "4",
        "local_authority_district": "-1",
        "local_authority_highway": "E08000033",
        "local_authority_highway_current": "E08000033",
        "local_authority_ons_district": "E08000033",
        "location_easting_osgr": "411095",
        "location_northing_osgr": "421932",
        "longitude": "-1.83345",
        "lsoa_of_accident_location": "E01010890",
        "number_of_casualties": 1,
        "number_of_vehicles": 1,
        "pedestrian_crossing": "11",
        "pedestrian_crossing_human_control_historic": "-1",
        "pedestrian_crossing_physical_facilities_historic": "-1",
        "police_force": "13",
        "road_surface_conditions": "2",
        "road_type": "6",
        "second_road_class": "6",
        "second_road_number": "0",
        "special_conditions_at_site": "-1",
        "speed_limit": 30,
        "time": "17:32",
        "trunk_road_flag": "2",
        "urban_or_rural_area": "1",
        "weather_conditions": "5",
        "geometry_source": "collision_location",
        "source_year": 2024,
        "date_iso": "2024-12-31"
      }
    },
    {
      "type": "Feature",
      "id": "2024131499711",
      "geometry": {
        "type": "Point",
        "coordinates": [
          -1.89583,
          53.78002
        ]
      },
      "properties": {
        "carriageway_hazards": "0",
        "carriageway_hazards_historic": "-1",
        "collision_adjusted_severity_serious": "0",
        "collision_adjusted_severity_slight": "1",
        "collision_index": "2024131499711",
        "collision_injury_based": "1",
        "collision_ref_no": "131499711",
        "collision_severity": "3",
        "collision_year": 2024,
        "date": "04/10/2024",
        "day_of_week": "6",
        "did_police_officer_attend_scene_of_accident": "1",
        "enhanced_severity_collision": "3",
        "first_road_class": "3",
        "first_road_number": "629",
        "junction_control": "-1",
        "junction_detail": "0",
        "junction_detail_historic": "-1",
        "latitude": "53.78002",
        "light_conditions": "4",
        "local_authority_district": "-1",
        "local_authority_highway": "E08000033",
        "local_authority_highway_current": "E08000033",
        "local_authority_ons_district": "E08000033",
        "location_easting_osgr": "406962",
        "location_northing_osgr": "431526",
        "longitude": "-1.89583",
        "lsoa_of_accident_location": "E01010911",
        "number_of_casualties": 1,
        "number_of_vehicles": 1,
        "pedestrian_crossing": "0",
        "pedestrian_crossing_human_control_historic": "-1",
        "pedestrian_crossing_physical_facilities_historic": "-1",
        "police_force": "13",
        "road_surface_conditions": "1",
        "road_type": "6",
        "second_road_class": "6",
        "second_road_number": "0",
        "special_conditions_at_site": "-1",
        "speed_limit": 50,
        "time": "21:32",
        "trunk_road_flag": "2",
        "urban_or_rural_area": "2",
        "weather_conditions": "1",
        "geometry_source": "collision_location",
        "source_year": 2024,
        "date_iso": "2024-10-04"
      }
    },
    {
      "type": "Feature",
      "id": "2024131451323",
      "geometry": {
        "type": "Point",
        "coordinates": [
          -1.81288,
          53.67776
        ]
      },
      "properties": {
        "carriageway_hazards": "0",
        "carriageway_hazards_historic": "-1",
        "collision_adjusted_severity_serious": "0",
        "collision_adjusted_severity_slight": "1",
        "collision_index": "2024131451323",
        "collision_injury_based": "1",
        "collision_ref_no": "131451323",
        "collision_severity": "3",
        "collision_year": 2024,
        "date": "03/06/2024",
        "day_of_week": "2",
        "did_police_officer_attend_scene_of_accident": "2",
        "enhanced_severity_collision": "3",
        "first_road_class": "1",
        "first_road_number": "62",
        "junction_control": "-1",
        "junction_detail": "0",
        "junction_detail_historic": "-1",
        "latitude": "53.67776",
        "light_conditions": "1",
        "local_authority_district": "-1",
        "local_authority_highway": "E08000033",
        "local_authority_highway_current": "E08000033",
        "local_authority_ons_district": "E08000033",
        "location_easting_osgr": "412458",
        "location_northing_osgr": "420160",
        "longitude": "-1.81288",
        "lsoa_of_accident_location": "E01010892",
        "number_of_casualties": 2,
        "number_of_vehicles": 3,
        "pedestrian_crossing": "0",
        "pedestrian_crossing_human_control_historic": "-1",
        "pedestrian_crossing_physical_facilities_historic": "-1",
        "police_force": "13",
        "road_surface_conditions": "1",
        "road_type": "3",
        "second_road_class": "-1",
        "second_road_number": "-1",
        "special_conditions_at_site": "-1",
        "speed_limit": 70,
        "time": "16:25",
        "trunk_road_flag": "1",
        "urban_or_rural_area": "2",
        "weather_conditions": "1",
        "geometry_source": "collision_location",
        "source_year": 2024,
        "date_iso": "2024-06-03"
      }
    },
    {
      "type": "Feature",
      "id": "2024131408401",
      "geometry": {
        "type": "Point",
        "coordinates": [
          -1.88161,
          53.7151
        ]
      },
      "properties": {
        "carriageway_hazards": "0",
        "carriageway_hazards_historic": "-1",
        "collision_adjusted_severity_serious": "0",
        "collision_adjusted_severity_slight": "1",
        "collision_index": "2024131408401",
        "collision_injury_based": "1",
        "collision_ref_no": "131408401",
        "collision_severity": "3",
        "collision_year": 2024,
        "date": "09/02/2024",
        "day_of_week": "6",
        "did_police_officer_attend_scene_of_accident": "1",
        "enhanced_severity_collision": "3",
        "first_road_class": "6",
        "first_road_number": "0",
        "junction_control": "-1",
        "junction_detail": "0",
        "junction_detail_historic": "-1",
        "latitude": "53.7151",
        "light_conditions": "4",
        "local_authority_district": "-1",
        "local_authority_highway": "E08000033",
        "local_authority_highway_current": "E08000033",
        "local_authority_ons_district": "E08000033",
        "location_easting_osgr": "407911",
        "location_northing_osgr": "424305",
        "longitude": "-1.88161",
        "lsoa_of_accident_location": "E01011003",
        "number_of_casualties": 1,
        "number_of_vehicles": 2,
        "pedestrian_crossing": "12",
        "pedestrian_crossing_human_control_historic": "-1",
        "pedestrian_crossing_physical_facilities_historic": "-1",
        "police_force": "13",
        "road_surface_conditions": "2",
        "road_type": "9",
        "second_road_class": "6",
        "second_road_number": "0",
        "special_conditions_at_site": "-1",
        "speed_limit": 20,
        "time": "20:51",
        "trunk_road_flag": "2",
        "urban_or_rural_area": "1",
        "weather_conditions": "1",
        "geometry_source": "collision_location",
        "source_year": 2024,
        "date_iso": "2024-02-09"
      }
    },
    {
      "type": "Feature",
      "id": "2024131397781",
      "geometry": {
        "type": "Point",
        "coordinates": [
          -1.86948,
          53.72951
        ]
      },
      "properties": {
        "carriageway_hazards": "21",
        "carriageway_hazards_historic": "-1",
        "collision_adjusted_severity_serious": "1",
        "collision_adjusted_severity_slight": "0",
        "collision_index": "2024131397781",
        "collision_injury_based": "1",
        "collision_ref_no": "131397781",
        "collision_severity": "2",
        "collision_year": 2024,
        "date": "12/01/2024",
        "day_of_week": "6",
        "did_police_officer_attend_scene_of_accident": "1",
        "enhanced_severity_collision": "7",
        "first_road_class": "6",
        "first_road_number": "0",
        "junction_control": "4",
        "junction_detail": "13",
        "junction_detail_historic": "-1",
        "latitude": "53.72951",
        "light_conditions": "4",
        "local_authority_district": "-1",
        "local_authority_highway": "E08000033",
        "local_authority_highway_current": "E08000033",
        "local_authority_ons_district": "E08000033",
        "location_easting_osgr": "408709",
        "location_northing_osgr": "425909",
        "longitude": "-1.86948",
        "lsoa_of_accident_location": "E01032923",
        "number_of_casualties": 1,
        "number_of_vehicles": 1,
        "pedestrian_crossing": "0",
        "pedestrian_crossing_human_control_historic": "-1",
        "pedestrian_crossing_physical_facilities_historic": "-1",
        "police_force": "13",
        "road_surface_conditions": "2",
        "road_type": "6",
        "second_road_class": "6",
        "second_road_number": "0",
        "special_conditions_at_site": "-1",
        "speed_limit": 30,
        "time": "20:55",
        "trunk_road_flag": "2",
        "urban_or_rural_area": "1",
        "weather_conditions": "1",
        "geometry_source": "collision_location",
        "source_year": 2024,
        "date_iso": "2024-01-12"
      }
    },
    {
      "type": "Feature",
      "id": "2024131482780",
      "geometry": {
        "type": "Point",
        "coordinates": [
          -1.78261,
          53.71228
        ]
      },
      "properties": {
        "carriageway_hazards": "0",
        "carriageway_hazards_historic": "-1",
        "collision_adjusted_severity_serious": "0",
        "collision_adjusted_severity_slight": "1",
        "collision_index": "2024131482780",
        "collision_injury_based": "1",
        "collision_ref_no": "131482780",
        "collision_severity": "3",
        "collision_year": 2024,
        "date": "22/08/2024",
        "day_of_week": "5",
        "did_police_officer_attend_scene_of_accident": "1",
        "enhanced_severity_collision": "3",
        "first_road_class": "6",
        "first_road_number": "0",
        "junction_control": "-1",
        "junction_detail": "0",
        "junction_detail_historic": "-1",
        "latitude": "53.71228",
        "light_conditions": "1",
        "local_authority_district": "-1",
        "local_authority_highway": "E08000033",
        "local_authority_highway_current": "E08000033",
        "local_authority_ons_district": "E08000033",
        "location_easting_osgr": "414446",
        "location_northing_osgr": "424006",
        "longitude": "-1.78261",
        "lsoa_of_accident_location": "E01010876",
        "number_of_casualties": 1,
        "number_of_vehicles": 2,
        "pedestrian_crossing": "0",
        "pedestrian_crossing_human_control_historic": "-1",
        "pedestrian_crossing_physical_facilities_historic": "-1",
        "police_force": "13",
        "road_surface_conditions": "1",
        "road_type": "6",
        "second_road_class": "6",
        "second_road_number": "0",
        "special_conditions_at_site": "-1",
        "speed_limit": 20,
        "time": "17:45",
        "trunk_road_flag": "2",
        "urban_or_rural_area": "1",
        "weather_conditions": "1",
        "geometry_source": "collision_location",
        "source_year": 2024,
        "date_iso": "2024-08-22"
      }
    },
    {
      "type": "Feature",
      "id": "2024131527476",
      "geometry": {
        "type": "Point",
        "coordinates": [
          -1.92055,
          53.73736
        ]
      },
      "properties": {
        "carriageway_hazards": "0",
        "carriageway_hazards_historic": "-1",
        "collision_adjusted_severity_serious": "0",
        "collision_adjusted_severity_slight": "1",
        "collision_index": "2024131527476",
        "collision_injury_based": "1",
        "collision_ref_no": "131527476",
        "collision_severity": "3",
        "collision_year": 2024,
        "date": "07/12/2024",
        "day_of_week": "7",
        "did_police_officer_attend_scene_of_accident": "1",
        "enhanced_severity_collision": "3",
        "first_road_class": "6",
        "first_road_number": "0",
        "junction_control": "-1",
        "junction_detail": "0",
        "junction_detail_historic": "-1",
        "latitude": "53.73736",
        "light_conditions": "4",
        "local_authority_district": "-1",
        "local_authority_highway": "E08000033",
        "local_authority_highway_current": "E08000033",
        "local_authority_ons_district": "E08000033",
        "location_easting_osgr": "405338",
        "location_northing_osgr": "426778",
        "longitude": "-1.92055",
        "lsoa_of_accident_location": "E01010927",
        "number_of_casualties": 1,
        "number_of_vehicles": 1,
        "pedestrian_crossing": "0",
        "pedestrian_crossing_human_control_historic": "-1",
        "pedestrian_crossing_physical_facilities_historic": "-1",
        "police_force": "13",
        "road_surface_conditions": "2",
        "road_type": "6",
        "second_road_class": "-1",
        "second_road_number": "-1",
        "special_conditions_at_site": "-1",
        "speed_limit": 60,
        "time": "21:00",
        "trunk_road_flag": "2",
        "urban_or_rural_area": "2",
        "weather_conditions": "5",
        "geometry_source": "collision_location",
        "source_year": 2024,
        "date_iso": "2024-12-07"
      }
    },
    {
      "type": "Feature",
      "id": "2024131422425",
      "geometry": {
        "type": "Point",
        "coordinates": [
          -1.8625,
          53.72182
        ]
      },
      "properties": {
        "carriageway_hazards": "0",
        "carriageway_hazards_historic": "-1",
        "collision_adjusted_severity_serious": "0",
        "collision_adjusted_severity_slight": "1",
        "collision_index": "2024131422425",
        "collision_injury_based": "1",
        "collision_ref_no": "131422425",
        "collision_severity": "3",
        "collision_year": 2024,
        "date": "16/03/2024",
        "day_of_week": "7",
        "did_police_officer_attend_scene_of_accident": "2",
        "enhanced_severity_collision": "3",
        "first_road_class": "6",
        "first_road_number": "0",
        "junction_control": "-1",
        "junction_detail": "0",
        "junction_detail_historic": "-1",
        "latitude": "53.72182",
        "light_conditions": "4",
        "local_authority_district": "-1",
        "local_authority_highway": "E08000033",
        "local_authority_highway_current": "E08000033",
        "local_authority_ons_district": "E08000033",
        "location_easting_osgr": "409171",
        "location_northing_osgr": "425055",
        "longitude": "-1.8625",
        "lsoa_of_accident_location": "E01034582",
        "number_of_casualties": 1,
        "number_of_vehicles": 1,
        "pedestrian_crossing": "0",
        "pedestrian_crossing_human_control_historic": "-1",
        "pedestrian_crossing_physical_facilities_historic": "-1",
        "police_force": "13",
        "road_surface_conditions": "1",
        "road_type": "2",
        "second_road_class": "6",
        "second_road_number": "0",
        "special_conditions_at_site": "-1",
        "speed_limit": 30,
        "time": "22:37",
        "trunk_road_flag": "2",
        "urban_or_rural_area": "1",
        "weather_conditions": "9",
        "geometry_source": "collision_location",
        "source_year": 2024,
        "date_iso": "2024-03-16"
      }
    },
    {
      "type": "Feature",
      "id": "2024131424627",
      "geometry": {
        "type": "Point",
        "coordinates": [
          -1.93462,
          53.6543
        ]
      },
      "properties": {
        "carriageway_hazards": "0",
        "carriageway_hazards_historic": "-1",
        "collision_adjusted_severity_serious": "0",
        "collision_adjusted_severity_slight": "1",
        "collision_index": "2024131424627",
        "collision_injury_based": "1",
        "collision_ref_no": "131424627",
        "collision_severity": "3",
        "collision_year": 2024,
        "date": "25/03/2024",
        "day_of_week": "2",
        "did_police_officer_attend_scene_of_accident": "1",
        "enhanced_severity_collision": "3",
        "first_road_class": "6",
        "first_road_number": "0",
        "junction_control": "-1",
        "junction_detail": "0",
        "junction_detail_historic": "-1",
        "latitude": "53.6543",
        "light_conditions": "1",
        "local_authority_district": "-1",
        "local_authority_highway": "E08000033",
        "local_authority_highway_current": "E08000033",
        "local_authority_ons_district": "E08000033",
        "location_easting_osgr": "404419",
        "location_northing_osgr": "417536",
        "longitude": "-1.93462",
        "lsoa_of_accident_location": "E01010955",
        "number_of_casualties": 1,
        "number_of_vehicles": 2,
        "pedestrian_crossing": "0",
        "pedestrian_crossing_human_control_historic": "-1",
        "pedestrian_crossing_physical_facilities_historic": "-1",
        "police_force": "13",
        "road_surface_conditions": "2",
        "road_type": "6",
        "second_road_class": "6",
        "second_road_number": "0",
        "special_conditions_at_site": "-1",
        "speed_limit": 30,
        "time": "12:50",
        "trunk_road_flag": "2",
        "urban_or_rural_area": "2",
        "weather_conditions": "2",
        "geometry_source": "collision_location",
        "source_year": 2024,
        "date_iso": "2024-03-25"
      }
    },
    {
      "type": "Feature",
      "id": "2024131453921",
      "geometry": {
        "type": "Point",
        "coordinates": [
          -1.90702,
          53.72445
        ]
      },
      "properties": {
        "carriageway_hazards": "0",
        "carriageway_hazards_historic": "-1",
        "collision_adjusted_severity_serious": "1",
        "collision_adjusted_severity_slight": "0",
        "collision_index": "2024131453921",
        "collision_injury_based": "1",
        "collision_ref_no": "131453921",
        "collision_severity": "2",
        "collision_year": 2024,
        "date": "10/06/2024",
        "day_of_week": "2",
        "did_police_officer_attend_scene_of_accident": "1",
        "enhanced_severity_collision": "7",
        "first_road_class": "6",
        "first_road_number": "0",
        "junction_control": "-1",
        "junction_detail": "0",
        "junction_detail_historic": "-1",
        "latitude": "53.72445",
        "light_conditions": "1",
        "local_authority_district": "-1",
        "local_authority_highway": "E08000033",
        "local_authority_highway_current": "E08000033",
        "local_authority_ons_district": "E08000033",
        "location_easting_osgr": "406233",
        "location_northing_osgr": "425342",
        "longitude": "-1.90702",
        "lsoa_of_accident_location": "E01010999",
        "number_of_casualties": 1,
        "number_of_vehicles": 2,
        "pedestrian_crossing": "0",
        "pedestrian_crossing_human_control_historic": "-1",
        "pedestrian_crossing_physical_facilities_historic": "-1",
        "police_force": "13",
        "road_surface_conditions": "1",
        "road_type": "6",
        "second_road_class": "6",
        "second_road_number": "0",
        "special_conditions_at_site": "-1",
        "speed_limit": 20,
        "time": "13:30",
        "trunk_road_flag": "2",
        "urban_or_rural_area": "1",
        "weather_conditions": "1",
        "geometry_source": "collision_location",
        "source_year": 2024,
        "date_iso": "2024-06-10"
      }
    },
    {
      "type": "Feature",
      "id": "2024131482446",
      "geometry": {
        "type": "Point",
        "coordinates": [
          -1.89051,
          53.71952
        ]
      },
      "properties": {
        "carriageway_hazards": "0",
        "carriageway_hazards_historic": "-1",
        "collision_adjusted_severity_serious": "1",
        "collision_adjusted_severity_slight": "0",
        "collision_index": "2024131482446",
        "collision_injury_based": "1",
        "collision_ref_no": "131482446",
        "collision_severity": "2",
        "collision_year": 2024,
        "date": "20/08/2024",
        "day_of_week": "3",
        "did_police_officer_attend_scene_of_accident": "1",
        "enhanced_severity_collision": "6",
        "first_road_class": "6",
        "first_road_number": "0",
        "junction_control": "4",
        "junction_detail": "13",
        "junction_detail_historic": "-1",
        "latitude": "53.71952",
        "light_conditions": "4",
        "local_authority_district": "-1",
        "local_authority_highway": "E08000033",
        "local_authority_highway_current": "E08000033",
        "local_authority_ons_district": "E08000033",
        "location_easting_osgr": "407323",
        "location_northing_osgr": "424796",
        "longitude": "-1.89051",
        "lsoa_of_accident_location": "E01011000",
        "number_of_casualties": 1,
        "number_of_vehicles": 2,
        "pedestrian_crossing": "0",
        "pedestrian_crossing_human_control_historic": "-1",
        "pedestrian_crossing_physical_facilities_historic": "-1",
        "police_force": "13",
        "road_surface_conditions": "2",
        "road_type": "6",
        "second_road_class": "6",
        "second_road_number": "0",
        "special_conditions_at_site": "-1",
        "speed_limit": 30,
        "time": "19:57",
        "trunk_road_flag": "2",
        "urban_or_rural_area": "1",
        "weather_conditions": "1",
        "geometry_source": "collision_location",
        "source_year": 2024,
        "date_iso": "2024-08-20"
      }
    },
    {
      "type": "Feature",
      "id": "2024131436382",
      "geometry": {
        "type": "Point",
        "coordinates": [
          -1.95964,
          53.64093
        ]
      },
      "properties": {
        "carriageway_hazards": "0",
        "carriageway_hazards_historic": "-1",
        "collision_adjusted_severity_serious": "0",
        "collision_adjusted_severity_slight": "1",
        "collision_index": "2024131436382",
        "collision_injury_based": "1",
        "collision_ref_no": "131436382",
        "collision_severity": "3",
        "collision_year": 2024,
        "date": "27/04/2024",
        "day_of_week": "7",
        "did_police_officer_attend_scene_of_accident": "1",
        "enhanced_severity_collision": "3",
        "first_road_class": "1",
        "first_road_number": "62",
        "junction_control": "-1",
        "junction_detail": "0",
        "junction_detail_historic": "-1",
        "latitude": "53.64093",
        "light_conditions": "1",
        "local_authority_district": "-1",
        "local_authority_highway": "E08000033",
        "local_authority_highway_current": "E08000033",
        "local_authority_ons_district": "E08000033",
        "location_easting_osgr": "402766",
        "location_northing_osgr": "416047",
        "longitude": "-1.95964",
        "lsoa_of_accident_location": "E01010955",
        "number_of_casualties": 1,
        "number_of_vehicles": 3,
        "pedestrian_crossing": "0",
        "pedestrian_crossing_human_control_historic": "-1",
        "pedestrian_crossing_physical_facilities_historic": "-1",
        "police_force": "13",
        "road_surface_conditions": "1",
        "road_type": "3",
        "second_road_class": "-1",
        "second_road_number": "-1",
        "special_conditions_at_site": "-1",
        "speed_limit": 70,
        "time": "10:45",
        "trunk_road_flag": "1",
        "urban_or_rural_area": "2",
        "weather_conditions": "1",
        "geometry_source": "collision_location",
        "source_year": 2024,
        "date_iso": "2024-04-27"
      }
    },
    {
      "type": "Feature",
      "id": "2024131499210",
      "geometry": {
        "type": "Point",
        "coordinates": [
          -1.85678,
          53.71487
        ]
      },
      "properties": {
        "carriageway_hazards": "13",
        "carriageway_hazards_historic": "-1",
        "collision_adjusted_severity_serious": "0",
        "collision_adjusted_severity_slight": "1",
        "collision_index": "2024131499210",
        "collision_injury_based": "1",
        "collision_ref_no": "131499210",
        "collision_severity": "3",
        "collision_year": 2024,
        "date": "03/10/2024",
        "day_of_week": "5",
        "did_police_officer_attend_scene_of_accident": "1",
        "enhanced_severity_collision": "3",
        "first_road_class": "6",
        "first_road_number": "0",
        "junction_control": "2",
        "junction_detail": "19",
        "junction_detail_historic": "-1",
        "latitude": "53.71487",
        "light_conditions": "1",
        "local_authority_district": "-1",
        "local_authority_highway": "E08000033",
        "local_authority_highway_current": "E08000033",
        "local_authority_ons_district": "E08000033",
        "location_easting_osgr": "409550",
        "location_northing_osgr": "424282",
        "longitude": "-1.85678",
        "lsoa_of_accident_location": "E01010989",
        "number_of_casualties": 1,
        "number_of_vehicles": 2,
        "pedestrian_crossing": "0",
        "pedestrian_crossing_human_control_historic": "-1",
        "pedestrian_crossing_physical_facilities_historic": "-1",
        "police_force": "13",
        "road_surface_conditions": "1",
        "road_type": "6",
        "second_road_class": "6",
        "second_road_number": "0",
        "special_conditions_at_site": "-1",
        "speed_limit": 20,
        "time": "14:55",
        "trunk_road_flag": "2",
        "urban_or_rural_area": "1",
        "weather_conditions": "1",
        "geometry_source": "collision_location",
        "source_year": 2024,
        "date_iso": "2024-10-03"
      }
    },
    {
      "type": "Feature",
      "id": "2024131519415",
      "geometry": {
        "type": "Point",
        "coordinates": [
          -1.80102,
          53.68235
        ]
      },
      "properties": {
        "carriageway_hazards": "0",
        "carriageway_hazards_historic": "-1",
        "collision_adjusted_severity_serious": "0",
        "collision_adjusted_severity_slight": "1",
        "collision_index": "2024131519415",
        "collision_injury_based": "1",
        "collision_ref_no": "131519415",
        "collision_severity": "3",
        "collision_year": 2024,
        "date": "19/11/2024",
        "day_of_week": "3",
        "did_police_officer_attend_scene_of_accident": "2",
        "enhanced_severity_collision": "3",
        "first_road_class": "3",
        "first_road_number": "643",
        "junction_control": "2",
        "junction_detail": "16",
        "junction_detail_historic": "-1",
        "latitude": "53.68235",
        "light_conditions": "1",
        "local_authority_district": "-1",
        "local_authority_highway": "E08000033",
        "local_authority_highway_current": "E08000033",
        "local_authority_ons_district": "E08000033",
        "location_easting_osgr": "413240",
        "location_northing_osgr": "420673",
        "longitude": "-1.80102",
        "lsoa_of_accident_location": "E01010891",
        "number_of_casualties": 1,
        "number_of_vehicles": 2,
        "pedestrian_crossing": "0",
        "pedestrian_crossing_human_control_historic": "-1",
        "pedestrian_crossing_physical_facilities_historic": "-1",
        "police_force": "13",
        "road_surface_conditions": "2",
        "road_type": "6",
        "second_road_class": "3",
        "second_road_number": "6107",
        "special_conditions_at_site": "-1",
        "speed_limit": 30,
        "time": "16:20",
        "trunk_road_flag": "2",
        "urban_or_rural_area": "1",
        "weather_conditions": "1",
        "geometry_source": "collision_location",
        "source_year": 2024,
        "date_iso": "2024-11-19"
      }
    },
    {
      "type": "Feature",
      "id": "2024131533678",
      "geometry": {
        "type": "Point",
        "coordinates": [
          -1.94069,
          53.64621
        ]
      },
      "properties": {
        "carriageway_hazards": "0",
        "carriageway_hazards_historic": "-1",
        "collision_adjusted_severity_serious": "1",
        "collision_adjusted_severity_slight": "0",
        "collision_index": "2024131533678",
        "collision_injury_based": "1",
        "collision_ref_no": "131533678",
        "collision_severity": "2",
        "collision_year": 2024,
        "date": "21/12/2024",
        "day_of_week": "7",
        "did_police_officer_attend_scene_of_accident": "1",
        "enhanced_severity_collision": "7",
        "first_road_class": "1",
        "first_road_number": "62",
        "junction_control": "-1",
        "junction_detail": "0",
        "junction_detail_historic": "-1",
        "latitude": "53.64621",
        "light_conditions": "4",
        "local_authority_district": "-1",
        "local_authority_highway": "E08000033",
        "local_authority_highway_current": "E08000033",
        "local_authority_ons_district": "E08000033",
        "location_easting_osgr": "404018",
        "location_northing_osgr": "416635",
        "longitude": "-1.94069",
        "lsoa_of_accident_location": "E01010955",
        "number_of_casualties": 7,
        "number_of_vehicles": 3,
        "pedestrian_crossing": "0",
        "pedestrian_crossing_human_control_historic": "-1",
        "pedestrian_crossing_physical_facilities_historic": "-1",
        "police_force": "13",
        "road_surface_conditions": "2",
        "road_type": "3",
        "second_road_class": "-1",
        "second_road_number": "-1",
        "special_conditions_at_site": "-1",
        "speed_limit": 70,
        "time": "18:21",
        "trunk_road_flag": "1",
        "urban_or_rural_area": "2",
        "weather_conditions": "5",
        "geometry_source": "collision_location",
        "source_year": 2024,
        "date_iso": "2024-12-21"
      }
    },
    {
      "type": "Feature",
      "id": "2024131529520",
      "geometry": {
        "type": "Point",
        "coordinates": [
          -1.91407,
          53.71991
        ]
      },
      "properties": {
        "carriageway_hazards": "0",
        "carriageway_hazards_historic": "-1",
        "collision_adjusted_severity_serious": "1",
        "collision_adjusted_severity_slight": "0",
        "collision_index": "2024131529520",
        "collision_injury_based": "1",
        "collision_ref_no": "131529520",
        "collision_severity": "2",
        "collision_year": 2024,
        "date": "08/11/2024",
        "day_of_week": "6",
        "did_police_officer_attend_scene_of_accident": "1",
        "enhanced_severity_collision": "7",
        "first_road_class": "6",
        "first_road_number": "0",
        "junction_control": "-1",
        "junction_detail": "0",
        "junction_detail_historic": "-1",
        "latitude": "53.71991",
        "light_conditions": "4",
        "local_authority_district": "-1",
        "local_authority_highway": "E08000033",
        "local_authority_highway_current": "E08000033",
        "local_authority_ons_district": "E08000033",
        "location_easting_osgr": "405768",
        "location_northing_osgr": "424837",
        "longitude": "-1.91407",
        "lsoa_of_accident_location": "E01010997",
        "number_of_casualties": 1,
        "number_of_vehicles": 1,
        "pedestrian_crossing": "0",
        "pedestrian_crossing_human_control_historic": "-1",
        "pedestrian_crossing_physical_facilities_historic": "-1",
        "police_force": "13",
        "road_surface_conditions": "1",
        "road_type": "6",
        "second_road_class": "6",
        "second_road_number": "0",
        "special_conditions_at_site": "-1",
        "speed_limit": 20,
        "time": "20:07",
        "trunk_road_flag": "2",
        "urban_or_rural_area": "1",
        "weather_conditions": "1",
        "geometry_source": "collision_location",
        "source_year": 2024,
        "date_iso": "2024-11-08"
      }
    },
    {
      "type": "Feature",
      "id": "2024131469435",
      "geometry": {
        "type": "Point",
        "coordinates": [
          -1.8616,
          53.71407
        ]
      },
      "properties": {
        "carriageway_hazards": "0",
        "carriageway_hazards_historic": "-1",
        "collision_adjusted_severity_serious": "1",
        "collision_adjusted_severity_slight": "0",
        "collision_index": "2024131469435",
        "collision_injury_based": "1",
        "collision_ref_no": "131469435",
        "collision_severity": "2",
        "collision_year": 2024,
        "date": "18/07/2024",
        "day_of_week": "5",
        "did_police_officer_attend_scene_of_accident": "1",
        "enhanced_severity_collision": "7",
        "first_road_class": "6",
        "first_road_number": "0",
        "junction_control": "4",
        "junction_detail": "19",
        "junction_detail_historic": "-1",
        "latitude": "53.71407",
        "light_conditions": "1",
        "local_authority_district": "-1",
        "local_authority_highway": "E08000033",
        "local_authority_highway_current": "E08000033",
        "local_authority_ons_district": "E08000033",
        "location_easting_osgr": "409232",
        "location_northing_osgr": "424193",
        "longitude": "-1.8616",
        "lsoa_of_accident_location": "E01010968",
        "number_of_casualties": 1,
        "number_of_vehicles": 1,
        "pedestrian_crossing": "0",
        "pedestrian_crossing_human_control_historic": "-1",
        "pedestrian_crossing_physical_facilities_historic": "-1",
        "police_force": "13",
        "road_surface_conditions": "1",
        "road_type": "6",
        "second_road_class": "6",
        "second_road_number": "0",
        "special_conditions_at_site": "-1",
        "speed_limit": 30,
        "time": "15:47",
        "trunk_road_flag": "2",
        "urban_or_rural_area": "1",
        "weather_conditions": "1",
        "geometry_source": "collision_location",
        "source_year": 2024,
        "date_iso": "2024-07-18"
      }
    },
    {
      "type": "Feature",
      "id": "2024131440020",
      "geometry": {
        "type": "Point",
        "coordinates": [
          -1.92009,
          53.72814
        ]
      },
      "properties": {
        "carriageway_hazards": "0",
        "carriageway_hazards_historic": "-1",
        "collision_adjusted_severity_serious": "0",
        "collision_adjusted_severity_slight": "1",
        "collision_index": "2024131440020",
        "collision_injury_based": "1",
        "collision_ref_no": "131440020",
        "collision_severity": "3",
        "collision_year": 2024,
        "date": "06/05/2024",
        "day_of_week": "2",
        "did_police_officer_attend_scene_of_accident": "2",
        "enhanced_severity_collision": "3",
        "first_road_class": "6",
        "first_road_number": "0",
        "junction_control": "-1",
        "junction_detail": "0",
        "junction_detail_historic": "-1",
        "latitude": "53.72814",
        "light_conditions": "1",
        "local_authority_district": "-1",
        "local_authority_highway": "E08000033",
        "local_authority_highway_current": "E08000033",
        "local_authority_ons_district": "E08000033",
        "location_easting_osgr": "405370",
        "location_northing_osgr": "425752",
        "longitude": "-1.92009",
        "lsoa_of_accident_location": "E01010997",
        "number_of_casualties": 1,
        "number_of_vehicles": 1,
        "pedestrian_crossing": "0",
        "pedestrian_crossing_human_control_historic": "-1",
        "pedestrian_crossing_physical_facilities_historic": "-1",
        "police_force": "13",
        "road_surface_conditions": "1",
        "road_type": "6",
        "second_road_class": "6",
        "second_road_number": "0",
        "special_conditions_at_site": "-1",
        "speed_limit": 60,
        "time": "14:22",
        "trunk_road_flag": "2",
        "urban_or_rural_area": "2",
        "weather_conditions": "9",
        "geometry_source": "collision_location",
        "source_year": 2024,
        "date_iso": "2024-05-06"
      }
    },
    {
      "type": "Feature",
      "id": "2024131534127",
      "geometry": {
        "type": "Point",
        "coordinates": [
          -1.77781,
          53.70169
        ]
      },
      "properties": {
        "carriageway_hazards": "0",
        "carriageway_hazards_historic": "-1",
        "collision_adjusted_severity_serious": "0",
        "collision_adjusted_severity_slight": "1",
        "collision_index": "2024131534127",
        "collision_injury_based": "1",
        "collision_ref_no": "131534127",
        "collision_severity": "3",
        "collision_year": 2024,
        "date": "23/12/2024",
        "day_of_week": "2",
        "did_police_officer_attend_scene_of_accident": "1",
        "enhanced_severity_collision": "3",
        "first_road_class": "3",
        "first_road_number": "641",
        "junction_control": "4",
        "junction_detail": "13",
        "junction_detail_historic": "-1",
        "latitude": "53.70169",
        "light_conditions": "1",
        "local_authority_district": "-1",
        "local_authority_highway": "E08000033",
        "local_authority_highway_current": "E08000033",
        "local_authority_ons_district": "E08000033",
        "location_easting_osgr": "414766",
        "location_northing_osgr": "422829",
        "longitude": "-1.77781",
        "lsoa_of_accident_location": "E01010878",
        "number_of_casualties": 2,
        "number_of_vehicles": 2,
        "pedestrian_crossing": "0",
        "pedestrian_crossing_human_control_historic": "-1",
        "pedestrian_crossing_physical_facilities_historic": "-1",
        "police_force": "13",
        "road_surface_conditions": "1",
        "road_type": "9",
        "second_road_class": "6",
        "second_road_number": "0",
        "special_conditions_at_site": "-1",
        "speed_limit": 30,
        "time": "07:46",
        "trunk_road_flag": "2",
        "urban_or_rural_area": "1",
        "weather_conditions": "1",
        "geometry_source": "collision_location",
        "source_year": 2024,
        "date_iso": "2024-12-23"
      }
    },
    {
      "type": "Feature",
      "id": "2024131469067",
      "geometry": {
        "type": "Point",
        "coordinates": [
          -1.78432,
          53.70266
        ]
      },
      "properties": {
        "carriageway_hazards": "0",
        "carriageway_hazards_historic": "-1",
        "collision_adjusted_severity_serious": "0",
        "collision_adjusted_severity_slight": "1",
        "collision_index": "2024131469067",
        "collision_injury_based": "1",
        "collision_ref_no": "131469067",
        "collision_severity": "3",
        "collision_year": 2024,
        "date": "18/07/2024",
        "day_of_week": "5",
        "did_police_officer_attend_scene_of_accident": "1",
        "enhanced_severity_collision": "3",
        "first_road_class": "3",
        "first_road_number": "643",
        "junction_control": "-1",
        "junction_detail": "0",
        "junction_detail_historic": "-1",
        "latitude": "53.70266",
        "light_conditions": "4",
        "local_authority_district": "-1",
        "local_authority_highway": "E08000033",
        "local_authority_highway_current": "E08000033",
        "local_authority_ons_district": "E08000033",
        "location_easting_osgr": "414336",
        "location_northing_osgr": "422936",
        "longitude": "-1.78432",
        "lsoa_of_accident_location": "E01010949",
        "number_of_casualties": 1,
        "number_of_vehicles": 1,
        "pedestrian_crossing": "0",
        "pedestrian_crossing_human_control_historic": "-1",
        "pedestrian_crossing_physical_facilities_historic": "-1",
        "police_force": "13",
        "road_surface_conditions": "1",
        "road_type": "3",
        "second_road_class": "3",
        "second_road_number": "643",
        "special_conditions_at_site": "-1",
        "speed_limit": 30,
        "time": "03:20",
        "trunk_road_flag": "2",
        "urban_or_rural_area": "1",
        "weather_conditions": "1",
        "geometry_source": "collision_location",
        "source_year": 2024,
        "date_iso": "2024-07-18"
      }
    },
    {
      "type": "Feature",
      "id": "2024131517931",
      "geometry": {
        "type": "Point",
        "coordinates": [
          -2.10801,
          53.72092
        ]
      },
      "properties": {
        "carriageway_hazards": "0",
        "carriageway_hazards_historic": "-1",
        "collision_adjusted_severity_serious": "1",
        "collision_adjusted_severity_slight": "0",
        "collision_index": "2024131517931",
        "collision_injury_based": "1",
        "collision_ref_no": "131517931",
        "collision_severity": "2",
        "collision_year": 2024,
        "date": "18/11/2024",
        "day_of_week": "2",
        "did_police_officer_attend_scene_of_accident": "1",
        "enhanced_severity_collision": "7",
        "first_road_class": "3",
        "first_road_number": "646",
        "junction_control": "4",
        "junction_detail": "16",
        "junction_detail_historic": "-1",
        "latitude": "53.72092",
        "light_conditions": "4",
        "local_authority_district": "-1",
        "local_authority_highway": "E08000033",
        "local_authority_highway_current": "E08000033",
        "local_authority_ons_district": "E08000033",
        "location_easting_osgr": "392970",
        "location_northing_osgr": "424951",
        "longitude": "-2.10801",
        "lsoa_of_accident_location": "E01010987",
        "number_of_casualties": 1,
        "number_of_vehicles": 1,
        "pedestrian_crossing": "11",
        "pedestrian_crossing_human_control_historic": "-1",
        "pedestrian_crossing_physical_facilities_historic": "-1",
        "police_force": "13",
        "road_surface_conditions": "2",
        "road_type": "6",
        "second_road_class": "6",
        "second_road_number": "0",
        "special_conditions_at_site": "-1",
        "speed_limit": 30,
        "time": "19:05",
        "trunk_road_flag": "2",
        "urban_or_rural_area": "1",
        "weather_conditions": "3",
        "geometry_source": "collision_location",
        "source_year": 2024,
        "date_iso": "2024-11-18"
      }
    },
    {
      "type": "Feature",
      "id": "2024131462840",
      "geometry": {
        "type": "Point",
        "coordinates": [
          -1.86337,
          53.70629
        ]
      },
      "properties": {
        "carriageway_hazards": "0",
        "carriageway_hazards_historic": "-1",
        "collision_adjusted_severity_serious": "0",
        "collision_adjusted_severity_slight": "1",
        "collision_index": "2024131462840",
        "collision_injury_based": "1",
        "collision_ref_no": "131462840",
        "collision_severity": "3",
        "collision_year": 2024,
        "date": "15/05/2024",
        "day_of_week": "4",
        "did_police_officer_attend_scene_of_accident": "1",
        "enhanced_severity_collision": "3",
        "first_road_class": "6",
        "first_road_number": "0",
        "junction_control": "2",
        "junction_detail": "16",
        "junction_detail_historic": "-1",
        "latitude": "53.70629",
        "light_conditions": "1",
        "local_authority_district": "-1",
        "local_authority_highway": "E08000033",
        "local_authority_highway_current": "E08000033",
        "local_authority_ons_district": "E08000033",
        "location_easting_osgr": "409117",
        "location_northing_osgr": "423327",
        "longitude": "-1.86337",
        "lsoa_of_accident_location": "E01010972",
        "number_of_casualties": 1,
        "number_of_vehicles": 2,
        "pedestrian_crossing": "0",
        "pedestrian_crossing_human_control_historic": "-1",
        "pedestrian_crossing_physical_facilities_historic": "-1",
        "police_force": "13",
        "road_surface_conditions": "1",
        "road_type": "6",
        "second_road_class": "3",
        "second_road_number": "646",
        "special_conditions_at_site": "-1",
        "speed_limit": 30,
        "time": "14:30",
        "trunk_road_flag": "2",
        "urban_or_rural_area": "1",
        "weather_conditions": "1",
        "geometry_source": "collision_location",
        "source_year": 2024,
        "date_iso": "2024-05-15"
      }
    },
    {
      "type": "Feature",
      "id": "2024131433681",
      "geometry": {
        "type": "Point",
        "coordinates": [
          -1.87516,
          53.74011
        ]
      },
      "properties": {
        "carriageway_hazards": "0",
        "carriageway_hazards_historic": "-1",
        "collision_adjusted_severity_serious": "0",
        "collision_adjusted_severity_slight": "1",
        "collision_index": "2024131433681",
        "collision_injury_based": "1",
        "collision_ref_no": "131433681",
        "collision_severity": "3",
        "collision_year": 2024,
        "date": "19/04/2024",
        "day_of_week": "6",
        "did_police_officer_attend_scene_of_accident": "1",
        "enhanced_severity_collision": "3",
        "first_road_class": "6",
        "first_road_number": "0",
        "junction_control": "4",
        "junction_detail": "13",
        "junction_detail_historic": "-1",
        "latitude": "53.74011",
        "light_conditions": "4",
        "local_authority_district": "-1",
        "local_authority_highway": "E08000033",
        "local_authority_highway_current": "E08000033",
        "local_authority_ons_district": "E08000033",
        "location_easting_osgr": "408332",
        "location_northing_osgr": "427088",
        "longitude": "-1.87516",
        "lsoa_of_accident_location": "E01010940",
        "number_of_casualties": 1,
        "number_of_vehicles": 3,
        "pedestrian_crossing": "0",
        "pedestrian_crossing_human_control_historic": "-1",
        "pedestrian_crossing_physical_facilities_historic": "-1",
        "police_force": "13",
        "road_surface_conditions": "1",
        "road_type": "6",
        "second_road_class": "6",
        "second_road_number": "0",
        "special_conditions_at_site": "-1",
        "speed_limit": 30,
        "time": "20:53",
        "trunk_road_flag": "2",
        "urban_or_rural_area": "1",
        "weather_conditions": "1",
        "geometry_source": "collision_location",
        "source_year": 2024,
        "date_iso": "2024-04-19"
      }
    },
    {
      "type": "Feature",
      "id": "2024131438855",
      "geometry": {
        "type": "Point",
        "coordinates": [
          -1.88659,
          53.71708
        ]
      },
      "properties": {
        "carriageway_hazards": "0",
        "carriageway_hazards_historic": "-1",
        "collision_adjusted_severity_serious": "1",
        "collision_adjusted_severity_slight": "0",
        "collision_index": "2024131438855",
        "collision_injury_based": "1",
        "collision_ref_no": "131438855",
        "collision_severity": "2",
        "collision_year": 2024,
        "date": "03/05/2024",
        "day_of_week": "6",
        "did_police_officer_attend_scene_of_accident": "1",
        "enhanced_severity_collision": "7",
        "first_road_class": "6",
        "first_road_number": "0",
        "junction_control": "4",
        "junction_detail": "16",
        "junction_detail_historic": "-1",
        "latitude": "53.71708",
        "light_conditions": "1",
        "local_authority_district": "-1",
        "local_authority_highway": "E08000033",
        "local_authority_highway_current": "E08000033",
        "local_authority_ons_district": "E08000033",
        "location_easting_osgr": "407582",
        "location_northing_osgr": "424524",
        "longitude": "-1.88659",
        "lsoa_of_accident_location": "E01011002",
        "number_of_casualties": 1,
        "number_of_vehicles": 2,
        "pedestrian_crossing": "0",
        "pedestrian_crossing_human_control_historic": "-1",
        "pedestrian_crossing_physical_facilities_historic": "-1",
        "police_force": "13",
        "road_surface_conditions": "2",
        "road_type": "6",
        "second_road_class": "6",
        "second_road_number": "0",
        "special_conditions_at_site": "-1",
        "speed_limit": 20,
        "time": "15:43",
        "trunk_road_flag": "2",
        "urban_or_rural_area": "1",
        "weather_conditions": "8",
        "geometry_source": "collision_location",
        "source_year": 2024,
        "date_iso": "2024-05-03"
      }
    },
    {
      "type": "Feature",
      "id": "2024131499750",
      "geometry": {
        "type": "Point",
        "coordinates": [
          -1.9051,
          53.72489
        ]
      },
      "properties": {
        "carriageway_hazards": "0",
        "carriageway_hazards_historic": "-1",
        "collision_adjusted_severity_serious": "0",
        "collision_adjusted_severity_slight": "1",
        "collision_index": "2024131499750",
        "collision_injury_based": "1",
        "collision_ref_no": "131499750",
        "collision_severity": "3",
        "collision_year": 2024,
        "date": "05/10/2024",
        "day_of_week": "7",
        "did_police_officer_attend_scene_of_accident": "1",
        "enhanced_severity_collision": "3",
        "first_road_class": "6",
        "first_road_number": "0",
        "junction_control": "-1",
        "junction_detail": "0",
        "junction_detail_historic": "-1",
        "latitude": "53.72489",
        "light_conditions": "4",
        "local_authority_district": "-1",
        "local_authority_highway": "E08000033",
        "local_authority_highway_current": "E08000033",
        "local_authority_ons_district": "E08000033",
        "location_easting_osgr": "406359",
        "location_northing_osgr": "425392",
        "longitude": "-1.9051",
        "lsoa_of_accident_location": "E01010999",
        "number_of_casualties": 1,
        "number_of_vehicles": 5,
        "pedestrian_crossing": "0",
        "pedestrian_crossing_human_control_historic": "-1",
        "pedestrian_crossing_physical_facilities_historic": "-1",
        "police_force": "13",
        "road_surface_conditions": "1",
        "road_type": "6",
        "second_road_class": "6",
        "second_road_number": "0",
        "special_conditions_at_site": "-1",
        "speed_limit": 20,
        "time": "04:12",
        "trunk_road_flag": "2",
        "urban_or_rural_area": "1",
        "weather_conditions": "1",
        "geometry_source": "collision_location",
        "source_year": 2024,
        "date_iso": "2024-10-05"
      }
    },
    {
      "type": "Feature",
      "id": "2024131442448",
      "geometry": {
        "type": "Point",
        "coordinates": [
          -1.83869,
          53.69014
        ]
      },
      "properties": {
        "carriageway_hazards": "0",
        "carriageway_hazards_historic": "-1",
        "collision_adjusted_severity_serious": "0",
        "collision_adjusted_severity_slight": "1",
        "collision_index": "2024131442448",
        "collision_injury_based": "1",
        "collision_ref_no": "131442448",
        "collision_severity": "3",
        "collision_year": 2024,
        "date": "14/05/2024",
        "day_of_week": "3",
        "did_police_officer_attend_scene_of_accident": "1",
        "enhanced_severity_collision": "3",
        "first_road_class": "6",
        "first_road_number": "0",
        "junction_control": "4",
        "junction_detail": "19",
        "junction_detail_historic": "-1",
        "latitude": "53.69014",
        "light_conditions": "1",
        "local_authority_district": "-1",
        "local_authority_highway": "E08000033",
        "local_authority_highway_current": "E08000033",
        "local_authority_ons_district": "E08000033",
        "location_easting_osgr": "410750",
        "location_northing_osgr": "421533",
        "longitude": "-1.83869",
        "lsoa_of_accident_location": "E01010889",
        "number_of_casualties": 4,
        "number_of_vehicles": 2,
        "pedestrian_crossing": "0",
        "pedestrian_crossing_human_control_historic": "-1",
        "pedestrian_crossing_physical_facilities_historic": "-1",
        "police_force": "13",
        "road_surface_conditions": "2",
        "road_type": "6",
        "second_road_class": "3",
        "second_road_number": "6025",
        "special_conditions_at_site": "-1",
        "speed_limit": 30,
        "time": "05:52",
        "trunk_road_flag": "2",
        "urban_or_rural_area": "1",
        "weather_conditions": "2",
        "geometry_source": "collision_location",
        "source_year": 2024,
        "date_iso": "2024-05-14"
      }
    },
    {
      "type": "Feature",
      "id": "2024131477567",
      "geometry": {
        "type": "Point",
        "coordinates": [
          -1.94571,
          53.65272
        ]
      },
      "properties": {
        "carriageway_hazards": "0",
        "carriageway_hazards_historic": "-1",
        "collision_adjusted_severity_serious": "0",
        "collision_adjusted_severity_slight": "1",
        "collision_index": "2024131477567",
        "collision_injury_based": "1",
        "collision_ref_no": "131477567",
        "collision_severity": "3",
        "collision_year": 2024,
        "date": "08/08/2024",
        "day_of_week": "5",
        "did_police_officer_attend_scene_of_accident": "1",
        "enhanced_severity_collision": "3",
        "first_road_class": "3",
        "first_road_number": "672",
        "junction_control": "-1",
        "junction_detail": "0",
        "junction_detail_historic": "-1",
        "latitude": "53.65272",
        "light_conditions": "4",
        "local_authority_district": "-1",
        "local_authority_highway": "E08000033",
        "local_authority_highway_current": "E08000033",
        "local_authority_ons_district": "E08000033",
        "location_easting_osgr": "403686",
        "location_northing_osgr": "417359",
        "longitude": "-1.94571",
        "lsoa_of_accident_location": "E01010955",
        "number_of_casualties": 1,
        "number_of_vehicles": 1,
        "pedestrian_crossing": "0",
        "pedestrian_crossing_human_control_historic": "-1",
        "pedestrian_crossing_physical_facilities_historic": "-1",
        "police_force": "13",
        "road_surface_conditions": "2",
        "road_type": "6",
        "second_road_class": "-1",
        "second_road_number": "-1",
        "special_conditions_at_site": "-1",
        "speed_limit": 50,
        "time": "23:02",
        "trunk_road_flag": "2",
        "urban_or_rural_area": "2",
        "weather_conditions": "1",
        "geometry_source": "collision_location",
        "source_year": 2024,
        "date_iso": "2024-08-08"
      }
    },
    {
      "type": "Feature",
      "id": "2024131531147",
      "geometry": {
        "type": "Point",
        "coordinates": [
          -1.87827,
          53.72793
        ]
      },
      "properties": {
        "carriageway_hazards": "0",
        "carriageway_hazards_historic": "-1",
        "collision_adjusted_severity_serious": "0",
        "collision_adjusted_severity_slight": "1",
        "collision_index": "2024131531147",
        "collision_injury_based": "1",
        "collision_ref_no": "131531147",
        "collision_severity": "3",
        "collision_year": 2024,
        "date": "16/12/2024",
        "day_of_week": "2",
        "did_police_officer_attend_scene_of_accident": "1",
        "enhanced_severity_collision": "3",
        "first_road_class": "6",
        "first_road_number": "0",
        "junction_control": "4",
        "junction_detail": "13",
        "junction_detail_historic": "-1",
        "latitude": "53.72793",
        "light_conditions": "1",
        "local_authority_district": "-1",
        "local_authority_highway": "E08000033",
        "local_authority_highway_current": "E08000033",
        "local_authority_ons_district": "E08000033",
        "location_easting_osgr": "408129",
        "location_northing_osgr": "425732",
        "longitude": "-1.87827",
        "lsoa_of_accident_location": "E01010960",
        "number_of_casualties": 1,
        "number_of_vehicles": 1,
        "pedestrian_crossing": "0",
        "pedestrian_crossing_human_control_historic": "-1",
        "pedestrian_crossing_physical_facilities_historic": "-1",
        "police_force": "13",
        "road_surface_conditions": "1",
        "road_type": "6",
        "second_road_class": "6",
        "second_road_number": "0",
        "special_conditions_at_site": "-1",
        "speed_limit": 30,
        "time": "12:52",
        "trunk_road_flag": "2",
        "urban_or_rural_area": "1",
        "weather_conditions": "1",
        "geometry_source": "collision_location",
        "source_year": 2024,
        "date_iso": "2024-12-16"
      }
    },
    {
      "type": "Feature",
      "id": "2024131404491",
      "geometry": {
        "type": "Point",
        "coordinates": [
          -1.81265,
          53.67804
        ]
      },
      "properties": {
        "carriageway_hazards": "0",
        "carriageway_hazards_historic": "-1",
        "collision_adjusted_severity_serious": "0",
        "collision_adjusted_severity_slight": "1",
        "collision_index": "2024131404491",
        "collision_injury_based": "1",
        "collision_ref_no": "131404491",
        "collision_severity": "3",
        "collision_year": 2024,
        "date": "29/01/2024",
        "day_of_week": "2",
        "did_police_officer_attend_scene_of_accident": "1",
        "enhanced_severity_collision": "3",
        "first_road_class": "1",
        "first_road_number": "62",
        "junction_control": "-1",
        "junction_detail": "0",
        "junction_detail_historic": "-1",
        "latitude": "53.67804",
        "light_conditions": "6",
        "local_authority_district": "-1",
        "local_authority_highway": "E08000033",
        "local_authority_highway_current": "E08000033",
        "local_authority_ons_district": "E08000033",
        "location_easting_osgr": "412473",
        "location_northing_osgr": "420191",
        "longitude": "-1.81265",
        "lsoa_of_accident_location": "E01010892",
        "number_of_casualties": 1,
        "number_of_vehicles": 2,
        "pedestrian_crossing": "0",
        "pedestrian_crossing_human_control_historic": "-1",
        "pedestrian_crossing_physical_facilities_historic": "-1",
        "police_force": "13",
        "road_surface_conditions": "2",
        "road_type": "3",
        "second_road_class": "-1",
        "second_road_number": "-1",
        "special_conditions_at_site": "-1",
        "speed_limit": 70,
        "time": "06:44",
        "trunk_road_flag": "1",
        "urban_or_rural_area": "2",
        "weather_conditions": "5",
        "geometry_source": "collision_location",
        "source_year": 2024,
        "date_iso": "2024-01-29"
      }
    },
    {
      "type": "Feature",
      "id": "2024131448061",
      "geometry": {
        "type": "Point",
        "coordinates": [
          -1.96504,
          53.73545
        ]
      },
      "properties": {
        "carriageway_hazards": "0",
        "carriageway_hazards_historic": "-1",
        "collision_adjusted_severity_serious": "0",
        "collision_adjusted_severity_slight": "1",
        "collision_index": "2024131448061",
        "collision_injury_based": "1",
        "collision_ref_no": "131448061",
        "collision_severity": "3",
        "collision_year": 2024,
        "date": "19/05/2024",
        "day_of_week": "1",
        "did_police_officer_attend_scene_of_accident": "2",
        "enhanced_severity_collision": "3",
        "first_road_class": "6",
        "first_road_number": "0",
        "junction_control": "-1",
        "junction_detail": "0",
        "junction_detail_historic": "-1",
        "latitude": "53.73545",
        "light_conditions": "1",
        "local_authority_district": "-1",
        "local_authority_highway": "E08000033",
        "local_authority_highway_current": "E08000033",
        "local_authority_ons_district": "E08000033",
        "location_easting_osgr": "402404",
        "location_northing_osgr": "426563",
        "longitude": "-1.96504",
        "lsoa_of_accident_location": "E01010917",
        "number_of_casualties": 1,
        "number_of_vehicles": 2,
        "pedestrian_crossing": "0",
        "pedestrian_crossing_human_control_historic": "-1",
        "pedestrian_crossing_physical_facilities_historic": "-1",
        "police_force": "13",
        "road_surface_conditions": "1",
        "road_type": "6",
        "second_road_class": "-1",
        "second_road_number": "-1",
        "special_conditions_at_site": "-1",
        "speed_limit": 60,
        "time": "09:45",
        "trunk_road_flag": "2",
        "urban_or_rural_area": "2",
        "weather_conditions": "9",
        "geometry_source": "collision_location",
        "source_year": 2024,
        "date_iso": "2024-05-19"
      }
    },
    {
      "type": "Feature",
      "id": "2024131456245",
      "geometry": {
        "type": "Point",
        "coordinates": [
          -1.8647,
          53.72148
        ]
      },
      "properties": {
        "carriageway_hazards": "18",
        "carriageway_hazards_historic": "-1",
        "collision_adjusted_severity_serious": "1",
        "collision_adjusted_severity_slight": "0",
        "collision_index": "2024131456245",
        "collision_injury_based": "1",
        "collision_ref_no": "131456245",
        "collision_severity": "2",
        "collision_year": 2024,
        "date": "15/06/2024",
        "day_of_week": "7",
        "did_police_officer_attend_scene_of_accident": "1",
        "enhanced_severity_collision": "7",
        "first_road_class": "6",
        "first_road_number": "0",
        "junction_control": "4",
        "junction_detail": "13",
        "junction_detail_historic": "-1",
        "latitude": "53.72148",
        "light_conditions": "1",
        "local_authority_district": "-1",
        "local_authority_highway": "E08000033",
        "local_authority_highway_current": "E08000033",
        "local_authority_ons_district": "E08000033",
        "location_easting_osgr": "409026",
        "location_northing_osgr": "425016",
        "longitude": "-1.8647",
        "lsoa_of_accident_location": "E01034582",
        "number_of_casualties": 2,
        "number_of_vehicles": 2,
        "pedestrian_crossing": "0",
        "pedestrian_crossing_human_control_historic": "-1",
        "pedestrian_crossing_physical_facilities_historic": "-1",
        "police_force": "13",
        "road_surface_conditions": "1",
        "road_type": "6",
        "second_road_class": "6",
        "second_road_number": "0",
        "special_conditions_at_site": "-1",
        "speed_limit": 30,
        "time": "17:15",
        "trunk_road_flag": "2",
        "urban_or_rural_area": "1",
        "weather_conditions": "1",
        "geometry_source": "collision_location",
        "source_year": 2024,
        "date_iso": "2024-06-15"
      }
    },
    {
      "type": "Feature",
      "id": "2024131526912",
      "geometry": {
        "type": "Point",
        "coordinates": [
          -1.98247,
          53.73066
        ]
      },
      "properties": {
        "carriageway_hazards": "0",
        "carriageway_hazards_historic": "-1",
        "collision_adjusted_severity_serious": "0",
        "collision_adjusted_severity_slight": "1",
        "collision_index": "2024131526912",
        "collision_injury_based": "1",
        "collision_ref_no": "131526912",
        "collision_severity": "3",
        "collision_year": 2024,
        "date": "06/12/2024",
        "day_of_week": "6",
        "did_police_officer_attend_scene_of_accident": "1",
        "enhanced_severity_collision": "3",
        "first_road_class": "3",
        "first_road_number": "646",
        "junction_control": "3",
        "junction_detail": "13",
        "junction_detail_historic": "-1",
        "latitude": "53.73066",
        "light_conditions": "4",
        "local_authority_district": "-1",
        "local_authority_highway": "E08000033",
        "local_authority_highway_current": "E08000033",
        "local_authority_ons_district": "E08000033",
        "location_easting_osgr": "401254",
        "location_northing_osgr": "426030",
        "longitude": "-1.98247",
        "lsoa_of_accident_location": "E01010919",
        "number_of_casualties": 1,
        "number_of_vehicles": 2,
        "pedestrian_crossing": "12",
        "pedestrian_crossing_human_control_historic": "-1",
        "pedestrian_crossing_physical_facilities_historic": "-1",
        "police_force": "13",
        "road_surface_conditions": "2",
        "road_type": "6",
        "second_road_class": "4",
        "second_road_number": "6138",
        "special_conditions_at_site": "-1",
        "speed_limit": 20,
        "time": "21:30",
        "trunk_road_flag": "2",
        "urban_or_rural_area": "2",
        "weather_conditions": "2",
        "geometry_source": "collision_location",
        "source_year": 2024,
        "date_iso": "2024-12-06"
      }
    },
    {
      "type": "Feature",
      "id": "2024131418321",
      "geometry": {
        "type": "Point",
        "coordinates": [
          -1.90644,
          53.70976
        ]
      },
      "properties": {
        "carriageway_hazards": "0",
        "carriageway_hazards_historic": "-1",
        "collision_adjusted_severity_serious": "0",
        "collision_adjusted_severity_slight": "1",
        "collision_index": "2024131418321",
        "collision_injury_based": "1",
        "collision_ref_no": "131418321",
        "collision_severity": "3",
        "collision_year": 2024,
        "date": "08/03/2024",
        "day_of_week": "6",
        "did_police_officer_attend_scene_of_accident": "1",
        "enhanced_severity_collision": "3",
        "first_road_class": "3",
        "first_road_number": "58",
        "junction_control": "-1",
        "junction_detail": "0",
        "junction_detail_historic": "-1",
        "latitude": "53.70976",
        "light_conditions": "1",
        "local_authority_district": "-1",
        "local_authority_highway": "E08000033",
        "local_authority_highway_current": "E08000033",
        "local_authority_ons_district": "E08000033",
        "location_easting_osgr": "406273",
        "location_northing_osgr": "423708",
        "longitude": "-1.90644",
        "lsoa_of_accident_location": "E01010979",
        "number_of_casualties": 1,
        "number_of_vehicles": 1,
        "pedestrian_crossing": "0",
        "pedestrian_crossing_human_control_historic": "-1",
        "pedestrian_crossing_physical_facilities_historic": "-1",
        "police_force": "13",
        "road_surface_conditions": "1",
        "road_type": "6",
        "second_road_class": "6",
        "second_road_number": "0",
        "special_conditions_at_site": "-1",
        "speed_limit": 30,
        "time": "08:03",
        "trunk_road_flag": "2",
        "urban_or_rural_area": "1",
        "weather_conditions": "1",
        "geometry_source": "collision_location",
        "source_year": 2024,
        "date_iso": "2024-03-08"
      }
    },
    {
      "type": "Feature",
      "id": "2024131450657",
      "geometry": {
        "type": "Point",
        "coordinates": [
          -1.83527,
          53.67076
        ]
      },
      "properties": {
        "carriageway_hazards": "0",
        "carriageway_hazards_historic": "-1",
        "collision_adjusted_severity_serious": "0",
        "collision_adjusted_severity_slight": "1",
        "collision_index": "2024131450657",
        "collision_injury_based": "1",
        "collision_ref_no": "131450657",
        "collision_severity": "3",
        "collision_year": 2024,
        "date": "25/05/2024",
        "day_of_week": "7",
        "did_police_officer_attend_scene_of_accident": "2",
        "enhanced_severity_collision": "3",
        "first_road_class": "1",
        "first_road_number": "62",
        "junction_control": "-1",
        "junction_detail": "0",
        "junction_detail_historic": "-1",
        "latitude": "53.67076",
        "light_conditions": "1",
        "local_authority_district": "-1",
        "local_authority_highway": "E08000033",
        "local_authority_highway_current": "E08000033",
        "local_authority_ons_district": "E08000033",
        "location_easting_osgr": "410981",
        "location_northing_osgr": "419378",
        "longitude": "-1.83527",
        "lsoa_of_accident_location": "E01010901",
        "number_of_casualties": 1,
        "number_of_vehicles": 2,
        "pedestrian_crossing": "0",
        "pedestrian_crossing_human_control_historic": "-1",
        "pedestrian_crossing_physical_facilities_historic": "-1",
        "police_force": "13",
        "road_surface_conditions": "1",
        "road_type": "3",
        "second_road_class": "-1",
        "second_road_number": "-1",
        "special_conditions_at_site": "-1",
        "speed_limit": 70,
        "time": "15:52",
        "trunk_road_flag": "1",
        "urban_or_rural_area": "1",
        "weather_conditions": "1",
        "geometry_source": "collision_location",
        "source_year": 2024,
        "date_iso": "2024-05-25"
      }
    },
    {
      "type": "Feature",
      "id": "2024131459041",
      "geometry": {
        "type": "Point",
        "coordinates": [
          -1.88615,
          53.72247
        ]
      },
      "properties": {
        "carriageway_hazards": "0",
        "carriageway_hazards_historic": "-1",
        "collision_adjusted_severity_serious": "1",
        "collision_adjusted_severity_slight": "0",
        "collision_index": "2024131459041",
        "collision_injury_based": "1",
        "collision_ref_no": "131459041",
        "collision_severity": "2",
        "collision_year": 2024,
        "date": "22/06/2024",
        "day_of_week": "7",
        "did_police_officer_attend_scene_of_accident": "1",
        "enhanced_severity_collision": "5",
        "first_road_class": "6",
        "first_road_number": "0",
        "junction_control": "4",
        "junction_detail": "16",
        "junction_detail_historic": "-1",
        "latitude": "53.72247",
        "light_conditions": "1",
        "local_authority_district": "-1",
        "local_authority_highway": "E08000033",
        "local_authority_highway_current": "E08000033",
        "local_authority_ons_district": "E08000033",
        "location_easting_osgr": "407610",
        "location_northing_osgr": "425124",
        "longitude": "-1.88615",
        "lsoa_of_accident_location": "E01011001",
        "number_of_casualties": 1,
        "number_of_vehicles": 2,
        "pedestrian_crossing": "0",
        "pedestrian_crossing_human_control_historic": "-1",
        "pedestrian_crossing_physical_facilities_historic": "-1",
        "police_force": "13",
        "road_surface_conditions": "1",
        "road_type": "6",
        "second_road_class": "6",
        "second_road_number": "0",
        "special_conditions_at_site": "-1",
        "speed_limit": 20,
        "time": "19:00",
        "trunk_road_flag": "2",
        "urban_or_rural_area": "1",
        "weather_conditions": "1",
        "geometry_source": "collision_location",
        "source_year": 2024,
        "date_iso": "2024-06-22"
      }
    },
    {
      "type": "Feature",
      "id": "2024131478891",
      "geometry": {
        "type": "Point",
        "coordinates": [
          -1.88487,
          53.73092
        ]
      },
      "properties": {
        "carriageway_hazards": "0",
        "carriageway_hazards_historic": "-1",
        "collision_adjusted_severity_serious": "1",
        "collision_adjusted_severity_slight": "0",
        "collision_index": "2024131478891",
        "collision_injury_based": "1",
        "collision_ref_no": "131478891",
        "collision_severity": "2",
        "collision_year": 2024,
        "date": "12/08/2024",
        "day_of_week": "2",
        "did_police_officer_attend_scene_of_accident": "1",
        "enhanced_severity_collision": "7",
        "first_road_class": "6",
        "first_road_number": "0",
        "junction_control": "-1",
        "junction_detail": "0",
        "junction_detail_historic": "-1",
        "latitude": "53.73092",
        "light_conditions": "1",
        "local_authority_district": "-1",
        "local_authority_highway": "E08000033",
        "local_authority_highway_current": "E08000033",
        "local_authority_ons_district": "E08000033",
        "location_easting_osgr": "407693",
        "location_northing_osgr": "426064",
        "longitude": "-1.88487",
        "lsoa_of_accident_location": "E01010929",
        "number_of_casualties": 1,
        "number_of_vehicles": 2,
        "pedestrian_crossing": "0",
        "pedestrian_crossing_human_control_historic": "-1",
        "pedestrian_crossing_physical_facilities_historic": "-1",
        "police_force": "13",
        "road_surface_conditions": "2",
        "road_type": "6",
        "second_road_class": "6",
        "second_road_number": "0",
        "special_conditions_at_site": "-1",
        "speed_limit": 30,
        "time": "14:45",
        "trunk_road_flag": "2",
        "urban_or_rural_area": "1",
        "weather_conditions": "1",
        "geometry_source": "collision_location",
        "source_year": 2024,
        "date_iso": "2024-08-12"
      }
    },
    {
      "type": "Feature",
      "id": "2024131516491",
      "geometry": {
        "type": "Point",
        "coordinates": [
          -1.87589,
          53.70721
        ]
      },
      "properties": {
        "carriageway_hazards": "0",
        "carriageway_hazards_historic": "-1",
        "collision_adjusted_severity_serious": "1",
        "collision_adjusted_severity_slight": "0",
        "collision_index": "2024131516491",
        "collision_injury_based": "1",
        "collision_ref_no": "131516491",
        "collision_severity": "2",
        "collision_year": 2024,
        "date": "14/11/2024",
        "day_of_week": "5",
        "did_police_officer_attend_scene_of_accident": "1",
        "enhanced_severity_collision": "6",
        "first_road_class": "6",
        "first_road_number": "0",
        "junction_control": "-1",
        "junction_detail": "0",
        "junction_detail_historic": "-1",
        "latitude": "53.70721",
        "light_conditions": "4",
        "local_authority_district": "-1",
        "local_authority_highway": "E08000033",
        "local_authority_highway_current": "E08000033",
        "local_authority_ons_district": "E08000033",
        "location_easting_osgr": "408290",
        "location_northing_osgr": "423428",
        "longitude": "-1.87589",
        "lsoa_of_accident_location": "E01010970",
        "number_of_casualties": 1,
        "number_of_vehicles": 1,
        "pedestrian_crossing": "0",
        "pedestrian_crossing_human_control_historic": "-1",
        "pedestrian_crossing_physical_facilities_historic": "-1",
        "police_force": "13",
        "road_surface_conditions": "1",
        "road_type": "6",
        "second_road_class": "-1",
        "second_road_number": "-1",
        "special_conditions_at_site": "-1",
        "speed_limit": 30,
        "time": "15:41",
        "trunk_road_flag": "2",
        "urban_or_rural_area": "1",
        "weather_conditions": "1",
        "geometry_source": "collision_location",
        "source_year": 2024,
        "date_iso": "2024-11-14"
      }
    },
    {
      "type": "Feature",
      "id": "2024131404941",
      "geometry": {
        "type": "Point",
        "coordinates": [
          -1.95295,
          53.66803
        ]
      },
      "properties": {
        "carriageway_hazards": "0",
        "carriageway_hazards_historic": "-1",
        "collision_adjusted_severity_serious": "1",
        "collision_adjusted_severity_slight": "0",
        "collision_index": "2024131404941",
        "collision_injury_based": "1",
        "collision_ref_no": "131404941",
        "collision_severity": "2",
        "collision_year": 2024,
        "date": "31/01/2024",
        "day_of_week": "4",
        "did_police_officer_attend_scene_of_accident": "1",
        "enhanced_severity_collision": "7",
        "first_road_class": "3",
        "first_road_number": "58",
        "junction_control": "-1",
        "junction_detail": "0",
        "junction_detail_historic": "-1",
        "latitude": "53.66803",
        "light_conditions": "1",
        "local_authority_district": "-1",
        "local_authority_highway": "E08000033",
        "local_authority_highway_current": "E08000033",
        "local_authority_ons_district": "E08000033",
        "location_easting_osgr": "403206",
        "location_northing_osgr": "419062",
        "longitude": "-1.95295",
        "lsoa_of_accident_location": "E01010954",
        "number_of_casualties": 1,
        "number_of_vehicles": 2,
        "pedestrian_crossing": "0",
        "pedestrian_crossing_human_control_historic": "-1",
        "pedestrian_crossing_physical_facilities_historic": "-1",
        "police_force": "13",
        "road_surface_conditions": "1",
        "road_type": "6",
        "second_road_class": "6",
        "second_road_number": "0",
        "special_conditions_at_site": "-1",
        "speed_limit": 30,
        "time": "14:22",
        "trunk_road_flag": "2",
        "urban_or_rural_area": "2",
        "weather_conditions": "1",
        "geometry_source": "collision_location",
        "source_year": 2024,
        "date_iso": "2024-01-31"
      }
    },
    {
      "type": "Feature",
      "id": "2024131448127",
      "geometry": {
        "type": "Point",
        "coordinates": [
          -1.85204,
          53.72753
        ]
      },
      "properties": {
        "carriageway_hazards": "0",
        "carriageway_hazards_historic": "-1",
        "collision_adjusted_severity_serious": "0",
        "collision_adjusted_severity_slight": "1",
        "collision_index": "2024131448127",
        "collision_injury_based": "1",
        "collision_ref_no": "131448127",
        "collision_severity": "3",
        "collision_year": 2024,
        "date": "25/05/2024",
        "day_of_week": "7",
        "did_police_officer_attend_scene_of_accident": "1",
        "enhanced_severity_collision": "3",
        "first_road_class": "3",
        "first_road_number": "58",
        "junction_control": "-1",
        "junction_detail": "0",
        "junction_detail_historic": "-1",
        "latitude": "53.72753",
        "light_conditions": "1",
        "local_authority_district": "-1",
        "local_authority_highway": "E08000033",
        "local_authority_highway_current": "E08000033",
        "local_authority_ons_district": "E08000033",
        "location_easting_osgr": "409860",
        "location_northing_osgr": "425691",
        "longitude": "-1.85204",
        "lsoa_of_accident_location": "E01010934",
        "number_of_casualties": 1,
        "number_of_vehicles": 3,
        "pedestrian_crossing": "0",
        "pedestrian_crossing_human_control_historic": "-1",
        "pedestrian_crossing_physical_facilities_historic": "-1",
        "police_force": "13",
        "road_surface_conditions": "1",
        "road_type": "6",
        "second_road_class": "6",
        "second_road_number": "0",
        "special_conditions_at_site": "-1",
        "speed_limit": 30,
        "time": "11:30",
        "trunk_road_flag": "2",
        "urban_or_rural_area": "1",
        "weather_conditions": "1",
        "geometry_source": "collision_location",
        "source_year": 2024,
        "date_iso": "2024-05-25"
      }
    },
    {
      "type": "Feature",
      "id": "2024131450065",
      "geometry": {
        "type": "Point",
        "coordinates": [
          -1.88712,
          53.71777
        ]
      },
      "properties": {
        "carriageway_hazards": "0",
        "carriageway_hazards_historic": "-1",
        "collision_adjusted_severity_serious": "1",
        "collision_adjusted_severity_slight": "0",
        "collision_index": "2024131450065",
        "collision_injury_based": "1",
        "collision_ref_no": "131450065",
        "collision_severity": "2",
        "collision_year": 2024,
        "date": "30/05/2024",
        "day_of_week": "5",
        "did_police_officer_attend_scene_of_accident": "1",
        "enhanced_severity_collision": "7",
        "first_road_class": "6",
        "first_road_number": "0",
        "junction_control": "4",
        "junction_detail": "13",
        "junction_detail_historic": "-1",
        "latitude": "53.71777",
        "light_conditions": "1",
        "local_authority_district": "-1",
        "local_authority_highway": "E08000033",
        "local_authority_highway_current": "E08000033",
        "local_authority_ons_district": "E08000033",
        "location_easting_osgr": "407547",
        "location_northing_osgr": "424601",
        "longitude": "-1.88712",
        "lsoa_of_accident_location": "E01011002",
        "number_of_casualties": 2,
        "number_of_vehicles": 3,
        "pedestrian_crossing": "0",
        "pedestrian_crossing_human_control_historic": "-1",
        "pedestrian_crossing_physical_facilities_historic": "-1",
        "police_force": "13",
        "road_surface_conditions": "1",
        "road_type": "6",
        "second_road_class": "6",
        "second_road_number": "0",
        "special_conditions_at_site": "-1",
        "speed_limit": 30,
        "time": "18:29",
        "trunk_road_flag": "2",
        "urban_or_rural_area": "1",
        "weather_conditions": "1",
        "geometry_source": "collision_location",
        "source_year": 2024,
        "date_iso": "2024-05-30"
      }
    },
    {
      "type": "Feature",
      "id": "2024131505725",
      "geometry": {
        "type": "Point",
        "coordinates": [
          -1.85924,
          53.71343
        ]
      },
      "properties": {
        "carriageway_hazards": "0",
        "carriageway_hazards_historic": "-1",
        "collision_adjusted_severity_serious": "1",
        "collision_adjusted_severity_slight": "0",
        "collision_index": "2024131505725",
        "collision_injury_based": "1",
        "collision_ref_no": "131505725",
        "collision_severity": "2",
        "collision_year": 2024,
        "date": "19/10/2024",
        "day_of_week": "7",
        "did_police_officer_attend_scene_of_accident": "1",
        "enhanced_severity_collision": "7",
        "first_road_class": "6",
        "first_road_number": "0",
        "junction_control": "2",
        "junction_detail": "16",
        "junction_detail_historic": "-1",
        "latitude": "53.71343",
        "light_conditions": "4",
        "local_authority_district": "-1",
        "local_authority_highway": "E08000033",
        "local_authority_highway_current": "E08000033",
        "local_authority_ons_district": "E08000033",
        "location_easting_osgr": "409388",
        "location_northing_osgr": "424122",
        "longitude": "-1.85924",
        "lsoa_of_accident_location": "E01010968",
        "number_of_casualties": 1,
        "number_of_vehicles": 2,
        "pedestrian_crossing": "12",
        "pedestrian_crossing_human_control_historic": "-1",
        "pedestrian_crossing_physical_facilities_historic": "-1",
        "police_force": "13",
        "road_surface_conditions": "2",
        "road_type": "6",
        "second_road_class": "3",
        "second_road_number": "629",
        "special_conditions_at_site": "-1",
        "speed_limit": 30,
        "time": "06:05",
        "trunk_road_flag": "2",
        "urban_or_rural_area": "1",
        "weather_conditions": "8",
        "geometry_source": "collision_location",
        "source_year": 2024,
        "date_iso": "2024-10-19"
      }
    },
    {
      "type": "Feature",
      "id": "2024131450924",
      "geometry": {
        "type": "Point",
        "coordinates": [
          -1.95062,
          53.64731
        ]
      },
      "properties": {
        "carriageway_hazards": "0",
        "carriageway_hazards_historic": "-1",
        "collision_adjusted_severity_serious": "0",
        "collision_adjusted_severity_slight": "1",
        "collision_index": "2024131450924",
        "collision_injury_based": "1",
        "collision_ref_no": "131450924",
        "collision_severity": "3",
        "collision_year": 2024,
        "date": "02/06/2024",
        "day_of_week": "1",
        "did_police_officer_attend_scene_of_accident": "1",
        "enhanced_severity_collision": "3",
        "first_road_class": "3",
        "first_road_number": "672",
        "junction_control": "-1",
        "junction_detail": "0",
        "junction_detail_historic": "-1",
        "latitude": "53.64731",
        "light_conditions": "1",
        "local_authority_district": "-1",
        "local_authority_highway": "E08000033",
        "local_authority_highway_current": "E08000033",
        "local_authority_ons_district": "E08000033",
        "location_easting_osgr": "403362",
        "location_northing_osgr": "416757",
        "longitude": "-1.95062",
        "lsoa_of_accident_location": "E01010955",
        "number_of_casualties": 1,
        "number_of_vehicles": 2,
        "pedestrian_crossing": "0",
        "pedestrian_crossing_human_control_historic": "-1",
        "pedestrian_crossing_physical_facilities_historic": "-1",
        "police_force": "13",
        "road_surface_conditions": "1",
        "road_type": "3",
        "second_road_class": "6",
        "second_road_number": "0",
        "special_conditions_at_site": "-1",
        "speed_limit": 70,
        "time": "15:00",
        "trunk_road_flag": "2",
        "urban_or_rural_area": "2",
        "weather_conditions": "1",
        "geometry_source": "collision_location",
        "source_year": 2024,
        "date_iso": "2024-06-02"
      }
    },
    {
      "type": "Feature",
      "id": "2024131472333",
      "geometry": {
        "type": "Point",
        "coordinates": [
          -1.86231,
          53.72415
        ]
      },
      "properties": {
        "carriageway_hazards": "13",
        "carriageway_hazards_historic": "-1",
        "collision_adjusted_severity_serious": "1",
        "collision_adjusted_severity_slight": "0",
        "collision_index": "2024131472333",
        "collision_injury_based": "1",
        "collision_ref_no": "131472333",
        "collision_severity": "2",
        "collision_year": 2024,
        "date": "26/07/2024",
        "day_of_week": "6",
        "did_police_officer_attend_scene_of_accident": "1",
        "enhanced_severity_collision": "7",
        "first_road_class": "3",
        "first_road_number": "629",
        "junction_control": "-1",
        "junction_detail": "0",
        "junction_detail_historic": "-1",
        "latitude": "53.72415",
        "light_conditions": "1",
        "local_authority_district": "-1",
        "local_authority_highway": "E08000033",
        "local_authority_highway_current": "E08000033",
        "local_authority_ons_district": "E08000033",
        "location_easting_osgr": "409183",
        "location_northing_osgr": "425314",
        "longitude": "-1.86231",
        "lsoa_of_accident_location": "E01034582",
        "number_of_casualties": 1,
        "number_of_vehicles": 2,
        "pedestrian_crossing": "0",
        "pedestrian_crossing_human_control_historic": "-1",
        "pedestrian_crossing_physical_facilities_historic": "-1",
        "police_force": "13",
        "road_surface_conditions": "1",
        "road_type": "6",
        "second_road_class": "3",
        "second_road_number": "629",
        "special_conditions_at_site": "-1",
        "speed_limit": 30,
        "time": "09:28",
        "trunk_road_flag": "2",
        "urban_or_rural_area": "1",
        "weather_conditions": "1",
        "geometry_source": "collision_location",
        "source_year": 2024,
        "date_iso": "2024-07-26"
      }
    },
    {
      "type": "Feature",
      "id": "2024131419043",
      "geometry": {
        "type": "Point",
        "coordinates": [
          -1.87463,
          53.73506
        ]
      },
      "properties": {
        "carriageway_hazards": "0",
        "carriageway_hazards_historic": "-1",
        "collision_adjusted_severity_serious": "1",
        "collision_adjusted_severity_slight": "0",
        "collision_index": "2024131419043",
        "collision_injury_based": "1",
        "collision_ref_no": "131419043",
        "collision_severity": "2",
        "collision_year": 2024,
        "date": "10/03/2024",
        "day_of_week": "1",
        "did_police_officer_attend_scene_of_accident": "1",
        "enhanced_severity_collision": "6",
        "first_road_class": "6",
        "first_road_number": "0",
        "junction_control": "-1",
        "junction_detail": "0",
        "junction_detail_historic": "-1",
        "latitude": "53.73506",
        "light_conditions": "1",
        "local_authority_district": "-1",
        "local_authority_highway": "E08000033",
        "local_authority_highway_current": "E08000033",
        "local_authority_ons_district": "E08000033",
        "location_easting_osgr": "408368",
        "location_northing_osgr": "426526",
        "longitude": "-1.87463",
        "lsoa_of_accident_location": "E01010938",
        "number_of_casualties": 1,
        "number_of_vehicles": 1,
        "pedestrian_crossing": "15",
        "pedestrian_crossing_human_control_historic": "-1",
        "pedestrian_crossing_physical_facilities_historic": "-1",
        "police_force": "13",
        "road_surface_conditions": "2",
        "road_type": "6",
        "second_road_class": "6",
        "second_road_number": "0",
        "special_conditions_at_site": "-1",
        "speed_limit": 20,
        "time": "14:15",
        "trunk_road_flag": "2",
        "urban_or_rural_area": "1",
        "weather_conditions": "2",
        "geometry_source": "collision_location",
        "source_year": 2024,
        "date_iso": "2024-03-10"
      }
    },
    {
      "type": "Feature",
      "id": "2024131417956",
      "geometry": {
        "type": "Point",
        "coordinates": [
          -1.81166,
          53.73419
        ]
      },
      "properties": {
        "carriageway_hazards": "0",
        "carriageway_hazards_historic": "-1",
        "collision_adjusted_severity_serious": "1",
        "collision_adjusted_severity_slight": "0",
        "collision_index": "2024131417956",
        "collision_injury_based": "1",
        "collision_ref_no": "131417956",
        "collision_severity": "2",
        "collision_year": 2024,
        "date": "07/03/2024",
        "day_of_week": "5",
        "did_police_officer_attend_scene_of_accident": "1",
        "enhanced_severity_collision": "7",
        "first_road_class": "6",
        "first_road_number": "0",
        "junction_control": "-1",
        "junction_detail": "0",
        "junction_detail_historic": "-1",
        "latitude": "53.73419",
        "light_conditions": "1",
        "local_authority_district": "-1",
        "local_authority_highway": "E08000033",
        "local_authority_highway_current": "E08000033",
        "local_authority_ons_district": "E08000033",
        "location_easting_osgr": "412522",
        "location_northing_osgr": "426439",
        "longitude": "-1.81166",
        "lsoa_of_accident_location": "E01010907",
        "number_of_casualties": 2,
        "number_of_vehicles": 2,
        "pedestrian_crossing": "0",
        "pedestrian_crossing_human_control_historic": "-1",
        "pedestrian_crossing_physical_facilities_historic": "-1",
        "police_force": "13",
        "road_surface_conditions": "2",
        "road_type": "6",
        "second_road_class": "-1",
        "second_road_number": "-1",
        "special_conditions_at_site": "-1",
        "speed_limit": 60,
        "time": "07:54",
        "trunk_road_flag": "2",
        "urban_or_rural_area": "1",
        "weather_conditions": "7",
        "geometry_source": "collision_location",
        "source_year": 2024,
        "date_iso": "2024-03-07"
      }
    },
    {
      "type": "Feature",
      "id": "2024131450153",
      "geometry": {
        "type": "Point",
        "coordinates": [
          -1.75405,
          53.69442
        ]
      },
      "properties": {
        "carriageway_hazards": "0",
        "carriageway_hazards_historic": "-1",
        "collision_adjusted_severity_serious": "0",
        "collision_adjusted_severity_slight": "1",
        "collision_index": "2024131450153",
        "collision_injury_based": "1",
        "collision_ref_no": "131450153",
        "collision_severity": "3",
        "collision_year": 2024,
        "date": "31/05/2024",
        "day_of_week": "6",
        "did_police_officer_attend_scene_of_accident": "1",
        "enhanced_severity_collision": "3",
        "first_road_class": "1",
        "first_road_number": "62",
        "junction_control": "-1",
        "junction_detail": "0",
        "junction_detail_historic": "-1",
        "latitude": "53.69442",
        "light_conditions": "1",
        "local_authority_district": "-1",
        "local_authority_highway": "E08000033",
        "local_authority_highway_current": "E08000033",
        "local_authority_ons_district": "E08000033",
        "location_easting_osgr": "416338",
        "location_northing_osgr": "422025",
        "longitude": "-1.75405",
        "lsoa_of_accident_location": "E01010879",
        "number_of_casualties": 1,
        "number_of_vehicles": 1,
        "pedestrian_crossing": "0",
        "pedestrian_crossing_human_control_historic": "-1",
        "pedestrian_crossing_physical_facilities_historic": "-1",
        "police_force": "13",
        "road_surface_conditions": "1",
        "road_type": "7",
        "second_road_class": "3",
        "second_road_number": "644",
        "special_conditions_at_site": "-1",
        "speed_limit": 70,
        "time": "06:38",
        "trunk_road_flag": "1",
        "urban_or_rural_area": "2",
        "weather_conditions": "1",
        "geometry_source": "collision_location",
        "source_year": 2024,
        "date_iso": "2024-05-31"
      }
    },
    {
      "type": "Feature",
      "id": "2024131512840",
      "geometry": {
        "type": "Point",
        "coordinates": [
          -1.91508,
          53.70673
        ]
      },
      "properties": {
        "carriageway_hazards": "0",
        "carriageway_hazards_historic": "-1",
        "collision_adjusted_severity_serious": "1",
        "collision_adjusted_severity_slight": "0",
        "collision_index": "2024131512840",
        "collision_injury_based": "1",
        "collision_ref_no": "131512840",
        "collision_severity": "2",
        "collision_year": 2024,
        "date": "04/11/2024",
        "day_of_week": "2",
        "did_police_officer_attend_scene_of_accident": "1",
        "enhanced_severity_collision": "7",
        "first_road_class": "6",
        "first_road_number": "0",
        "junction_control": "4",
        "junction_detail": "16",
        "junction_detail_historic": "-1",
        "latitude": "53.70673",
        "light_conditions": "1",
        "local_authority_district": "-1",
        "local_authority_highway": "E08000033",
        "local_authority_highway_current": "E08000033",
        "local_authority_ons_district": "E08000033",
        "location_easting_osgr": "405703",
        "location_northing_osgr": "423370",
        "longitude": "-1.91508",
        "lsoa_of_accident_location": "E01010979",
        "number_of_casualties": 5,
        "number_of_vehicles": 2,
        "pedestrian_crossing": "13",
        "pedestrian_crossing_human_control_historic": "-1",
        "pedestrian_crossing_physical_facilities_historic": "-1",
        "police_force": "13",
        "road_surface_conditions": "1",
        "road_type": "9",
        "second_road_class": "6",
        "second_road_number": "0",
        "special_conditions_at_site": "-1",
        "speed_limit": 20,
        "time": "13:35",
        "trunk_road_flag": "2",
        "urban_or_rural_area": "1",
        "weather_conditions": "1",
        "geometry_source": "collision_location",
        "source_year": 2024,
        "date_iso": "2024-11-04"
      }
    },
    {
      "type": "Feature",
      "id": "2024131431016",
      "geometry": {
        "type": "Point",
        "coordinates": [
          -1.82657,
          53.7384
        ]
      },
      "properties": {
        "carriageway_hazards": "0",
        "carriageway_hazards_historic": "-1",
        "collision_adjusted_severity_serious": "0",
        "collision_adjusted_severity_slight": "1",
        "collision_index": "2024131431016",
        "collision_injury_based": "1",
        "collision_ref_no": "131431016",
        "collision_severity": "3",
        "collision_year": 2024,
        "date": "12/04/2024",
        "day_of_week": "6",
        "did_police_officer_attend_scene_of_accident": "1",
        "enhanced_severity_collision": "3",
        "first_road_class": "6",
        "first_road_number": "0",
        "junction_control": "-1",
        "junction_detail": "0",
        "junction_detail_historic": "-1",
        "latitude": "53.7384",
        "light_conditions": "4",
        "local_authority_district": "-1",
        "local_authority_highway": "E08000033",
        "local_authority_highway_current": "E08000033",
        "local_authority_ons_district": "E08000033",
        "location_easting_osgr": "411537",
        "location_northing_osgr": "426905",
        "longitude": "-1.82657",
        "lsoa_of_accident_location": "E01010937",
        "number_of_casualties": 2,
        "number_of_vehicles": 1,
        "pedestrian_crossing": "0",
        "pedestrian_crossing_human_control_historic": "-1",
        "pedestrian_crossing_physical_facilities_historic": "-1",
        "police_force": "13",
        "road_surface_conditions": "1",
        "road_type": "6",
        "second_road_class": "-1",
        "second_road_number": "-1",
        "special_conditions_at_site": "-1",
        "speed_limit": 20,
        "time": "22:10",
        "trunk_road_flag": "2",
        "urban_or_rural_area": "1",
        "weather_conditions": "1",
        "geometry_source": "collision_location",
        "source_year": 2024,
        "date_iso": "2024-04-12"
      }
    },
    {
      "type": "Feature",
      "id": "2024131462395",
      "geometry": {
        "type": "Point",
        "coordinates": [
          -1.88478,
          53.73112
        ]
      },
      "properties": {
        "carriageway_hazards": "14",
        "carriageway_hazards_historic": "-1",
        "collision_adjusted_severity_serious": "0",
        "collision_adjusted_severity_slight": "1",
        "collision_index": "2024131462395",
        "collision_injury_based": "1",
        "collision_ref_no": "131462395",
        "collision_severity": "3",
        "collision_year": 2024,
        "date": "01/07/2024",
        "day_of_week": "2",
        "did_police_officer_attend_scene_of_accident": "1",
        "enhanced_severity_collision": "3",
        "first_road_class": "6",
        "first_road_number": "0",
        "junction_control": "-1",
        "junction_detail": "0",
        "junction_detail_historic": "-1",
        "latitude": "53.73112",
        "light_conditions": "1",
        "local_authority_district": "-1",
        "local_authority_highway": "E08000033",
        "local_authority_highway_current": "E08000033",
        "local_authority_ons_district": "E08000033",
        "location_easting_osgr": "407699",
        "location_northing_osgr": "426087",
        "longitude": "-1.88478",
        "lsoa_of_accident_location": "E01010929",
        "number_of_casualties": 3,
        "number_of_vehicles": 2,
        "pedestrian_crossing": "0",
        "pedestrian_crossing_human_control_historic": "-1",
        "pedestrian_crossing_physical_facilities_historic": "-1",
        "police_force": "13",
        "road_surface_conditions": "2",
        "road_type": "6",
        "second_road_class": "6",
        "second_road_number": "0",
        "special_conditions_at_site": "-1",
        "speed_limit": 30,
        "time": "15:22",
        "trunk_road_flag": "2",
        "urban_or_rural_area": "1",
        "weather_conditions": "2",
        "geometry_source": "collision_location",
        "source_year": 2024,
        "date_iso": "2024-07-01"
      }
    },
    {
      "type": "Feature",
      "id": "2024131491136",
      "geometry": {
        "type": "Point",
        "coordinates": [
          -1.835,
          53.67214
        ]
      },
      "properties": {
        "carriageway_hazards": "0",
        "carriageway_hazards_historic": "-1",
        "collision_adjusted_severity_serious": "0",
        "collision_adjusted_severity_slight": "1",
        "collision_index": "2024131491136",
        "collision_injury_based": "1",
        "collision_ref_no": "131491136",
        "collision_severity": "3",
        "collision_year": 2024,
        "date": "13/09/2024",
        "day_of_week": "6",
        "did_police_officer_attend_scene_of_accident": "1",
        "enhanced_severity_collision": "3",
        "first_road_class": "1",
        "first_road_number": "62",
        "junction_control": "4",
        "junction_detail": "-1",
        "junction_detail_historic": "-1",
        "latitude": "53.67214",
        "light_conditions": "1",
        "local_authority_district": "-1",
        "local_authority_highway": "E08000033",
        "local_authority_highway_current": "E08000033",
        "local_authority_ons_district": "E08000033",
        "location_easting_osgr": "410998",
        "location_northing_osgr": "419531",
        "longitude": "-1.835",
        "lsoa_of_accident_location": "E01010901",
        "number_of_casualties": 2,
        "number_of_vehicles": 2,
        "pedestrian_crossing": "0",
        "pedestrian_crossing_human_control_historic": "-1",
        "pedestrian_crossing_physical_facilities_historic": "-1",
        "police_force": "13",
        "road_surface_conditions": "1",
        "road_type": "7",
        "second_road_class": "3",
        "second_road_number": "629",
        "special_conditions_at_site": "-1",
        "speed_limit": 40,
        "time": "12:17",
        "trunk_road_flag": "1",
        "urban_or_rural_area": "2",
        "weather_conditions": "1",
        "geometry_source": "collision_location",
        "source_year": 2024,
        "date_iso": "2024-09-13"
      }
    },
    {
      "type": "Feature",
      "id": "2024131474063",
      "geometry": {
        "type": "Point",
        "coordinates": [
          -1.86112,
          53.72536
        ]
      },
      "properties": {
        "carriageway_hazards": "13",
        "carriageway_hazards_historic": "-1",
        "collision_adjusted_severity_serious": "0",
        "collision_adjusted_severity_slight": "1",
        "collision_index": "2024131474063",
        "collision_injury_based": "1",
        "collision_ref_no": "131474063",
        "collision_severity": "3",
        "collision_year": 2024,
        "date": "27/07/2024",
        "day_of_week": "7",
        "did_police_officer_attend_scene_of_accident": "1",
        "enhanced_severity_collision": "3",
        "first_road_class": "6",
        "first_road_number": "0",
        "junction_control": "-1",
        "junction_detail": "0",
        "junction_detail_historic": "-1",
        "latitude": "53.72536",
        "light_conditions": "1",
        "local_authority_district": "-1",
        "local_authority_highway": "E08000033",
        "local_authority_highway_current": "E08000033",
        "local_authority_ons_district": "E08000033",
        "location_easting_osgr": "409261",
        "location_northing_osgr": "425449",
        "longitude": "-1.86112",
        "lsoa_of_accident_location": "E01034582",
        "number_of_casualties": 2,
        "number_of_vehicles": 2,
        "pedestrian_crossing": "14",
        "pedestrian_crossing_human_control_historic": "-1",
        "pedestrian_crossing_physical_facilities_historic": "-1",
        "police_force": "13",
        "road_surface_conditions": "1",
        "road_type": "1",
        "second_road_class": "-1",
        "second_road_number": "-1",
        "special_conditions_at_site": "-1",
        "speed_limit": 30,
        "time": "11:29",
        "trunk_road_flag": "2",
        "urban_or_rural_area": "1",
        "weather_conditions": "1",
        "geometry_source": "collision_location",
        "source_year": 2024,
        "date_iso": "2024-07-27"
      }
    },
    {
      "type": "Feature",
      "id": "2024131531323",
      "geometry": {
        "type": "Point",
        "coordinates": [
          -1.74534,
          53.71237
        ]
      },
      "properties": {
        "carriageway_hazards": "0",
        "carriageway_hazards_historic": "-1",
        "collision_adjusted_severity_serious": "0",
        "collision_adjusted_severity_slight": "1",
        "collision_index": "2024131531323",
        "collision_injury_based": "1",
        "collision_ref_no": "131531323",
        "collision_severity": "3",
        "collision_year": 2024,
        "date": "17/12/2024",
        "day_of_week": "3",
        "did_police_officer_attend_scene_of_accident": "1",
        "enhanced_severity_collision": "3",
        "first_road_class": "1",
        "first_road_number": "62",
        "junction_control": "-1",
        "junction_detail": "0",
        "junction_detail_historic": "-1",
        "latitude": "53.71237",
        "light_conditions": "1",
        "local_authority_district": "-1",
        "local_authority_highway": "E08000033",
        "local_authority_highway_current": "E08000033",
        "local_authority_ons_district": "E08000033",
        "location_easting_osgr": "416906",
        "location_northing_osgr": "424025",
        "longitude": "-1.74534",
        "lsoa_of_accident_location": "E01010879",
        "number_of_casualties": 3,
        "number_of_vehicles": 3,
        "pedestrian_crossing": "0",
        "pedestrian_crossing_human_control_historic": "-1",
        "pedestrian_crossing_physical_facilities_historic": "-1",
        "police_force": "13",
        "road_surface_conditions": "1",
        "road_type": "3",
        "second_road_class": "-1",
        "second_road_number": "-1",
        "special_conditions_at_site": "-1",
        "speed_limit": 70,
        "time": "13:36",
        "trunk_road_flag": "1",
        "urban_or_rural_area": "2",
        "weather_conditions": "1",
        "geometry_source": "collision_location",
        "source_year": 2024,
        "date_iso": "2024-12-17"
      }
    },
    {
      "type": "Feature",
      "id": "2024131408406",
      "geometry": {
        "type": "Point",
        "coordinates": [
          -1.80355,
          53.67992
        ]
      },
      "properties": {
        "carriageway_hazards": "0",
        "carriageway_hazards_historic": "-1",
        "collision_adjusted_severity_serious": "0",
        "collision_adjusted_severity_slight": "1",
        "collision_index": "2024131408406",
        "collision_injury_based": "1",
        "collision_ref_no": "131408406",
        "collision_severity": "3",
        "collision_year": 2024,
        "date": "09/02/2024",
        "day_of_week": "6",
        "did_police_officer_attend_scene_of_accident": "1",
        "enhanced_severity_collision": "3",
        "first_road_class": "3",
        "first_road_number": "643",
        "junction_control": "-1",
        "junction_detail": "0",
        "junction_detail_historic": "-1",
        "latitude": "53.67992",
        "light_conditions": "4",
        "local_authority_district": "-1",
        "local_authority_highway": "E08000033",
        "local_authority_highway_current": "E08000033",
        "local_authority_ons_district": "E08000033",
        "location_easting_osgr": "413074",
        "location_northing_osgr": "420402",
        "longitude": "-1.80355",
        "lsoa_of_accident_location": "E01010891",
        "number_of_casualties": 2,
        "number_of_vehicles": 2,
        "pedestrian_crossing": "0",
        "pedestrian_crossing_human_control_historic": "-1",
        "pedestrian_crossing_physical_facilities_historic": "-1",
        "police_force": "13",
        "road_surface_conditions": "2",
        "road_type": "6",
        "second_road_class": "6",
        "second_road_number": "0",
        "special_conditions_at_site": "-1",
        "speed_limit": 30,
        "time": "18:12",
        "trunk_road_flag": "2",
        "urban_or_rural_area": "2",
        "weather_conditions": "7",
        "geometry_source": "collision_location",
        "source_year": 2024,
        "date_iso": "2024-02-09"
      }
    },
    {
      "type": "Feature",
      "id": "2024131415205",
      "geometry": {
        "type": "Point",
        "coordinates": [
          -1.95474,
          53.66722
        ]
      },
      "properties": {
        "carriageway_hazards": "0",
        "carriageway_hazards_historic": "-1",
        "collision_adjusted_severity_serious": "1",
        "collision_adjusted_severity_slight": "0",
        "collision_index": "2024131415205",
        "collision_injury_based": "1",
        "collision_ref_no": "131415205",
        "collision_severity": "2",
        "collision_year": 2024,
        "date": "27/02/2024",
        "day_of_week": "3",
        "did_police_officer_attend_scene_of_accident": "1",
        "enhanced_severity_collision": "5",
        "first_road_class": "3",
        "first_road_number": "58",
        "junction_control": "4",
        "junction_detail": "13",
        "junction_detail_historic": "-1",
        "latitude": "53.66722",
        "light_conditions": "4",
        "local_authority_district": "-1",
        "local_authority_highway": "E08000033",
        "local_authority_highway_current": "E08000033",
        "local_authority_ons_district": "E08000033",
        "location_easting_osgr": "403088",
        "location_northing_osgr": "418972",
        "longitude": "-1.95474",
        "lsoa_of_accident_location": "E01010954",
        "number_of_casualties": 2,
        "number_of_vehicles": 2,
        "pedestrian_crossing": "0",
        "pedestrian_crossing_human_control_historic": "-1",
        "pedestrian_crossing_physical_facilities_historic": "-1",
        "police_force": "13",
        "road_surface_conditions": "2",
        "road_type": "6",
        "second_road_class": "6",
        "second_road_number": "0",
        "special_conditions_at_site": "-1",
        "speed_limit": 30,
        "time": "18:50",
        "trunk_road_flag": "2",
        "urban_or_rural_area": "2",
        "weather_conditions": "1",
        "geometry_source": "collision_location",
        "source_year": 2024,
        "date_iso": "2024-02-27"
      }
    },
    {
      "type": "Feature",
      "id": "2024131450496",
      "geometry": {
        "type": "Point",
        "coordinates": [
          -1.85594,
          53.72826
        ]
      },
      "properties": {
        "carriageway_hazards": "0",
        "carriageway_hazards_historic": "-1",
        "collision_adjusted_severity_serious": "0",
        "collision_adjusted_severity_slight": "1",
        "collision_index": "2024131450496",
        "collision_injury_based": "1",
        "collision_ref_no": "131450496",
        "collision_severity": "3",
        "collision_year": 2024,
        "date": "01/06/2024",
        "day_of_week": "7",
        "did_police_officer_attend_scene_of_accident": "1",
        "enhanced_severity_collision": "3",
        "first_road_class": "3",
        "first_road_number": "58",
        "junction_control": "-1",
        "junction_detail": "0",
        "junction_detail_historic": "-1",
        "latitude": "53.72826",
        "light_conditions": "4",
        "local_authority_district": "-1",
        "local_authority_highway": "E08000033",
        "local_authority_highway_current": "E08000033",
        "local_authority_ons_district": "E08000033",
        "location_easting_osgr": "409602",
        "location_northing_osgr": "425772",
        "longitude": "-1.85594",
        "lsoa_of_accident_location": "E01010934",
        "number_of_casualties": 1,
        "number_of_vehicles": 1,
        "pedestrian_crossing": "0",
        "pedestrian_crossing_human_control_historic": "-1",
        "pedestrian_crossing_physical_facilities_historic": "-1",
        "police_force": "13",
        "road_surface_conditions": "1",
        "road_type": "3",
        "second_road_class": "3",
        "second_road_number": "58",
        "special_conditions_at_site": "-1",
        "speed_limit": 40,
        "time": "02:00",
        "trunk_road_flag": "2",
        "urban_or_rural_area": "1",
        "weather_conditions": "1",
        "geometry_source": "collision_location",
        "source_year": 2024,
        "date_iso": "2024-06-01"
      }
    },
    {
      "type": "Feature",
      "id": "2024131516385",
      "geometry": {
        "type": "Point",
        "coordinates": [
          -1.9738,
          53.73141
        ]
      },
      "properties": {
        "carriageway_hazards": "0",
        "carriageway_hazards_historic": "-1",
        "collision_adjusted_severity_serious": "0",
        "collision_adjusted_severity_slight": "1",
        "collision_index": "2024131516385",
        "collision_injury_based": "1",
        "collision_ref_no": "131516385",
        "collision_severity": "3",
        "collision_year": 2024,
        "date": "13/11/2024",
        "day_of_week": "4",
        "did_police_officer_attend_scene_of_accident": "1",
        "enhanced_severity_collision": "3",
        "first_road_class": "6",
        "first_road_number": "0",
        "junction_control": "4",
        "junction_detail": "13",
        "junction_detail_historic": "-1",
        "latitude": "53.73141",
        "light_conditions": "1",
        "local_authority_district": "-1",
        "local_authority_highway": "E08000033",
        "local_authority_highway_current": "E08000033",
        "local_authority_ons_district": "E08000033",
        "location_easting_osgr": "401826",
        "location_northing_osgr": "426113",
        "longitude": "-1.9738",
        "lsoa_of_accident_location": "E01010917",
        "number_of_casualties": 1,
        "number_of_vehicles": 1,
        "pedestrian_crossing": "0",
        "pedestrian_crossing_human_control_historic": "-1",
        "pedestrian_crossing_physical_facilities_historic": "-1",
        "police_force": "13",
        "road_surface_conditions": "1",
        "road_type": "9",
        "second_road_class": "6",
        "second_road_number": "0",
        "special_conditions_at_site": "-1",
        "speed_limit": 20,
        "time": "15:05",
        "trunk_road_flag": "2",
        "urban_or_rural_area": "2",
        "weather_conditions": "1",
        "geometry_source": "collision_location",
        "source_year": 2024,
        "date_iso": "2024-11-13"
      }
    },
    {
      "type": "Feature",
      "id": "2024131529906",
      "geometry": {
        "type": "Point",
        "coordinates": [
          -1.96101,
          53.64374
        ]
      },
      "properties": {
        "carriageway_hazards": "0",
        "carriageway_hazards_historic": "-1",
        "collision_adjusted_severity_serious": "0",
        "collision_adjusted_severity_slight": "1",
        "collision_index": "2024131529906",
        "collision_injury_based": "1",
        "collision_ref_no": "131529906",
        "collision_severity": "3",
        "collision_year": 2024,
        "date": "13/12/2024",
        "day_of_week": "6",
        "did_police_officer_attend_scene_of_accident": "1",
        "enhanced_severity_collision": "3",
        "first_road_class": "3",
        "first_road_number": "672",
        "junction_control": "-1",
        "junction_detail": "0",
        "junction_detail_historic": "-1",
        "latitude": "53.64374",
        "light_conditions": "6",
        "local_authority_district": "-1",
        "local_authority_highway": "E08000033",
        "local_authority_highway_current": "E08000033",
        "local_authority_ons_district": "E08000033",
        "location_easting_osgr": "402675",
        "location_northing_osgr": "416360",
        "longitude": "-1.96101",
        "lsoa_of_accident_location": "E01010955",
        "number_of_casualties": 2,
        "number_of_vehicles": 2,
        "pedestrian_crossing": "0",
        "pedestrian_crossing_human_control_historic": "-1",
        "pedestrian_crossing_physical_facilities_historic": "-1",
        "police_force": "13",
        "road_surface_conditions": "2",
        "road_type": "6",
        "second_road_class": "3",
        "second_road_number": "672",
        "special_conditions_at_site": "-1",
        "speed_limit": 50,
        "time": "22:55",
        "trunk_road_flag": "2",
        "urban_or_rural_area": "2",
        "weather_conditions": "2",
        "geometry_source": "collision_location",
        "source_year": 2024,
        "date_iso": "2024-12-13"
      }
    },
    {
      "type": "Feature",
      "id": "2024131461055",
      "geometry": {
        "type": "Point",
        "coordinates": [
          -1.88656,
          53.74646
        ]
      },
      "properties": {
        "carriageway_hazards": "0",
        "carriageway_hazards_historic": "-1",
        "collision_adjusted_severity_serious": "1",
        "collision_adjusted_severity_slight": "0",
        "collision_index": "2024131461055",
        "collision_injury_based": "1",
        "collision_ref_no": "131461055",
        "collision_severity": "2",
        "collision_year": 2024,
        "date": "25/06/2024",
        "day_of_week": "3",
        "did_police_officer_attend_scene_of_accident": "1",
        "enhanced_severity_collision": "6",
        "first_road_class": "3",
        "first_road_number": "629",
        "junction_control": "4",
        "junction_detail": "19",
        "junction_detail_historic": "-1",
        "latitude": "53.74646",
        "light_conditions": "1",
        "local_authority_district": "-1",
        "local_authority_highway": "E08000033",
        "local_authority_highway_current": "E08000033",
        "local_authority_ons_district": "E08000033",
        "location_easting_osgr": "407579",
        "location_northing_osgr": "427793",
        "longitude": "-1.88656",
        "lsoa_of_accident_location": "E01010941",
        "number_of_casualties": 1,
        "number_of_vehicles": 2,
        "pedestrian_crossing": "13",
        "pedestrian_crossing_human_control_historic": "-1",
        "pedestrian_crossing_physical_facilities_historic": "-1",
        "police_force": "13",
        "road_surface_conditions": "1",
        "road_type": "6",
        "second_road_class": "6",
        "second_road_number": "0",
        "special_conditions_at_site": "-1",
        "speed_limit": 30,
        "time": "20:00",
        "trunk_road_flag": "2",
        "urban_or_rural_area": "1",
        "weather_conditions": "1",
        "geometry_source": "collision_location",
        "source_year": 2024,
        "date_iso": "2024-06-25"
      }
    },
    {
      "type": "Feature",
      "id": "2024131480537",
      "geometry": {
        "type": "Point",
        "coordinates": [
          -1.8879,
          53.73943
        ]
      },
      "properties": {
        "carriageway_hazards": "17",
        "carriageway_hazards_historic": "-1",
        "collision_adjusted_severity_serious": "0",
        "collision_adjusted_severity_slight": "1",
        "collision_index": "2024131480537",
        "collision_injury_based": "1",
        "collision_ref_no": "131480537",
        "collision_severity": "3",
        "collision_year": 2024,
        "date": "16/08/2024",
        "day_of_week": "6",
        "did_police_officer_attend_scene_of_accident": "1",
        "enhanced_severity_collision": "3",
        "first_road_class": "6",
        "first_road_number": "0",
        "junction_control": "4",
        "junction_detail": "19",
        "junction_detail_historic": "-1",
        "latitude": "53.73943",
        "light_conditions": "1",
        "local_authority_district": "-1",
        "local_authority_highway": "E08000033",
        "local_authority_highway_current": "E08000033",
        "local_authority_ons_district": "E08000033",
        "location_easting_osgr": "407492",
        "location_northing_osgr": "427011",
        "longitude": "-1.8879",
        "lsoa_of_accident_location": "E01010944",
        "number_of_casualties": 1,
        "number_of_vehicles": 2,
        "pedestrian_crossing": "0",
        "pedestrian_crossing_human_control_historic": "-1",
        "pedestrian_crossing_physical_facilities_historic": "-1",
        "police_force": "13",
        "road_surface_conditions": "1",
        "road_type": "6",
        "second_road_class": "6",
        "second_road_number": "0",
        "special_conditions_at_site": "-1",
        "speed_limit": 20,
        "time": "15:30",
        "trunk_road_flag": "2",
        "urban_or_rural_area": "1",
        "weather_conditions": "1",
        "geometry_source": "collision_location",
        "source_year": 2024,
        "date_iso": "2024-08-16"
      }
    },
    {
      "type": "Feature",
      "id": "2024131428834",
      "geometry": {
        "type": "Point",
        "coordinates": [
          -1.82828,
          53.73353
        ]
      },
      "properties": {
        "carriageway_hazards": "0",
        "carriageway_hazards_historic": "-1",
        "collision_adjusted_severity_serious": "0",
        "collision_adjusted_severity_slight": "1",
        "collision_index": "2024131428834",
        "collision_injury_based": "1",
        "collision_ref_no": "131428834",
        "collision_severity": "3",
        "collision_year": 2024,
        "date": "06/04/2024",
        "day_of_week": "7",
        "did_police_officer_attend_scene_of_accident": "1",
        "enhanced_severity_collision": "3",
        "first_road_class": "6",
        "first_road_number": "0",
        "junction_control": "-1",
        "junction_detail": "0",
        "junction_detail_historic": "-1",
        "latitude": "53.73353",
        "light_conditions": "1",
        "local_authority_district": "-1",
        "local_authority_highway": "E08000033",
        "local_authority_highway_current": "E08000033",
        "local_authority_ons_district": "E08000033",
        "location_easting_osgr": "411426",
        "location_northing_osgr": "426362",
        "longitude": "-1.82828",
        "lsoa_of_accident_location": "E01010937",
        "number_of_casualties": 1,
        "number_of_vehicles": 1,
        "pedestrian_crossing": "17",
        "pedestrian_crossing_human_control_historic": "-1",
        "pedestrian_crossing_physical_facilities_historic": "-1",
        "police_force": "13",
        "road_surface_conditions": "1",
        "road_type": "6",
        "second_road_class": "3",
        "second_road_number": "6036",
        "special_conditions_at_site": "-1",
        "speed_limit": 30,
        "time": "11:07",
        "trunk_road_flag": "2",
        "urban_or_rural_area": "1",
        "weather_conditions": "1",
        "geometry_source": "collision_location",
        "source_year": 2024,
        "date_iso": "2024-04-06"
      }
    },
    {
      "type": "Feature",
      "id": "2024131525114",
      "geometry": {
        "type": "Point",
        "coordinates": [
          -1.91948,
          53.67474
        ]
      },
      "properties": {
        "carriageway_hazards": "0",
        "carriageway_hazards_historic": "-1",
        "collision_adjusted_severity_serious": "0",
        "collision_adjusted_severity_slight": "1",
        "collision_index": "2024131525114",
        "collision_injury_based": "1",
        "collision_ref_no": "131525114",
        "collision_severity": "3",
        "collision_year": 2024,
        "date": "03/12/2024",
        "day_of_week": "3",
        "did_police_officer_attend_scene_of_accident": "1",
        "enhanced_severity_collision": "3",
        "first_road_class": "4",
        "first_road_number": "6114",
        "junction_control": "3",
        "junction_detail": "16",
        "junction_detail_historic": "-1",
        "latitude": "53.67474",
        "light_conditions": "4",
        "local_authority_district": "-1",
        "local_authority_highway": "E08000033",
        "local_authority_highway_current": "E08000033",
        "local_authority_ons_district": "E08000033",
        "location_easting_osgr": "405417",
        "location_northing_osgr": "419811",
        "longitude": "-1.91948",
        "lsoa_of_accident_location": "E01010953",
        "number_of_casualties": 1,
        "number_of_vehicles": 2,
        "pedestrian_crossing": "0",
        "pedestrian_crossing_human_control_historic": "-1",
        "pedestrian_crossing_physical_facilities_historic": "-1",
        "police_force": "13",
        "road_surface_conditions": "2",
        "road_type": "6",
        "second_road_class": "6",
        "second_road_number": "0",
        "special_conditions_at_site": "-1",
        "speed_limit": 30,
        "time": "17:50",
        "trunk_road_flag": "2",
        "urban_or_rural_area": "2",
        "weather_conditions": "1",
        "geometry_source": "collision_location",
        "source_year": 2024,
        "date_iso": "2024-12-03"
      }
    },
    {
      "type": "Feature",
      "id": "2024131463233",
      "geometry": {
        "type": "Point",
        "coordinates": [
          -1.85276,
          53.72778
        ]
      },
      "properties": {
        "carriageway_hazards": "0",
        "carriageway_hazards_historic": "-1",
        "collision_adjusted_severity_serious": "0",
        "collision_adjusted_severity_slight": "1",
        "collision_index": "2024131463233",
        "collision_injury_based": "1",
        "collision_ref_no": "131463233",
        "collision_severity": "3",
        "collision_year": 2024,
        "date": "03/07/2024",
        "day_of_week": "4",
        "did_police_officer_attend_scene_of_accident": "1",
        "enhanced_severity_collision": "3",
        "first_road_class": "6",
        "first_road_number": "0",
        "junction_control": "-1",
        "junction_detail": "0",
        "junction_detail_historic": "-1",
        "latitude": "53.72778",
        "light_conditions": "1",
        "local_authority_district": "-1",
        "local_authority_highway": "E08000033",
        "local_authority_highway_current": "E08000033",
        "local_authority_ons_district": "E08000033",
        "location_easting_osgr": "409812",
        "location_northing_osgr": "425719",
        "longitude": "-1.85276",
        "lsoa_of_accident_location": "E01010934",
        "number_of_casualties": 2,
        "number_of_vehicles": 1,
        "pedestrian_crossing": "0",
        "pedestrian_crossing_human_control_historic": "-1",
        "pedestrian_crossing_physical_facilities_historic": "-1",
        "police_force": "13",
        "road_surface_conditions": "1",
        "road_type": "6",
        "second_road_class": "6",
        "second_road_number": "0",
        "special_conditions_at_site": "-1",
        "speed_limit": 40,
        "time": "16:15",
        "trunk_road_flag": "2",
        "urban_or_rural_area": "1",
        "weather_conditions": "1",
        "geometry_source": "collision_location",
        "source_year": 2024,
        "date_iso": "2024-07-03"
      }
    },
    {
      "type": "Feature",
      "id": "2024131402117",
      "geometry": {
        "type": "Point",
        "coordinates": [
          -1.85529,
          53.72106
        ]
      },
      "properties": {
        "carriageway_hazards": "0",
        "carriageway_hazards_historic": "-1",
        "collision_adjusted_severity_serious": "0",
        "collision_adjusted_severity_slight": "1",
        "collision_index": "2024131402117",
        "collision_injury_based": "1",
        "collision_ref_no": "131402117",
        "collision_severity": "3",
        "collision_year": 2024,
        "date": "23/01/2024",
        "day_of_week": "3",
        "did_police_officer_attend_scene_of_accident": "2",
        "enhanced_severity_collision": "3",
        "first_road_class": "6",
        "first_road_number": "0",
        "junction_control": "2",
        "junction_detail": "16",
        "junction_detail_historic": "-1",
        "latitude": "53.72106",
        "light_conditions": "4",
        "local_authority_district": "-1",
        "local_authority_highway": "E08000033",
        "local_authority_highway_current": "E08000033",
        "local_authority_ons_district": "E08000033",
        "location_easting_osgr": "409647",
        "location_northing_osgr": "424971",
        "longitude": "-1.85529",
        "lsoa_of_accident_location": "E01034582",
        "number_of_casualties": 1,
        "number_of_vehicles": 1,
        "pedestrian_crossing": "14",
        "pedestrian_crossing_human_control_historic": "-1",
        "pedestrian_crossing_physical_facilities_historic": "-1",
        "police_force": "13",
        "road_surface_conditions": "2",
        "road_type": "6",
        "second_road_class": "6",
        "second_road_number": "0",
        "special_conditions_at_site": "-1",
        "speed_limit": 30,
        "time": "22:40",
        "trunk_road_flag": "2",
        "urban_or_rural_area": "1",
        "weather_conditions": "5",
        "geometry_source": "collision_location",
        "source_year": 2024,
        "date_iso": "2024-01-23"
      }
    },
    {
      "type": "Feature",
      "id": "2024131461491",
      "geometry": {
        "type": "Point",
        "coordinates": [
          -1.88933,
          53.71966
        ]
      },
      "properties": {
        "carriageway_hazards": "0",
        "carriageway_hazards_historic": "-1",
        "collision_adjusted_severity_serious": "0",
        "collision_adjusted_severity_slight": "1",
        "collision_index": "2024131461491",
        "collision_injury_based": "1",
        "collision_ref_no": "131461491",
        "collision_severity": "3",
        "collision_year": 2024,
        "date": "28/06/2024",
        "day_of_week": "6",
        "did_police_officer_attend_scene_of_accident": "1",
        "enhanced_severity_collision": "3",
        "first_road_class": "6",
        "first_road_number": "0",
        "junction_control": "4",
        "junction_detail": "16",
        "junction_detail_historic": "-1",
        "latitude": "53.71966",
        "light_conditions": "4",
        "local_authority_district": "-1",
        "local_authority_highway": "E08000033",
        "local_authority_highway_current": "E08000033",
        "local_authority_ons_district": "E08000033",
        "location_easting_osgr": "407401",
        "location_northing_osgr": "424811",
        "longitude": "-1.88933",
        "lsoa_of_accident_location": "E01011000",
        "number_of_casualties": 1,
        "number_of_vehicles": 3,
        "pedestrian_crossing": "0",
        "pedestrian_crossing_human_control_historic": "-1",
        "pedestrian_crossing_physical_facilities_historic": "-1",
        "police_force": "13",
        "road_surface_conditions": "1",
        "road_type": "6",
        "second_road_class": "6",
        "second_road_number": "0",
        "special_conditions_at_site": "-1",
        "speed_limit": 30,
        "time": "23:44",
        "trunk_road_flag": "2",
        "urban_or_rural_area": "1",
        "weather_conditions": "1",
        "geometry_source": "collision_location",
        "source_year": 2024,
        "date_iso": "2024-06-28"
      }
    },
    {
      "type": "Feature",
      "id": "2024131468791",
      "geometry": {
        "type": "Point",
        "coordinates": [
          -1.77676,
          53.70278
        ]
      },
      "properties": {
        "carriageway_hazards": "0",
        "carriageway_hazards_historic": "-1",
        "collision_adjusted_severity_serious": "0",
        "collision_adjusted_severity_slight": "1",
        "collision_index": "2024131468791",
        "collision_injury_based": "1",
        "collision_ref_no": "131468791",
        "collision_severity": "3",
        "collision_year": 2024,
        "date": "16/07/2024",
        "day_of_week": "3",
        "did_police_officer_attend_scene_of_accident": "2",
        "enhanced_severity_collision": "3",
        "first_road_class": "3",
        "first_road_number": "643",
        "junction_control": "4",
        "junction_detail": "16",
        "junction_detail_historic": "-1",
        "latitude": "53.70278",
        "light_conditions": "1",
        "local_authority_district": "-1",
        "local_authority_highway": "E08000033",
        "local_authority_highway_current": "E08000033",
        "local_authority_ons_district": "E08000033",
        "location_easting_osgr": "414835",
        "location_northing_osgr": "422951",
        "longitude": "-1.77676",
        "lsoa_of_accident_location": "E01010878",
        "number_of_casualties": 1,
        "number_of_vehicles": 3,
        "pedestrian_crossing": "0",
        "pedestrian_crossing_human_control_historic": "-1",
        "pedestrian_crossing_physical_facilities_historic": "-1",
        "police_force": "13",
        "road_surface_conditions": "1",
        "road_type": "6",
        "second_road_class": "3",
        "second_road_number": "644",
        "special_conditions_at_site": "-1",
        "speed_limit": 20,
        "time": "09:00",
        "trunk_road_flag": "2",
        "urban_or_rural_area": "1",
        "weather_conditions": "1",
        "geometry_source": "collision_location",
        "source_year": 2024,
        "date_iso": "2024-07-16"
      }
    },
    {
      "type": "Feature",
      "id": "2024131471142",
      "geometry": {
        "type": "Point",
        "coordinates": [
          -1.84932,
          53.70424
        ]
      },
      "properties": {
        "carriageway_hazards": "0",
        "carriageway_hazards_historic": "-1",
        "collision_adjusted_severity_serious": "0",
        "collision_adjusted_severity_slight": "1",
        "collision_index": "2024131471142",
        "collision_injury_based": "1",
        "collision_ref_no": "131471142",
        "collision_severity": "3",
        "collision_year": 2024,
        "date": "22/07/2024",
        "day_of_week": "2",
        "did_police_officer_attend_scene_of_accident": "2",
        "enhanced_severity_collision": "3",
        "first_road_class": "6",
        "first_road_number": "0",
        "junction_control": "-1",
        "junction_detail": "0",
        "junction_detail_historic": "-1",
        "latitude": "53.70424",
        "light_conditions": "1",
        "local_authority_district": "-1",
        "local_authority_highway": "E08000033",
        "local_authority_highway_current": "E08000033",
        "local_authority_ons_district": "E08000033",
        "location_easting_osgr": "410045",
        "location_northing_osgr": "423100",
        "longitude": "-1.84932",
        "lsoa_of_accident_location": "E01010993",
        "number_of_casualties": 1,
        "number_of_vehicles": 1,
        "pedestrian_crossing": "0",
        "pedestrian_crossing_human_control_historic": "-1",
        "pedestrian_crossing_physical_facilities_historic": "-1",
        "police_force": "13",
        "road_surface_conditions": "1",
        "road_type": "6",
        "second_road_class": "6",
        "second_road_number": "0",
        "special_conditions_at_site": "-1",
        "speed_limit": 30,
        "time": "14:15",
        "trunk_road_flag": "2",
        "urban_or_rural_area": "1",
        "weather_conditions": "1",
        "geometry_source": "collision_location",
        "source_year": 2024,
        "date_iso": "2024-07-22"
      }
    },
    {
      "type": "Feature",
      "id": "2024131483601",
      "geometry": {
        "type": "Point",
        "coordinates": [
          -1.854,
          53.68255
        ]
      },
      "properties": {
        "carriageway_hazards": "0",
        "carriageway_hazards_historic": "-1",
        "collision_adjusted_severity_serious": "1",
        "collision_adjusted_severity_slight": "0",
        "collision_index": "2024131483601",
        "collision_injury_based": "1",
        "collision_ref_no": "131483601",
        "collision_severity": "2",
        "collision_year": 2024,
        "date": "25/08/2024",
        "day_of_week": "1",
        "did_police_officer_attend_scene_of_accident": "1",
        "enhanced_severity_collision": "7",
        "first_road_class": "6",
        "first_road_number": "0",
        "junction_control": "4",
        "junction_detail": "13",
        "junction_detail_historic": "-1",
        "latitude": "53.68255",
        "light_conditions": "4",
        "local_authority_district": "-1",
        "local_authority_highway": "E08000033",
        "local_authority_highway_current": "E08000033",
        "local_authority_ons_district": "E08000033",
        "location_easting_osgr": "409741",
        "location_northing_osgr": "420687",
        "longitude": "-1.854",
        "lsoa_of_accident_location": "E01010903",
        "number_of_casualties": 1,
        "number_of_vehicles": 1,
        "pedestrian_crossing": "0",
        "pedestrian_crossing_human_control_historic": "-1",
        "pedestrian_crossing_physical_facilities_historic": "-1",
        "police_force": "13",
        "road_surface_conditions": "1",
        "road_type": "6",
        "second_road_class": "6",
        "second_road_number": "0",
        "special_conditions_at_site": "-1",
        "speed_limit": 20,
        "time": "00:37",
        "trunk_road_flag": "2",
        "urban_or_rural_area": "1",
        "weather_conditions": "1",
        "geometry_source": "collision_location",
        "source_year": 2024,
        "date_iso": "2024-08-25"
      }
    },
    {
      "type": "Feature",
      "id": "2024131531854",
      "geometry": {
        "type": "Point",
        "coordinates": [
          -1.9895,
          53.63428
        ]
      },
      "properties": {
        "carriageway_hazards": "0",
        "carriageway_hazards_historic": "-1",
        "collision_adjusted_severity_serious": "0",
        "collision_adjusted_severity_slight": "1",
        "collision_index": "2024131531854",
        "collision_injury_based": "1",
        "collision_ref_no": "131531854",
        "collision_severity": "3",
        "collision_year": 2024,
        "date": "18/12/2024",
        "day_of_week": "4",
        "did_police_officer_attend_scene_of_accident": "1",
        "enhanced_severity_collision": "3",
        "first_road_class": "1",
        "first_road_number": "62",
        "junction_control": "-1",
        "junction_detail": "0",
        "junction_detail_historic": "-1",
        "latitude": "53.63428",
        "light_conditions": "1",
        "local_authority_district": "-1",
        "local_authority_highway": "E08000033",
        "local_authority_highway_current": "E08000033",
        "local_authority_ons_district": "E08000033",
        "location_easting_osgr": "400792",
        "location_northing_osgr": "415306",
        "longitude": "-1.9895",
        "lsoa_of_accident_location": "E01010955",
        "number_of_casualties": 1,
        "number_of_vehicles": 2,
        "pedestrian_crossing": "0",
        "pedestrian_crossing_human_control_historic": "-1",
        "pedestrian_crossing_physical_facilities_historic": "-1",
        "police_force": "13",
        "road_surface_conditions": "2",
        "road_type": "3",
        "second_road_class": "-1",
        "second_road_number": "-1",
        "special_conditions_at_site": "-1",
        "speed_limit": 70,
        "time": "14:30",
        "trunk_road_flag": "1",
        "urban_or_rural_area": "2",
        "weather_conditions": "5",
        "geometry_source": "collision_location",
        "source_year": 2024,
        "date_iso": "2024-12-18"
      }
    },
    {
      "type": "Feature",
      "id": "2024131420735",
      "geometry": {
        "type": "Point",
        "coordinates": [
          -1.8868,
          53.73985
        ]
      },
      "properties": {
        "carriageway_hazards": "0",
        "carriageway_hazards_historic": "-1",
        "collision_adjusted_severity_serious": "0",
        "collision_adjusted_severity_slight": "1",
        "collision_index": "2024131420735",
        "collision_injury_based": "1",
        "collision_ref_no": "131420735",
        "collision_severity": "3",
        "collision_year": 2024,
        "date": "13/03/2024",
        "day_of_week": "4",
        "did_police_officer_attend_scene_of_accident": "1",
        "enhanced_severity_collision": "3",
        "first_road_class": "6",
        "first_road_number": "0",
        "junction_control": "4",
        "junction_detail": "13",
        "junction_detail_historic": "-1",
        "latitude": "53.73985",
        "light_conditions": "1",
        "local_authority_district": "-1",
        "local_authority_highway": "E08000033",
        "local_authority_highway_current": "E08000033",
        "local_authority_ons_district": "E08000033",
        "location_easting_osgr": "407564",
        "location_northing_osgr": "427058",
        "longitude": "-1.8868",
        "lsoa_of_accident_location": "E01010944",
        "number_of_casualties": 1,
        "number_of_vehicles": 2,
        "pedestrian_crossing": "0",
        "pedestrian_crossing_human_control_historic": "-1",
        "pedestrian_crossing_physical_facilities_historic": "-1",
        "police_force": "13",
        "road_surface_conditions": "2",
        "road_type": "6",
        "second_road_class": "6",
        "second_road_number": "0",
        "special_conditions_at_site": "-1",
        "speed_limit": 20,
        "time": "12:55",
        "trunk_road_flag": "2",
        "urban_or_rural_area": "1",
        "weather_conditions": "2",
        "geometry_source": "collision_location",
        "source_year": 2024,
        "date_iso": "2024-03-13"
      }
    },
    {
      "type": "Feature",
      "id": "2024131469427",
      "geometry": {
        "type": "Point",
        "coordinates": [
          -1.90953,
          53.71701
        ]
      },
      "properties": {
        "carriageway_hazards": "0",
        "carriageway_hazards_historic": "-1",
        "collision_adjusted_severity_serious": "1",
        "collision_adjusted_severity_slight": "0",
        "collision_index": "2024131469427",
        "collision_injury_based": "1",
        "collision_ref_no": "131469427",
        "collision_severity": "2",
        "collision_year": 2024,
        "date": "18/07/2024",
        "day_of_week": "5",
        "did_police_officer_attend_scene_of_accident": "1",
        "enhanced_severity_collision": "7",
        "first_road_class": "3",
        "first_road_number": "646",
        "junction_control": "4",
        "junction_detail": "13",
        "junction_detail_historic": "-1",
        "latitude": "53.71701",
        "light_conditions": "1",
        "local_authority_district": "-1",
        "local_authority_highway": "E08000033",
        "local_authority_highway_current": "E08000033",
        "local_authority_ons_district": "E08000033",
        "location_easting_osgr": "406068",
        "location_northing_osgr": "424514",
        "longitude": "-1.90953",
        "lsoa_of_accident_location": "E01010976",
        "number_of_casualties": 1,
        "number_of_vehicles": 1,
        "pedestrian_crossing": "0",
        "pedestrian_crossing_human_control_historic": "-1",
        "pedestrian_crossing_physical_facilities_historic": "-1",
        "police_force": "13",
        "road_surface_conditions": "1",
        "road_type": "6",
        "second_road_class": "6",
        "second_road_number": "0",
        "special_conditions_at_site": "-1",
        "speed_limit": 40,
        "time": "14:57",
        "trunk_road_flag": "2",
        "urban_or_rural_area": "1",
        "weather_conditions": "1",
        "geometry_source": "collision_location",
        "source_year": 2024,
        "date_iso": "2024-07-18"
      }
    },
    {
      "type": "Feature",
      "id": "2024131497075",
      "geometry": {
        "type": "Point",
        "coordinates": [
          -1.87669,
          53.73379
        ]
      },
      "properties": {
        "carriageway_hazards": "0",
        "carriageway_hazards_historic": "-1",
        "collision_adjusted_severity_serious": "1",
        "collision_adjusted_severity_slight": "0",
        "collision_index": "2024131497075",
        "collision_injury_based": "1",
        "collision_ref_no": "131497075",
        "collision_severity": "2",
        "collision_year": 2024,
        "date": "31/07/2024",
        "day_of_week": "4",
        "did_police_officer_attend_scene_of_accident": "1",
        "enhanced_severity_collision": "7",
        "first_road_class": "6",
        "first_road_number": "0",
        "junction_control": "4",
        "junction_detail": "13",
        "junction_detail_historic": "-1",
        "latitude": "53.73379",
        "light_conditions": "1",
        "local_authority_district": "-1",
        "local_authority_highway": "E08000033",
        "local_authority_highway_current": "E08000033",
        "local_authority_ons_district": "E08000033",
        "location_easting_osgr": "408232",
        "location_northing_osgr": "426385",
        "longitude": "-1.87669",
        "lsoa_of_accident_location": "E01010938",
        "number_of_casualties": 1,
        "number_of_vehicles": 2,
        "pedestrian_crossing": "0",
        "pedestrian_crossing_human_control_historic": "-1",
        "pedestrian_crossing_physical_facilities_historic": "-1",
        "police_force": "13",
        "road_surface_conditions": "1",
        "road_type": "6",
        "second_road_class": "6",
        "second_road_number": "0",
        "special_conditions_at_site": "-1",
        "speed_limit": 20,
        "time": "13:47",
        "trunk_road_flag": "2",
        "urban_or_rural_area": "1",
        "weather_conditions": "1",
        "geometry_source": "collision_location",
        "source_year": 2024,
        "date_iso": "2024-07-31"
      }
    },
    {
      "type": "Feature",
      "id": "2024131524726",
      "geometry": {
        "type": "Point",
        "coordinates": [
          -1.8155,
          53.67658
        ]
      },
      "properties": {
        "carriageway_hazards": "0",
        "carriageway_hazards_historic": "-1",
        "collision_adjusted_severity_serious": "1",
        "collision_adjusted_severity_slight": "0",
        "collision_index": "2024131524726",
        "collision_injury_based": "1",
        "collision_ref_no": "131524726",
        "collision_severity": "2",
        "collision_year": 2024,
        "date": "16/11/2024",
        "day_of_week": "7",
        "did_police_officer_attend_scene_of_accident": "1",
        "enhanced_severity_collision": "5",
        "first_road_class": "1",
        "first_road_number": "62",
        "junction_control": "-1",
        "junction_detail": "0",
        "junction_detail_historic": "-1",
        "latitude": "53.67658",
        "light_conditions": "1",
        "local_authority_district": "-1",
        "local_authority_highway": "E08000033",
        "local_authority_highway_current": "E08000033",
        "local_authority_ons_district": "E08000033",
        "location_easting_osgr": "412285",
        "location_northing_osgr": "420028",
        "longitude": "-1.8155",
        "lsoa_of_accident_location": "E01010892",
        "number_of_casualties": 1,
        "number_of_vehicles": 3,
        "pedestrian_crossing": "0",
        "pedestrian_crossing_human_control_historic": "-1",
        "pedestrian_crossing_physical_facilities_historic": "-1",
        "police_force": "13",
        "road_surface_conditions": "1",
        "road_type": "3",
        "second_road_class": "-1",
        "second_road_number": "-1",
        "special_conditions_at_site": "-1",
        "speed_limit": 70,
        "time": "15:00",
        "trunk_road_flag": "1",
        "urban_or_rural_area": "2",
        "weather_conditions": "1",
        "geometry_source": "collision_location",
        "source_year": 2024,
        "date_iso": "2024-11-16"
      }
    },
    {
      "type": "Feature",
      "id": "2024131534344",
      "geometry": {
        "type": "Point",
        "coordinates": [
          -1.81443,
          53.72906
        ]
      },
      "properties": {
        "carriageway_hazards": "0",
        "carriageway_hazards_historic": "-1",
        "collision_adjusted_severity_serious": "0",
        "collision_adjusted_severity_slight": "1",
        "collision_index": "2024131534344",
        "collision_injury_based": "1",
        "collision_ref_no": "131534344",
        "collision_severity": "3",
        "collision_year": 2024,
        "date": "23/12/2024",
        "day_of_week": "2",
        "did_police_officer_attend_scene_of_accident": "1",
        "enhanced_severity_collision": "3",
        "first_road_class": "3",
        "first_road_number": "644",
        "junction_control": "4",
        "junction_detail": "13",
        "junction_detail_historic": "-1",
        "latitude": "53.72906",
        "light_conditions": "5",
        "local_authority_district": "-1",
        "local_authority_highway": "E08000033",
        "local_authority_highway_current": "E08000033",
        "local_authority_ons_district": "E08000033",
        "location_easting_osgr": "412341",
        "location_northing_osgr": "425867",
        "longitude": "-1.81443",
        "lsoa_of_accident_location": "E01010907",
        "number_of_casualties": 1,
        "number_of_vehicles": 2,
        "pedestrian_crossing": "0",
        "pedestrian_crossing_human_control_historic": "-1",
        "pedestrian_crossing_physical_facilities_historic": "-1",
        "police_force": "13",
        "road_surface_conditions": "1",
        "road_type": "6",
        "second_road_class": "6",
        "second_road_number": "0",
        "special_conditions_at_site": "-1",
        "speed_limit": 30,
        "time": "15:26",
        "trunk_road_flag": "2",
        "urban_or_rural_area": "1",
        "weather_conditions": "1",
        "geometry_source": "collision_location",
        "source_year": 2024,
        "date_iso": "2024-12-23"
      }
    },
    {
      "type": "Feature",
      "id": "2024131478909",
      "geometry": {
        "type": "Point",
        "coordinates": [
          -1.95238,
          53.64119
        ]
      },
      "properties": {
        "carriageway_hazards": "0",
        "carriageway_hazards_historic": "-1",
        "collision_adjusted_severity_serious": "0",
        "collision_adjusted_severity_slight": "1",
        "collision_index": "2024131478909",
        "collision_injury_based": "1",
        "collision_ref_no": "131478909",
        "collision_severity": "3",
        "collision_year": 2024,
        "date": "11/08/2024",
        "day_of_week": "1",
        "did_police_officer_attend_scene_of_accident": "1",
        "enhanced_severity_collision": "3",
        "first_road_class": "1",
        "first_road_number": "62",
        "junction_control": "-1",
        "junction_detail": "0",
        "junction_detail_historic": "-1",
        "latitude": "53.64119",
        "light_conditions": "1",
        "local_authority_district": "-1",
        "local_authority_highway": "E08000033",
        "local_authority_highway_current": "E08000033",
        "local_authority_ons_district": "E08000033",
        "location_easting_osgr": "403246",
        "location_northing_osgr": "416076",
        "longitude": "-1.95238",
        "lsoa_of_accident_location": "E01010955",
        "number_of_casualties": 1,
        "number_of_vehicles": 2,
        "pedestrian_crossing": "0",
        "pedestrian_crossing_human_control_historic": "-1",
        "pedestrian_crossing_physical_facilities_historic": "-1",
        "police_force": "13",
        "road_surface_conditions": "1",
        "road_type": "3",
        "second_road_class": "-1",
        "second_road_number": "-1",
        "special_conditions_at_site": "-1",
        "speed_limit": 70,
        "time": "19:45",
        "trunk_road_flag": "1",
        "urban_or_rural_area": "2",
        "weather_conditions": "1",
        "geometry_source": "collision_location",
        "source_year": 2024,
        "date_iso": "2024-08-11"
      }
    },
    {
      "type": "Feature",
      "id": "2024131400171",
      "geometry": {
        "type": "Point",
        "coordinates": [
          -1.90867,
          53.70919
        ]
      },
      "properties": {
        "carriageway_hazards": "0",
        "carriageway_hazards_historic": "-1",
        "collision_adjusted_severity_serious": "0",
        "collision_adjusted_severity_slight": "1",
        "collision_index": "2024131400171",
        "collision_injury_based": "1",
        "collision_ref_no": "131400171",
        "collision_severity": "3",
        "collision_year": 2024,
        "date": "16/01/2024",
        "day_of_week": "3",
        "did_police_officer_attend_scene_of_accident": "1",
        "enhanced_severity_collision": "3",
        "first_road_class": "3",
        "first_road_number": "58",
        "junction_control": "-1",
        "junction_detail": "0",
        "junction_detail_historic": "-1",
        "latitude": "53.70919",
        "light_conditions": "4",
        "local_authority_district": "-1",
        "local_authority_highway": "E08000033",
        "local_authority_highway_current": "E08000033",
        "local_authority_ons_district": "E08000033",
        "location_easting_osgr": "406126",
        "location_northing_osgr": "423645",
        "longitude": "-1.90867",
        "lsoa_of_accident_location": "E01010979",
        "number_of_casualties": 1,
        "number_of_vehicles": 2,
        "pedestrian_crossing": "0",
        "pedestrian_crossing_human_control_historic": "-1",
        "pedestrian_crossing_physical_facilities_historic": "-1",
        "police_force": "13",
        "road_surface_conditions": "1",
        "road_type": "6",
        "second_road_class": "6",
        "second_road_number": "0",
        "special_conditions_at_site": "-1",
        "speed_limit": 20,
        "time": "18:50",
        "trunk_road_flag": "2",
        "urban_or_rural_area": "1",
        "weather_conditions": "1",
        "geometry_source": "collision_location",
        "source_year": 2024,
        "date_iso": "2024-01-16"
      }
    },
    {
      "type": "Feature",
      "id": "2024131447420",
      "geometry": {
        "type": "Point",
        "coordinates": [
          -1.87408,
          53.73578
        ]
      },
      "properties": {
        "carriageway_hazards": "0",
        "carriageway_hazards_historic": "-1",
        "collision_adjusted_severity_serious": "0",
        "collision_adjusted_severity_slight": "1",
        "collision_index": "2024131447420",
        "collision_injury_based": "1",
        "collision_ref_no": "131447420",
        "collision_severity": "3",
        "collision_year": 2024,
        "date": "22/05/2024",
        "day_of_week": "4",
        "did_police_officer_attend_scene_of_accident": "1",
        "enhanced_severity_collision": "3",
        "first_road_class": "3",
        "first_road_number": "629",
        "junction_control": "4",
        "junction_detail": "13",
        "junction_detail_historic": "-1",
        "latitude": "53.73578",
        "light_conditions": "1",
        "local_authority_district": "-1",
        "local_authority_highway": "E08000033",
        "local_authority_highway_current": "E08000033",
        "local_authority_ons_district": "E08000033",
        "location_easting_osgr": "408404",
        "location_northing_osgr": "426606",
        "longitude": "-1.87408",
        "lsoa_of_accident_location": "E01010938",
        "number_of_casualties": 1,
        "number_of_vehicles": 1,
        "pedestrian_crossing": "12",
        "pedestrian_crossing_human_control_historic": "-1",
        "pedestrian_crossing_physical_facilities_historic": "-1",
        "police_force": "13",
        "road_surface_conditions": "2",
        "road_type": "6",
        "second_road_class": "6",
        "second_road_number": "0",
        "special_conditions_at_site": "-1",
        "speed_limit": 30,
        "time": "20:50",
        "trunk_road_flag": "2",
        "urban_or_rural_area": "1",
        "weather_conditions": "2",
        "geometry_source": "collision_location",
        "source_year": 2024,
        "date_iso": "2024-05-22"
      }
    },
    {
      "type": "Feature",
      "id": "2024131456925",
      "geometry": {
        "type": "Point",
        "coordinates": [
          -2.08658,
          53.71375
        ]
      },
      "properties": {
        "carriageway_hazards": "0",
        "carriageway_hazards_historic": "-1",
        "collision_adjusted_severity_serious": "1",
        "collision_adjusted_severity_slight": "0",
        "collision_index": "2024131456925",
        "collision_injury_based": "1",
        "collision_ref_no": "131456925",
        "collision_severity": "2",
        "collision_year": 2024,
        "date": "17/06/2024",
        "day_of_week": "2",
        "did_police_officer_attend_scene_of_accident": "1",
        "enhanced_severity_collision": "7",
        "first_road_class": "6",
        "first_road_number": "0",
        "junction_control": "4",
        "junction_detail": "13",
        "junction_detail_historic": "-1",
        "latitude": "53.71375",
        "light_conditions": "1",
        "local_authority_district": "-1",
        "local_authority_highway": "E08000033",
        "local_authority_highway_current": "E08000033",
        "local_authority_ons_district": "E08000033",
        "location_easting_osgr": "394383",
        "location_northing_osgr": "424152",
        "longitude": "-2.08658",
        "lsoa_of_accident_location": "E01010984",
        "number_of_casualties": 1,
        "number_of_vehicles": 2,
        "pedestrian_crossing": "0",
        "pedestrian_crossing_human_control_historic": "-1",
        "pedestrian_crossing_physical_facilities_historic": "-1",
        "police_force": "13",
        "road_surface_conditions": "1",
        "road_type": "6",
        "second_road_class": "6",
        "second_road_number": "0",
        "special_conditions_at_site": "-1",
        "speed_limit": 30,
        "time": "19:35",
        "trunk_road_flag": "2",
        "urban_or_rural_area": "1",
        "weather_conditions": "1",
        "geometry_source": "collision_location",
        "source_year": 2024,
        "date_iso": "2024-06-17"
      }
    },
    {
      "type": "Feature",
      "id": "2024131530990",
      "geometry": {
        "type": "Point",
        "coordinates": [
          -1.9869,
          53.73236
        ]
      },
      "properties": {
        "carriageway_hazards": "0",
        "carriageway_hazards_historic": "-1",
        "collision_adjusted_severity_serious": "0",
        "collision_adjusted_severity_slight": "1",
        "collision_index": "2024131530990",
        "collision_injury_based": "1",
        "collision_ref_no": "131530990",
        "collision_severity": "3",
        "collision_year": 2024,
        "date": "16/12/2024",
        "day_of_week": "2",
        "did_police_officer_attend_scene_of_accident": "1",
        "enhanced_severity_collision": "3",
        "first_road_class": "3",
        "first_road_number": "646",
        "junction_control": "-1",
        "junction_detail": "0",
        "junction_detail_historic": "-1",
        "latitude": "53.73236",
        "light_conditions": "4",
        "local_authority_district": "-1",
        "local_authority_highway": "E08000033",
        "local_authority_highway_current": "E08000033",
        "local_authority_ons_district": "E08000033",
        "location_easting_osgr": "400962",
        "location_northing_osgr": "426219",
        "longitude": "-1.9869",
        "lsoa_of_accident_location": "E01010918",
        "number_of_casualties": 1,
        "number_of_vehicles": 2,
        "pedestrian_crossing": "0",
        "pedestrian_crossing_human_control_historic": "-1",
        "pedestrian_crossing_physical_facilities_historic": "-1",
        "police_force": "13",
        "road_surface_conditions": "2",
        "road_type": "6",
        "second_road_class": "6",
        "second_road_number": "0",
        "special_conditions_at_site": "-1",
        "speed_limit": 20,
        "time": "19:27",
        "trunk_road_flag": "2",
        "urban_or_rural_area": "2",
        "weather_conditions": "2",
        "geometry_source": "collision_location",
        "source_year": 2024,
        "date_iso": "2024-12-16"
      }
    },
    {
      "type": "Feature",
      "id": "2024131396888",
      "geometry": {
        "type": "Point",
        "coordinates": [
          -2.02089,
          53.62859
        ]
      },
      "properties": {
        "carriageway_hazards": "0",
        "carriageway_hazards_historic": "-1",
        "collision_adjusted_severity_serious": "0",
        "collision_adjusted_severity_slight": "1",
        "collision_index": "2024131396888",
        "collision_injury_based": "1",
        "collision_ref_no": "131396888",
        "collision_severity": "3",
        "collision_year": 2024,
        "date": "10/01/2024",
        "day_of_week": "4",
        "did_police_officer_attend_scene_of_accident": "1",
        "enhanced_severity_collision": "3",
        "first_road_class": "3",
        "first_road_number": "672",
        "junction_control": "4",
        "junction_detail": "16",
        "junction_detail_historic": "-1",
        "latitude": "53.62859",
        "light_conditions": "1",
        "local_authority_district": "-1",
        "local_authority_highway": "E08000033",
        "local_authority_highway_current": "E08000033",
        "local_authority_ons_district": "E08000033",
        "location_easting_osgr": "398716",
        "location_northing_osgr": "414673",
        "longitude": "-2.02089",
        "lsoa_of_accident_location": "E01010955",
        "number_of_casualties": 1,
        "number_of_vehicles": 2,
        "pedestrian_crossing": "0",
        "pedestrian_crossing_human_control_historic": "-1",
        "pedestrian_crossing_physical_facilities_historic": "-1",
        "police_force": "13",
        "road_surface_conditions": "1",
        "road_type": "7",
        "second_road_class": "1",
        "second_road_number": "62",
        "special_conditions_at_site": "-1",
        "speed_limit": 50,
        "time": "12:42",
        "trunk_road_flag": "2",
        "urban_or_rural_area": "2",
        "weather_conditions": "1",
        "geometry_source": "collision_location",
        "source_year": 2024,
        "date_iso": "2024-01-10"
      }
    },
    {
      "type": "Feature",
      "id": "2024131422905",
      "geometry": {
        "type": "Point",
        "coordinates": [
          -1.91448,
          53.75098
        ]
      },
      "properties": {
        "carriageway_hazards": "0",
        "carriageway_hazards_historic": "-1",
        "collision_adjusted_severity_serious": "1",
        "collision_adjusted_severity_slight": "0",
        "collision_index": "2024131422905",
        "collision_injury_based": "1",
        "collision_ref_no": "131422905",
        "collision_severity": "2",
        "collision_year": 2024,
        "date": "19/03/2024",
        "day_of_week": "3",
        "did_police_officer_attend_scene_of_accident": "1",
        "enhanced_severity_collision": "7",
        "first_road_class": "6",
        "first_road_number": "0",
        "junction_control": "4",
        "junction_detail": "-1",
        "junction_detail_historic": "-1",
        "latitude": "53.75098",
        "light_conditions": "1",
        "local_authority_district": "-1",
        "local_authority_highway": "E08000033",
        "local_authority_highway_current": "E08000033",
        "local_authority_ons_district": "E08000033",
        "location_easting_osgr": "405737",
        "location_northing_osgr": "428293",
        "longitude": "-1.91448",
        "lsoa_of_accident_location": "E01010926",
        "number_of_casualties": 1,
        "number_of_vehicles": 1,
        "pedestrian_crossing": "0",
        "pedestrian_crossing_human_control_historic": "-1",
        "pedestrian_crossing_physical_facilities_historic": "-1",
        "police_force": "13",
        "road_surface_conditions": "1",
        "road_type": "9",
        "second_road_class": "6",
        "second_road_number": "0",
        "special_conditions_at_site": "-1",
        "speed_limit": 20,
        "time": "16:13",
        "trunk_road_flag": "2",
        "urban_or_rural_area": "1",
        "weather_conditions": "1",
        "geometry_source": "collision_location",
        "source_year": 2024,
        "date_iso": "2024-03-19"
      }
    },
    {
      "type": "Feature",
      "id": "2024131565465",
      "geometry": {
        "type": "Point",
        "coordinates": [
          -1.89134,
          53.74821
        ]
      },
      "properties": {
        "carriageway_hazards": "0",
        "carriageway_hazards_historic": "-1",
        "collision_adjusted_severity_serious": "0",
        "collision_adjusted_severity_slight": "1",
        "collision_index": "2024131565465",
        "collision_injury_based": "1",
        "collision_ref_no": "131565465",
        "collision_severity": "3",
        "collision_year": 2024,
        "date": "11/10/2024",
        "day_of_week": "6",
        "did_police_officer_attend_scene_of_accident": "2",
        "enhanced_severity_collision": "3",
        "first_road_class": "6",
        "first_road_number": "0",
        "junction_control": "-1",
        "junction_detail": "0",
        "junction_detail_historic": "-1",
        "latitude": "53.74821",
        "light_conditions": "5",
        "local_authority_district": "-1",
        "local_authority_highway": "E08000033",
        "local_authority_highway_current": "E08000033",
        "local_authority_ons_district": "E08000033",
        "location_easting_osgr": "407263",
        "location_northing_osgr": "427987",
        "longitude": "-1.89134",
        "lsoa_of_accident_location": "E01010941",
        "number_of_casualties": 1,
        "number_of_vehicles": 1,
        "pedestrian_crossing": "0",
        "pedestrian_crossing_human_control_historic": "-1",
        "pedestrian_crossing_physical_facilities_historic": "-1",
        "police_force": "13",
        "road_surface_conditions": "1",
        "road_type": "6",
        "second_road_class": "6",
        "second_road_number": "0",
        "special_conditions_at_site": "-1",
        "speed_limit": 20,
        "time": "07:12",
        "trunk_road_flag": "2",
        "urban_or_rural_area": "1",
        "weather_conditions": "1",
        "geometry_source": "collision_location",
        "source_year": 2024,
        "date_iso": "2024-10-11"
      }
    },
    {
      "type": "Feature",
      "id": "2024131467078",
      "geometry": {
        "type": "Point",
        "coordinates": [
          -1.97367,
          53.66855
        ]
      },
      "properties": {
        "carriageway_hazards": "0",
        "carriageway_hazards_historic": "-1",
        "collision_adjusted_severity_serious": "1",
        "collision_adjusted_severity_slight": "0",
        "collision_index": "2024131467078",
        "collision_injury_based": "1",
        "collision_ref_no": "131467078",
        "collision_severity": "2",
        "collision_year": 2024,
        "date": "12/07/2024",
        "day_of_week": "6",
        "did_police_officer_attend_scene_of_accident": "1",
        "enhanced_severity_collision": "6",
        "first_road_class": "6",
        "first_road_number": "0",
        "junction_control": "4",
        "junction_detail": "18",
        "junction_detail_historic": "-1",
        "latitude": "53.66855",
        "light_conditions": "1",
        "local_authority_district": "-1",
        "local_authority_highway": "E08000033",
        "local_authority_highway_current": "E08000033",
        "local_authority_ons_district": "E08000033",
        "location_easting_osgr": "401837",
        "location_northing_osgr": "419119",
        "longitude": "-1.97367",
        "lsoa_of_accident_location": "E01010954",
        "number_of_casualties": 3,
        "number_of_vehicles": 2,
        "pedestrian_crossing": "0",
        "pedestrian_crossing_human_control_historic": "-1",
        "pedestrian_crossing_physical_facilities_historic": "-1",
        "police_force": "13",
        "road_surface_conditions": "2",
        "road_type": "6",
        "second_road_class": "3",
        "second_road_number": "58",
        "special_conditions_at_site": "-1",
        "speed_limit": 60,
        "time": "15:31",
        "trunk_road_flag": "2",
        "urban_or_rural_area": "2",
        "weather_conditions": "8",
        "geometry_source": "collision_location",
        "source_year": 2024,
        "date_iso": "2024-07-12"
      }
    },
    {
      "type": "Feature",
      "id": "2024131519745",
      "geometry": {
        "type": "Point",
        "coordinates": [
          -1.85641,
          53.71962
        ]
      },
      "properties": {
        "carriageway_hazards": "0",
        "carriageway_hazards_historic": "-1",
        "collision_adjusted_severity_serious": "0",
        "collision_adjusted_severity_slight": "1",
        "collision_index": "2024131519745",
        "collision_injury_based": "1",
        "collision_ref_no": "131519745",
        "collision_severity": "3",
        "collision_year": 2024,
        "date": "22/11/2024",
        "day_of_week": "6",
        "did_police_officer_attend_scene_of_accident": "1",
        "enhanced_severity_collision": "3",
        "first_road_class": "6",
        "first_road_number": "0",
        "junction_control": "4",
        "junction_detail": "-1",
        "junction_detail_historic": "-1",
        "latitude": "53.71962",
        "light_conditions": "4",
        "local_authority_district": "-1",
        "local_authority_highway": "E08000033",
        "local_authority_highway_current": "E08000033",
        "local_authority_ons_district": "E08000033",
        "location_easting_osgr": "409573",
        "location_northing_osgr": "424811",
        "longitude": "-1.85641",
        "lsoa_of_accident_location": "E01034582",
        "number_of_casualties": 2,
        "number_of_vehicles": 1,
        "pedestrian_crossing": "0",
        "pedestrian_crossing_human_control_historic": "-1",
        "pedestrian_crossing_physical_facilities_historic": "-1",
        "police_force": "13",
        "road_surface_conditions": "4",
        "road_type": "1",
        "second_road_class": "6",
        "second_road_number": "0",
        "special_conditions_at_site": "-1",
        "speed_limit": 30,
        "time": "05:50",
        "trunk_road_flag": "2",
        "urban_or_rural_area": "1",
        "weather_conditions": "8",
        "geometry_source": "collision_location",
        "source_year": 2024,
        "date_iso": "2024-11-22"
      }
    },
    {
      "type": "Feature",
      "id": "2024131441289",
      "geometry": {
        "type": "Point",
        "coordinates": [
          -2.13578,
          53.73239
        ]
      },
      "properties": {
        "carriageway_hazards": "0",
        "carriageway_hazards_historic": "-1",
        "collision_adjusted_severity_serious": "0",
        "collision_adjusted_severity_slight": "1",
        "collision_index": "2024131441289",
        "collision_injury_based": "1",
        "collision_ref_no": "131441289",
        "collision_severity": "3",
        "collision_year": 2024,
        "date": "09/05/2024",
        "day_of_week": "5",
        "did_police_officer_attend_scene_of_accident": "1",
        "enhanced_severity_collision": "3",
        "first_road_class": "3",
        "first_road_number": "646",
        "junction_control": "4",
        "junction_detail": "19",
        "junction_detail_historic": "-1",
        "latitude": "53.73239",
        "light_conditions": "4",
        "local_authority_district": "-1",
        "local_authority_highway": "E08000033",
        "local_authority_highway_current": "E08000033",
        "local_authority_ons_district": "E08000033",
        "location_easting_osgr": "391140",
        "location_northing_osgr": "426231",
        "longitude": "-2.13578",
        "lsoa_of_accident_location": "E01010986",
        "number_of_casualties": 1,
        "number_of_vehicles": 2,
        "pedestrian_crossing": "0",
        "pedestrian_crossing_human_control_historic": "-1",
        "pedestrian_crossing_physical_facilities_historic": "-1",
        "police_force": "13",
        "road_surface_conditions": "1",
        "road_type": "6",
        "second_road_class": "6",
        "second_road_number": "0",
        "special_conditions_at_site": "-1",
        "speed_limit": 30,
        "time": "21:40",
        "trunk_road_flag": "2",
        "urban_or_rural_area": "2",
        "weather_conditions": "1",
        "geometry_source": "collision_location",
        "source_year": 2024,
        "date_iso": "2024-05-09"
      }
    },
    {
      "type": "Feature",
      "id": "2024131468530",
      "geometry": {
        "type": "Point",
        "coordinates": [
          -1.8633,
          53.6989
        ]
      },
      "properties": {
        "carriageway_hazards": "0",
        "carriageway_hazards_historic": "-1",
        "collision_adjusted_severity_serious": "0",
        "collision_adjusted_severity_slight": "1",
        "collision_index": "2024131468530",
        "collision_injury_based": "1",
        "collision_ref_no": "131468530",
        "collision_severity": "3",
        "collision_year": 2024,
        "date": "16/07/2024",
        "day_of_week": "3",
        "did_police_officer_attend_scene_of_accident": "1",
        "enhanced_severity_collision": "3",
        "first_road_class": "3",
        "first_road_number": "6026",
        "junction_control": "-1",
        "junction_detail": "0",
        "junction_detail_historic": "-1",
        "latitude": "53.6989",
        "light_conditions": "1",
        "local_authority_district": "-1",
        "local_authority_highway": "E08000033",
        "local_authority_highway_current": "E08000033",
        "local_authority_ons_district": "E08000033",
        "location_easting_osgr": "409123",
        "location_northing_osgr": "422505",
        "longitude": "-1.8633",
        "lsoa_of_accident_location": "E01010971",
        "number_of_casualties": 1,
        "number_of_vehicles": 2,
        "pedestrian_crossing": "0",
        "pedestrian_crossing_human_control_historic": "-1",
        "pedestrian_crossing_physical_facilities_historic": "-1",
        "police_force": "13",
        "road_surface_conditions": "1",
        "road_type": "6",
        "second_road_class": "6",
        "second_road_number": "0",
        "special_conditions_at_site": "-1",
        "speed_limit": 30,
        "time": "20:06",
        "trunk_road_flag": "2",
        "urban_or_rural_area": "2",
        "weather_conditions": "1",
        "geometry_source": "collision_location",
        "source_year": 2024,
        "date_iso": "2024-07-16"
      }
    },
    {
      "type": "Feature",
      "id": "2024131403616",
      "geometry": {
        "type": "Point",
        "coordinates": [
          -1.82178,
          53.74616
        ]
      },
      "properties": {
        "carriageway_hazards": "0",
        "carriageway_hazards_historic": "-1",
        "collision_adjusted_severity_serious": "1",
        "collision_adjusted_severity_slight": "0",
        "collision_index": "2024131403616",
        "collision_injury_based": "1",
        "collision_ref_no": "131403616",
        "collision_severity": "2",
        "collision_year": 2024,
        "date": "29/01/2024",
        "day_of_week": "2",
        "did_police_officer_attend_scene_of_accident": "1",
        "enhanced_severity_collision": "7",
        "first_road_class": "3",
        "first_road_number": "6036",
        "junction_control": "-1",
        "junction_detail": "0",
        "junction_detail_historic": "-1",
        "latitude": "53.74616",
        "light_conditions": "4",
        "local_authority_district": "-1",
        "local_authority_highway": "E08000033",
        "local_authority_highway_current": "E08000033",
        "local_authority_ons_district": "E08000033",
        "location_easting_osgr": "411851",
        "location_northing_osgr": "427769",
        "longitude": "-1.82178",
        "lsoa_of_accident_location": "E01010935",
        "number_of_casualties": 1,
        "number_of_vehicles": 2,
        "pedestrian_crossing": "0",
        "pedestrian_crossing_human_control_historic": "-1",
        "pedestrian_crossing_physical_facilities_historic": "-1",
        "police_force": "13",
        "road_surface_conditions": "2",
        "road_type": "6",
        "second_road_class": "3",
        "second_road_number": "6036",
        "special_conditions_at_site": "-1",
        "speed_limit": 40,
        "time": "00:42",
        "trunk_road_flag": "2",
        "urban_or_rural_area": "1",
        "weather_conditions": "1",
        "geometry_source": "collision_location",
        "source_year": 2024,
        "date_iso": "2024-01-29"
      }
    },
    {
      "type": "Feature",
      "id": "2024131505680",
      "geometry": {
        "type": "Point",
        "coordinates": [
          -1.86214,
          53.67464
        ]
      },
      "properties": {
        "carriageway_hazards": "0",
        "carriageway_hazards_historic": "-1",
        "collision_adjusted_severity_serious": "0",
        "collision_adjusted_severity_slight": "1",
        "collision_index": "2024131505680",
        "collision_injury_based": "1",
        "collision_ref_no": "131505680",
        "collision_severity": "3",
        "collision_year": 2024,
        "date": "18/10/2024",
        "day_of_week": "6",
        "did_police_officer_attend_scene_of_accident": "1",
        "enhanced_severity_collision": "3",
        "first_road_class": "6",
        "first_road_number": "0",
        "junction_control": "4",
        "junction_detail": "13",
        "junction_detail_historic": "-1",
        "latitude": "53.67464",
        "light_conditions": "4",
        "local_authority_district": "-1",
        "local_authority_highway": "E08000033",
        "local_authority_highway_current": "E08000033",
        "local_authority_ons_district": "E08000033",
        "location_easting_osgr": "409205",
        "location_northing_osgr": "419806",
        "longitude": "-1.86214",
        "lsoa_of_accident_location": "E01010903",
        "number_of_casualties": 1,
        "number_of_vehicles": 2,
        "pedestrian_crossing": "0",
        "pedestrian_crossing_human_control_historic": "-1",
        "pedestrian_crossing_physical_facilities_historic": "-1",
        "police_force": "13",
        "road_surface_conditions": "1",
        "road_type": "6",
        "second_road_class": "6",
        "second_road_number": "0",
        "special_conditions_at_site": "-1",
        "speed_limit": 20,
        "time": "22:59",
        "trunk_road_flag": "2",
        "urban_or_rural_area": "2",
        "weather_conditions": "1",
        "geometry_source": "collision_location",
        "source_year": 2024,
        "date_iso": "2024-10-18"
      }
    },
    {
      "type": "Feature",
      "id": "2024131417451",
      "geometry": {
        "type": "Point",
        "coordinates": [
          -1.8319,
          53.71061
        ]
      },
      "properties": {
        "carriageway_hazards": "0",
        "carriageway_hazards_historic": "-1",
        "collision_adjusted_severity_serious": "1",
        "collision_adjusted_severity_slight": "0",
        "collision_index": "2024131417451",
        "collision_injury_based": "1",
        "collision_ref_no": "131417451",
        "collision_severity": "2",
        "collision_year": 2024,
        "date": "05/03/2024",
        "day_of_week": "3",
        "did_police_officer_attend_scene_of_accident": "1",
        "enhanced_severity_collision": "7",
        "first_road_class": "6",
        "first_road_number": "0",
        "junction_control": "-1",
        "junction_detail": "0",
        "junction_detail_historic": "-1",
        "latitude": "53.71061",
        "light_conditions": "1",
        "local_authority_district": "-1",
        "local_authority_highway": "E08000033",
        "local_authority_highway_current": "E08000033",
        "local_authority_ons_district": "E08000033",
        "location_easting_osgr": "411193",
        "location_northing_osgr": "423812",
        "longitude": "-1.8319",
        "lsoa_of_accident_location": "E01010990",
        "number_of_casualties": 1,
        "number_of_vehicles": 2,
        "pedestrian_crossing": "0",
        "pedestrian_crossing_human_control_historic": "-1",
        "pedestrian_crossing_physical_facilities_historic": "-1",
        "police_force": "13",
        "road_surface_conditions": "1",
        "road_type": "6",
        "second_road_class": "6",
        "second_road_number": "0",
        "special_conditions_at_site": "-1",
        "speed_limit": 20,
        "time": "15:00",
        "trunk_road_flag": "2",
        "urban_or_rural_area": "1",
        "weather_conditions": "1",
        "geometry_source": "collision_location",
        "source_year": 2024,
        "date_iso": "2024-03-05"
      }
    },
    {
      "type": "Feature",
      "id": "2024131496697",
      "geometry": {
        "type": "Point",
        "coordinates": [
          -1.84089,
          53.68378
        ]
      },
      "properties": {
        "carriageway_hazards": "0",
        "carriageway_hazards_historic": "-1",
        "collision_adjusted_severity_serious": "0",
        "collision_adjusted_severity_slight": "1",
        "collision_index": "2024131496697",
        "collision_injury_based": "1",
        "collision_ref_no": "131496697",
        "collision_severity": "3",
        "collision_year": 2024,
        "date": "25/09/2024",
        "day_of_week": "4",
        "did_police_officer_attend_scene_of_accident": "2",
        "enhanced_severity_collision": "3",
        "first_road_class": "6",
        "first_road_number": "0",
        "junction_control": "4",
        "junction_detail": "13",
        "junction_detail_historic": "-1",
        "latitude": "53.68378",
        "light_conditions": "1",
        "local_authority_district": "-1",
        "local_authority_highway": "E08000033",
        "local_authority_highway_current": "E08000033",
        "local_authority_ons_district": "E08000033",
        "location_easting_osgr": "410606",
        "location_northing_osgr": "420825",
        "longitude": "-1.84089",
        "lsoa_of_accident_location": "E01010893",
        "number_of_casualties": 1,
        "number_of_vehicles": 2,
        "pedestrian_crossing": "0",
        "pedestrian_crossing_human_control_historic": "-1",
        "pedestrian_crossing_physical_facilities_historic": "-1",
        "police_force": "13",
        "road_surface_conditions": "1",
        "road_type": "6",
        "second_road_class": "6",
        "second_road_number": "0",
        "special_conditions_at_site": "-1",
        "speed_limit": 30,
        "time": "10:30",
        "trunk_road_flag": "2",
        "urban_or_rural_area": "1",
        "weather_conditions": "9",
        "geometry_source": "collision_location",
        "source_year": 2024,
        "date_iso": "2024-09-25"
      }
    },
    {
      "type": "Feature",
      "id": "2024131440757",
      "geometry": {
        "type": "Point",
        "coordinates": [
          -1.8665,
          53.7208
        ]
      },
      "properties": {
        "carriageway_hazards": "0",
        "carriageway_hazards_historic": "-1",
        "collision_adjusted_severity_serious": "0",
        "collision_adjusted_severity_slight": "1",
        "collision_index": "2024131440757",
        "collision_injury_based": "1",
        "collision_ref_no": "131440757",
        "collision_severity": "3",
        "collision_year": 2024,
        "date": "09/05/2024",
        "day_of_week": "5",
        "did_police_officer_attend_scene_of_accident": "1",
        "enhanced_severity_collision": "3",
        "first_road_class": "6",
        "first_road_number": "0",
        "junction_control": "4",
        "junction_detail": "19",
        "junction_detail_historic": "-1",
        "latitude": "53.7208",
        "light_conditions": "1",
        "local_authority_district": "-1",
        "local_authority_highway": "E08000033",
        "local_authority_highway_current": "E08000033",
        "local_authority_ons_district": "E08000033",
        "location_easting_osgr": "408907",
        "location_northing_osgr": "424941",
        "longitude": "-1.8665",
        "lsoa_of_accident_location": "E01034582",
        "number_of_casualties": 1,
        "number_of_vehicles": 3,
        "pedestrian_crossing": "0",
        "pedestrian_crossing_human_control_historic": "-1",
        "pedestrian_crossing_physical_facilities_historic": "-1",
        "police_force": "13",
        "road_surface_conditions": "1",
        "road_type": "6",
        "second_road_class": "6",
        "second_road_number": "0",
        "special_conditions_at_site": "-1",
        "speed_limit": 30,
        "time": "12:07",
        "trunk_road_flag": "2",
        "urban_or_rural_area": "1",
        "weather_conditions": "1",
        "geometry_source": "collision_location",
        "source_year": 2024,
        "date_iso": "2024-05-09"
      }
    },
    {
      "type": "Feature",
      "id": "2024131412828",
      "geometry": {
        "type": "Point",
        "coordinates": [
          -1.8055,
          53.67937
        ]
      },
      "properties": {
        "carriageway_hazards": "0",
        "carriageway_hazards_historic": "-1",
        "collision_adjusted_severity_serious": "0",
        "collision_adjusted_severity_slight": "1",
        "collision_index": "2024131412828",
        "collision_injury_based": "1",
        "collision_ref_no": "131412828",
        "collision_severity": "3",
        "collision_year": 2024,
        "date": "22/02/2024",
        "day_of_week": "5",
        "did_police_officer_attend_scene_of_accident": "1",
        "enhanced_severity_collision": "3",
        "first_road_class": "1",
        "first_road_number": "62",
        "junction_control": "-1",
        "junction_detail": "0",
        "junction_detail_historic": "-1",
        "latitude": "53.67937",
        "light_conditions": "1",
        "local_authority_district": "-1",
        "local_authority_highway": "E08000033",
        "local_authority_highway_current": "E08000033",
        "local_authority_ons_district": "E08000033",
        "location_easting_osgr": "412945",
        "location_northing_osgr": "420340",
        "longitude": "-1.8055",
        "lsoa_of_accident_location": "E01010891",
        "number_of_casualties": 1,
        "number_of_vehicles": 2,
        "pedestrian_crossing": "0",
        "pedestrian_crossing_human_control_historic": "-1",
        "pedestrian_crossing_physical_facilities_historic": "-1",
        "police_force": "13",
        "road_surface_conditions": "2",
        "road_type": "3",
        "second_road_class": "-1",
        "second_road_number": "-1",
        "special_conditions_at_site": "-1",
        "speed_limit": 70,
        "time": "09:55",
        "trunk_road_flag": "1",
        "urban_or_rural_area": "2",
        "weather_conditions": "1",
        "geometry_source": "collision_location",
        "source_year": 2024,
        "date_iso": "2024-02-22"
      }
    },
    {
      "type": "Feature",
      "id": "2024131475599",
      "geometry": {
        "type": "Point",
        "coordinates": [
          -1.86788,
          53.70091
        ]
      },
      "properties": {
        "carriageway_hazards": "0",
        "carriageway_hazards_historic": "-1",
        "collision_adjusted_severity_serious": "0",
        "collision_adjusted_severity_slight": "1",
        "collision_index": "2024131475599",
        "collision_injury_based": "1",
        "collision_ref_no": "131475599",
        "collision_severity": "3",
        "collision_year": 2024,
        "date": "03/08/2024",
        "day_of_week": "7",
        "did_police_officer_attend_scene_of_accident": "1",
        "enhanced_severity_collision": "3",
        "first_road_class": "6",
        "first_road_number": "0",
        "junction_control": "-1",
        "junction_detail": "0",
        "junction_detail_historic": "-1",
        "latitude": "53.70091",
        "light_conditions": "1",
        "local_authority_district": "-1",
        "local_authority_highway": "E08000033",
        "local_authority_highway_current": "E08000033",
        "local_authority_ons_district": "E08000033",
        "location_easting_osgr": "408820",
        "location_northing_osgr": "422728",
        "longitude": "-1.86788",
        "lsoa_of_accident_location": "E01010971",
        "number_of_casualties": 1,
        "number_of_vehicles": 1,
        "pedestrian_crossing": "0",
        "pedestrian_crossing_human_control_historic": "-1",
        "pedestrian_crossing_physical_facilities_historic": "-1",
        "police_force": "13",
        "road_surface_conditions": "1",
        "road_type": "6",
        "second_road_class": "6",
        "second_road_number": "0",
        "special_conditions_at_site": "-1",
        "speed_limit": 20,
        "time": "19:01",
        "trunk_road_flag": "2",
        "urban_or_rural_area": "1",
        "weather_conditions": "1",
        "geometry_source": "collision_location",
        "source_year": 2024,
        "date_iso": "2024-08-03"
      }
    },
    {
      "type": "Feature",
      "id": "2024131403053",
      "geometry": {
        "type": "Point",
        "coordinates": [
          -1.88951,
          53.74101
        ]
      },
      "properties": {
        "carriageway_hazards": "0",
        "carriageway_hazards_historic": "-1",
        "collision_adjusted_severity_serious": "1",
        "collision_adjusted_severity_slight": "0",
        "collision_index": "2024131403053",
        "collision_injury_based": "1",
        "collision_ref_no": "131403053",
        "collision_severity": "2",
        "collision_year": 2024,
        "date": "24/01/2024",
        "day_of_week": "4",
        "did_police_officer_attend_scene_of_accident": "2",
        "enhanced_severity_collision": "7",
        "first_road_class": "6",
        "first_road_number": "0",
        "junction_control": "4",
        "junction_detail": "13",
        "junction_detail_historic": "-1",
        "latitude": "53.74101",
        "light_conditions": "1",
        "local_authority_district": "-1",
        "local_authority_highway": "E08000033",
        "local_authority_highway_current": "E08000033",
        "local_authority_ons_district": "E08000033",
        "location_easting_osgr": "407385",
        "location_northing_osgr": "427187",
        "longitude": "-1.88951",
        "lsoa_of_accident_location": "E01010939",
        "number_of_casualties": 1,
        "number_of_vehicles": 1,
        "pedestrian_crossing": "0",
        "pedestrian_crossing_human_control_historic": "-1",
        "pedestrian_crossing_physical_facilities_historic": "-1",
        "police_force": "13",
        "road_surface_conditions": "1",
        "road_type": "6",
        "second_road_class": "6",
        "second_road_number": "0",
        "special_conditions_at_site": "-1",
        "speed_limit": 20,
        "time": "15:45",
        "trunk_road_flag": "2",
        "urban_or_rural_area": "1",
        "weather_conditions": "1",
        "geometry_source": "collision_location",
        "source_year": 2024,
        "date_iso": "2024-01-24"
      }
    },
    {
      "type": "Feature",
      "id": "2024131405517",
      "geometry": {
        "type": "Point",
        "coordinates": [
          -1.8672,
          53.72483
        ]
      },
      "properties": {
        "carriageway_hazards": "0",
        "carriageway_hazards_historic": "-1",
        "collision_adjusted_severity_serious": "0",
        "collision_adjusted_severity_slight": "1",
        "collision_index": "2024131405517",
        "collision_injury_based": "1",
        "collision_ref_no": "131405517",
        "collision_severity": "3",
        "collision_year": 2024,
        "date": "02/02/2024",
        "day_of_week": "6",
        "did_police_officer_attend_scene_of_accident": "1",
        "enhanced_severity_collision": "3",
        "first_road_class": "6",
        "first_road_number": "0",
        "junction_control": "-1",
        "junction_detail": "0",
        "junction_detail_historic": "-1",
        "latitude": "53.72483",
        "light_conditions": "1",
        "local_authority_district": "-1",
        "local_authority_highway": "E08000033",
        "local_authority_highway_current": "E08000033",
        "local_authority_ons_district": "E08000033",
        "location_easting_osgr": "408860",
        "location_northing_osgr": "425389",
        "longitude": "-1.8672",
        "lsoa_of_accident_location": "E01010965",
        "number_of_casualties": 2,
        "number_of_vehicles": 2,
        "pedestrian_crossing": "0",
        "pedestrian_crossing_human_control_historic": "-1",
        "pedestrian_crossing_physical_facilities_historic": "-1",
        "police_force": "13",
        "road_surface_conditions": "2",
        "road_type": "6",
        "second_road_class": "6",
        "second_road_number": "0",
        "special_conditions_at_site": "-1",
        "speed_limit": 30,
        "time": "11:04",
        "trunk_road_flag": "2",
        "urban_or_rural_area": "1",
        "weather_conditions": "4",
        "geometry_source": "collision_location",
        "source_year": 2024,
        "date_iso": "2024-02-02"
      }
    },
    {
      "type": "Feature",
      "id": "2024131474681",
      "geometry": {
        "type": "Point",
        "coordinates": [
          -1.78444,
          53.70873
        ]
      },
      "properties": {
        "carriageway_hazards": "0",
        "carriageway_hazards_historic": "-1",
        "collision_adjusted_severity_serious": "1",
        "collision_adjusted_severity_slight": "0",
        "collision_index": "2024131474681",
        "collision_injury_based": "1",
        "collision_ref_no": "131474681",
        "collision_severity": "2",
        "collision_year": 2024,
        "date": "01/08/2024",
        "day_of_week": "5",
        "did_police_officer_attend_scene_of_accident": "1",
        "enhanced_severity_collision": "6",
        "first_road_class": "6",
        "first_road_number": "0",
        "junction_control": "4",
        "junction_detail": "13",
        "junction_detail_historic": "-1",
        "latitude": "53.70873",
        "light_conditions": "1",
        "local_authority_district": "-1",
        "local_authority_highway": "E08000033",
        "local_authority_highway_current": "E08000033",
        "local_authority_ons_district": "E08000033",
        "location_easting_osgr": "414326",
        "location_northing_osgr": "423611",
        "longitude": "-1.78444",
        "lsoa_of_accident_location": "E01010876",
        "number_of_casualties": 1,
        "number_of_vehicles": 2,
        "pedestrian_crossing": "0",
        "pedestrian_crossing_human_control_historic": "-1",
        "pedestrian_crossing_physical_facilities_historic": "-1",
        "police_force": "13",
        "road_surface_conditions": "1",
        "road_type": "6",
        "second_road_class": "6",
        "second_road_number": "0",
        "special_conditions_at_site": "-1",
        "speed_limit": 20,
        "time": "09:54",
        "trunk_road_flag": "2",
        "urban_or_rural_area": "1",
        "weather_conditions": "1",
        "geometry_source": "collision_location",
        "source_year": 2024,
        "date_iso": "2024-08-01"
      }
    },
    {
      "type": "Feature",
      "id": "2024131452548",
      "geometry": {
        "type": "Point",
        "coordinates": [
          -1.86829,
          53.70092
        ]
      },
      "properties": {
        "carriageway_hazards": "0",
        "carriageway_hazards_historic": "-1",
        "collision_adjusted_severity_serious": "0",
        "collision_adjusted_severity_slight": "1",
        "collision_index": "2024131452548",
        "collision_injury_based": "1",
        "collision_ref_no": "131452548",
        "collision_severity": "3",
        "collision_year": 2024,
        "date": "06/06/2024",
        "day_of_week": "5",
        "did_police_officer_attend_scene_of_accident": "2",
        "enhanced_severity_collision": "3",
        "first_road_class": "6",
        "first_road_number": "0",
        "junction_control": "-1",
        "junction_detail": "0",
        "junction_detail_historic": "-1",
        "latitude": "53.70092",
        "light_conditions": "1",
        "local_authority_district": "-1",
        "local_authority_highway": "E08000033",
        "local_authority_highway_current": "E08000033",
        "local_authority_ons_district": "E08000033",
        "location_easting_osgr": "408793",
        "location_northing_osgr": "422729",
        "longitude": "-1.86829",
        "lsoa_of_accident_location": "E01010973",
        "number_of_casualties": 1,
        "number_of_vehicles": 1,
        "pedestrian_crossing": "0",
        "pedestrian_crossing_human_control_historic": "-1",
        "pedestrian_crossing_physical_facilities_historic": "-1",
        "police_force": "13",
        "road_surface_conditions": "1",
        "road_type": "6",
        "second_road_class": "6",
        "second_road_number": "0",
        "special_conditions_at_site": "-1",
        "speed_limit": 30,
        "time": "08:40",
        "trunk_road_flag": "2",
        "urban_or_rural_area": "1",
        "weather_conditions": "1",
        "geometry_source": "collision_location",
        "source_year": 2024,
        "date_iso": "2024-06-06"
      }
    },
    {
      "type": "Feature",
      "id": "2024131458191",
      "geometry": {
        "type": "Point",
        "coordinates": [
          -1.83656,
          53.75949
        ]
      },
      "properties": {
        "carriageway_hazards": "0",
        "carriageway_hazards_historic": "-1",
        "collision_adjusted_severity_serious": "0",
        "collision_adjusted_severity_slight": "1",
        "collision_index": "2024131458191",
        "collision_injury_based": "1",
        "collision_ref_no": "131458191",
        "collision_severity": "3",
        "collision_year": 2024,
        "date": "20/06/2024",
        "day_of_week": "5",
        "did_police_officer_attend_scene_of_accident": "1",
        "enhanced_severity_collision": "3",
        "first_road_class": "3",
        "first_road_number": "644",
        "junction_control": "3",
        "junction_detail": "13",
        "junction_detail_historic": "-1",
        "latitude": "53.75949",
        "light_conditions": "1",
        "local_authority_district": "-1",
        "local_authority_highway": "E08000033",
        "local_authority_highway_current": "E08000033",
        "local_authority_ons_district": "E08000033",
        "location_easting_osgr": "410873",
        "location_northing_osgr": "429249",
        "longitude": "-1.83656",
        "lsoa_of_accident_location": "E01010936",
        "number_of_casualties": 2,
        "number_of_vehicles": 2,
        "pedestrian_crossing": "0",
        "pedestrian_crossing_human_control_historic": "-1",
        "pedestrian_crossing_physical_facilities_historic": "-1",
        "police_force": "13",
        "road_surface_conditions": "1",
        "road_type": "6",
        "second_road_class": "6",
        "second_road_number": "0",
        "special_conditions_at_site": "-1",
        "speed_limit": 40,
        "time": "19:22",
        "trunk_road_flag": "2",
        "urban_or_rural_area": "2",
        "weather_conditions": "1",
        "geometry_source": "collision_location",
        "source_year": 2024,
        "date_iso": "2024-06-20"
      }
    },
    {
      "type": "Feature",
      "id": "2024131532584",
      "geometry": {
        "type": "Point",
        "coordinates": [
          -1.8839,
          53.72612
        ]
      },
      "properties": {
        "carriageway_hazards": "0",
        "carriageway_hazards_historic": "-1",
        "collision_adjusted_severity_serious": "1",
        "collision_adjusted_severity_slight": "0",
        "collision_index": "2024131532584",
        "collision_injury_based": "1",
        "collision_ref_no": "131532584",
        "collision_severity": "2",
        "collision_year": 2024,
        "date": "19/12/2024",
        "day_of_week": "5",
        "did_police_officer_attend_scene_of_accident": "1",
        "enhanced_severity_collision": "7",
        "first_road_class": "6",
        "first_road_number": "0",
        "junction_control": "4",
        "junction_detail": "13",
        "junction_detail_historic": "-1",
        "latitude": "53.72612",
        "light_conditions": "4",
        "local_authority_district": "-1",
        "local_authority_highway": "E08000033",
        "local_authority_highway_current": "E08000033",
        "local_authority_ons_district": "E08000033",
        "location_easting_osgr": "407758",
        "location_northing_osgr": "425530",
        "longitude": "-1.8839",
        "lsoa_of_accident_location": "E01010964",
        "number_of_casualties": 1,
        "number_of_vehicles": 2,
        "pedestrian_crossing": "0",
        "pedestrian_crossing_human_control_historic": "-1",
        "pedestrian_crossing_physical_facilities_historic": "-1",
        "police_force": "13",
        "road_surface_conditions": "1",
        "road_type": "6",
        "second_road_class": "6",
        "second_road_number": "0",
        "special_conditions_at_site": "-1",
        "speed_limit": 20,
        "time": "21:20",
        "trunk_road_flag": "2",
        "urban_or_rural_area": "1",
        "weather_conditions": "1",
        "geometry_source": "collision_location",
        "source_year": 2024,
        "date_iso": "2024-12-19"
      }
    },
    {
      "type": "Feature",
      "id": "2024131438014",
      "geometry": {
        "type": "Point",
        "coordinates": [
          -1.94209,
          53.70991
        ]
      },
      "properties": {
        "carriageway_hazards": "0",
        "carriageway_hazards_historic": "-1",
        "collision_adjusted_severity_serious": "0",
        "collision_adjusted_severity_slight": "1",
        "collision_index": "2024131438014",
        "collision_injury_based": "1",
        "collision_ref_no": "131438014",
        "collision_severity": "3",
        "collision_year": 2024,
        "date": "01/05/2024",
        "day_of_week": "4",
        "did_police_officer_attend_scene_of_accident": "1",
        "enhanced_severity_collision": "3",
        "first_road_class": "6",
        "first_road_number": "0",
        "junction_control": "-1",
        "junction_detail": "0",
        "junction_detail_historic": "-1",
        "latitude": "53.70991",
        "light_conditions": "1",
        "local_authority_district": "-1",
        "local_authority_highway": "E08000033",
        "local_authority_highway_current": "E08000033",
        "local_authority_ons_district": "E08000033",
        "location_easting_osgr": "403920",
        "location_northing_osgr": "423722",
        "longitude": "-1.94209",
        "lsoa_of_accident_location": "E01010956",
        "number_of_casualties": 1,
        "number_of_vehicles": 2,
        "pedestrian_crossing": "0",
        "pedestrian_crossing_human_control_historic": "-1",
        "pedestrian_crossing_physical_facilities_historic": "-1",
        "police_force": "13",
        "road_surface_conditions": "1",
        "road_type": "6",
        "second_road_class": "6",
        "second_road_number": "0",
        "special_conditions_at_site": "-1",
        "speed_limit": 30,
        "time": "20:00",
        "trunk_road_flag": "2",
        "urban_or_rural_area": "2",
        "weather_conditions": "1",
        "geometry_source": "collision_location",
        "source_year": 2024,
        "date_iso": "2024-05-01"
      }
    },
    {
      "type": "Feature",
      "id": "2024131477977",
      "geometry": {
        "type": "Point",
        "coordinates": [
          -2.15137,
          53.73168
        ]
      },
      "properties": {
        "carriageway_hazards": "0",
        "carriageway_hazards_historic": "-1",
        "collision_adjusted_severity_serious": "0",
        "collision_adjusted_severity_slight": "1",
        "collision_index": "2024131477977",
        "collision_injury_based": "1",
        "collision_ref_no": "131477977",
        "collision_severity": "3",
        "collision_year": 2024,
        "date": "09/08/2024",
        "day_of_week": "6",
        "did_police_officer_attend_scene_of_accident": "1",
        "enhanced_severity_collision": "3",
        "first_road_class": "6",
        "first_road_number": "0",
        "junction_control": "4",
        "junction_detail": "13",
        "junction_detail_historic": "-1",
        "latitude": "53.73168",
        "light_conditions": "1",
        "local_authority_district": "-1",
        "local_authority_highway": "E08000033",
        "local_authority_highway_current": "E08000033",
        "local_authority_ons_district": "E08000033",
        "location_easting_osgr": "390111",
        "location_northing_osgr": "426154",
        "longitude": "-2.15137",
        "lsoa_of_accident_location": "E01010986",
        "number_of_casualties": 1,
        "number_of_vehicles": 1,
        "pedestrian_crossing": "0",
        "pedestrian_crossing_human_control_historic": "-1",
        "pedestrian_crossing_physical_facilities_historic": "-1",
        "police_force": "13",
        "road_surface_conditions": "1",
        "road_type": "6",
        "second_road_class": "6",
        "second_road_number": "0",
        "special_conditions_at_site": "-1",
        "speed_limit": 20,
        "time": "18:14",
        "trunk_road_flag": "2",
        "urban_or_rural_area": "2",
        "weather_conditions": "1",
        "geometry_source": "collision_location",
        "source_year": 2024,
        "date_iso": "2024-08-09"
      }
    },
    {
      "type": "Feature",
      "id": "2024131526461",
      "geometry": {
        "type": "Point",
        "coordinates": [
          -1.83188,
          53.71132
        ]
      },
      "properties": {
        "carriageway_hazards": "0",
        "carriageway_hazards_historic": "-1",
        "collision_adjusted_severity_serious": "1",
        "collision_adjusted_severity_slight": "0",
        "collision_index": "2024131526461",
        "collision_injury_based": "1",
        "collision_ref_no": "131526461",
        "collision_severity": "2",
        "collision_year": 2024,
        "date": "05/12/2024",
        "day_of_week": "5",
        "did_police_officer_attend_scene_of_accident": "1",
        "enhanced_severity_collision": "7",
        "first_road_class": "6",
        "first_road_number": "0",
        "junction_control": "4",
        "junction_detail": "19",
        "junction_detail_historic": "-1",
        "latitude": "53.71132",
        "light_conditions": "1",
        "local_authority_district": "-1",
        "local_authority_highway": "E08000033",
        "local_authority_highway_current": "E08000033",
        "local_authority_ons_district": "E08000033",
        "location_easting_osgr": "411194",
        "location_northing_osgr": "423891",
        "longitude": "-1.83188",
        "lsoa_of_accident_location": "E01010990",
        "number_of_casualties": 1,
        "number_of_vehicles": 3,
        "pedestrian_crossing": "0",
        "pedestrian_crossing_human_control_historic": "-1",
        "pedestrian_crossing_physical_facilities_historic": "-1",
        "police_force": "13",
        "road_surface_conditions": "2",
        "road_type": "6",
        "second_road_class": "6",
        "second_road_number": "0",
        "special_conditions_at_site": "-1",
        "speed_limit": 20,
        "time": "13:42",
        "trunk_road_flag": "2",
        "urban_or_rural_area": "1",
        "weather_conditions": "2",
        "geometry_source": "collision_location",
        "source_year": 2024,
        "date_iso": "2024-12-05"
      }
    },
    {
      "type": "Feature",
      "id": "2024131533421",
      "geometry": {
        "type": "Point",
        "coordinates": [
          -1.86329,
          53.72177
        ]
      },
      "properties": {
        "carriageway_hazards": "13",
        "carriageway_hazards_historic": "-1",
        "collision_adjusted_severity_serious": "0",
        "collision_adjusted_severity_slight": "1",
        "collision_index": "2024131533421",
        "collision_injury_based": "1",
        "collision_ref_no": "131533421",
        "collision_severity": "3",
        "collision_year": 2024,
        "date": "21/12/2024",
        "day_of_week": "7",
        "did_police_officer_attend_scene_of_accident": "1",
        "enhanced_severity_collision": "3",
        "first_road_class": "3",
        "first_road_number": "629",
        "junction_control": "4",
        "junction_detail": "-1",
        "junction_detail_historic": "-1",
        "latitude": "53.72177",
        "light_conditions": "4",
        "local_authority_district": "-1",
        "local_authority_highway": "E08000033",
        "local_authority_highway_current": "E08000033",
        "local_authority_ons_district": "E08000033",
        "location_easting_osgr": "409119",
        "location_northing_osgr": "425049",
        "longitude": "-1.86329",
        "lsoa_of_accident_location": "E01034583",
        "number_of_casualties": 2,
        "number_of_vehicles": 1,
        "pedestrian_crossing": "14",
        "pedestrian_crossing_human_control_historic": "-1",
        "pedestrian_crossing_physical_facilities_historic": "-1",
        "police_force": "13",
        "road_surface_conditions": "2",
        "road_type": "6",
        "second_road_class": "3",
        "second_road_number": "629",
        "special_conditions_at_site": "-1",
        "speed_limit": 30,
        "time": "21:00",
        "trunk_road_flag": "2",
        "urban_or_rural_area": "1",
        "weather_conditions": "1",
        "geometry_source": "collision_location",
        "source_year": 2024,
        "date_iso": "2024-12-21"
      }
    },
    {
      "type": "Feature",
      "id": "2024131523479",
      "geometry": {
        "type": "Point",
        "coordinates": [
          -1.90094,
          53.72347
        ]
      },
      "properties": {
        "carriageway_hazards": "11",
        "carriageway_hazards_historic": "-1",
        "collision_adjusted_severity_serious": "0",
        "collision_adjusted_severity_slight": "1",
        "collision_index": "2024131523479",
        "collision_injury_based": "1",
        "collision_ref_no": "131523479",
        "collision_severity": "3",
        "collision_year": 2024,
        "date": "29/11/2024",
        "day_of_week": "6",
        "did_police_officer_attend_scene_of_accident": "1",
        "enhanced_severity_collision": "3",
        "first_road_class": "6",
        "first_road_number": "0",
        "junction_control": "4",
        "junction_detail": "19",
        "junction_detail_historic": "-1",
        "latitude": "53.72347",
        "light_conditions": "4",
        "local_authority_district": "-1",
        "local_authority_highway": "E08000033",
        "local_authority_highway_current": "E08000033",
        "local_authority_ons_district": "E08000033",
        "location_easting_osgr": "406634",
        "location_northing_osgr": "425234",
        "longitude": "-1.90094",
        "lsoa_of_accident_location": "E01010998",
        "number_of_casualties": 1,
        "number_of_vehicles": 2,
        "pedestrian_crossing": "0",
        "pedestrian_crossing_human_control_historic": "-1",
        "pedestrian_crossing_physical_facilities_historic": "-1",
        "police_force": "13",
        "road_surface_conditions": "2",
        "road_type": "6",
        "second_road_class": "6",
        "second_road_number": "0",
        "special_conditions_at_site": "-1",
        "speed_limit": 30,
        "time": "23:47",
        "trunk_road_flag": "2",
        "urban_or_rural_area": "1",
        "weather_conditions": "1",
        "geometry_source": "collision_location",
        "source_year": 2024,
        "date_iso": "2024-11-29"
      }
    },
    {
      "type": "Feature",
      "id": "2024131449060",
      "geometry": {
        "type": "Point",
        "coordinates": [
          -1.78346,
          53.70214
        ]
      },
      "properties": {
        "carriageway_hazards": "0",
        "carriageway_hazards_historic": "-1",
        "collision_adjusted_severity_serious": "0",
        "collision_adjusted_severity_slight": "1",
        "collision_index": "2024131449060",
        "collision_injury_based": "1",
        "collision_ref_no": "131449060",
        "collision_severity": "3",
        "collision_year": 2024,
        "date": "21/05/2024",
        "day_of_week": "3",
        "did_police_officer_attend_scene_of_accident": "2",
        "enhanced_severity_collision": "3",
        "first_road_class": "6",
        "first_road_number": "0",
        "junction_control": "4",
        "junction_detail": "13",
        "junction_detail_historic": "-1",
        "latitude": "53.70214",
        "light_conditions": "1",
        "local_authority_district": "-1",
        "local_authority_highway": "E08000033",
        "local_authority_highway_current": "E08000033",
        "local_authority_ons_district": "E08000033",
        "location_easting_osgr": "414393",
        "location_northing_osgr": "422878",
        "longitude": "-1.78346",
        "lsoa_of_accident_location": "E01010949",
        "number_of_casualties": 1,
        "number_of_vehicles": 1,
        "pedestrian_crossing": "0",
        "pedestrian_crossing_human_control_historic": "-1",
        "pedestrian_crossing_physical_facilities_historic": "-1",
        "police_force": "13",
        "road_surface_conditions": "1",
        "road_type": "9",
        "second_road_class": "6",
        "second_road_number": "0",
        "special_conditions_at_site": "-1",
        "speed_limit": 30,
        "time": "15:30",
        "trunk_road_flag": "2",
        "urban_or_rural_area": "1",
        "weather_conditions": "9",
        "geometry_source": "collision_location",
        "source_year": 2024,
        "date_iso": "2024-05-21"
      }
    },
    {
      "type": "Feature",
      "id": "2024131504069",
      "geometry": {
        "type": "Point",
        "coordinates": [
          -1.83547,
          53.68399
        ]
      },
      "properties": {
        "carriageway_hazards": "0",
        "carriageway_hazards_historic": "-1",
        "collision_adjusted_severity_serious": "0",
        "collision_adjusted_severity_slight": "1",
        "collision_index": "2024131504069",
        "collision_injury_based": "1",
        "collision_ref_no": "131504069",
        "collision_severity": "3",
        "collision_year": 2024,
        "date": "14/10/2024",
        "day_of_week": "2",
        "did_police_officer_attend_scene_of_accident": "1",
        "enhanced_severity_collision": "3",
        "first_road_class": "6",
        "first_road_number": "0",
        "junction_control": "4",
        "junction_detail": "13",
        "junction_detail_historic": "-1",
        "latitude": "53.68399",
        "light_conditions": "6",
        "local_authority_district": "-1",
        "local_authority_highway": "E08000033",
        "local_authority_highway_current": "E08000033",
        "local_authority_ons_district": "E08000033",
        "location_easting_osgr": "410964",
        "location_northing_osgr": "420850",
        "longitude": "-1.83547",
        "lsoa_of_accident_location": "E01010894",
        "number_of_casualties": 1,
        "number_of_vehicles": 1,
        "pedestrian_crossing": "0",
        "pedestrian_crossing_human_control_historic": "-1",
        "pedestrian_crossing_physical_facilities_historic": "-1",
        "police_force": "13",
        "road_surface_conditions": "2",
        "road_type": "6",
        "second_road_class": "6",
        "second_road_number": "0",
        "special_conditions_at_site": "-1",
        "speed_limit": 20,
        "time": "20:05",
        "trunk_road_flag": "2",
        "urban_or_rural_area": "1",
        "weather_conditions": "2",
        "geometry_source": "collision_location",
        "source_year": 2024,
        "date_iso": "2024-10-14"
      }
    },
    {
      "type": "Feature",
      "id": "2024131421759",
      "geometry": {
        "type": "Point",
        "coordinates": [
          -1.86941,
          53.68831
        ]
      },
      "properties": {
        "carriageway_hazards": "0",
        "carriageway_hazards_historic": "-1",
        "collision_adjusted_severity_serious": "0",
        "collision_adjusted_severity_slight": "1",
        "collision_index": "2024131421759",
        "collision_injury_based": "1",
        "collision_ref_no": "131421759",
        "collision_severity": "3",
        "collision_year": 2024,
        "date": "17/03/2024",
        "day_of_week": "1",
        "did_police_officer_attend_scene_of_accident": "1",
        "enhanced_severity_collision": "3",
        "first_road_class": "4",
        "first_road_number": "6113",
        "junction_control": "-1",
        "junction_detail": "0",
        "junction_detail_historic": "-1",
        "latitude": "53.68831",
        "light_conditions": "4",
        "local_authority_district": "-1",
        "local_authority_highway": "E08000033",
        "local_authority_highway_current": "E08000033",
        "local_authority_ons_district": "E08000033",
        "location_easting_osgr": "408722",
        "location_northing_osgr": "421325",
        "longitude": "-1.86941",
        "lsoa_of_accident_location": "E01010900",
        "number_of_casualties": 4,
        "number_of_vehicles": 3,
        "pedestrian_crossing": "0",
        "pedestrian_crossing_human_control_historic": "-1",
        "pedestrian_crossing_physical_facilities_historic": "-1",
        "police_force": "13",
        "road_surface_conditions": "1",
        "road_type": "6",
        "second_road_class": "6",
        "second_road_number": "0",
        "special_conditions_at_site": "-1",
        "speed_limit": 30,
        "time": "19:40",
        "trunk_road_flag": "2",
        "urban_or_rural_area": "1",
        "weather_conditions": "1",
        "geometry_source": "collision_location",
        "source_year": 2024,
        "date_iso": "2024-03-17"
      }
    },
    {
      "type": "Feature",
      "id": "2024131412780",
      "geometry": {
        "type": "Point",
        "coordinates": [
          -1.86579,
          53.73512
        ]
      },
      "properties": {
        "carriageway_hazards": "0",
        "carriageway_hazards_historic": "-1",
        "collision_adjusted_severity_serious": "1",
        "collision_adjusted_severity_slight": "0",
        "collision_index": "2024131412780",
        "collision_injury_based": "1",
        "collision_ref_no": "131412780",
        "collision_severity": "2",
        "collision_year": 2024,
        "date": "22/02/2024",
        "day_of_week": "5",
        "did_police_officer_attend_scene_of_accident": "2",
        "enhanced_severity_collision": "7",
        "first_road_class": "3",
        "first_road_number": "647",
        "junction_control": "4",
        "junction_detail": "13",
        "junction_detail_historic": "-1",
        "latitude": "53.73512",
        "light_conditions": "4",
        "local_authority_district": "-1",
        "local_authority_highway": "E08000033",
        "local_authority_highway_current": "E08000033",
        "local_authority_ons_district": "E08000033",
        "location_easting_osgr": "408951",
        "location_northing_osgr": "426534",
        "longitude": "-1.86579",
        "lsoa_of_accident_location": "E01010967",
        "number_of_casualties": 1,
        "number_of_vehicles": 1,
        "pedestrian_crossing": "14",
        "pedestrian_crossing_human_control_historic": "-1",
        "pedestrian_crossing_physical_facilities_historic": "-1",
        "police_force": "13",
        "road_surface_conditions": "2",
        "road_type": "6",
        "second_road_class": "6",
        "second_road_number": "0",
        "special_conditions_at_site": "-1",
        "speed_limit": 30,
        "time": "07:32",
        "trunk_road_flag": "2",
        "urban_or_rural_area": "1",
        "weather_conditions": "2",
        "geometry_source": "collision_location",
        "source_year": 2024,
        "date_iso": "2024-02-22"
      }
    },
    {
      "type": "Feature",
      "id": "2024131500906",
      "geometry": {
        "type": "Point",
        "coordinates": [
          -1.86648,
          53.72823
        ]
      },
      "properties": {
        "carriageway_hazards": "0",
        "carriageway_hazards_historic": "-1",
        "collision_adjusted_severity_serious": "0",
        "collision_adjusted_severity_slight": "1",
        "collision_index": "2024131500906",
        "collision_injury_based": "1",
        "collision_ref_no": "131500906",
        "collision_severity": "3",
        "collision_year": 2024,
        "date": "08/10/2024",
        "day_of_week": "3",
        "did_police_officer_attend_scene_of_accident": "1",
        "enhanced_severity_collision": "3",
        "first_road_class": "6",
        "first_road_number": "0",
        "junction_control": "-1",
        "junction_detail": "0",
        "junction_detail_historic": "-1",
        "latitude": "53.72823",
        "light_conditions": "1",
        "local_authority_district": "-1",
        "local_authority_highway": "E08000033",
        "local_authority_highway_current": "E08000033",
        "local_authority_ons_district": "E08000033",
        "location_easting_osgr": "408907",
        "location_northing_osgr": "425767",
        "longitude": "-1.86648",
        "lsoa_of_accident_location": "E01032923",
        "number_of_casualties": 1,
        "number_of_vehicles": 2,
        "pedestrian_crossing": "0",
        "pedestrian_crossing_human_control_historic": "-1",
        "pedestrian_crossing_physical_facilities_historic": "-1",
        "police_force": "13",
        "road_surface_conditions": "2",
        "road_type": "6",
        "second_road_class": "6",
        "second_road_number": "0",
        "special_conditions_at_site": "-1",
        "speed_limit": 30,
        "time": "08:10",
        "trunk_road_flag": "2",
        "urban_or_rural_area": "1",
        "weather_conditions": "1",
        "geometry_source": "collision_location",
        "source_year": 2024,
        "date_iso": "2024-10-08"
      }
    },
    {
      "type": "Feature",
      "id": "2024131450610",
      "geometry": {
        "type": "Point",
        "coordinates": [
          -2.06175,
          53.7468
        ]
      },
      "properties": {
        "carriageway_hazards": "0",
        "carriageway_hazards_historic": "-1",
        "collision_adjusted_severity_serious": "1",
        "collision_adjusted_severity_slight": "0",
        "collision_index": "2024131450610",
        "collision_injury_based": "1",
        "collision_ref_no": "131450610",
        "collision_severity": "2",
        "collision_year": 2024,
        "date": "01/06/2024",
        "day_of_week": "7",
        "did_police_officer_attend_scene_of_accident": "1",
        "enhanced_severity_collision": "7",
        "first_road_class": "6",
        "first_road_number": "0",
        "junction_control": "4",
        "junction_detail": "19",
        "junction_detail_historic": "-1",
        "latitude": "53.7468",
        "light_conditions": "1",
        "local_authority_district": "-1",
        "local_authority_highway": "E08000033",
        "local_authority_highway_current": "E08000033",
        "local_authority_ons_district": "E08000033",
        "location_easting_osgr": "396025",
        "location_northing_osgr": "427827",
        "longitude": "-2.06175",
        "lsoa_of_accident_location": "E01010883",
        "number_of_casualties": 1,
        "number_of_vehicles": 2,
        "pedestrian_crossing": "0",
        "pedestrian_crossing_human_control_historic": "-1",
        "pedestrian_crossing_physical_facilities_historic": "-1",
        "police_force": "13",
        "road_surface_conditions": "1",
        "road_type": "6",
        "second_road_class": "6",
        "second_road_number": "0",
        "special_conditions_at_site": "-1",
        "speed_limit": 40,
        "time": "09:25",
        "trunk_road_flag": "2",
        "urban_or_rural_area": "2",
        "weather_conditions": "1",
        "geometry_source": "collision_location",
        "source_year": 2024,
        "date_iso": "2024-06-01"
      }
    },
    {
      "type": "Feature",
      "id": "2024131418553",
      "geometry": {
        "type": "Point",
        "coordinates": [
          -1.87555,
          53.75235
        ]
      },
      "properties": {
        "carriageway_hazards": "0",
        "carriageway_hazards_historic": "-1",
        "collision_adjusted_severity_serious": "0",
        "collision_adjusted_severity_slight": "1",
        "collision_index": "2024131418553",
        "collision_injury_based": "1",
        "collision_ref_no": "131418553",
        "collision_severity": "3",
        "collision_year": 2024,
        "date": "08/03/2024",
        "day_of_week": "6",
        "did_police_officer_attend_scene_of_accident": "1",
        "enhanced_severity_collision": "3",
        "first_road_class": "6",
        "first_road_number": "0",
        "junction_control": "4",
        "junction_detail": "16",
        "junction_detail_historic": "-1",
        "latitude": "53.75235",
        "light_conditions": "1",
        "local_authority_district": "-1",
        "local_authority_highway": "E08000033",
        "local_authority_highway_current": "E08000033",
        "local_authority_ons_district": "E08000033",
        "location_easting_osgr": "408304",
        "location_northing_osgr": "428450",
        "longitude": "-1.87555",
        "lsoa_of_accident_location": "E01010915",
        "number_of_casualties": 1,
        "number_of_vehicles": 1,
        "pedestrian_crossing": "0",
        "pedestrian_crossing_human_control_historic": "-1",
        "pedestrian_crossing_physical_facilities_historic": "-1",
        "police_force": "13",
        "road_surface_conditions": "1",
        "road_type": "6",
        "second_road_class": "6",
        "second_road_number": "0",
        "special_conditions_at_site": "-1",
        "speed_limit": 30,
        "time": "15:40",
        "trunk_road_flag": "2",
        "urban_or_rural_area": "1",
        "weather_conditions": "1",
        "geometry_source": "collision_location",
        "source_year": 2024,
        "date_iso": "2024-03-08"
      }
    },
    {
      "type": "Feature",
      "id": "2024131480630",
      "geometry": {
        "type": "Point",
        "coordinates": [
          -1.91513,
          53.70672
        ]
      },
      "properties": {
        "carriageway_hazards": "0",
        "carriageway_hazards_historic": "-1",
        "collision_adjusted_severity_serious": "0",
        "collision_adjusted_severity_slight": "1",
        "collision_index": "2024131480630",
        "collision_injury_based": "1",
        "collision_ref_no": "131480630",
        "collision_severity": "3",
        "collision_year": 2024,
        "date": "16/08/2024",
        "day_of_week": "6",
        "did_police_officer_attend_scene_of_accident": "1",
        "enhanced_severity_collision": "3",
        "first_road_class": "6",
        "first_road_number": "0",
        "junction_control": "4",
        "junction_detail": "16",
        "junction_detail_historic": "-1",
        "latitude": "53.70672",
        "light_conditions": "4",
        "local_authority_district": "-1",
        "local_authority_highway": "E08000033",
        "local_authority_highway_current": "E08000033",
        "local_authority_ons_district": "E08000033",
        "location_easting_osgr": "405700",
        "location_northing_osgr": "423369",
        "longitude": "-1.91513",
        "lsoa_of_accident_location": "E01010979",
        "number_of_casualties": 1,
        "number_of_vehicles": 2,
        "pedestrian_crossing": "0",
        "pedestrian_crossing_human_control_historic": "-1",
        "pedestrian_crossing_physical_facilities_historic": "-1",
        "police_force": "13",
        "road_surface_conditions": "1",
        "road_type": "6",
        "second_road_class": "6",
        "second_road_number": "0",
        "special_conditions_at_site": "-1",
        "speed_limit": 30,
        "time": "20:49",
        "trunk_road_flag": "2",
        "urban_or_rural_area": "1",
        "weather_conditions": "1",
        "geometry_source": "collision_location",
        "source_year": 2024,
        "date_iso": "2024-08-16"
      }
    },
    {
      "type": "Feature",
      "id": "2024131497128",
      "geometry": {
        "type": "Point",
        "coordinates": [
          -2.00482,
          53.66307
        ]
      },
      "properties": {
        "carriageway_hazards": "14",
        "carriageway_hazards_historic": "-1",
        "collision_adjusted_severity_serious": "1",
        "collision_adjusted_severity_slight": "0",
        "collision_index": "2024131497128",
        "collision_injury_based": "1",
        "collision_ref_no": "131497128",
        "collision_severity": "2",
        "collision_year": 2024,
        "date": "28/09/2024",
        "day_of_week": "7",
        "did_police_officer_attend_scene_of_accident": "1",
        "enhanced_severity_collision": "5",
        "first_road_class": "3",
        "first_road_number": "58",
        "junction_control": "-1",
        "junction_detail": "0",
        "junction_detail_historic": "-1",
        "latitude": "53.66307",
        "light_conditions": "1",
        "local_authority_district": "-1",
        "local_authority_highway": "E08000033",
        "local_authority_highway_current": "E08000033",
        "local_authority_ons_district": "E08000033",
        "location_easting_osgr": "399779",
        "location_northing_osgr": "418509",
        "longitude": "-2.00482",
        "lsoa_of_accident_location": "E01010955",
        "number_of_casualties": 1,
        "number_of_vehicles": 1,
        "pedestrian_crossing": "0",
        "pedestrian_crossing_human_control_historic": "-1",
        "pedestrian_crossing_physical_facilities_historic": "-1",
        "police_force": "13",
        "road_surface_conditions": "2",
        "road_type": "6",
        "second_road_class": "-1",
        "second_road_number": "-1",
        "special_conditions_at_site": "-1",
        "speed_limit": 60,
        "time": "16:07",
        "trunk_road_flag": "2",
        "urban_or_rural_area": "2",
        "weather_conditions": "2",
        "geometry_source": "collision_location",
        "source_year": 2024,
        "date_iso": "2024-09-28"
      }
    },
    {
      "type": "Feature",
      "id": "2024131576084",
      "geometry": {
        "type": "Point",
        "coordinates": [
          -1.87633,
          53.7496
        ]
      },
      "properties": {
        "carriageway_hazards": "17",
        "carriageway_hazards_historic": "-1",
        "collision_adjusted_severity_serious": "0",
        "collision_adjusted_severity_slight": "1",
        "collision_index": "2024131576084",
        "collision_injury_based": "1",
        "collision_ref_no": "131576084",
        "collision_severity": "3",
        "collision_year": 2024,
        "date": "22/11/2024",
        "day_of_week": "6",
        "did_police_officer_attend_scene_of_accident": "1",
        "enhanced_severity_collision": "3",
        "first_road_class": "6",
        "first_road_number": "0",
        "junction_control": "4",
        "junction_detail": "19",
        "junction_detail_historic": "-1",
        "latitude": "53.7496",
        "light_conditions": "4",
        "local_authority_district": "-1",
        "local_authority_highway": "E08000033",
        "local_authority_highway_current": "E08000033",
        "local_authority_ons_district": "E08000033",
        "location_easting_osgr": "408253",
        "location_northing_osgr": "428144",
        "longitude": "-1.87633",
        "lsoa_of_accident_location": "E01010915",
        "number_of_casualties": 1,
        "number_of_vehicles": 2,
        "pedestrian_crossing": "0",
        "pedestrian_crossing_human_control_historic": "-1",
        "pedestrian_crossing_physical_facilities_historic": "-1",
        "police_force": "13",
        "road_surface_conditions": "3",
        "road_type": "6",
        "second_road_class": "6",
        "second_road_number": "0",
        "special_conditions_at_site": "-1",
        "speed_limit": 20,
        "time": "06:11",
        "trunk_road_flag": "2",
        "urban_or_rural_area": "1",
        "weather_conditions": "3",
        "geometry_source": "collision_location",
        "source_year": 2024,
        "date_iso": "2024-11-22"
      }
    },
    {
      "type": "Feature",
      "id": "2024131408122",
      "geometry": {
        "type": "Point",
        "coordinates": [
          -1.87485,
          53.73765
        ]
      },
      "properties": {
        "carriageway_hazards": "0",
        "carriageway_hazards_historic": "-1",
        "collision_adjusted_severity_serious": "0",
        "collision_adjusted_severity_slight": "1",
        "collision_index": "2024131408122",
        "collision_injury_based": "1",
        "collision_ref_no": "131408122",
        "collision_severity": "3",
        "collision_year": 2024,
        "date": "09/02/2024",
        "day_of_week": "6",
        "did_police_officer_attend_scene_of_accident": "2",
        "enhanced_severity_collision": "3",
        "first_road_class": "3",
        "first_road_number": "629",
        "junction_control": "-1",
        "junction_detail": "0",
        "junction_detail_historic": "-1",
        "latitude": "53.73765",
        "light_conditions": "1",
        "local_authority_district": "-1",
        "local_authority_highway": "E08000033",
        "local_authority_highway_current": "E08000033",
        "local_authority_ons_district": "E08000033",
        "location_easting_osgr": "408353",
        "location_northing_osgr": "426814",
        "longitude": "-1.87485",
        "lsoa_of_accident_location": "E01010940",
        "number_of_casualties": 2,
        "number_of_vehicles": 2,
        "pedestrian_crossing": "0",
        "pedestrian_crossing_human_control_historic": "-1",
        "pedestrian_crossing_physical_facilities_historic": "-1",
        "police_force": "13",
        "road_surface_conditions": "2",
        "road_type": "6",
        "second_road_class": "6",
        "second_road_number": "0",
        "special_conditions_at_site": "-1",
        "speed_limit": 30,
        "time": "13:05",
        "trunk_road_flag": "2",
        "urban_or_rural_area": "1",
        "weather_conditions": "4",
        "geometry_source": "collision_location",
        "source_year": 2024,
        "date_iso": "2024-02-09"
      }
    },
    {
      "type": "Feature",
      "id": "2024131419130",
      "geometry": {
        "type": "Point",
        "coordinates": [
          -1.93546,
          53.68716
        ]
      },
      "properties": {
        "carriageway_hazards": "16",
        "carriageway_hazards_historic": "-1",
        "collision_adjusted_severity_serious": "1",
        "collision_adjusted_severity_slight": "0",
        "collision_index": "2024131419130",
        "collision_injury_based": "1",
        "collision_ref_no": "131419130",
        "collision_severity": "2",
        "collision_year": 2024,
        "date": "10/03/2024",
        "day_of_week": "1",
        "did_police_officer_attend_scene_of_accident": "1",
        "enhanced_severity_collision": "6",
        "first_road_class": "3",
        "first_road_number": "58",
        "junction_control": "-1",
        "junction_detail": "0",
        "junction_detail_historic": "-1",
        "latitude": "53.68716",
        "light_conditions": "4",
        "local_authority_district": "-1",
        "local_authority_highway": "E08000033",
        "local_authority_highway_current": "E08000033",
        "local_authority_ons_district": "E08000033",
        "location_easting_osgr": "404360",
        "location_northing_osgr": "421192",
        "longitude": "-1.93546",
        "lsoa_of_accident_location": "E01010957",
        "number_of_casualties": 2,
        "number_of_vehicles": 2,
        "pedestrian_crossing": "0",
        "pedestrian_crossing_human_control_historic": "-1",
        "pedestrian_crossing_physical_facilities_historic": "-1",
        "police_force": "13",
        "road_surface_conditions": "2",
        "road_type": "6",
        "second_road_class": "6",
        "second_road_number": "0",
        "special_conditions_at_site": "-1",
        "speed_limit": 40,
        "time": "21:25",
        "trunk_road_flag": "2",
        "urban_or_rural_area": "2",
        "weather_conditions": "2",
        "geometry_source": "collision_location",
        "source_year": 2024,
        "date_iso": "2024-03-10"
      }
    },
    {
      "type": "Feature",
      "id": "2024131447800",
      "geometry": {
        "type": "Point",
        "coordinates": [
          -1.86181,
          53.72389
        ]
      },
      "properties": {
        "carriageway_hazards": "0",
        "carriageway_hazards_historic": "-1",
        "collision_adjusted_severity_serious": "0",
        "collision_adjusted_severity_slight": "1",
        "collision_index": "2024131447800",
        "collision_injury_based": "1",
        "collision_ref_no": "131447800",
        "collision_severity": "3",
        "collision_year": 2024,
        "date": "24/05/2024",
        "day_of_week": "6",
        "did_police_officer_attend_scene_of_accident": "2",
        "enhanced_severity_collision": "3",
        "first_road_class": "6",
        "first_road_number": "0",
        "junction_control": "4",
        "junction_detail": "19",
        "junction_detail_historic": "-1",
        "latitude": "53.72389",
        "light_conditions": "1",
        "local_authority_district": "-1",
        "local_authority_highway": "E08000033",
        "local_authority_highway_current": "E08000033",
        "local_authority_ons_district": "E08000033",
        "location_easting_osgr": "409216",
        "location_northing_osgr": "425285",
        "longitude": "-1.86181",
        "lsoa_of_accident_location": "E01034582",
        "number_of_casualties": 1,
        "number_of_vehicles": 2,
        "pedestrian_crossing": "0",
        "pedestrian_crossing_human_control_historic": "-1",
        "pedestrian_crossing_physical_facilities_historic": "-1",
        "police_force": "13",
        "road_surface_conditions": "1",
        "road_type": "2",
        "second_road_class": "6",
        "second_road_number": "0",
        "special_conditions_at_site": "-1",
        "speed_limit": 20,
        "time": "14:40",
        "trunk_road_flag": "2",
        "urban_or_rural_area": "1",
        "weather_conditions": "1",
        "geometry_source": "collision_location",
        "source_year": 2024,
        "date_iso": "2024-05-24"
      }
    },
    {
      "type": "Feature",
      "id": "2024131424086",
      "geometry": {
        "type": "Point",
        "coordinates": [
          -1.8706,
          53.70798
        ]
      },
      "properties": {
        "carriageway_hazards": "0",
        "carriageway_hazards_historic": "-1",
        "collision_adjusted_severity_serious": "0",
        "collision_adjusted_severity_slight": "1",
        "collision_index": "2024131424086",
        "collision_injury_based": "1",
        "collision_ref_no": "131424086",
        "collision_severity": "3",
        "collision_year": 2024,
        "date": "23/03/2024",
        "day_of_week": "7",
        "did_police_officer_attend_scene_of_accident": "1",
        "enhanced_severity_collision": "3",
        "first_road_class": "3",
        "first_road_number": "646",
        "junction_control": "2",
        "junction_detail": "16",
        "junction_detail_historic": "-1",
        "latitude": "53.70798",
        "light_conditions": "4",
        "local_authority_district": "-1",
        "local_authority_highway": "E08000033",
        "local_authority_highway_current": "E08000033",
        "local_authority_ons_district": "E08000033",
        "location_easting_osgr": "408639",
        "location_northing_osgr": "423514",
        "longitude": "-1.8706",
        "lsoa_of_accident_location": "E01010970",
        "number_of_casualties": 1,
        "number_of_vehicles": 2,
        "pedestrian_crossing": "0",
        "pedestrian_crossing_human_control_historic": "-1",
        "pedestrian_crossing_physical_facilities_historic": "-1",
        "police_force": "13",
        "road_surface_conditions": "2",
        "road_type": "6",
        "second_road_class": "6",
        "second_road_number": "0",
        "special_conditions_at_site": "-1",
        "speed_limit": 30,
        "time": "23:25",
        "trunk_road_flag": "2",
        "urban_or_rural_area": "1",
        "weather_conditions": "1",
        "geometry_source": "collision_location",
        "source_year": 2024,
        "date_iso": "2024-03-23"
      }
    },
    {
      "type": "Feature",
      "id": "2024131453989",
      "geometry": {
        "type": "Point",
        "coordinates": [
          -1.81227,
          53.67795
        ]
      },
      "properties": {
        "carriageway_hazards": "0",
        "carriageway_hazards_historic": "-1",
        "collision_adjusted_severity_serious": "0",
        "collision_adjusted_severity_slight": "1",
        "collision_index": "2024131453989",
        "collision_injury_based": "1",
        "collision_ref_no": "131453989",
        "collision_severity": "3",
        "collision_year": 2024,
        "date": "10/06/2024",
        "day_of_week": "2",
        "did_police_officer_attend_scene_of_accident": "1",
        "enhanced_severity_collision": "3",
        "first_road_class": "1",
        "first_road_number": "62",
        "junction_control": "-1",
        "junction_detail": "0",
        "junction_detail_historic": "-1",
        "latitude": "53.67795",
        "light_conditions": "1",
        "local_authority_district": "-1",
        "local_authority_highway": "E08000033",
        "local_authority_highway_current": "E08000033",
        "local_authority_ons_district": "E08000033",
        "location_easting_osgr": "412498",
        "location_northing_osgr": "420181",
        "longitude": "-1.81227",
        "lsoa_of_accident_location": "E01010892",
        "number_of_casualties": 1,
        "number_of_vehicles": 1,
        "pedestrian_crossing": "0",
        "pedestrian_crossing_human_control_historic": "-1",
        "pedestrian_crossing_physical_facilities_historic": "-1",
        "police_force": "13",
        "road_surface_conditions": "1",
        "road_type": "3",
        "second_road_class": "-1",
        "second_road_number": "-1",
        "special_conditions_at_site": "-1",
        "speed_limit": 70,
        "time": "10:29",
        "trunk_road_flag": "1",
        "urban_or_rural_area": "2",
        "weather_conditions": "1",
        "geometry_source": "collision_location",
        "source_year": 2024,
        "date_iso": "2024-06-10"
      }
    },
    {
      "type": "Feature",
      "id": "2024131531028",
      "geometry": {
        "type": "Point",
        "coordinates": [
          -1.86408,
          53.72543
        ]
      },
      "properties": {
        "carriageway_hazards": "0",
        "carriageway_hazards_historic": "-1",
        "collision_adjusted_severity_serious": "0",
        "collision_adjusted_severity_slight": "1",
        "collision_index": "2024131531028",
        "collision_injury_based": "1",
        "collision_ref_no": "131531028",
        "collision_severity": "3",
        "collision_year": 2024,
        "date": "16/12/2024",
        "day_of_week": "2",
        "did_police_officer_attend_scene_of_accident": "1",
        "enhanced_severity_collision": "3",
        "first_road_class": "6",
        "first_road_number": "0",
        "junction_control": "-1",
        "junction_detail": "0",
        "junction_detail_historic": "-1",
        "latitude": "53.72543",
        "light_conditions": "4",
        "local_authority_district": "-1",
        "local_authority_highway": "E08000033",
        "local_authority_highway_current": "E08000033",
        "local_authority_ons_district": "E08000033",
        "location_easting_osgr": "409066",
        "location_northing_osgr": "425456",
        "longitude": "-1.86408",
        "lsoa_of_accident_location": "E01034582",
        "number_of_casualties": 1,
        "number_of_vehicles": 1,
        "pedestrian_crossing": "0",
        "pedestrian_crossing_human_control_historic": "-1",
        "pedestrian_crossing_physical_facilities_historic": "-1",
        "police_force": "13",
        "road_surface_conditions": "2",
        "road_type": "3",
        "second_road_class": "6",
        "second_road_number": "0",
        "special_conditions_at_site": "-1",
        "speed_limit": 40,
        "time": "04:02",
        "trunk_road_flag": "2",
        "urban_or_rural_area": "1",
        "weather_conditions": "2",
        "geometry_source": "collision_location",
        "source_year": 2024,
        "date_iso": "2024-12-16"
      }
    },
    {
      "type": "Feature",
      "id": "2024131397111",
      "geometry": {
        "type": "Point",
        "coordinates": [
          -1.78928,
          53.72411
        ]
      },
      "properties": {
        "carriageway_hazards": "0",
        "carriageway_hazards_historic": "-1",
        "collision_adjusted_severity_serious": "1",
        "collision_adjusted_severity_slight": "0",
        "collision_index": "2024131397111",
        "collision_injury_based": "1",
        "collision_ref_no": "131397111",
        "collision_severity": "2",
        "collision_year": 2024,
        "date": "11/01/2024",
        "day_of_week": "5",
        "did_police_officer_attend_scene_of_accident": "1",
        "enhanced_severity_collision": "7",
        "first_road_class": "6",
        "first_road_number": "0",
        "junction_control": "4",
        "junction_detail": "16",
        "junction_detail_historic": "-1",
        "latitude": "53.72411",
        "light_conditions": "1",
        "local_authority_district": "-1",
        "local_authority_highway": "E08000033",
        "local_authority_highway_current": "E08000033",
        "local_authority_ons_district": "E08000033",
        "location_easting_osgr": "414002",
        "location_northing_osgr": "425321",
        "longitude": "-1.78928",
        "lsoa_of_accident_location": "E01010905",
        "number_of_casualties": 1,
        "number_of_vehicles": 1,
        "pedestrian_crossing": "0",
        "pedestrian_crossing_human_control_historic": "-1",
        "pedestrian_crossing_physical_facilities_historic": "-1",
        "police_force": "13",
        "road_surface_conditions": "2",
        "road_type": "6",
        "second_road_class": "3",
        "second_road_number": "649",
        "special_conditions_at_site": "-1",
        "speed_limit": 30,
        "time": "08:35",
        "trunk_road_flag": "2",
        "urban_or_rural_area": "1",
        "weather_conditions": "2",
        "geometry_source": "collision_location",
        "source_year": 2024,
        "date_iso": "2024-01-11"
      }
    },
    {
      "type": "Feature",
      "id": "2024131475124",
      "geometry": {
        "type": "Point",
        "coordinates": [
          -1.79217,
          53.71541
        ]
      },
      "properties": {
        "carriageway_hazards": "0",
        "carriageway_hazards_historic": "-1",
        "collision_adjusted_severity_serious": "0",
        "collision_adjusted_severity_slight": "1",
        "collision_index": "2024131475124",
        "collision_injury_based": "1",
        "collision_ref_no": "131475124",
        "collision_severity": "3",
        "collision_year": 2024,
        "date": "31/07/2024",
        "day_of_week": "4",
        "did_police_officer_attend_scene_of_accident": "2",
        "enhanced_severity_collision": "3",
        "first_road_class": "6",
        "first_road_number": "0",
        "junction_control": "-1",
        "junction_detail": "0",
        "junction_detail_historic": "-1",
        "latitude": "53.71541",
        "light_conditions": "1",
        "local_authority_district": "-1",
        "local_authority_highway": "E08000033",
        "local_authority_highway_current": "E08000033",
        "local_authority_ons_district": "E08000033",
        "location_easting_osgr": "413814",
        "location_northing_osgr": "424353",
        "longitude": "-1.79217",
        "lsoa_of_accident_location": "E01010875",
        "number_of_casualties": 1,
        "number_of_vehicles": 2,
        "pedestrian_crossing": "0",
        "pedestrian_crossing_human_control_historic": "-1",
        "pedestrian_crossing_physical_facilities_historic": "-1",
        "police_force": "13",
        "road_surface_conditions": "1",
        "road_type": "6",
        "second_road_class": "6",
        "second_road_number": "0",
        "special_conditions_at_site": "-1",
        "speed_limit": 30,
        "time": "17:40",
        "trunk_road_flag": "2",
        "urban_or_rural_area": "1",
        "weather_conditions": "1",
        "geometry_source": "collision_location",
        "source_year": 2024,
        "date_iso": "2024-07-31"
      }
    },
    {
      "type": "Feature",
      "id": "2024131522310",
      "geometry": {
        "type": "Point",
        "coordinates": [
          -2.01412,
          53.68183
        ]
      },
      "properties": {
        "carriageway_hazards": "0",
        "carriageway_hazards_historic": "-1",
        "collision_adjusted_severity_serious": "1",
        "collision_adjusted_severity_slight": "0",
        "collision_index": "2024131522310",
        "collision_injury_based": "1",
        "collision_ref_no": "131522310",
        "collision_severity": "2",
        "collision_year": 2024,
        "date": "27/11/2024",
        "day_of_week": "4",
        "did_police_officer_attend_scene_of_accident": "1",
        "enhanced_severity_collision": "7",
        "first_road_class": "4",
        "first_road_number": "6138",
        "junction_control": "-1",
        "junction_detail": "0",
        "junction_detail_historic": "-1",
        "latitude": "53.68183",
        "light_conditions": "1",
        "local_authority_district": "-1",
        "local_authority_highway": "E08000033",
        "local_authority_highway_current": "E08000033",
        "local_authority_ons_district": "E08000033",
        "location_easting_osgr": "399165",
        "location_northing_osgr": "420597",
        "longitude": "-2.01412",
        "lsoa_of_accident_location": "E01010918",
        "number_of_casualties": 1,
        "number_of_vehicles": 1,
        "pedestrian_crossing": "0",
        "pedestrian_crossing_human_control_historic": "-1",
        "pedestrian_crossing_physical_facilities_historic": "-1",
        "police_force": "13",
        "road_surface_conditions": "1",
        "road_type": "6",
        "second_road_class": "-1",
        "second_road_number": "-1",
        "special_conditions_at_site": "-1",
        "speed_limit": 60,
        "time": "15:26",
        "trunk_road_flag": "2",
        "urban_or_rural_area": "2",
        "weather_conditions": "8",
        "geometry_source": "collision_location",
        "source_year": 2024,
        "date_iso": "2024-11-27"
      }
    },
    {
      "type": "Feature",
      "id": "2024131491263",
      "geometry": {
        "type": "Point",
        "coordinates": [
          -1.92441,
          53.6763
        ]
      },
      "properties": {
        "carriageway_hazards": "0",
        "carriageway_hazards_historic": "-1",
        "collision_adjusted_severity_serious": "1",
        "collision_adjusted_severity_slight": "0",
        "collision_index": "2024131491263",
        "collision_injury_based": "1",
        "collision_ref_no": "131491263",
        "collision_severity": "2",
        "collision_year": 2024,
        "date": "14/09/2024",
        "day_of_week": "7",
        "did_police_officer_attend_scene_of_accident": "2",
        "enhanced_severity_collision": "7",
        "first_road_class": "6",
        "first_road_number": "0",
        "junction_control": "4",
        "junction_detail": "16",
        "junction_detail_historic": "-1",
        "latitude": "53.6763",
        "light_conditions": "4",
        "local_authority_district": "-1",
        "local_authority_highway": "E08000033",
        "local_authority_highway_current": "E08000033",
        "local_authority_ons_district": "E08000033",
        "location_easting_osgr": "405091",
        "location_northing_osgr": "419984",
        "longitude": "-1.92441",
        "lsoa_of_accident_location": "E01010953",
        "number_of_casualties": 1,
        "number_of_vehicles": 1,
        "pedestrian_crossing": "0",
        "pedestrian_crossing_human_control_historic": "-1",
        "pedestrian_crossing_physical_facilities_historic": "-1",
        "police_force": "13",
        "road_surface_conditions": "1",
        "road_type": "6",
        "second_road_class": "6",
        "second_road_number": "0",
        "special_conditions_at_site": "-1",
        "speed_limit": 30,
        "time": "01:20",
        "trunk_road_flag": "2",
        "urban_or_rural_area": "2",
        "weather_conditions": "1",
        "geometry_source": "collision_location",
        "source_year": 2024,
        "date_iso": "2024-09-14"
      }
    },
    {
      "type": "Feature",
      "id": "2024131424307",
      "geometry": {
        "type": "Point",
        "coordinates": [
          -1.89351,
          53.74429
        ]
      },
      "properties": {
        "carriageway_hazards": "0",
        "carriageway_hazards_historic": "-1",
        "collision_adjusted_severity_serious": "1",
        "collision_adjusted_severity_slight": "0",
        "collision_index": "2024131424307",
        "collision_injury_based": "1",
        "collision_ref_no": "131424307",
        "collision_severity": "2",
        "collision_year": 2024,
        "date": "24/03/2024",
        "day_of_week": "1",
        "did_police_officer_attend_scene_of_accident": "1",
        "enhanced_severity_collision": "7",
        "first_road_class": "6",
        "first_road_number": "0",
        "junction_control": "4",
        "junction_detail": "16",
        "junction_detail_historic": "-1",
        "latitude": "53.74429",
        "light_conditions": "1",
        "local_authority_district": "-1",
        "local_authority_highway": "E08000033",
        "local_authority_highway_current": "E08000033",
        "local_authority_ons_district": "E08000033",
        "location_easting_osgr": "407121",
        "location_northing_osgr": "427551",
        "longitude": "-1.89351",
        "lsoa_of_accident_location": "E01010942",
        "number_of_casualties": 1,
        "number_of_vehicles": 2,
        "pedestrian_crossing": "0",
        "pedestrian_crossing_human_control_historic": "-1",
        "pedestrian_crossing_physical_facilities_historic": "-1",
        "police_force": "13",
        "road_surface_conditions": "1",
        "road_type": "6",
        "second_road_class": "6",
        "second_road_number": "0",
        "special_conditions_at_site": "-1",
        "speed_limit": 20,
        "time": "17:00",
        "trunk_road_flag": "2",
        "urban_or_rural_area": "1",
        "weather_conditions": "1",
        "geometry_source": "collision_location",
        "source_year": 2024,
        "date_iso": "2024-03-24"
      }
    },
    {
      "type": "Feature",
      "id": "2024131414367",
      "geometry": {
        "type": "Point",
        "coordinates": [
          -1.87532,
          53.72226
        ]
      },
      "properties": {
        "carriageway_hazards": "0",
        "carriageway_hazards_historic": "-1",
        "collision_adjusted_severity_serious": "0",
        "collision_adjusted_severity_slight": "1",
        "collision_index": "2024131414367",
        "collision_injury_based": "1",
        "collision_ref_no": "131414367",
        "collision_severity": "3",
        "collision_year": 2024,
        "date": "24/02/2024",
        "day_of_week": "7",
        "did_police_officer_attend_scene_of_accident": "1",
        "enhanced_severity_collision": "3",
        "first_road_class": "6",
        "first_road_number": "0",
        "junction_control": "4",
        "junction_detail": "19",
        "junction_detail_historic": "-1",
        "latitude": "53.72226",
        "light_conditions": "1",
        "local_authority_district": "-1",
        "local_authority_highway": "E08000033",
        "local_authority_highway_current": "E08000033",
        "local_authority_ons_district": "E08000033",
        "location_easting_osgr": "408325",
        "location_northing_osgr": "425102",
        "longitude": "-1.87532",
        "lsoa_of_accident_location": "E01010966",
        "number_of_casualties": 1,
        "number_of_vehicles": 2,
        "pedestrian_crossing": "14",
        "pedestrian_crossing_human_control_historic": "-1",
        "pedestrian_crossing_physical_facilities_historic": "-1",
        "police_force": "13",
        "road_surface_conditions": "1",
        "road_type": "6",
        "second_road_class": "6",
        "second_road_number": "0",
        "special_conditions_at_site": "-1",
        "speed_limit": 20,
        "time": "14:35",
        "trunk_road_flag": "2",
        "urban_or_rural_area": "1",
        "weather_conditions": "8",
        "geometry_source": "collision_location",
        "source_year": 2024,
        "date_iso": "2024-02-24"
      }
    },
    {
      "type": "Feature",
      "id": "2024131430788",
      "geometry": {
        "type": "Point",
        "coordinates": [
          -1.86232,
          53.72927
        ]
      },
      "properties": {
        "carriageway_hazards": "0",
        "carriageway_hazards_historic": "-1",
        "collision_adjusted_severity_serious": "0",
        "collision_adjusted_severity_slight": "1",
        "collision_index": "2024131430788",
        "collision_injury_based": "1",
        "collision_ref_no": "131430788",
        "collision_severity": "3",
        "collision_year": 2024,
        "date": "11/04/2024",
        "day_of_week": "5",
        "did_police_officer_attend_scene_of_accident": "2",
        "enhanced_severity_collision": "3",
        "first_road_class": "3",
        "first_road_number": "647",
        "junction_control": "-1",
        "junction_detail": "0",
        "junction_detail_historic": "-1",
        "latitude": "53.72927",
        "light_conditions": "4",
        "local_authority_district": "-1",
        "local_authority_highway": "E08000033",
        "local_authority_highway_current": "E08000033",
        "local_authority_ons_district": "E08000033",
        "location_easting_osgr": "409181",
        "location_northing_osgr": "425884",
        "longitude": "-1.86232",
        "lsoa_of_accident_location": "E01032923",
        "number_of_casualties": 1,
        "number_of_vehicles": 1,
        "pedestrian_crossing": "0",
        "pedestrian_crossing_human_control_historic": "-1",
        "pedestrian_crossing_physical_facilities_historic": "-1",
        "police_force": "13",
        "road_surface_conditions": "1",
        "road_type": "6",
        "second_road_class": "6",
        "second_road_number": "0",
        "special_conditions_at_site": "-1",
        "speed_limit": 30,
        "time": "20:45",
        "trunk_road_flag": "2",
        "urban_or_rural_area": "1",
        "weather_conditions": "1",
        "geometry_source": "collision_location",
        "source_year": 2024,
        "date_iso": "2024-04-11"
      }
    },
    {
      "type": "Feature",
      "id": "2024131445729",
      "geometry": {
        "type": "Point",
        "coordinates": [
          -1.78275,
          53.7049
        ]
      },
      "properties": {
        "carriageway_hazards": "0",
        "carriageway_hazards_historic": "-1",
        "collision_adjusted_severity_serious": "0",
        "collision_adjusted_severity_slight": "1",
        "collision_index": "2024131445729",
        "collision_injury_based": "1",
        "collision_ref_no": "131445729",
        "collision_severity": "3",
        "collision_year": 2024,
        "date": "21/05/2024",
        "day_of_week": "3",
        "did_police_officer_attend_scene_of_accident": "2",
        "enhanced_severity_collision": "3",
        "first_road_class": "6",
        "first_road_number": "0",
        "junction_control": "4",
        "junction_detail": "13",
        "junction_detail_historic": "-1",
        "latitude": "53.7049",
        "light_conditions": "1",
        "local_authority_district": "-1",
        "local_authority_highway": "E08000033",
        "local_authority_highway_current": "E08000033",
        "local_authority_ons_district": "E08000033",
        "location_easting_osgr": "414439",
        "location_northing_osgr": "423185",
        "longitude": "-1.78275",
        "lsoa_of_accident_location": "E01010949",
        "number_of_casualties": 1,
        "number_of_vehicles": 2,
        "pedestrian_crossing": "0",
        "pedestrian_crossing_human_control_historic": "-1",
        "pedestrian_crossing_physical_facilities_historic": "-1",
        "police_force": "13",
        "road_surface_conditions": "1",
        "road_type": "6",
        "second_road_class": "6",
        "second_road_number": "0",
        "special_conditions_at_site": "-1",
        "speed_limit": 20,
        "time": "12:00",
        "trunk_road_flag": "2",
        "urban_or_rural_area": "1",
        "weather_conditions": "1",
        "geometry_source": "collision_location",
        "source_year": 2024,
        "date_iso": "2024-05-21"
      }
    },
    {
      "type": "Feature",
      "id": "2024131458174",
      "geometry": {
        "type": "Point",
        "coordinates": [
          -1.839,
          53.73262
        ]
      },
      "properties": {
        "carriageway_hazards": "0",
        "carriageway_hazards_historic": "-1",
        "collision_adjusted_severity_serious": "0",
        "collision_adjusted_severity_slight": "1",
        "collision_index": "2024131458174",
        "collision_injury_based": "1",
        "collision_ref_no": "131458174",
        "collision_severity": "3",
        "collision_year": 2024,
        "date": "20/06/2024",
        "day_of_week": "5",
        "did_police_officer_attend_scene_of_accident": "1",
        "enhanced_severity_collision": "3",
        "first_road_class": "3",
        "first_road_number": "58",
        "junction_control": "4",
        "junction_detail": "13",
        "junction_detail_historic": "-1",
        "latitude": "53.73262",
        "light_conditions": "1",
        "local_authority_district": "-1",
        "local_authority_highway": "E08000033",
        "local_authority_highway_current": "E08000033",
        "local_authority_ons_district": "E08000033",
        "location_easting_osgr": "410719",
        "location_northing_osgr": "426260",
        "longitude": "-1.839",
        "lsoa_of_accident_location": "E01010937",
        "number_of_casualties": 1,
        "number_of_vehicles": 2,
        "pedestrian_crossing": "0",
        "pedestrian_crossing_human_control_historic": "-1",
        "pedestrian_crossing_physical_facilities_historic": "-1",
        "police_force": "13",
        "road_surface_conditions": "1",
        "road_type": "6",
        "second_road_class": "6",
        "second_road_number": "0",
        "special_conditions_at_site": "-1",
        "speed_limit": 30,
        "time": "21:40",
        "trunk_road_flag": "2",
        "urban_or_rural_area": "1",
        "weather_conditions": "1",
        "geometry_source": "collision_location",
        "source_year": 2024,
        "date_iso": "2024-06-20"
      }
    },
    {
      "type": "Feature",
      "id": "2024131470318",
      "geometry": {
        "type": "Point",
        "coordinates": [
          -1.93539,
          53.67204
        ]
      },
      "properties": {
        "carriageway_hazards": "0",
        "carriageway_hazards_historic": "-1",
        "collision_adjusted_severity_serious": "1",
        "collision_adjusted_severity_slight": "0",
        "collision_index": "2024131470318",
        "collision_injury_based": "1",
        "collision_ref_no": "131470318",
        "collision_severity": "2",
        "collision_year": 2024,
        "date": "20/07/2024",
        "day_of_week": "7",
        "did_police_officer_attend_scene_of_accident": "1",
        "enhanced_severity_collision": "7",
        "first_road_class": "4",
        "first_road_number": "6113",
        "junction_control": "4",
        "junction_detail": "19",
        "junction_detail_historic": "-1",
        "latitude": "53.67204",
        "light_conditions": "4",
        "local_authority_district": "-1",
        "local_authority_highway": "E08000033",
        "local_authority_highway_current": "E08000033",
        "local_authority_ons_district": "E08000033",
        "location_easting_osgr": "404366",
        "location_northing_osgr": "419509",
        "longitude": "-1.93539",
        "lsoa_of_accident_location": "E01010952",
        "number_of_casualties": 1,
        "number_of_vehicles": 1,
        "pedestrian_crossing": "0",
        "pedestrian_crossing_human_control_historic": "-1",
        "pedestrian_crossing_physical_facilities_historic": "-1",
        "police_force": "13",
        "road_surface_conditions": "2",
        "road_type": "6",
        "second_road_class": "6",
        "second_road_number": "0",
        "special_conditions_at_site": "-1",
        "speed_limit": 40,
        "time": "21:09",
        "trunk_road_flag": "2",
        "urban_or_rural_area": "2",
        "weather_conditions": "2",
        "geometry_source": "collision_location",
        "source_year": 2024,
        "date_iso": "2024-07-20"
      }
    },
    {
      "type": "Feature",
      "id": "2024131530643",
      "geometry": {
        "type": "Point",
        "coordinates": [
          -2.02122,
          53.62969
        ]
      },
      "properties": {
        "carriageway_hazards": "0",
        "carriageway_hazards_historic": "-1",
        "collision_adjusted_severity_serious": "0",
        "collision_adjusted_severity_slight": "1",
        "collision_index": "2024131530643",
        "collision_injury_based": "1",
        "collision_ref_no": "131530643",
        "collision_severity": "3",
        "collision_year": 2024,
        "date": "16/12/2024",
        "day_of_week": "2",
        "did_police_officer_attend_scene_of_accident": "1",
        "enhanced_severity_collision": "3",
        "first_road_class": "1",
        "first_road_number": "62",
        "junction_control": "-1",
        "junction_detail": "0",
        "junction_detail_historic": "-1",
        "latitude": "53.62969",
        "light_conditions": "4",
        "local_authority_district": "-1",
        "local_authority_highway": "E08000033",
        "local_authority_highway_current": "E08000033",
        "local_authority_ons_district": "E08000033",
        "location_easting_osgr": "398694",
        "location_northing_osgr": "414796",
        "longitude": "-2.02122",
        "lsoa_of_accident_location": "E01010955",
        "number_of_casualties": 2,
        "number_of_vehicles": 3,
        "pedestrian_crossing": "0",
        "pedestrian_crossing_human_control_historic": "-1",
        "pedestrian_crossing_physical_facilities_historic": "-1",
        "police_force": "13",
        "road_surface_conditions": "2",
        "road_type": "3",
        "second_road_class": "-1",
        "second_road_number": "-1",
        "special_conditions_at_site": "-1",
        "speed_limit": 70,
        "time": "07:10",
        "trunk_road_flag": "1",
        "urban_or_rural_area": "2",
        "weather_conditions": "2",
        "geometry_source": "collision_location",
        "source_year": 2024,
        "date_iso": "2024-12-16"
      }
    },
    {
      "type": "Feature",
      "id": "2024131506243",
      "geometry": {
        "type": "Point",
        "coordinates": [
          -1.84188,
          53.68658
        ]
      },
      "properties": {
        "carriageway_hazards": "0",
        "carriageway_hazards_historic": "-1",
        "collision_adjusted_severity_serious": "1",
        "collision_adjusted_severity_slight": "0",
        "collision_index": "2024131506243",
        "collision_injury_based": "1",
        "collision_ref_no": "131506243",
        "collision_severity": "2",
        "collision_year": 2024,
        "date": "20/10/2024",
        "day_of_week": "1",
        "did_police_officer_attend_scene_of_accident": "1",
        "enhanced_severity_collision": "5",
        "first_road_class": "4",
        "first_road_number": "6114",
        "junction_control": "-1",
        "junction_detail": "0",
        "junction_detail_historic": "-1",
        "latitude": "53.68658",
        "light_conditions": "1",
        "local_authority_district": "-1",
        "local_authority_highway": "E08000033",
        "local_authority_highway_current": "E08000033",
        "local_authority_ons_district": "E08000033",
        "location_easting_osgr": "410540",
        "location_northing_osgr": "421137",
        "longitude": "-1.84188",
        "lsoa_of_accident_location": "E01010889",
        "number_of_casualties": 1,
        "number_of_vehicles": 1,
        "pedestrian_crossing": "0",
        "pedestrian_crossing_human_control_historic": "-1",
        "pedestrian_crossing_physical_facilities_historic": "-1",
        "police_force": "13",
        "road_surface_conditions": "1",
        "road_type": "6",
        "second_road_class": "6",
        "second_road_number": "0",
        "special_conditions_at_site": "-1",
        "speed_limit": 30,
        "time": "16:55",
        "trunk_road_flag": "2",
        "urban_or_rural_area": "1",
        "weather_conditions": "1",
        "geometry_source": "collision_location",
        "source_year": 2024,
        "date_iso": "2024-10-20"
      }
    },
    {
      "type": "Feature",
      "id": "2024131534921",
      "geometry": {
        "type": "Point",
        "coordinates": [
          -1.85885,
          53.70364
        ]
      },
      "properties": {
        "carriageway_hazards": "0",
        "carriageway_hazards_historic": "-1",
        "collision_adjusted_severity_serious": "0",
        "collision_adjusted_severity_slight": "1",
        "collision_index": "2024131534921",
        "collision_injury_based": "1",
        "collision_ref_no": "131534921",
        "collision_severity": "3",
        "collision_year": 2024,
        "date": "26/12/2024",
        "day_of_week": "5",
        "did_police_officer_attend_scene_of_accident": "1",
        "enhanced_severity_collision": "3",
        "first_road_class": "6",
        "first_road_number": "0",
        "junction_control": "4",
        "junction_detail": "13",
        "junction_detail_historic": "-1",
        "latitude": "53.70364",
        "light_conditions": "4",
        "local_authority_district": "-1",
        "local_authority_highway": "E08000033",
        "local_authority_highway_current": "E08000033",
        "local_authority_ons_district": "E08000033",
        "location_easting_osgr": "409416",
        "location_northing_osgr": "423032",
        "longitude": "-1.85885",
        "lsoa_of_accident_location": "E01010972",
        "number_of_casualties": 2,
        "number_of_vehicles": 2,
        "pedestrian_crossing": "0",
        "pedestrian_crossing_human_control_historic": "-1",
        "pedestrian_crossing_physical_facilities_historic": "-1",
        "police_force": "13",
        "road_surface_conditions": "2",
        "road_type": "6",
        "second_road_class": "6",
        "second_road_number": "0",
        "special_conditions_at_site": "-1",
        "speed_limit": 20,
        "time": "19:35",
        "trunk_road_flag": "2",
        "urban_or_rural_area": "1",
        "weather_conditions": "8",
        "geometry_source": "collision_location",
        "source_year": 2024,
        "date_iso": "2024-12-26"
      }
    },
    {
      "type": "Feature",
      "id": "2024131461489",
      "geometry": {
        "type": "Point",
        "coordinates": [
          -1.89062,
          53.71816
        ]
      },
      "properties": {
        "carriageway_hazards": "0",
        "carriageway_hazards_historic": "-1",
        "collision_adjusted_severity_serious": "0",
        "collision_adjusted_severity_slight": "1",
        "collision_index": "2024131461489",
        "collision_injury_based": "1",
        "collision_ref_no": "131461489",
        "collision_severity": "3",
        "collision_year": 2024,
        "date": "28/06/2024",
        "day_of_week": "6",
        "did_police_officer_attend_scene_of_accident": "1",
        "enhanced_severity_collision": "3",
        "first_road_class": "6",
        "first_road_number": "0",
        "junction_control": "4",
        "junction_detail": "13",
        "junction_detail_historic": "-1",
        "latitude": "53.71816",
        "light_conditions": "7",
        "local_authority_district": "-1",
        "local_authority_highway": "E08000033",
        "local_authority_highway_current": "E08000033",
        "local_authority_ons_district": "E08000033",
        "location_easting_osgr": "407316",
        "location_northing_osgr": "424644",
        "longitude": "-1.89062",
        "lsoa_of_accident_location": "E01011002",
        "number_of_casualties": 1,
        "number_of_vehicles": 2,
        "pedestrian_crossing": "0",
        "pedestrian_crossing_human_control_historic": "-1",
        "pedestrian_crossing_physical_facilities_historic": "-1",
        "police_force": "13",
        "road_surface_conditions": "1",
        "road_type": "6",
        "second_road_class": "6",
        "second_road_number": "0",
        "special_conditions_at_site": "-1",
        "speed_limit": 30,
        "time": "22:18",
        "trunk_road_flag": "2",
        "urban_or_rural_area": "1",
        "weather_conditions": "1",
        "geometry_source": "collision_location",
        "source_year": 2024,
        "date_iso": "2024-06-28"
      }
    },
    {
      "type": "Feature",
      "id": "2024131486895",
      "geometry": {
        "type": "Point",
        "coordinates": [
          -1.8813,
          53.72272
        ]
      },
      "properties": {
        "carriageway_hazards": "13",
        "carriageway_hazards_historic": "-1",
        "collision_adjusted_severity_serious": "1",
        "collision_adjusted_severity_slight": "0",
        "collision_index": "2024131486895",
        "collision_injury_based": "1",
        "collision_ref_no": "131486895",
        "collision_severity": "2",
        "collision_year": 2024,
        "date": "03/09/2024",
        "day_of_week": "3",
        "did_police_officer_attend_scene_of_accident": "1",
        "enhanced_severity_collision": "6",
        "first_road_class": "6",
        "first_road_number": "0",
        "junction_control": "4",
        "junction_detail": "13",
        "junction_detail_historic": "-1",
        "latitude": "53.72272",
        "light_conditions": "1",
        "local_authority_district": "-1",
        "local_authority_highway": "E08000033",
        "local_authority_highway_current": "E08000033",
        "local_authority_ons_district": "E08000033",
        "location_easting_osgr": "407930",
        "location_northing_osgr": "425152",
        "longitude": "-1.8813",
        "lsoa_of_accident_location": "E01010964",
        "number_of_casualties": 2,
        "number_of_vehicles": 2,
        "pedestrian_crossing": "13",
        "pedestrian_crossing_human_control_historic": "-1",
        "pedestrian_crossing_physical_facilities_historic": "-1",
        "police_force": "13",
        "road_surface_conditions": "1",
        "road_type": "6",
        "second_road_class": "6",
        "second_road_number": "0",
        "special_conditions_at_site": "-1",
        "speed_limit": 30,
        "time": "15:33",
        "trunk_road_flag": "2",
        "urban_or_rural_area": "1",
        "weather_conditions": "1",
        "geometry_source": "collision_location",
        "source_year": 2024,
        "date_iso": "2024-09-03"
      }
    },
    {
      "type": "Feature",
      "id": "2024131445326",
      "geometry": {
        "type": "Point",
        "coordinates": [
          -1.86728,
          53.73791
        ]
      },
      "properties": {
        "carriageway_hazards": "0",
        "carriageway_hazards_historic": "-1",
        "collision_adjusted_severity_serious": "1",
        "collision_adjusted_severity_slight": "0",
        "collision_index": "2024131445326",
        "collision_injury_based": "1",
        "collision_ref_no": "131445326",
        "collision_severity": "2",
        "collision_year": 2024,
        "date": "20/05/2024",
        "day_of_week": "2",
        "did_police_officer_attend_scene_of_accident": "1",
        "enhanced_severity_collision": "7",
        "first_road_class": "3",
        "first_road_number": "647",
        "junction_control": "4",
        "junction_detail": "13",
        "junction_detail_historic": "-1",
        "latitude": "53.73791",
        "light_conditions": "1",
        "local_authority_district": "-1",
        "local_authority_highway": "E08000033",
        "local_authority_highway_current": "E08000033",
        "local_authority_ons_district": "E08000033",
        "location_easting_osgr": "408852",
        "location_northing_osgr": "426844",
        "longitude": "-1.86728",
        "lsoa_of_accident_location": "E01010967",
        "number_of_casualties": 1,
        "number_of_vehicles": 2,
        "pedestrian_crossing": "0",
        "pedestrian_crossing_human_control_historic": "-1",
        "pedestrian_crossing_physical_facilities_historic": "-1",
        "police_force": "13",
        "road_surface_conditions": "1",
        "road_type": "6",
        "second_road_class": "6",
        "second_road_number": "0",
        "special_conditions_at_site": "-1",
        "speed_limit": 40,
        "time": "18:47",
        "trunk_road_flag": "2",
        "urban_or_rural_area": "1",
        "weather_conditions": "1",
        "geometry_source": "collision_location",
        "source_year": 2024,
        "date_iso": "2024-05-20"
      }
    },
    {
      "type": "Feature",
      "id": "2024131448079",
      "geometry": {
        "type": "Point",
        "coordinates": [
          -1.81747,
          53.72586
        ]
      },
      "properties": {
        "carriageway_hazards": "21",
        "carriageway_hazards_historic": "-1",
        "collision_adjusted_severity_serious": "1",
        "collision_adjusted_severity_slight": "0",
        "collision_index": "2024131448079",
        "collision_injury_based": "1",
        "collision_ref_no": "131448079",
        "collision_severity": "2",
        "collision_year": 2024,
        "date": "25/05/2024",
        "day_of_week": "7",
        "did_police_officer_attend_scene_of_accident": "1",
        "enhanced_severity_collision": "5",
        "first_road_class": "3",
        "first_road_number": "58",
        "junction_control": "4",
        "junction_detail": "13",
        "junction_detail_historic": "-1",
        "latitude": "53.72586",
        "light_conditions": "1",
        "local_authority_district": "-1",
        "local_authority_highway": "E08000033",
        "local_authority_highway_current": "E08000033",
        "local_authority_ons_district": "E08000033",
        "location_easting_osgr": "412141",
        "location_northing_osgr": "425511",
        "longitude": "-1.81747",
        "lsoa_of_accident_location": "E01010909",
        "number_of_casualties": 1,
        "number_of_vehicles": 2,
        "pedestrian_crossing": "0",
        "pedestrian_crossing_human_control_historic": "-1",
        "pedestrian_crossing_physical_facilities_historic": "-1",
        "police_force": "13",
        "road_surface_conditions": "1",
        "road_type": "6",
        "second_road_class": "6",
        "second_road_number": "0",
        "special_conditions_at_site": "-1",
        "speed_limit": 30,
        "time": "11:38",
        "trunk_road_flag": "2",
        "urban_or_rural_area": "1",
        "weather_conditions": "1",
        "geometry_source": "collision_location",
        "source_year": 2024,
        "date_iso": "2024-05-25"
      }
    },
    {
      "type": "Feature",
      "id": "2024131500943",
      "geometry": {
        "type": "Point",
        "coordinates": [
          -1.88329,
          53.73772
        ]
      },
      "properties": {
        "carriageway_hazards": "0",
        "carriageway_hazards_historic": "-1",
        "collision_adjusted_severity_serious": "1",
        "collision_adjusted_severity_slight": "0",
        "collision_index": "2024131500943",
        "collision_injury_based": "1",
        "collision_ref_no": "131500943",
        "collision_severity": "2",
        "collision_year": 2024,
        "date": "07/10/2024",
        "day_of_week": "2",
        "did_police_officer_attend_scene_of_accident": "2",
        "enhanced_severity_collision": "7",
        "first_road_class": "6",
        "first_road_number": "0",
        "junction_control": "4",
        "junction_detail": "16",
        "junction_detail_historic": "-1",
        "latitude": "53.73772",
        "light_conditions": "1",
        "local_authority_district": "-1",
        "local_authority_highway": "E08000033",
        "local_authority_highway_current": "E08000033",
        "local_authority_ons_district": "E08000033",
        "location_easting_osgr": "407796",
        "location_northing_osgr": "426821",
        "longitude": "-1.88329",
        "lsoa_of_accident_location": "E01010943",
        "number_of_casualties": 1,
        "number_of_vehicles": 2,
        "pedestrian_crossing": "0",
        "pedestrian_crossing_human_control_historic": "-1",
        "pedestrian_crossing_physical_facilities_historic": "-1",
        "police_force": "13",
        "road_surface_conditions": "1",
        "road_type": "6",
        "second_road_class": "6",
        "second_road_number": "0",
        "special_conditions_at_site": "-1",
        "speed_limit": 20,
        "time": "14:40",
        "trunk_road_flag": "2",
        "urban_or_rural_area": "1",
        "weather_conditions": "1",
        "geometry_source": "collision_location",
        "source_year": 2024,
        "date_iso": "2024-10-07"
      }
    },
    {
      "type": "Feature",
      "id": "2024131501916",
      "geometry": {
        "type": "Point",
        "coordinates": [
          -1.87455,
          53.7349
        ]
      },
      "properties": {
        "carriageway_hazards": "0",
        "carriageway_hazards_historic": "-1",
        "collision_adjusted_severity_serious": "0",
        "collision_adjusted_severity_slight": "1",
        "collision_index": "2024131501916",
        "collision_injury_based": "1",
        "collision_ref_no": "131501916",
        "collision_severity": "3",
        "collision_year": 2024,
        "date": "10/10/2024",
        "day_of_week": "5",
        "did_police_officer_attend_scene_of_accident": "1",
        "enhanced_severity_collision": "3",
        "first_road_class": "6",
        "first_road_number": "0",
        "junction_control": "-1",
        "junction_detail": "0",
        "junction_detail_historic": "-1",
        "latitude": "53.7349",
        "light_conditions": "1",
        "local_authority_district": "-1",
        "local_authority_highway": "E08000033",
        "local_authority_highway_current": "E08000033",
        "local_authority_ons_district": "E08000033",
        "location_easting_osgr": "408373",
        "location_northing_osgr": "426508",
        "longitude": "-1.87455",
        "lsoa_of_accident_location": "E01010938",
        "number_of_casualties": 1,
        "number_of_vehicles": 1,
        "pedestrian_crossing": "0",
        "pedestrian_crossing_human_control_historic": "-1",
        "pedestrian_crossing_physical_facilities_historic": "-1",
        "police_force": "13",
        "road_surface_conditions": "1",
        "road_type": "3",
        "second_road_class": "3",
        "second_road_number": "629",
        "special_conditions_at_site": "-1",
        "speed_limit": 30,
        "time": "09:07",
        "trunk_road_flag": "2",
        "urban_or_rural_area": "1",
        "weather_conditions": "1",
        "geometry_source": "collision_location",
        "source_year": 2024,
        "date_iso": "2024-10-10"
      }
    },
    {
      "type": "Feature",
      "id": "2024131407700",
      "geometry": {
        "type": "Point",
        "coordinates": [
          -1.86042,
          53.73037
        ]
      },
      "properties": {
        "carriageway_hazards": "0",
        "carriageway_hazards_historic": "-1",
        "collision_adjusted_severity_serious": "0",
        "collision_adjusted_severity_slight": "1",
        "collision_index": "2024131407700",
        "collision_injury_based": "1",
        "collision_ref_no": "131407700",
        "collision_severity": "3",
        "collision_year": 2024,
        "date": "07/02/2024",
        "day_of_week": "4",
        "did_police_officer_attend_scene_of_accident": "1",
        "enhanced_severity_collision": "3",
        "first_road_class": "6",
        "first_road_number": "0",
        "junction_control": "4",
        "junction_detail": "19",
        "junction_detail_historic": "-1",
        "latitude": "53.73037",
        "light_conditions": "1",
        "local_authority_district": "-1",
        "local_authority_highway": "E08000033",
        "local_authority_highway_current": "E08000033",
        "local_authority_ons_district": "E08000033",
        "location_easting_osgr": "409306",
        "location_northing_osgr": "426006",
        "longitude": "-1.86042",
        "lsoa_of_accident_location": "E01032923",
        "number_of_casualties": 1,
        "number_of_vehicles": 1,
        "pedestrian_crossing": "0",
        "pedestrian_crossing_human_control_historic": "-1",
        "pedestrian_crossing_physical_facilities_historic": "-1",
        "police_force": "13",
        "road_surface_conditions": "3",
        "road_type": "6",
        "second_road_class": "6",
        "second_road_number": "0",
        "special_conditions_at_site": "-1",
        "speed_limit": 30,
        "time": "13:00",
        "trunk_road_flag": "2",
        "urban_or_rural_area": "1",
        "weather_conditions": "6",
        "geometry_source": "collision_location",
        "source_year": 2024,
        "date_iso": "2024-02-07"
      }
    },
    {
      "type": "Feature",
      "id": "2024131424184",
      "geometry": {
        "type": "Point",
        "coordinates": [
          -2.1081,
          53.72097
        ]
      },
      "properties": {
        "carriageway_hazards": "0",
        "carriageway_hazards_historic": "-1",
        "collision_adjusted_severity_serious": "0",
        "collision_adjusted_severity_slight": "1",
        "collision_index": "2024131424184",
        "collision_injury_based": "1",
        "collision_ref_no": "131424184",
        "collision_severity": "3",
        "collision_year": 2024,
        "date": "22/03/2024",
        "day_of_week": "6",
        "did_police_officer_attend_scene_of_accident": "1",
        "enhanced_severity_collision": "3",
        "first_road_class": "3",
        "first_road_number": "646",
        "junction_control": "2",
        "junction_detail": "13",
        "junction_detail_historic": "-1",
        "latitude": "53.72097",
        "light_conditions": "1",
        "local_authority_district": "-1",
        "local_authority_highway": "E08000033",
        "local_authority_highway_current": "E08000033",
        "local_authority_ons_district": "E08000033",
        "location_easting_osgr": "392964",
        "location_northing_osgr": "424957",
        "longitude": "-2.1081",
        "lsoa_of_accident_location": "E01010987",
        "number_of_casualties": 1,
        "number_of_vehicles": 2,
        "pedestrian_crossing": "13",
        "pedestrian_crossing_human_control_historic": "-1",
        "pedestrian_crossing_physical_facilities_historic": "-1",
        "police_force": "13",
        "road_surface_conditions": "1",
        "road_type": "9",
        "second_road_class": "6",
        "second_road_number": "0",
        "special_conditions_at_site": "-1",
        "speed_limit": 30,
        "time": "15:00",
        "trunk_road_flag": "2",
        "urban_or_rural_area": "1",
        "weather_conditions": "1",
        "geometry_source": "collision_location",
        "source_year": 2024,
        "date_iso": "2024-03-22"
      }
    },
    {
      "type": "Feature",
      "id": "2024131491506",
      "geometry": {
        "type": "Point",
        "coordinates": [
          -1.87005,
          53.72352
        ]
      },
      "properties": {
        "carriageway_hazards": "0",
        "carriageway_hazards_historic": "-1",
        "collision_adjusted_severity_serious": "0",
        "collision_adjusted_severity_slight": "1",
        "collision_index": "2024131491506",
        "collision_injury_based": "1",
        "collision_ref_no": "131491506",
        "collision_severity": "3",
        "collision_year": 2024,
        "date": "14/09/2024",
        "day_of_week": "7",
        "did_police_officer_attend_scene_of_accident": "1",
        "enhanced_severity_collision": "3",
        "first_road_class": "6",
        "first_road_number": "0",
        "junction_control": "4",
        "junction_detail": "16",
        "junction_detail_historic": "-1",
        "latitude": "53.72352",
        "light_conditions": "1",
        "local_authority_district": "-1",
        "local_authority_highway": "E08000033",
        "local_authority_highway_current": "E08000033",
        "local_authority_ons_district": "E08000033",
        "location_easting_osgr": "408672",
        "location_northing_osgr": "425243",
        "longitude": "-1.87005",
        "lsoa_of_accident_location": "E01010965",
        "number_of_casualties": 1,
        "number_of_vehicles": 1,
        "pedestrian_crossing": "0",
        "pedestrian_crossing_human_control_historic": "-1",
        "pedestrian_crossing_physical_facilities_historic": "-1",
        "police_force": "13",
        "road_surface_conditions": "1",
        "road_type": "6",
        "second_road_class": "6",
        "second_road_number": "0",
        "special_conditions_at_site": "-1",
        "speed_limit": 30,
        "time": "16:24",
        "trunk_road_flag": "2",
        "urban_or_rural_area": "1",
        "weather_conditions": "1",
        "geometry_source": "collision_location",
        "source_year": 2024,
        "date_iso": "2024-09-14"
      }
    },
    {
      "type": "Feature",
      "id": "2024131394088",
      "geometry": {
        "type": "Point",
        "coordinates": [
          -1.74578,
          53.71447
        ]
      },
      "properties": {
        "carriageway_hazards": "0",
        "carriageway_hazards_historic": "-1",
        "collision_adjusted_severity_serious": "0",
        "collision_adjusted_severity_slight": "1",
        "collision_index": "2024131394088",
        "collision_injury_based": "1",
        "collision_ref_no": "131394088",
        "collision_severity": "3",
        "collision_year": 2024,
        "date": "01/01/2024",
        "day_of_week": "2",
        "did_police_officer_attend_scene_of_accident": "1",
        "enhanced_severity_collision": "3",
        "first_road_class": "1",
        "first_road_number": "62",
        "junction_control": "-1",
        "junction_detail": "0",
        "junction_detail_historic": "-1",
        "latitude": "53.71447",
        "light_conditions": "4",
        "local_authority_district": "-1",
        "local_authority_highway": "E08000033",
        "local_authority_highway_current": "E08000033",
        "local_authority_ons_district": "E08000033",
        "location_easting_osgr": "416876",
        "location_northing_osgr": "424258",
        "longitude": "-1.74578",
        "lsoa_of_accident_location": "E01010879",
        "number_of_casualties": 1,
        "number_of_vehicles": 1,
        "pedestrian_crossing": "0",
        "pedestrian_crossing_human_control_historic": "-1",
        "pedestrian_crossing_physical_facilities_historic": "-1",
        "police_force": "13",
        "road_surface_conditions": "5",
        "road_type": "3",
        "second_road_class": "-1",
        "second_road_number": "-1",
        "special_conditions_at_site": "-1",
        "speed_limit": 70,
        "time": "19:51",
        "trunk_road_flag": "1",
        "urban_or_rural_area": "2",
        "weather_conditions": "5",
        "geometry_source": "collision_location",
        "source_year": 2024,
        "date_iso": "2024-01-01"
      }
    },
    {
      "type": "Feature",
      "id": "2024131465017",
      "geometry": {
        "type": "Point",
        "coordinates": [
          -1.8893,
          53.71965
        ]
      },
      "properties": {
        "carriageway_hazards": "0",
        "carriageway_hazards_historic": "-1",
        "collision_adjusted_severity_serious": "0",
        "collision_adjusted_severity_slight": "1",
        "collision_index": "2024131465017",
        "collision_injury_based": "1",
        "collision_ref_no": "131465017",
        "collision_severity": "3",
        "collision_year": 2024,
        "date": "08/07/2024",
        "day_of_week": "2",
        "did_police_officer_attend_scene_of_accident": "1",
        "enhanced_severity_collision": "3",
        "first_road_class": "6",
        "first_road_number": "0",
        "junction_control": "4",
        "junction_detail": "16",
        "junction_detail_historic": "-1",
        "latitude": "53.71965",
        "light_conditions": "1",
        "local_authority_district": "-1",
        "local_authority_highway": "E08000033",
        "local_authority_highway_current": "E08000033",
        "local_authority_ons_district": "E08000033",
        "location_easting_osgr": "407403",
        "location_northing_osgr": "424810",
        "longitude": "-1.8893",
        "lsoa_of_accident_location": "E01011000",
        "number_of_casualties": 1,
        "number_of_vehicles": 2,
        "pedestrian_crossing": "0",
        "pedestrian_crossing_human_control_historic": "-1",
        "pedestrian_crossing_physical_facilities_historic": "-1",
        "police_force": "13",
        "road_surface_conditions": "1",
        "road_type": "6",
        "second_road_class": "6",
        "second_road_number": "0",
        "special_conditions_at_site": "-1",
        "speed_limit": 20,
        "time": "17:57",
        "trunk_road_flag": "2",
        "urban_or_rural_area": "1",
        "weather_conditions": "1",
        "geometry_source": "collision_location",
        "source_year": 2024,
        "date_iso": "2024-07-08"
      }
    },
    {
      "type": "Feature",
      "id": "2024131531295",
      "geometry": {
        "type": "Point",
        "coordinates": [
          -1.91286,
          53.71091
        ]
      },
      "properties": {
        "carriageway_hazards": "0",
        "carriageway_hazards_historic": "-1",
        "collision_adjusted_severity_serious": "0",
        "collision_adjusted_severity_slight": "1",
        "collision_index": "2024131531295",
        "collision_injury_based": "1",
        "collision_ref_no": "131531295",
        "collision_severity": "3",
        "collision_year": 2024,
        "date": "16/12/2024",
        "day_of_week": "2",
        "did_police_officer_attend_scene_of_accident": "1",
        "enhanced_severity_collision": "3",
        "first_road_class": "6",
        "first_road_number": "0",
        "junction_control": "4",
        "junction_detail": "19",
        "junction_detail_historic": "-1",
        "latitude": "53.71091",
        "light_conditions": "1",
        "local_authority_district": "-1",
        "local_authority_highway": "E08000033",
        "local_authority_highway_current": "E08000033",
        "local_authority_ons_district": "E08000033",
        "location_easting_osgr": "405849",
        "location_northing_osgr": "423835",
        "longitude": "-1.91286",
        "lsoa_of_accident_location": "E01010980",
        "number_of_casualties": 1,
        "number_of_vehicles": 2,
        "pedestrian_crossing": "0",
        "pedestrian_crossing_human_control_historic": "-1",
        "pedestrian_crossing_physical_facilities_historic": "-1",
        "police_force": "13",
        "road_surface_conditions": "1",
        "road_type": "6",
        "second_road_class": "3",
        "second_road_number": "6139",
        "special_conditions_at_site": "-1",
        "speed_limit": 30,
        "time": "13:10",
        "trunk_road_flag": "2",
        "urban_or_rural_area": "1",
        "weather_conditions": "1",
        "geometry_source": "collision_location",
        "source_year": 2024,
        "date_iso": "2024-12-16"
      }
    },
    {
      "type": "Feature",
      "id": "2024131478054",
      "geometry": {
        "type": "Point",
        "coordinates": [
          -1.85781,
          53.71942
        ]
      },
      "properties": {
        "carriageway_hazards": "0",
        "carriageway_hazards_historic": "-1",
        "collision_adjusted_severity_serious": "0",
        "collision_adjusted_severity_slight": "1",
        "collision_index": "2024131478054",
        "collision_injury_based": "1",
        "collision_ref_no": "131478054",
        "collision_severity": "3",
        "collision_year": 2024,
        "date": "24/06/2024",
        "day_of_week": "2",
        "did_police_officer_attend_scene_of_accident": "1",
        "enhanced_severity_collision": "3",
        "first_road_class": "6",
        "first_road_number": "0",
        "junction_control": "4",
        "junction_detail": "16",
        "junction_detail_historic": "-1",
        "latitude": "53.71942",
        "light_conditions": "1",
        "local_authority_district": "-1",
        "local_authority_highway": "E08000033",
        "local_authority_highway_current": "E08000033",
        "local_authority_ons_district": "E08000033",
        "location_easting_osgr": "409481",
        "location_northing_osgr": "424788",
        "longitude": "-1.85781",
        "lsoa_of_accident_location": "E01010989",
        "number_of_casualties": 1,
        "number_of_vehicles": 2,
        "pedestrian_crossing": "0",
        "pedestrian_crossing_human_control_historic": "-1",
        "pedestrian_crossing_physical_facilities_historic": "-1",
        "police_force": "13",
        "road_surface_conditions": "1",
        "road_type": "6",
        "second_road_class": "6",
        "second_road_number": "0",
        "special_conditions_at_site": "-1",
        "speed_limit": 30,
        "time": "14:50",
        "trunk_road_flag": "2",
        "urban_or_rural_area": "1",
        "weather_conditions": "1",
        "geometry_source": "collision_location",
        "source_year": 2024,
        "date_iso": "2024-06-24"
      }
    },
    {
      "type": "Feature",
      "id": "2024131456368",
      "geometry": {
        "type": "Point",
        "coordinates": [
          -1.90703,
          53.71174
        ]
      },
      "properties": {
        "carriageway_hazards": "0",
        "carriageway_hazards_historic": "-1",
        "collision_adjusted_severity_serious": "0",
        "collision_adjusted_severity_slight": "1",
        "collision_index": "2024131456368",
        "collision_injury_based": "1",
        "collision_ref_no": "131456368",
        "collision_severity": "3",
        "collision_year": 2024,
        "date": "16/06/2024",
        "day_of_week": "1",
        "did_police_officer_attend_scene_of_accident": "1",
        "enhanced_severity_collision": "3",
        "first_road_class": "6",
        "first_road_number": "0",
        "junction_control": "4",
        "junction_detail": "19",
        "junction_detail_historic": "-1",
        "latitude": "53.71174",
        "light_conditions": "1",
        "local_authority_district": "-1",
        "local_authority_highway": "E08000033",
        "local_authority_highway_current": "E08000033",
        "local_authority_ons_district": "E08000033",
        "location_easting_osgr": "406234",
        "location_northing_osgr": "423928",
        "longitude": "-1.90703",
        "lsoa_of_accident_location": "E01010980",
        "number_of_casualties": 1,
        "number_of_vehicles": 2,
        "pedestrian_crossing": "0",
        "pedestrian_crossing_human_control_historic": "-1",
        "pedestrian_crossing_physical_facilities_historic": "-1",
        "police_force": "13",
        "road_surface_conditions": "1",
        "road_type": "6",
        "second_road_class": "6",
        "second_road_number": "0",
        "special_conditions_at_site": "-1",
        "speed_limit": 30,
        "time": "12:27",
        "trunk_road_flag": "2",
        "urban_or_rural_area": "1",
        "weather_conditions": "8",
        "geometry_source": "collision_location",
        "source_year": 2024,
        "date_iso": "2024-06-16"
      }
    },
    {
      "type": "Feature",
      "id": "2024131462376",
      "geometry": {
        "type": "Point",
        "coordinates": [
          -1.86412,
          53.7271
        ]
      },
      "properties": {
        "carriageway_hazards": "0",
        "carriageway_hazards_historic": "-1",
        "collision_adjusted_severity_serious": "0",
        "collision_adjusted_severity_slight": "1",
        "collision_index": "2024131462376",
        "collision_injury_based": "1",
        "collision_ref_no": "131462376",
        "collision_severity": "3",
        "collision_year": 2024,
        "date": "01/07/2024",
        "day_of_week": "2",
        "did_police_officer_attend_scene_of_accident": "1",
        "enhanced_severity_collision": "3",
        "first_road_class": "3",
        "first_road_number": "629",
        "junction_control": "-1",
        "junction_detail": "0",
        "junction_detail_historic": "-1",
        "latitude": "53.7271",
        "light_conditions": "1",
        "local_authority_district": "-1",
        "local_authority_highway": "E08000033",
        "local_authority_highway_current": "E08000033",
        "local_authority_ons_district": "E08000033",
        "location_easting_osgr": "409063",
        "location_northing_osgr": "425642",
        "longitude": "-1.86412",
        "lsoa_of_accident_location": "E01032923",
        "number_of_casualties": 1,
        "number_of_vehicles": 3,
        "pedestrian_crossing": "0",
        "pedestrian_crossing_human_control_historic": "-1",
        "pedestrian_crossing_physical_facilities_historic": "-1",
        "police_force": "13",
        "road_surface_conditions": "2",
        "road_type": "3",
        "second_road_class": "3",
        "second_road_number": "58",
        "special_conditions_at_site": "-1",
        "speed_limit": 40,
        "time": "16:24",
        "trunk_road_flag": "2",
        "urban_or_rural_area": "1",
        "weather_conditions": "1",
        "geometry_source": "collision_location",
        "source_year": 2024,
        "date_iso": "2024-07-01"
      }
    },
    {
      "type": "Feature",
      "id": "2024131431927",
      "geometry": {
        "type": "Point",
        "coordinates": [
          -1.87578,
          53.75185
        ]
      },
      "properties": {
        "carriageway_hazards": "0",
        "carriageway_hazards_historic": "-1",
        "collision_adjusted_severity_serious": "0",
        "collision_adjusted_severity_slight": "1",
        "collision_index": "2024131431927",
        "collision_injury_based": "1",
        "collision_ref_no": "131431927",
        "collision_severity": "3",
        "collision_year": 2024,
        "date": "15/04/2024",
        "day_of_week": "2",
        "did_police_officer_attend_scene_of_accident": "1",
        "enhanced_severity_collision": "3",
        "first_road_class": "6",
        "first_road_number": "0",
        "junction_control": "-1",
        "junction_detail": "0",
        "junction_detail_historic": "-1",
        "latitude": "53.75185",
        "light_conditions": "1",
        "local_authority_district": "-1",
        "local_authority_highway": "E08000033",
        "local_authority_highway_current": "E08000033",
        "local_authority_ons_district": "E08000033",
        "location_easting_osgr": "408289",
        "location_northing_osgr": "428394",
        "longitude": "-1.87578",
        "lsoa_of_accident_location": "E01010915",
        "number_of_casualties": 2,
        "number_of_vehicles": 1,
        "pedestrian_crossing": "0",
        "pedestrian_crossing_human_control_historic": "-1",
        "pedestrian_crossing_physical_facilities_historic": "-1",
        "police_force": "13",
        "road_surface_conditions": "2",
        "road_type": "6",
        "second_road_class": "6",
        "second_road_number": "0",
        "special_conditions_at_site": "-1",
        "speed_limit": 20,
        "time": "15:42",
        "trunk_road_flag": "2",
        "urban_or_rural_area": "1",
        "weather_conditions": "8",
        "geometry_source": "collision_location",
        "source_year": 2024,
        "date_iso": "2024-04-15"
      }
    },
    {
      "type": "Feature",
      "id": "2024131463142",
      "geometry": {
        "type": "Point",
        "coordinates": [
          -2.1283,
          53.70938
        ]
      },
      "properties": {
        "carriageway_hazards": "0",
        "carriageway_hazards_historic": "-1",
        "collision_adjusted_severity_serious": "1",
        "collision_adjusted_severity_slight": "0",
        "collision_index": "2024131463142",
        "collision_injury_based": "1",
        "collision_ref_no": "131463142",
        "collision_severity": "2",
        "collision_year": 2024,
        "date": "03/07/2024",
        "day_of_week": "4",
        "did_police_officer_attend_scene_of_accident": "1",
        "enhanced_severity_collision": "6",
        "first_road_class": "3",
        "first_road_number": "681",
        "junction_control": "-1",
        "junction_detail": "0",
        "junction_detail_historic": "-1",
        "latitude": "53.70938",
        "light_conditions": "1",
        "local_authority_district": "-1",
        "local_authority_highway": "E08000033",
        "local_authority_highway_current": "E08000033",
        "local_authority_ons_district": "E08000033",
        "location_easting_osgr": "391629",
        "location_northing_osgr": "423669",
        "longitude": "-2.1283",
        "lsoa_of_accident_location": "E01010985",
        "number_of_casualties": 1,
        "number_of_vehicles": 2,
        "pedestrian_crossing": "0",
        "pedestrian_crossing_human_control_historic": "-1",
        "pedestrian_crossing_physical_facilities_historic": "-1",
        "police_force": "13",
        "road_surface_conditions": "2",
        "road_type": "6",
        "second_road_class": "-1",
        "second_road_number": "-1",
        "special_conditions_at_site": "-1",
        "speed_limit": 60,
        "time": "13:10",
        "trunk_road_flag": "2",
        "urban_or_rural_area": "2",
        "weather_conditions": "1",
        "geometry_source": "collision_location",
        "source_year": 2024,
        "date_iso": "2024-07-03"
      }
    },
    {
      "type": "Feature",
      "id": "2024131522483",
      "geometry": {
        "type": "Point",
        "coordinates": [
          -1.77882,
          53.70431
        ]
      },
      "properties": {
        "carriageway_hazards": "0",
        "carriageway_hazards_historic": "-1",
        "collision_adjusted_severity_serious": "1",
        "collision_adjusted_severity_slight": "0",
        "collision_index": "2024131522483",
        "collision_injury_based": "1",
        "collision_ref_no": "131522483",
        "collision_severity": "2",
        "collision_year": 2024,
        "date": "27/11/2024",
        "day_of_week": "4",
        "did_police_officer_attend_scene_of_accident": "1",
        "enhanced_severity_collision": "7",
        "first_road_class": "3",
        "first_road_number": "641",
        "junction_control": "4",
        "junction_detail": "13",
        "junction_detail_historic": "-1",
        "latitude": "53.70431",
        "light_conditions": "1",
        "local_authority_district": "-1",
        "local_authority_highway": "E08000033",
        "local_authority_highway_current": "E08000033",
        "local_authority_ons_district": "E08000033",
        "location_easting_osgr": "414699",
        "location_northing_osgr": "423120",
        "longitude": "-1.77882",
        "lsoa_of_accident_location": "E01010878",
        "number_of_casualties": 1,
        "number_of_vehicles": 1,
        "pedestrian_crossing": "13",
        "pedestrian_crossing_human_control_historic": "-1",
        "pedestrian_crossing_physical_facilities_historic": "-1",
        "police_force": "13",
        "road_surface_conditions": "2",
        "road_type": "6",
        "second_road_class": "6",
        "second_road_number": "0",
        "special_conditions_at_site": "-1",
        "speed_limit": 30,
        "time": "12:25",
        "trunk_road_flag": "2",
        "urban_or_rural_area": "1",
        "weather_conditions": "1",
        "geometry_source": "collision_location",
        "source_year": 2024,
        "date_iso": "2024-11-27"
      }
    },
    {
      "type": "Feature",
      "id": "2024131400151",
      "geometry": {
        "type": "Point",
        "coordinates": [
          -1.93848,
          53.6734
        ]
      },
      "properties": {
        "carriageway_hazards": "0",
        "carriageway_hazards_historic": "-1",
        "collision_adjusted_severity_serious": "0",
        "collision_adjusted_severity_slight": "1",
        "collision_index": "2024131400151",
        "collision_injury_based": "1",
        "collision_ref_no": "131400151",
        "collision_severity": "3",
        "collision_year": 2024,
        "date": "18/01/2024",
        "day_of_week": "5",
        "did_police_officer_attend_scene_of_accident": "1",
        "enhanced_severity_collision": "3",
        "first_road_class": "4",
        "first_road_number": "6113",
        "junction_control": "4",
        "junction_detail": "19",
        "junction_detail_historic": "-1",
        "latitude": "53.6734",
        "light_conditions": "1",
        "local_authority_district": "-1",
        "local_authority_highway": "E08000033",
        "local_authority_highway_current": "E08000033",
        "local_authority_ons_district": "E08000033",
        "location_easting_osgr": "404162",
        "location_northing_osgr": "419661",
        "longitude": "-1.93848",
        "lsoa_of_accident_location": "E01010952",
        "number_of_casualties": 1,
        "number_of_vehicles": 2,
        "pedestrian_crossing": "0",
        "pedestrian_crossing_human_control_historic": "-1",
        "pedestrian_crossing_physical_facilities_historic": "-1",
        "police_force": "13",
        "road_surface_conditions": "4",
        "road_type": "6",
        "second_road_class": "6",
        "second_road_number": "0",
        "special_conditions_at_site": "-1",
        "speed_limit": 30,
        "time": "16:40",
        "trunk_road_flag": "2",
        "urban_or_rural_area": "2",
        "weather_conditions": "1",
        "geometry_source": "collision_location",
        "source_year": 2024,
        "date_iso": "2024-01-18"
      }
    },
    {
      "type": "Feature",
      "id": "2024131430422",
      "geometry": {
        "type": "Point",
        "coordinates": [
          -1.88929,
          53.75747
        ]
      },
      "properties": {
        "carriageway_hazards": "16",
        "carriageway_hazards_historic": "-1",
        "collision_adjusted_severity_serious": "1",
        "collision_adjusted_severity_slight": "0",
        "collision_index": "2024131430422",
        "collision_injury_based": "1",
        "collision_ref_no": "131430422",
        "collision_severity": "2",
        "collision_year": 2024,
        "date": "11/04/2024",
        "day_of_week": "5",
        "did_police_officer_attend_scene_of_accident": "2",
        "enhanced_severity_collision": "6",
        "first_road_class": "6",
        "first_road_number": "0",
        "junction_control": "4",
        "junction_detail": "19",
        "junction_detail_historic": "-1",
        "latitude": "53.75747",
        "light_conditions": "1",
        "local_authority_district": "-1",
        "local_authority_highway": "E08000033",
        "local_authority_highway_current": "E08000033",
        "local_authority_ons_district": "E08000033",
        "location_easting_osgr": "407397",
        "location_northing_osgr": "429018",
        "longitude": "-1.88929",
        "lsoa_of_accident_location": "E01010912",
        "number_of_casualties": 1,
        "number_of_vehicles": 1,
        "pedestrian_crossing": "0",
        "pedestrian_crossing_human_control_historic": "-1",
        "pedestrian_crossing_physical_facilities_historic": "-1",
        "police_force": "13",
        "road_surface_conditions": "2",
        "road_type": "9",
        "second_road_class": "6",
        "second_road_number": "0",
        "special_conditions_at_site": "-1",
        "speed_limit": 20,
        "time": "10:20",
        "trunk_road_flag": "2",
        "urban_or_rural_area": "1",
        "weather_conditions": "9",
        "geometry_source": "collision_location",
        "source_year": 2024,
        "date_iso": "2024-04-11"
      }
    },
    {
      "type": "Feature",
      "id": "2024131478639",
      "geometry": {
        "type": "Point",
        "coordinates": [
          -1.89352,
          53.74703
        ]
      },
      "properties": {
        "carriageway_hazards": "0",
        "carriageway_hazards_historic": "-1",
        "collision_adjusted_severity_serious": "1",
        "collision_adjusted_severity_slight": "0",
        "collision_index": "2024131478639",
        "collision_injury_based": "1",
        "collision_ref_no": "131478639",
        "collision_severity": "2",
        "collision_year": 2024,
        "date": "11/08/2024",
        "day_of_week": "1",
        "did_police_officer_attend_scene_of_accident": "1",
        "enhanced_severity_collision": "5",
        "first_road_class": "6",
        "first_road_number": "0",
        "junction_control": "4",
        "junction_detail": "16",
        "junction_detail_historic": "-1",
        "latitude": "53.74703",
        "light_conditions": "1",
        "local_authority_district": "-1",
        "local_authority_highway": "E08000033",
        "local_authority_highway_current": "E08000033",
        "local_authority_ons_district": "E08000033",
        "location_easting_osgr": "407120",
        "location_northing_osgr": "427856",
        "longitude": "-1.89352",
        "lsoa_of_accident_location": "E01010941",
        "number_of_casualties": 2,
        "number_of_vehicles": 2,
        "pedestrian_crossing": "0",
        "pedestrian_crossing_human_control_historic": "-1",
        "pedestrian_crossing_physical_facilities_historic": "-1",
        "police_force": "13",
        "road_surface_conditions": "1",
        "road_type": "6",
        "second_road_class": "6",
        "second_road_number": "0",
        "special_conditions_at_site": "-1",
        "speed_limit": 20,
        "time": "14:47",
        "trunk_road_flag": "2",
        "urban_or_rural_area": "1",
        "weather_conditions": "1",
        "geometry_source": "collision_location",
        "source_year": 2024,
        "date_iso": "2024-08-11"
      }
    },
    {
      "type": "Feature",
      "id": "2024131528841",
      "geometry": {
        "type": "Point",
        "coordinates": [
          -1.85989,
          53.72138
        ]
      },
      "properties": {
        "carriageway_hazards": "0",
        "carriageway_hazards_historic": "-1",
        "collision_adjusted_severity_serious": "0",
        "collision_adjusted_severity_slight": "1",
        "collision_index": "2024131528841",
        "collision_injury_based": "1",
        "collision_ref_no": "131528841",
        "collision_severity": "3",
        "collision_year": 2024,
        "date": "11/12/2024",
        "day_of_week": "4",
        "did_police_officer_attend_scene_of_accident": "1",
        "enhanced_severity_collision": "3",
        "first_road_class": "6",
        "first_road_number": "0",
        "junction_control": "4",
        "junction_detail": "13",
        "junction_detail_historic": "-1",
        "latitude": "53.72138",
        "light_conditions": "4",
        "local_authority_district": "-1",
        "local_authority_highway": "E08000033",
        "local_authority_highway_current": "E08000033",
        "local_authority_ons_district": "E08000033",
        "location_easting_osgr": "409343",
        "location_northing_osgr": "425006",
        "longitude": "-1.85989",
        "lsoa_of_accident_location": "E01034583",
        "number_of_casualties": 1,
        "number_of_vehicles": 1,
        "pedestrian_crossing": "0",
        "pedestrian_crossing_human_control_historic": "-1",
        "pedestrian_crossing_physical_facilities_historic": "-1",
        "police_force": "13",
        "road_surface_conditions": "1",
        "road_type": "2",
        "second_road_class": "6",
        "second_road_number": "0",
        "special_conditions_at_site": "-1",
        "speed_limit": 20,
        "time": "15:54",
        "trunk_road_flag": "2",
        "urban_or_rural_area": "1",
        "weather_conditions": "1",
        "geometry_source": "collision_location",
        "source_year": 2024,
        "date_iso": "2024-12-11"
      }
    },
    {
      "type": "Feature",
      "id": "2024131475794",
      "geometry": {
        "type": "Point",
        "coordinates": [
          -1.87165,
          53.71634
        ]
      },
      "properties": {
        "carriageway_hazards": "0",
        "carriageway_hazards_historic": "-1",
        "collision_adjusted_severity_serious": "0",
        "collision_adjusted_severity_slight": "1",
        "collision_index": "2024131475794",
        "collision_injury_based": "1",
        "collision_ref_no": "131475794",
        "collision_severity": "3",
        "collision_year": 2024,
        "date": "03/08/2024",
        "day_of_week": "7",
        "did_police_officer_attend_scene_of_accident": "2",
        "enhanced_severity_collision": "3",
        "first_road_class": "6",
        "first_road_number": "0",
        "junction_control": "4",
        "junction_detail": "-1",
        "junction_detail_historic": "-1",
        "latitude": "53.71634",
        "light_conditions": "1",
        "local_authority_district": "-1",
        "local_authority_highway": "E08000033",
        "local_authority_highway_current": "E08000033",
        "local_authority_ons_district": "E08000033",
        "location_easting_osgr": "408568",
        "location_northing_osgr": "424444",
        "longitude": "-1.87165",
        "lsoa_of_accident_location": "E01010969",
        "number_of_casualties": 1,
        "number_of_vehicles": 2,
        "pedestrian_crossing": "0",
        "pedestrian_crossing_human_control_historic": "-1",
        "pedestrian_crossing_physical_facilities_historic": "-1",
        "police_force": "13",
        "road_surface_conditions": "1",
        "road_type": "6",
        "second_road_class": "6",
        "second_road_number": "0",
        "special_conditions_at_site": "-1",
        "speed_limit": 30,
        "time": "18:05",
        "trunk_road_flag": "2",
        "urban_or_rural_area": "1",
        "weather_conditions": "1",
        "geometry_source": "collision_location",
        "source_year": 2024,
        "date_iso": "2024-08-03"
      }
    },
    {
      "type": "Feature",
      "id": "2024131512872",
      "geometry": {
        "type": "Point",
        "coordinates": [
          -1.88619,
          53.73056
        ]
      },
      "properties": {
        "carriageway_hazards": "0",
        "carriageway_hazards_historic": "-1",
        "collision_adjusted_severity_serious": "0",
        "collision_adjusted_severity_slight": "1",
        "collision_index": "2024131512872",
        "collision_injury_based": "1",
        "collision_ref_no": "131512872",
        "collision_severity": "3",
        "collision_year": 2024,
        "date": "05/11/2024",
        "day_of_week": "3",
        "did_police_officer_attend_scene_of_accident": "1",
        "enhanced_severity_collision": "3",
        "first_road_class": "6",
        "first_road_number": "0",
        "junction_control": "-1",
        "junction_detail": "0",
        "junction_detail_historic": "-1",
        "latitude": "53.73056",
        "light_conditions": "4",
        "local_authority_district": "-1",
        "local_authority_highway": "E08000033",
        "local_authority_highway_current": "E08000033",
        "local_authority_ons_district": "E08000033",
        "location_easting_osgr": "407606",
        "location_northing_osgr": "426024",
        "longitude": "-1.88619",
        "lsoa_of_accident_location": "E01010929",
        "number_of_casualties": 1,
        "number_of_vehicles": 2,
        "pedestrian_crossing": "0",
        "pedestrian_crossing_human_control_historic": "-1",
        "pedestrian_crossing_physical_facilities_historic": "-1",
        "police_force": "13",
        "road_surface_conditions": "1",
        "road_type": "6",
        "second_road_class": "6",
        "second_road_number": "0",
        "special_conditions_at_site": "-1",
        "speed_limit": 30,
        "time": "23:37",
        "trunk_road_flag": "2",
        "urban_or_rural_area": "1",
        "weather_conditions": "1",
        "geometry_source": "collision_location",
        "source_year": 2024,
        "date_iso": "2024-11-05"
      }
    },
    {
      "type": "Feature",
      "id": "2024131472816",
      "geometry": {
        "type": "Point",
        "coordinates": [
          -1.87868,
          53.72802
        ]
      },
      "properties": {
        "carriageway_hazards": "0",
        "carriageway_hazards_historic": "-1",
        "collision_adjusted_severity_serious": "1",
        "collision_adjusted_severity_slight": "0",
        "collision_index": "2024131472816",
        "collision_injury_based": "1",
        "collision_ref_no": "131472816",
        "collision_severity": "2",
        "collision_year": 2024,
        "date": "26/07/2024",
        "day_of_week": "6",
        "did_police_officer_attend_scene_of_accident": "1",
        "enhanced_severity_collision": "7",
        "first_road_class": "6",
        "first_road_number": "0",
        "junction_control": "4",
        "junction_detail": "13",
        "junction_detail_historic": "-1",
        "latitude": "53.72802",
        "light_conditions": "1",
        "local_authority_district": "-1",
        "local_authority_highway": "E08000033",
        "local_authority_highway_current": "E08000033",
        "local_authority_ons_district": "E08000033",
        "location_easting_osgr": "408102",
        "location_northing_osgr": "425742",
        "longitude": "-1.87868",
        "lsoa_of_accident_location": "E01010960",
        "number_of_casualties": 1,
        "number_of_vehicles": 2,
        "pedestrian_crossing": "0",
        "pedestrian_crossing_human_control_historic": "-1",
        "pedestrian_crossing_physical_facilities_historic": "-1",
        "police_force": "13",
        "road_surface_conditions": "1",
        "road_type": "6",
        "second_road_class": "6",
        "second_road_number": "0",
        "special_conditions_at_site": "-1",
        "speed_limit": 30,
        "time": "14:01",
        "trunk_road_flag": "2",
        "urban_or_rural_area": "1",
        "weather_conditions": "1",
        "geometry_source": "collision_location",
        "source_year": 2024,
        "date_iso": "2024-07-26"
      }
    },
    {
      "type": "Feature",
      "id": "2024131477994",
      "geometry": {
        "type": "Point",
        "coordinates": [
          -2.09867,
          53.71232
        ]
      },
      "properties": {
        "carriageway_hazards": "0",
        "carriageway_hazards_historic": "-1",
        "collision_adjusted_severity_serious": "1",
        "collision_adjusted_severity_slight": "0",
        "collision_index": "2024131477994",
        "collision_injury_based": "1",
        "collision_ref_no": "131477994",
        "collision_severity": "2",
        "collision_year": 2024,
        "date": "09/08/2024",
        "day_of_week": "6",
        "did_police_officer_attend_scene_of_accident": "1",
        "enhanced_severity_collision": "7",
        "first_road_class": "3",
        "first_road_number": "6033",
        "junction_control": "4",
        "junction_detail": "19",
        "junction_detail_historic": "-1",
        "latitude": "53.71232",
        "light_conditions": "4",
        "local_authority_district": "-1",
        "local_authority_highway": "E08000033",
        "local_authority_highway_current": "E08000033",
        "local_authority_ons_district": "E08000033",
        "location_easting_osgr": "393585",
        "location_northing_osgr": "423993",
        "longitude": "-2.09867",
        "lsoa_of_accident_location": "E01010983",
        "number_of_casualties": 1,
        "number_of_vehicles": 1,
        "pedestrian_crossing": "0",
        "pedestrian_crossing_human_control_historic": "-1",
        "pedestrian_crossing_physical_facilities_historic": "-1",
        "police_force": "13",
        "road_surface_conditions": "1",
        "road_type": "6",
        "second_road_class": "6",
        "second_road_number": "0",
        "special_conditions_at_site": "-1",
        "speed_limit": 20,
        "time": "23:12",
        "trunk_road_flag": "2",
        "urban_or_rural_area": "1",
        "weather_conditions": "1",
        "geometry_source": "collision_location",
        "source_year": 2024,
        "date_iso": "2024-08-09"
      }
    },
    {
      "type": "Feature",
      "id": "2024131441432",
      "geometry": {
        "type": "Point",
        "coordinates": [
          -1.85501,
          53.68671
        ]
      },
      "properties": {
        "carriageway_hazards": "0",
        "carriageway_hazards_historic": "-1",
        "collision_adjusted_severity_serious": "0",
        "collision_adjusted_severity_slight": "1",
        "collision_index": "2024131441432",
        "collision_injury_based": "1",
        "collision_ref_no": "131441432",
        "collision_severity": "3",
        "collision_year": 2024,
        "date": "08/05/2024",
        "day_of_week": "4",
        "did_police_officer_attend_scene_of_accident": "1",
        "enhanced_severity_collision": "3",
        "first_road_class": "6",
        "first_road_number": "0",
        "junction_control": "4",
        "junction_detail": "16",
        "junction_detail_historic": "-1",
        "latitude": "53.68671",
        "light_conditions": "1",
        "local_authority_district": "-1",
        "local_authority_highway": "E08000033",
        "local_authority_highway_current": "E08000033",
        "local_authority_ons_district": "E08000033",
        "location_easting_osgr": "409673",
        "location_northing_osgr": "421149",
        "longitude": "-1.85501",
        "lsoa_of_accident_location": "E01010898",
        "number_of_casualties": 1,
        "number_of_vehicles": 2,
        "pedestrian_crossing": "0",
        "pedestrian_crossing_human_control_historic": "-1",
        "pedestrian_crossing_physical_facilities_historic": "-1",
        "police_force": "13",
        "road_surface_conditions": "1",
        "road_type": "6",
        "second_road_class": "4",
        "second_road_number": "6114",
        "special_conditions_at_site": "-1",
        "speed_limit": 30,
        "time": "19:32",
        "trunk_road_flag": "2",
        "urban_or_rural_area": "1",
        "weather_conditions": "1",
        "geometry_source": "collision_location",
        "source_year": 2024,
        "date_iso": "2024-05-08"
      }
    },
    {
      "type": "Feature",
      "id": "2024131458940",
      "geometry": {
        "type": "Point",
        "coordinates": [
          -1.90174,
          53.71985
        ]
      },
      "properties": {
        "carriageway_hazards": "0",
        "carriageway_hazards_historic": "-1",
        "collision_adjusted_severity_serious": "0",
        "collision_adjusted_severity_slight": "1",
        "collision_index": "2024131458940",
        "collision_injury_based": "1",
        "collision_ref_no": "131458940",
        "collision_severity": "3",
        "collision_year": 2024,
        "date": "23/06/2024",
        "day_of_week": "1",
        "did_police_officer_attend_scene_of_accident": "1",
        "enhanced_severity_collision": "3",
        "first_road_class": "3",
        "first_road_number": "646",
        "junction_control": "4",
        "junction_detail": "19",
        "junction_detail_historic": "-1",
        "latitude": "53.71985",
        "light_conditions": "4",
        "local_authority_district": "-1",
        "local_authority_highway": "E08000033",
        "local_authority_highway_current": "E08000033",
        "local_authority_ons_district": "E08000033",
        "location_easting_osgr": "406582",
        "location_northing_osgr": "424831",
        "longitude": "-1.90174",
        "lsoa_of_accident_location": "E01010976",
        "number_of_casualties": 1,
        "number_of_vehicles": 2,
        "pedestrian_crossing": "0",
        "pedestrian_crossing_human_control_historic": "-1",
        "pedestrian_crossing_physical_facilities_historic": "-1",
        "police_force": "13",
        "road_surface_conditions": "1",
        "road_type": "6",
        "second_road_class": "6",
        "second_road_number": "0",
        "special_conditions_at_site": "-1",
        "speed_limit": 30,
        "time": "00:16",
        "trunk_road_flag": "2",
        "urban_or_rural_area": "1",
        "weather_conditions": "1",
        "geometry_source": "collision_location",
        "source_year": 2024,
        "date_iso": "2024-06-23"
      }
    },
    {
      "type": "Feature",
      "id": "2024131448155",
      "geometry": {
        "type": "Point",
        "coordinates": [
          -1.89367,
          53.75655
        ]
      },
      "properties": {
        "carriageway_hazards": "0",
        "carriageway_hazards_historic": "-1",
        "collision_adjusted_severity_serious": "1",
        "collision_adjusted_severity_slight": "0",
        "collision_index": "2024131448155",
        "collision_injury_based": "1",
        "collision_ref_no": "131448155",
        "collision_severity": "2",
        "collision_year": 2024,
        "date": "25/05/2024",
        "day_of_week": "7",
        "did_police_officer_attend_scene_of_accident": "1",
        "enhanced_severity_collision": "7",
        "first_road_class": "3",
        "first_road_number": "629",
        "junction_control": "-1",
        "junction_detail": "0",
        "junction_detail_historic": "-1",
        "latitude": "53.75655",
        "light_conditions": "1",
        "local_authority_district": "-1",
        "local_authority_highway": "E08000033",
        "local_authority_highway_current": "E08000033",
        "local_authority_ons_district": "E08000033",
        "location_easting_osgr": "407108",
        "location_northing_osgr": "428915",
        "longitude": "-1.89367",
        "lsoa_of_accident_location": "E01010914",
        "number_of_casualties": 1,
        "number_of_vehicles": 3,
        "pedestrian_crossing": "17",
        "pedestrian_crossing_human_control_historic": "-1",
        "pedestrian_crossing_physical_facilities_historic": "-1",
        "police_force": "13",
        "road_surface_conditions": "1",
        "road_type": "6",
        "second_road_class": "6",
        "second_road_number": "0",
        "special_conditions_at_site": "-1",
        "speed_limit": 30,
        "time": "11:56",
        "trunk_road_flag": "2",
        "urban_or_rural_area": "1",
        "weather_conditions": "1",
        "geometry_source": "collision_location",
        "source_year": 2024,
        "date_iso": "2024-05-25"
      }
    },
    {
      "type": "Feature",
      "id": "2024131478956",
      "geometry": {
        "type": "Point",
        "coordinates": [
          -1.87573,
          53.7524
        ]
      },
      "properties": {
        "carriageway_hazards": "0",
        "carriageway_hazards_historic": "-1",
        "collision_adjusted_severity_serious": "0",
        "collision_adjusted_severity_slight": "1",
        "collision_index": "2024131478956",
        "collision_injury_based": "1",
        "collision_ref_no": "131478956",
        "collision_severity": "3",
        "collision_year": 2024,
        "date": "11/08/2024",
        "day_of_week": "1",
        "did_police_officer_attend_scene_of_accident": "1",
        "enhanced_severity_collision": "3",
        "first_road_class": "6",
        "first_road_number": "0",
        "junction_control": "4",
        "junction_detail": "18",
        "junction_detail_historic": "-1",
        "latitude": "53.7524",
        "light_conditions": "1",
        "local_authority_district": "-1",
        "local_authority_highway": "E08000033",
        "local_authority_highway_current": "E08000033",
        "local_authority_ons_district": "E08000033",
        "location_easting_osgr": "408292",
        "location_northing_osgr": "428455",
        "longitude": "-1.87573",
        "lsoa_of_accident_location": "E01010915",
        "number_of_casualties": 2,
        "number_of_vehicles": 2,
        "pedestrian_crossing": "0",
        "pedestrian_crossing_human_control_historic": "-1",
        "pedestrian_crossing_physical_facilities_historic": "-1",
        "police_force": "13",
        "road_surface_conditions": "1",
        "road_type": "7",
        "second_road_class": "6",
        "second_road_number": "0",
        "special_conditions_at_site": "-1",
        "speed_limit": 20,
        "time": "19:47",
        "trunk_road_flag": "2",
        "urban_or_rural_area": "1",
        "weather_conditions": "1",
        "geometry_source": "collision_location",
        "source_year": 2024,
        "date_iso": "2024-08-11"
      }
    },
    {
      "type": "Feature",
      "id": "2024131501836",
      "geometry": {
        "type": "Point",
        "coordinates": [
          -1.92107,
          53.73109
        ]
      },
      "properties": {
        "carriageway_hazards": "0",
        "carriageway_hazards_historic": "-1",
        "collision_adjusted_severity_serious": "0",
        "collision_adjusted_severity_slight": "1",
        "collision_index": "2024131501836",
        "collision_injury_based": "1",
        "collision_ref_no": "131501836",
        "collision_severity": "3",
        "collision_year": 2024,
        "date": "09/10/2024",
        "day_of_week": "4",
        "did_police_officer_attend_scene_of_accident": "1",
        "enhanced_severity_collision": "3",
        "first_road_class": "6",
        "first_road_number": "0",
        "junction_control": "-1",
        "junction_detail": "0",
        "junction_detail_historic": "-1",
        "latitude": "53.73109",
        "light_conditions": "1",
        "local_authority_district": "-1",
        "local_authority_highway": "E08000033",
        "local_authority_highway_current": "E08000033",
        "local_authority_ons_district": "E08000033",
        "location_easting_osgr": "405305",
        "location_northing_osgr": "426080",
        "longitude": "-1.92107",
        "lsoa_of_accident_location": "E01010997",
        "number_of_casualties": 1,
        "number_of_vehicles": 1,
        "pedestrian_crossing": "0",
        "pedestrian_crossing_human_control_historic": "-1",
        "pedestrian_crossing_physical_facilities_historic": "-1",
        "police_force": "13",
        "road_surface_conditions": "2",
        "road_type": "6",
        "second_road_class": "-1",
        "second_road_number": "-1",
        "special_conditions_at_site": "-1",
        "speed_limit": 60,
        "time": "16:40",
        "trunk_road_flag": "2",
        "urban_or_rural_area": "2",
        "weather_conditions": "4",
        "geometry_source": "collision_location",
        "source_year": 2024,
        "date_iso": "2024-10-09"
      }
    },
    {
      "type": "Feature",
      "id": "2024131426809",
      "geometry": {
        "type": "Point",
        "coordinates": [
          -1.97803,
          53.63708
        ]
      },
      "properties": {
        "carriageway_hazards": "0",
        "carriageway_hazards_historic": "-1",
        "collision_adjusted_severity_serious": "0",
        "collision_adjusted_severity_slight": "1",
        "collision_index": "2024131426809",
        "collision_injury_based": "1",
        "collision_ref_no": "131426809",
        "collision_severity": "3",
        "collision_year": 2024,
        "date": "01/04/2024",
        "day_of_week": "2",
        "did_police_officer_attend_scene_of_accident": "1",
        "enhanced_severity_collision": "3",
        "first_road_class": "1",
        "first_road_number": "62",
        "junction_control": "-1",
        "junction_detail": "0",
        "junction_detail_historic": "-1",
        "latitude": "53.63708",
        "light_conditions": "4",
        "local_authority_district": "-1",
        "local_authority_highway": "E08000033",
        "local_authority_highway_current": "E08000033",
        "local_authority_ons_district": "E08000033",
        "location_easting_osgr": "401550",
        "location_northing_osgr": "415618",
        "longitude": "-1.97803",
        "lsoa_of_accident_location": "E01010955",
        "number_of_casualties": 3,
        "number_of_vehicles": 2,
        "pedestrian_crossing": "0",
        "pedestrian_crossing_human_control_historic": "-1",
        "pedestrian_crossing_physical_facilities_historic": "-1",
        "police_force": "13",
        "road_surface_conditions": "2",
        "road_type": "3",
        "second_road_class": "-1",
        "second_road_number": "-1",
        "special_conditions_at_site": "-1",
        "speed_limit": 70,
        "time": "03:12",
        "trunk_road_flag": "1",
        "urban_or_rural_area": "2",
        "weather_conditions": "2",
        "geometry_source": "collision_location",
        "source_year": 2024,
        "date_iso": "2024-04-01"
      }
    },
    {
      "type": "Feature",
      "id": "2024131485705",
      "geometry": {
        "type": "Point",
        "coordinates": [
          -1.88159,
          53.72338
        ]
      },
      "properties": {
        "carriageway_hazards": "0",
        "carriageway_hazards_historic": "-1",
        "collision_adjusted_severity_serious": "0",
        "collision_adjusted_severity_slight": "1",
        "collision_index": "2024131485705",
        "collision_injury_based": "1",
        "collision_ref_no": "131485705",
        "collision_severity": "3",
        "collision_year": 2024,
        "date": "30/08/2024",
        "day_of_week": "6",
        "did_police_officer_attend_scene_of_accident": "2",
        "enhanced_severity_collision": "3",
        "first_road_class": "6",
        "first_road_number": "0",
        "junction_control": "4",
        "junction_detail": "13",
        "junction_detail_historic": "-1",
        "latitude": "53.72338",
        "light_conditions": "1",
        "local_authority_district": "-1",
        "local_authority_highway": "E08000033",
        "local_authority_highway_current": "E08000033",
        "local_authority_ons_district": "E08000033",
        "location_easting_osgr": "407911",
        "location_northing_osgr": "425226",
        "longitude": "-1.88159",
        "lsoa_of_accident_location": "E01010964",
        "number_of_casualties": 1,
        "number_of_vehicles": 1,
        "pedestrian_crossing": "0",
        "pedestrian_crossing_human_control_historic": "-1",
        "pedestrian_crossing_physical_facilities_historic": "-1",
        "police_force": "13",
        "road_surface_conditions": "1",
        "road_type": "6",
        "second_road_class": "6",
        "second_road_number": "0",
        "special_conditions_at_site": "-1",
        "speed_limit": 30,
        "time": "19:30",
        "trunk_road_flag": "2",
        "urban_or_rural_area": "1",
        "weather_conditions": "1",
        "geometry_source": "collision_location",
        "source_year": 2024,
        "date_iso": "2024-08-30"
      }
    },
    {
      "type": "Feature",
      "id": "2024131412839",
      "geometry": {
        "type": "Point",
        "coordinates": [
          -1.99635,
          53.63304
        ]
      },
      "properties": {
        "carriageway_hazards": "0",
        "carriageway_hazards_historic": "-1",
        "collision_adjusted_severity_serious": "0",
        "collision_adjusted_severity_slight": "1",
        "collision_index": "2024131412839",
        "collision_injury_based": "1",
        "collision_ref_no": "131412839",
        "collision_severity": "3",
        "collision_year": 2024,
        "date": "22/02/2024",
        "day_of_week": "5",
        "did_police_officer_attend_scene_of_accident": "1",
        "enhanced_severity_collision": "3",
        "first_road_class": "1",
        "first_road_number": "62",
        "junction_control": "-1",
        "junction_detail": "0",
        "junction_detail_historic": "-1",
        "latitude": "53.63304",
        "light_conditions": "1",
        "local_authority_district": "-1",
        "local_authority_highway": "E08000033",
        "local_authority_highway_current": "E08000033",
        "local_authority_ons_district": "E08000033",
        "location_easting_osgr": "400339",
        "location_northing_osgr": "415168",
        "longitude": "-1.99635",
        "lsoa_of_accident_location": "E01010955",
        "number_of_casualties": 1,
        "number_of_vehicles": 1,
        "pedestrian_crossing": "0",
        "pedestrian_crossing_human_control_historic": "-1",
        "pedestrian_crossing_physical_facilities_historic": "-1",
        "police_force": "13",
        "road_surface_conditions": "2",
        "road_type": "3",
        "second_road_class": "-1",
        "second_road_number": "-1",
        "special_conditions_at_site": "-1",
        "speed_limit": 70,
        "time": "08:15",
        "trunk_road_flag": "1",
        "urban_or_rural_area": "2",
        "weather_conditions": "2",
        "geometry_source": "collision_location",
        "source_year": 2024,
        "date_iso": "2024-02-22"
      }
    },
    {
      "type": "Feature",
      "id": "2024131394895",
      "geometry": {
        "type": "Point",
        "coordinates": [
          -1.82274,
          53.67383
        ]
      },
      "properties": {
        "carriageway_hazards": "0",
        "carriageway_hazards_historic": "-1",
        "collision_adjusted_severity_serious": "0",
        "collision_adjusted_severity_slight": "1",
        "collision_index": "2024131394895",
        "collision_injury_based": "1",
        "collision_ref_no": "131394895",
        "collision_severity": "3",
        "collision_year": 2024,
        "date": "03/01/2024",
        "day_of_week": "4",
        "did_police_officer_attend_scene_of_accident": "2",
        "enhanced_severity_collision": "3",
        "first_road_class": "1",
        "first_road_number": "62",
        "junction_control": "-1",
        "junction_detail": "0",
        "junction_detail_historic": "-1",
        "latitude": "53.67383",
        "light_conditions": "7",
        "local_authority_district": "-1",
        "local_authority_highway": "E08000033",
        "local_authority_highway_current": "E08000033",
        "local_authority_ons_district": "E08000033",
        "location_easting_osgr": "411808",
        "location_northing_osgr": "419721",
        "longitude": "-1.82274",
        "lsoa_of_accident_location": "E01010901",
        "number_of_casualties": 2,
        "number_of_vehicles": 2,
        "pedestrian_crossing": "0",
        "pedestrian_crossing_human_control_historic": "-1",
        "pedestrian_crossing_physical_facilities_historic": "-1",
        "police_force": "13",
        "road_surface_conditions": "2",
        "road_type": "3",
        "second_road_class": "-1",
        "second_road_number": "-1",
        "special_conditions_at_site": "-1",
        "speed_limit": 70,
        "time": "17:25",
        "trunk_road_flag": "1",
        "urban_or_rural_area": "2",
        "weather_conditions": "1",
        "geometry_source": "collision_location",
        "source_year": 2024,
        "date_iso": "2024-01-03"
      }
    },
    {
      "type": "Feature",
      "id": "2024131462867",
      "geometry": {
        "type": "Point",
        "coordinates": [
          -1.92038,
          53.67902
        ]
      },
      "properties": {
        "carriageway_hazards": "0",
        "carriageway_hazards_historic": "-1",
        "collision_adjusted_severity_serious": "0",
        "collision_adjusted_severity_slight": "1",
        "collision_index": "2024131462867",
        "collision_injury_based": "1",
        "collision_ref_no": "131462867",
        "collision_severity": "3",
        "collision_year": 2024,
        "date": "02/07/2024",
        "day_of_week": "3",
        "did_police_officer_attend_scene_of_accident": "1",
        "enhanced_severity_collision": "3",
        "first_road_class": "4",
        "first_road_number": "6113",
        "junction_control": "4",
        "junction_detail": "16",
        "junction_detail_historic": "-1",
        "latitude": "53.67902",
        "light_conditions": "4",
        "local_authority_district": "-1",
        "local_authority_highway": "E08000033",
        "local_authority_highway_current": "E08000033",
        "local_authority_ons_district": "E08000033",
        "location_easting_osgr": "405357",
        "location_northing_osgr": "420287",
        "longitude": "-1.92038",
        "lsoa_of_accident_location": "E01010953",
        "number_of_casualties": 1,
        "number_of_vehicles": 2,
        "pedestrian_crossing": "0",
        "pedestrian_crossing_human_control_historic": "-1",
        "pedestrian_crossing_physical_facilities_historic": "-1",
        "police_force": "13",
        "road_surface_conditions": "2",
        "road_type": "6",
        "second_road_class": "6",
        "second_road_number": "0",
        "special_conditions_at_site": "-1",
        "speed_limit": 60,
        "time": "22:50",
        "trunk_road_flag": "2",
        "urban_or_rural_area": "2",
        "weather_conditions": "2",
        "geometry_source": "collision_location",
        "source_year": 2024,
        "date_iso": "2024-07-02"
      }
    },
    {
      "type": "Feature",
      "id": "2024131507763",
      "geometry": {
        "type": "Point",
        "coordinates": [
          -1.81499,
          53.72575
        ]
      },
      "properties": {
        "carriageway_hazards": "0",
        "carriageway_hazards_historic": "-1",
        "collision_adjusted_severity_serious": "0",
        "collision_adjusted_severity_slight": "1",
        "collision_index": "2024131507763",
        "collision_injury_based": "1",
        "collision_ref_no": "131507763",
        "collision_severity": "3",
        "collision_year": 2024,
        "date": "23/10/2024",
        "day_of_week": "4",
        "did_police_officer_attend_scene_of_accident": "1",
        "enhanced_severity_collision": "3",
        "first_road_class": "3",
        "first_road_number": "58",
        "junction_control": "4",
        "junction_detail": "13",
        "junction_detail_historic": "-1",
        "latitude": "53.72575",
        "light_conditions": "1",
        "local_authority_district": "-1",
        "local_authority_highway": "E08000033",
        "local_authority_highway_current": "E08000033",
        "local_authority_ons_district": "E08000033",
        "location_easting_osgr": "412305",
        "location_northing_osgr": "425499",
        "longitude": "-1.81499",
        "lsoa_of_accident_location": "E01010909",
        "number_of_casualties": 1,
        "number_of_vehicles": 2,
        "pedestrian_crossing": "0",
        "pedestrian_crossing_human_control_historic": "-1",
        "pedestrian_crossing_physical_facilities_historic": "-1",
        "police_force": "13",
        "road_surface_conditions": "1",
        "road_type": "6",
        "second_road_class": "6",
        "second_road_number": "0",
        "special_conditions_at_site": "-1",
        "speed_limit": 30,
        "time": "16:00",
        "trunk_road_flag": "2",
        "urban_or_rural_area": "1",
        "weather_conditions": "1",
        "geometry_source": "collision_location",
        "source_year": 2024,
        "date_iso": "2024-10-23"
      }
    },
    {
      "type": "Feature",
      "id": "2024131401338",
      "geometry": {
        "type": "Point",
        "coordinates": [
          -1.79766,
          53.68529
        ]
      },
      "properties": {
        "carriageway_hazards": "0",
        "carriageway_hazards_historic": "-1",
        "collision_adjusted_severity_serious": "0",
        "collision_adjusted_severity_slight": "1",
        "collision_index": "2024131401338",
        "collision_injury_based": "1",
        "collision_ref_no": "131401338",
        "collision_severity": "3",
        "collision_year": 2024,
        "date": "22/01/2024",
        "day_of_week": "2",
        "did_police_officer_attend_scene_of_accident": "1",
        "enhanced_severity_collision": "3",
        "first_road_class": "3",
        "first_road_number": "643",
        "junction_control": "4",
        "junction_detail": "13",
        "junction_detail_historic": "-1",
        "latitude": "53.68529",
        "light_conditions": "1",
        "local_authority_district": "-1",
        "local_authority_highway": "E08000033",
        "local_authority_highway_current": "E08000033",
        "local_authority_ons_district": "E08000033",
        "location_easting_osgr": "413461",
        "location_northing_osgr": "421001",
        "longitude": "-1.79766",
        "lsoa_of_accident_location": "E01010891",
        "number_of_casualties": 1,
        "number_of_vehicles": 3,
        "pedestrian_crossing": "0",
        "pedestrian_crossing_human_control_historic": "-1",
        "pedestrian_crossing_physical_facilities_historic": "-1",
        "police_force": "13",
        "road_surface_conditions": "1",
        "road_type": "6",
        "second_road_class": "6",
        "second_road_number": "0",
        "special_conditions_at_site": "-1",
        "speed_limit": 30,
        "time": "14:18",
        "trunk_road_flag": "2",
        "urban_or_rural_area": "1",
        "weather_conditions": "4",
        "geometry_source": "collision_location",
        "source_year": 2024,
        "date_iso": "2024-01-22"
      }
    },
    {
      "type": "Feature",
      "id": "2024131490702",
      "geometry": {
        "type": "Point",
        "coordinates": [
          -1.97419,
          53.73269
        ]
      },
      "properties": {
        "carriageway_hazards": "0",
        "carriageway_hazards_historic": "-1",
        "collision_adjusted_severity_serious": "0",
        "collision_adjusted_severity_slight": "1",
        "collision_index": "2024131490702",
        "collision_injury_based": "1",
        "collision_ref_no": "131490702",
        "collision_severity": "3",
        "collision_year": 2024,
        "date": "12/09/2024",
        "day_of_week": "5",
        "did_police_officer_attend_scene_of_accident": "1",
        "enhanced_severity_collision": "3",
        "first_road_class": "6",
        "first_road_number": "0",
        "junction_control": "-1",
        "junction_detail": "0",
        "junction_detail_historic": "-1",
        "latitude": "53.73269",
        "light_conditions": "1",
        "local_authority_district": "-1",
        "local_authority_highway": "E08000033",
        "local_authority_highway_current": "E08000033",
        "local_authority_ons_district": "E08000033",
        "location_easting_osgr": "401800",
        "location_northing_osgr": "426256",
        "longitude": "-1.97419",
        "lsoa_of_accident_location": "E01010917",
        "number_of_casualties": 1,
        "number_of_vehicles": 1,
        "pedestrian_crossing": "0",
        "pedestrian_crossing_human_control_historic": "-1",
        "pedestrian_crossing_physical_facilities_historic": "-1",
        "police_force": "13",
        "road_surface_conditions": "1",
        "road_type": "6",
        "second_road_class": "6",
        "second_road_number": "0",
        "special_conditions_at_site": "-1",
        "speed_limit": 20,
        "time": "15:12",
        "trunk_road_flag": "2",
        "urban_or_rural_area": "2",
        "weather_conditions": "1",
        "geometry_source": "collision_location",
        "source_year": 2024,
        "date_iso": "2024-09-12"
      }
    },
    {
      "type": "Feature",
      "id": "2024131494391",
      "geometry": {
        "type": "Point",
        "coordinates": [
          -1.84996,
          53.72735
        ]
      },
      "properties": {
        "carriageway_hazards": "0",
        "carriageway_hazards_historic": "-1",
        "collision_adjusted_severity_serious": "1",
        "collision_adjusted_severity_slight": "0",
        "collision_index": "2024131494391",
        "collision_injury_based": "1",
        "collision_ref_no": "131494391",
        "collision_severity": "2",
        "collision_year": 2024,
        "date": "22/09/2024",
        "day_of_week": "1",
        "did_police_officer_attend_scene_of_accident": "1",
        "enhanced_severity_collision": "7",
        "first_road_class": "3",
        "first_road_number": "58",
        "junction_control": "-1",
        "junction_detail": "0",
        "junction_detail_historic": "-1",
        "latitude": "53.72735",
        "light_conditions": "4",
        "local_authority_district": "-1",
        "local_authority_highway": "E08000033",
        "local_authority_highway_current": "E08000033",
        "local_authority_ons_district": "E08000033",
        "location_easting_osgr": "409997",
        "location_northing_osgr": "425672",
        "longitude": "-1.84996",
        "lsoa_of_accident_location": "E01010934",
        "number_of_casualties": 1,
        "number_of_vehicles": 1,
        "pedestrian_crossing": "0",
        "pedestrian_crossing_human_control_historic": "-1",
        "pedestrian_crossing_physical_facilities_historic": "-1",
        "police_force": "13",
        "road_surface_conditions": "1",
        "road_type": "6",
        "second_road_class": "6",
        "second_road_number": "0",
        "special_conditions_at_site": "-1",
        "speed_limit": 40,
        "time": "01:02",
        "trunk_road_flag": "2",
        "urban_or_rural_area": "1",
        "weather_conditions": "1",
        "geometry_source": "collision_location",
        "source_year": 2024,
        "date_iso": "2024-09-22"
      }
    },
    {
      "type": "Feature",
      "id": "2024131413322",
      "geometry": {
        "type": "Point",
        "coordinates": [
          -1.90915,
          53.70993
        ]
      },
      "properties": {
        "carriageway_hazards": "0",
        "carriageway_hazards_historic": "-1",
        "collision_adjusted_severity_serious": "1",
        "collision_adjusted_severity_slight": "0",
        "collision_index": "2024131413322",
        "collision_injury_based": "1",
        "collision_ref_no": "131413322",
        "collision_severity": "2",
        "collision_year": 2024,
        "date": "23/02/2024",
        "day_of_week": "6",
        "did_police_officer_attend_scene_of_accident": "1",
        "enhanced_severity_collision": "6",
        "first_road_class": "3",
        "first_road_number": "6139",
        "junction_control": "4",
        "junction_detail": "18",
        "junction_detail_historic": "-1",
        "latitude": "53.70993",
        "light_conditions": "1",
        "local_authority_district": "-1",
        "local_authority_highway": "E08000033",
        "local_authority_highway_current": "E08000033",
        "local_authority_ons_district": "E08000033",
        "location_easting_osgr": "406094",
        "location_northing_osgr": "423727",
        "longitude": "-1.90915",
        "lsoa_of_accident_location": "E01010979",
        "number_of_casualties": 1,
        "number_of_vehicles": 3,
        "pedestrian_crossing": "13",
        "pedestrian_crossing_human_control_historic": "-1",
        "pedestrian_crossing_physical_facilities_historic": "-1",
        "police_force": "13",
        "road_surface_conditions": "2",
        "road_type": "6",
        "second_road_class": "6",
        "second_road_number": "0",
        "special_conditions_at_site": "-1",
        "speed_limit": 20,
        "time": "11:17",
        "trunk_road_flag": "2",
        "urban_or_rural_area": "1",
        "weather_conditions": "1",
        "geometry_source": "collision_location",
        "source_year": 2024,
        "date_iso": "2024-02-23"
      }
    },
    {
      "type": "Feature",
      "id": "2024131478209",
      "geometry": {
        "type": "Point",
        "coordinates": [
          -1.88171,
          53.72267
        ]
      },
      "properties": {
        "carriageway_hazards": "13",
        "carriageway_hazards_historic": "-1",
        "collision_adjusted_severity_serious": "0",
        "collision_adjusted_severity_slight": "1",
        "collision_index": "2024131478209",
        "collision_injury_based": "1",
        "collision_ref_no": "131478209",
        "collision_severity": "3",
        "collision_year": 2024,
        "date": "10/08/2024",
        "day_of_week": "7",
        "did_police_officer_attend_scene_of_accident": "1",
        "enhanced_severity_collision": "3",
        "first_road_class": "6",
        "first_road_number": "0",
        "junction_control": "2",
        "junction_detail": "16",
        "junction_detail_historic": "-1",
        "latitude": "53.72267",
        "light_conditions": "1",
        "local_authority_district": "-1",
        "local_authority_highway": "E08000033",
        "local_authority_highway_current": "E08000033",
        "local_authority_ons_district": "E08000033",
        "location_easting_osgr": "407903",
        "location_northing_osgr": "425147",
        "longitude": "-1.88171",
        "lsoa_of_accident_location": "E01011001",
        "number_of_casualties": 1,
        "number_of_vehicles": 2,
        "pedestrian_crossing": "0",
        "pedestrian_crossing_human_control_historic": "-1",
        "pedestrian_crossing_physical_facilities_historic": "-1",
        "police_force": "13",
        "road_surface_conditions": "2",
        "road_type": "9",
        "second_road_class": "6",
        "second_road_number": "0",
        "special_conditions_at_site": "-1",
        "speed_limit": 30,
        "time": "12:20",
        "trunk_road_flag": "2",
        "urban_or_rural_area": "1",
        "weather_conditions": "2",
        "geometry_source": "collision_location",
        "source_year": 2024,
        "date_iso": "2024-08-10"
      }
    },
    {
      "type": "Feature",
      "id": "2024131533314",
      "geometry": {
        "type": "Point",
        "coordinates": [
          -1.85,
          53.72591
        ]
      },
      "properties": {
        "carriageway_hazards": "0",
        "carriageway_hazards_historic": "-1",
        "collision_adjusted_severity_serious": "0",
        "collision_adjusted_severity_slight": "1",
        "collision_index": "2024131533314",
        "collision_injury_based": "1",
        "collision_ref_no": "131533314",
        "collision_severity": "3",
        "collision_year": 2024,
        "date": "21/12/2024",
        "day_of_week": "7",
        "did_police_officer_attend_scene_of_accident": "1",
        "enhanced_severity_collision": "3",
        "first_road_class": "6",
        "first_road_number": "0",
        "junction_control": "-1",
        "junction_detail": "0",
        "junction_detail_historic": "-1",
        "latitude": "53.72591",
        "light_conditions": "1",
        "local_authority_district": "-1",
        "local_authority_highway": "E08000033",
        "local_authority_highway_current": "E08000033",
        "local_authority_ons_district": "E08000033",
        "location_easting_osgr": "409995",
        "location_northing_osgr": "425511",
        "longitude": "-1.85",
        "lsoa_of_accident_location": "E01010934",
        "number_of_casualties": 1,
        "number_of_vehicles": 1,
        "pedestrian_crossing": "0",
        "pedestrian_crossing_human_control_historic": "-1",
        "pedestrian_crossing_physical_facilities_historic": "-1",
        "police_force": "13",
        "road_surface_conditions": "2",
        "road_type": "6",
        "second_road_class": "6",
        "second_road_number": "0",
        "special_conditions_at_site": "-1",
        "speed_limit": 30,
        "time": "11:17",
        "trunk_road_flag": "2",
        "urban_or_rural_area": "2",
        "weather_conditions": "5",
        "geometry_source": "collision_location",
        "source_year": 2024,
        "date_iso": "2024-12-21"
      }
    },
    {
      "type": "Feature",
      "id": "2024131519526",
      "geometry": {
        "type": "Point",
        "coordinates": [
          -1.85312,
          53.68706
        ]
      },
      "properties": {
        "carriageway_hazards": "0",
        "carriageway_hazards_historic": "-1",
        "collision_adjusted_severity_serious": "1",
        "collision_adjusted_severity_slight": "0",
        "collision_index": "2024131519526",
        "collision_injury_based": "1",
        "collision_ref_no": "131519526",
        "collision_severity": "2",
        "collision_year": 2024,
        "date": "21/11/2024",
        "day_of_week": "5",
        "did_police_officer_attend_scene_of_accident": "1",
        "enhanced_severity_collision": "5",
        "first_road_class": "4",
        "first_road_number": "6113",
        "junction_control": "-1",
        "junction_detail": "0",
        "junction_detail_historic": "-1",
        "latitude": "53.68706",
        "light_conditions": "1",
        "local_authority_district": "-1",
        "local_authority_highway": "E08000033",
        "local_authority_highway_current": "E08000033",
        "local_authority_ons_district": "E08000033",
        "location_easting_osgr": "409798",
        "location_northing_osgr": "421189",
        "longitude": "-1.85312",
        "lsoa_of_accident_location": "E01010898",
        "number_of_casualties": 1,
        "number_of_vehicles": 1,
        "pedestrian_crossing": "11",
        "pedestrian_crossing_human_control_historic": "-1",
        "pedestrian_crossing_physical_facilities_historic": "-1",
        "police_force": "13",
        "road_surface_conditions": "2",
        "road_type": "6",
        "second_road_class": "6",
        "second_road_number": "0",
        "special_conditions_at_site": "-1",
        "speed_limit": 30,
        "time": "08:43",
        "trunk_road_flag": "2",
        "urban_or_rural_area": "1",
        "weather_conditions": "1",
        "geometry_source": "collision_location",
        "source_year": 2024,
        "date_iso": "2024-11-21"
      }
    },
    {
      "type": "Feature",
      "id": "2024131506994",
      "geometry": {
        "type": "Point",
        "coordinates": [
          -1.94934,
          53.64934
        ]
      },
      "properties": {
        "carriageway_hazards": "0",
        "carriageway_hazards_historic": "-1",
        "collision_adjusted_severity_serious": "0",
        "collision_adjusted_severity_slight": "1",
        "collision_index": "2024131506994",
        "collision_injury_based": "1",
        "collision_ref_no": "131506994",
        "collision_severity": "3",
        "collision_year": 2024,
        "date": "22/10/2024",
        "day_of_week": "3",
        "did_police_officer_attend_scene_of_accident": "1",
        "enhanced_severity_collision": "3",
        "first_road_class": "3",
        "first_road_number": "672",
        "junction_control": "-1",
        "junction_detail": "0",
        "junction_detail_historic": "-1",
        "latitude": "53.64934",
        "light_conditions": "1",
        "local_authority_district": "-1",
        "local_authority_highway": "E08000033",
        "local_authority_highway_current": "E08000033",
        "local_authority_ons_district": "E08000033",
        "location_easting_osgr": "403446",
        "location_northing_osgr": "416983",
        "longitude": "-1.94934",
        "lsoa_of_accident_location": "E01010955",
        "number_of_casualties": 1,
        "number_of_vehicles": 2,
        "pedestrian_crossing": "0",
        "pedestrian_crossing_human_control_historic": "-1",
        "pedestrian_crossing_physical_facilities_historic": "-1",
        "police_force": "13",
        "road_surface_conditions": "2",
        "road_type": "6",
        "second_road_class": "6",
        "second_road_number": "0",
        "special_conditions_at_site": "-1",
        "speed_limit": 40,
        "time": "10:57",
        "trunk_road_flag": "2",
        "urban_or_rural_area": "2",
        "weather_conditions": "1",
        "geometry_source": "collision_location",
        "source_year": 2024,
        "date_iso": "2024-10-22"
      }
    },
    {
      "type": "Feature",
      "id": "2024131401553",
      "geometry": {
        "type": "Point",
        "coordinates": [
          -1.90328,
          53.70856
        ]
      },
      "properties": {
        "carriageway_hazards": "0",
        "carriageway_hazards_historic": "-1",
        "collision_adjusted_severity_serious": "1",
        "collision_adjusted_severity_slight": "0",
        "collision_index": "2024131401553",
        "collision_injury_based": "1",
        "collision_ref_no": "131401553",
        "collision_severity": "2",
        "collision_year": 2024,
        "date": "23/01/2024",
        "day_of_week": "3",
        "did_police_officer_attend_scene_of_accident": "1",
        "enhanced_severity_collision": "7",
        "first_road_class": "6",
        "first_road_number": "0",
        "junction_control": "-1",
        "junction_detail": "0",
        "junction_detail_historic": "-1",
        "latitude": "53.70856",
        "light_conditions": "5",
        "local_authority_district": "-1",
        "local_authority_highway": "E08000033",
        "local_authority_highway_current": "E08000033",
        "local_authority_ons_district": "E08000033",
        "location_easting_osgr": "406482",
        "location_northing_osgr": "423575",
        "longitude": "-1.90328",
        "lsoa_of_accident_location": "E01010981",
        "number_of_casualties": 1,
        "number_of_vehicles": 2,
        "pedestrian_crossing": "0",
        "pedestrian_crossing_human_control_historic": "-1",
        "pedestrian_crossing_physical_facilities_historic": "-1",
        "police_force": "13",
        "road_surface_conditions": "2",
        "road_type": "6",
        "second_road_class": "-1",
        "second_road_number": "-1",
        "special_conditions_at_site": "-1",
        "speed_limit": 30,
        "time": "06:50",
        "trunk_road_flag": "2",
        "urban_or_rural_area": "1",
        "weather_conditions": "1",
        "geometry_source": "collision_location",
        "source_year": 2024,
        "date_iso": "2024-01-23"
      }
    },
    {
      "type": "Feature",
      "id": "2024131412566",
      "geometry": {
        "type": "Point",
        "coordinates": [
          -1.83477,
          53.75548
        ]
      },
      "properties": {
        "carriageway_hazards": "0",
        "carriageway_hazards_historic": "-1",
        "collision_adjusted_severity_serious": "0",
        "collision_adjusted_severity_slight": "1",
        "collision_index": "2024131412566",
        "collision_injury_based": "1",
        "collision_ref_no": "131412566",
        "collision_severity": "3",
        "collision_year": 2024,
        "date": "20/02/2024",
        "day_of_week": "3",
        "did_police_officer_attend_scene_of_accident": "2",
        "enhanced_severity_collision": "3",
        "first_road_class": "3",
        "first_road_number": "644",
        "junction_control": "4",
        "junction_detail": "13",
        "junction_detail_historic": "-1",
        "latitude": "53.75548",
        "light_conditions": "5",
        "local_authority_district": "-1",
        "local_authority_highway": "E08000033",
        "local_authority_highway_current": "E08000033",
        "local_authority_ons_district": "E08000033",
        "location_easting_osgr": "410992",
        "location_northing_osgr": "428803",
        "longitude": "-1.83477",
        "lsoa_of_accident_location": "E01010936",
        "number_of_casualties": 1,
        "number_of_vehicles": 2,
        "pedestrian_crossing": "0",
        "pedestrian_crossing_human_control_historic": "-1",
        "pedestrian_crossing_physical_facilities_historic": "-1",
        "police_force": "13",
        "road_surface_conditions": "2",
        "road_type": "6",
        "second_road_class": "6",
        "second_road_number": "0",
        "special_conditions_at_site": "-1",
        "speed_limit": 30,
        "time": "16:15",
        "trunk_road_flag": "2",
        "urban_or_rural_area": "2",
        "weather_conditions": "5",
        "geometry_source": "collision_location",
        "source_year": 2024,
        "date_iso": "2024-02-20"
      }
    },
    {
      "type": "Feature",
      "id": "2024131420763",
      "geometry": {
        "type": "Point",
        "coordinates": [
          -1.88277,
          53.72912
        ]
      },
      "properties": {
        "carriageway_hazards": "0",
        "carriageway_hazards_historic": "-1",
        "collision_adjusted_severity_serious": "0",
        "collision_adjusted_severity_slight": "1",
        "collision_index": "2024131420763",
        "collision_injury_based": "1",
        "collision_ref_no": "131420763",
        "collision_severity": "3",
        "collision_year": 2024,
        "date": "14/03/2024",
        "day_of_week": "5",
        "did_police_officer_attend_scene_of_accident": "1",
        "enhanced_severity_collision": "3",
        "first_road_class": "6",
        "first_road_number": "0",
        "junction_control": "-1",
        "junction_detail": "0",
        "junction_detail_historic": "-1",
        "latitude": "53.72912",
        "light_conditions": "1",
        "local_authority_district": "-1",
        "local_authority_highway": "E08000033",
        "local_authority_highway_current": "E08000033",
        "local_authority_ons_district": "E08000033",
        "location_easting_osgr": "407832",
        "location_northing_osgr": "425864",
        "longitude": "-1.88277",
        "lsoa_of_accident_location": "E01010964",
        "number_of_casualties": 1,
        "number_of_vehicles": 2,
        "pedestrian_crossing": "0",
        "pedestrian_crossing_human_control_historic": "-1",
        "pedestrian_crossing_physical_facilities_historic": "-1",
        "police_force": "13",
        "road_surface_conditions": "2",
        "road_type": "6",
        "second_road_class": "6",
        "second_road_number": "0",
        "special_conditions_at_site": "-1",
        "speed_limit": 30,
        "time": "14:00",
        "trunk_road_flag": "2",
        "urban_or_rural_area": "1",
        "weather_conditions": "1",
        "geometry_source": "collision_location",
        "source_year": 2024,
        "date_iso": "2024-03-14"
      }
    },
    {
      "type": "Feature",
      "id": "2024131456055",
      "geometry": {
        "type": "Point",
        "coordinates": [
          -1.81494,
          53.72573
        ]
      },
      "properties": {
        "carriageway_hazards": "0",
        "carriageway_hazards_historic": "-1",
        "collision_adjusted_severity_serious": "0",
        "collision_adjusted_severity_slight": "1",
        "collision_index": "2024131456055",
        "collision_injury_based": "1",
        "collision_ref_no": "131456055",
        "collision_severity": "3",
        "collision_year": 2024,
        "date": "14/06/2024",
        "day_of_week": "6",
        "did_police_officer_attend_scene_of_accident": "1",
        "enhanced_severity_collision": "3",
        "first_road_class": "3",
        "first_road_number": "58",
        "junction_control": "4",
        "junction_detail": "13",
        "junction_detail_historic": "-1",
        "latitude": "53.72573",
        "light_conditions": "1",
        "local_authority_district": "-1",
        "local_authority_highway": "E08000033",
        "local_authority_highway_current": "E08000033",
        "local_authority_ons_district": "E08000033",
        "location_easting_osgr": "412308",
        "location_northing_osgr": "425497",
        "longitude": "-1.81494",
        "lsoa_of_accident_location": "E01010909",
        "number_of_casualties": 1,
        "number_of_vehicles": 4,
        "pedestrian_crossing": "0",
        "pedestrian_crossing_human_control_historic": "-1",
        "pedestrian_crossing_physical_facilities_historic": "-1",
        "police_force": "13",
        "road_surface_conditions": "1",
        "road_type": "6",
        "second_road_class": "6",
        "second_road_number": "0",
        "special_conditions_at_site": "-1",
        "speed_limit": 30,
        "time": "09:52",
        "trunk_road_flag": "2",
        "urban_or_rural_area": "1",
        "weather_conditions": "1",
        "geometry_source": "collision_location",
        "source_year": 2024,
        "date_iso": "2024-06-14"
      }
    },
    {
      "type": "Feature",
      "id": "2024131405571",
      "geometry": {
        "type": "Point",
        "coordinates": [
          -1.86463,
          53.69891
        ]
      },
      "properties": {
        "carriageway_hazards": "0",
        "carriageway_hazards_historic": "-1",
        "collision_adjusted_severity_serious": "0",
        "collision_adjusted_severity_slight": "1",
        "collision_index": "2024131405571",
        "collision_injury_based": "1",
        "collision_ref_no": "131405571",
        "collision_severity": "3",
        "collision_year": 2024,
        "date": "02/02/2024",
        "day_of_week": "6",
        "did_police_officer_attend_scene_of_accident": "1",
        "enhanced_severity_collision": "3",
        "first_road_class": "3",
        "first_road_number": "6026",
        "junction_control": "-1",
        "junction_detail": "0",
        "junction_detail_historic": "-1",
        "latitude": "53.69891",
        "light_conditions": "1",
        "local_authority_district": "-1",
        "local_authority_highway": "E08000033",
        "local_authority_highway_current": "E08000033",
        "local_authority_ons_district": "E08000033",
        "location_easting_osgr": "409035",
        "location_northing_osgr": "422505",
        "longitude": "-1.86463",
        "lsoa_of_accident_location": "E01010973",
        "number_of_casualties": 1,
        "number_of_vehicles": 2,
        "pedestrian_crossing": "0",
        "pedestrian_crossing_human_control_historic": "-1",
        "pedestrian_crossing_physical_facilities_historic": "-1",
        "police_force": "13",
        "road_surface_conditions": "1",
        "road_type": "9",
        "second_road_class": "-1",
        "second_road_number": "-1",
        "special_conditions_at_site": "-1",
        "speed_limit": 30,
        "time": "12:15",
        "trunk_road_flag": "2",
        "urban_or_rural_area": "2",
        "weather_conditions": "1",
        "geometry_source": "collision_location",
        "source_year": 2024,
        "date_iso": "2024-02-02"
      }
    },
    {
      "type": "Feature",
      "id": "2024131458993",
      "geometry": {
        "type": "Point",
        "coordinates": [
          -1.79135,
          53.6997
        ]
      },
      "properties": {
        "carriageway_hazards": "0",
        "carriageway_hazards_historic": "-1",
        "collision_adjusted_severity_serious": "1",
        "collision_adjusted_severity_slight": "0",
        "collision_index": "2024131458993",
        "collision_injury_based": "1",
        "collision_ref_no": "131458993",
        "collision_severity": "2",
        "collision_year": 2024,
        "date": "22/06/2024",
        "day_of_week": "7",
        "did_police_officer_attend_scene_of_accident": "2",
        "enhanced_severity_collision": "7",
        "first_road_class": "6",
        "first_road_number": "0",
        "junction_control": "4",
        "junction_detail": "13",
        "junction_detail_historic": "-1",
        "latitude": "53.6997",
        "light_conditions": "1",
        "local_authority_district": "-1",
        "local_authority_highway": "E08000033",
        "local_authority_highway_current": "E08000033",
        "local_authority_ons_district": "E08000033",
        "location_easting_osgr": "413873",
        "location_northing_osgr": "422605",
        "longitude": "-1.79135",
        "lsoa_of_accident_location": "E01010945",
        "number_of_casualties": 1,
        "number_of_vehicles": 1,
        "pedestrian_crossing": "0",
        "pedestrian_crossing_human_control_historic": "-1",
        "pedestrian_crossing_physical_facilities_historic": "-1",
        "police_force": "13",
        "road_surface_conditions": "1",
        "road_type": "6",
        "second_road_class": "6",
        "second_road_number": "0",
        "special_conditions_at_site": "-1",
        "speed_limit": 30,
        "time": "17:45",
        "trunk_road_flag": "2",
        "urban_or_rural_area": "1",
        "weather_conditions": "1",
        "geometry_source": "collision_location",
        "source_year": 2024,
        "date_iso": "2024-06-22"
      }
    },
    {
      "type": "Feature",
      "id": "2024131425395",
      "geometry": {
        "type": "Point",
        "coordinates": [
          -1.85927,
          53.71375
        ]
      },
      "properties": {
        "carriageway_hazards": "0",
        "carriageway_hazards_historic": "-1",
        "collision_adjusted_severity_serious": "1",
        "collision_adjusted_severity_slight": "0",
        "collision_index": "2024131425395",
        "collision_injury_based": "1",
        "collision_ref_no": "131425395",
        "collision_severity": "2",
        "collision_year": 2024,
        "date": "27/03/2024",
        "day_of_week": "4",
        "did_police_officer_attend_scene_of_accident": "1",
        "enhanced_severity_collision": "7",
        "first_road_class": "3",
        "first_road_number": "629",
        "junction_control": "-1",
        "junction_detail": "0",
        "junction_detail_historic": "-1",
        "latitude": "53.71375",
        "light_conditions": "1",
        "local_authority_district": "-1",
        "local_authority_highway": "E08000033",
        "local_authority_highway_current": "E08000033",
        "local_authority_ons_district": "E08000033",
        "location_easting_osgr": "409386",
        "location_northing_osgr": "424157",
        "longitude": "-1.85927",
        "lsoa_of_accident_location": "E01010968",
        "number_of_casualties": 2,
        "number_of_vehicles": 2,
        "pedestrian_crossing": "15",
        "pedestrian_crossing_human_control_historic": "-1",
        "pedestrian_crossing_physical_facilities_historic": "-1",
        "police_force": "13",
        "road_surface_conditions": "2",
        "road_type": "6",
        "second_road_class": "6",
        "second_road_number": "0",
        "special_conditions_at_site": "-1",
        "speed_limit": 30,
        "time": "08:35",
        "trunk_road_flag": "2",
        "urban_or_rural_area": "1",
        "weather_conditions": "1",
        "geometry_source": "collision_location",
        "source_year": 2024,
        "date_iso": "2024-03-27"
      }
    },
    {
      "type": "Feature",
      "id": "2024131408064",
      "geometry": {
        "type": "Point",
        "coordinates": [
          -1.9107,
          53.71458
        ]
      },
      "properties": {
        "carriageway_hazards": "0",
        "carriageway_hazards_historic": "-1",
        "collision_adjusted_severity_serious": "1",
        "collision_adjusted_severity_slight": "0",
        "collision_index": "2024131408064",
        "collision_injury_based": "1",
        "collision_ref_no": "131408064",
        "collision_severity": "2",
        "collision_year": 2024,
        "date": "08/02/2024",
        "day_of_week": "5",
        "did_police_officer_attend_scene_of_accident": "2",
        "enhanced_severity_collision": "7",
        "first_road_class": "3",
        "first_road_number": "646",
        "junction_control": "4",
        "junction_detail": "13",
        "junction_detail_historic": "-1",
        "latitude": "53.71458",
        "light_conditions": "7",
        "local_authority_district": "-1",
        "local_authority_highway": "E08000033",
        "local_authority_highway_current": "E08000033",
        "local_authority_ons_district": "E08000033",
        "location_easting_osgr": "405991",
        "location_northing_osgr": "424244",
        "longitude": "-1.9107",
        "lsoa_of_accident_location": "E01010980",
        "number_of_casualties": 1,
        "number_of_vehicles": 1,
        "pedestrian_crossing": "13",
        "pedestrian_crossing_human_control_historic": "-1",
        "pedestrian_crossing_physical_facilities_historic": "-1",
        "police_force": "13",
        "road_surface_conditions": "3",
        "road_type": "6",
        "second_road_class": "6",
        "second_road_number": "0",
        "special_conditions_at_site": "-1",
        "speed_limit": 30,
        "time": "14:00",
        "trunk_road_flag": "2",
        "urban_or_rural_area": "1",
        "weather_conditions": "3",
        "geometry_source": "collision_location",
        "source_year": 2024,
        "date_iso": "2024-02-08"
      }
    },
    {
      "type": "Feature",
      "id": "2024131422176",
      "geometry": {
        "type": "Point",
        "coordinates": [
          -1.87826,
          53.71079
        ]
      },
      "properties": {
        "carriageway_hazards": "0",
        "carriageway_hazards_historic": "-1",
        "collision_adjusted_severity_serious": "1",
        "collision_adjusted_severity_slight": "0",
        "collision_index": "2024131422176",
        "collision_injury_based": "1",
        "collision_ref_no": "131422176",
        "collision_severity": "2",
        "collision_year": 2024,
        "date": "18/03/2024",
        "day_of_week": "2",
        "did_police_officer_attend_scene_of_accident": "1",
        "enhanced_severity_collision": "6",
        "first_road_class": "3",
        "first_road_number": "646",
        "junction_control": "-1",
        "junction_detail": "0",
        "junction_detail_historic": "-1",
        "latitude": "53.71079",
        "light_conditions": "1",
        "local_authority_district": "-1",
        "local_authority_highway": "E08000033",
        "local_authority_highway_current": "E08000033",
        "local_authority_ons_district": "E08000033",
        "location_easting_osgr": "408133",
        "location_northing_osgr": "423826",
        "longitude": "-1.87826",
        "lsoa_of_accident_location": "E01010970",
        "number_of_casualties": 5,
        "number_of_vehicles": 3,
        "pedestrian_crossing": "0",
        "pedestrian_crossing_human_control_historic": "-1",
        "pedestrian_crossing_physical_facilities_historic": "-1",
        "police_force": "13",
        "road_surface_conditions": "1",
        "road_type": "6",
        "second_road_class": "6",
        "second_road_number": "0",
        "special_conditions_at_site": "-1",
        "speed_limit": 30,
        "time": "17:35",
        "trunk_road_flag": "2",
        "urban_or_rural_area": "1",
        "weather_conditions": "1",
        "geometry_source": "collision_location",
        "source_year": 2024,
        "date_iso": "2024-03-18"
      }
    },
    {
      "type": "Feature",
      "id": "2024131395645",
      "geometry": {
        "type": "Point",
        "coordinates": [
          -1.78418,
          53.70644
        ]
      },
      "properties": {
        "carriageway_hazards": "0",
        "carriageway_hazards_historic": "-1",
        "collision_adjusted_severity_serious": "1",
        "collision_adjusted_severity_slight": "0",
        "collision_index": "2024131395645",
        "collision_injury_based": "1",
        "collision_ref_no": "131395645",
        "collision_severity": "2",
        "collision_year": 2024,
        "date": "07/01/2024",
        "day_of_week": "1",
        "did_police_officer_attend_scene_of_accident": "1",
        "enhanced_severity_collision": "5",
        "first_road_class": "6",
        "first_road_number": "0",
        "junction_control": "-1",
        "junction_detail": "0",
        "junction_detail_historic": "-1",
        "latitude": "53.70644",
        "light_conditions": "1",
        "local_authority_district": "-1",
        "local_authority_highway": "E08000033",
        "local_authority_highway_current": "E08000033",
        "local_authority_ons_district": "E08000033",
        "location_easting_osgr": "414344",
        "location_northing_osgr": "423356",
        "longitude": "-1.78418",
        "lsoa_of_accident_location": "E01010949",
        "number_of_casualties": 1,
        "number_of_vehicles": 2,
        "pedestrian_crossing": "0",
        "pedestrian_crossing_human_control_historic": "-1",
        "pedestrian_crossing_physical_facilities_historic": "-1",
        "police_force": "13",
        "road_surface_conditions": "2",
        "road_type": "6",
        "second_road_class": "6",
        "second_road_number": "0",
        "special_conditions_at_site": "-1",
        "speed_limit": 20,
        "time": "13:42",
        "trunk_road_flag": "2",
        "urban_or_rural_area": "1",
        "weather_conditions": "1",
        "geometry_source": "collision_location",
        "source_year": 2024,
        "date_iso": "2024-01-07"
      }
    },
    {
      "type": "Feature",
      "id": "2024131408008",
      "geometry": {
        "type": "Point",
        "coordinates": [
          -1.88647,
          53.72245
        ]
      },
      "properties": {
        "carriageway_hazards": "0",
        "carriageway_hazards_historic": "-1",
        "collision_adjusted_severity_serious": "0",
        "collision_adjusted_severity_slight": "1",
        "collision_index": "2024131408008",
        "collision_injury_based": "1",
        "collision_ref_no": "131408008",
        "collision_severity": "3",
        "collision_year": 2024,
        "date": "08/02/2024",
        "day_of_week": "5",
        "did_police_officer_attend_scene_of_accident": "2",
        "enhanced_severity_collision": "3",
        "first_road_class": "6",
        "first_road_number": "0",
        "junction_control": "4",
        "junction_detail": "16",
        "junction_detail_historic": "-1",
        "latitude": "53.72245",
        "light_conditions": "1",
        "local_authority_district": "-1",
        "local_authority_highway": "E08000033",
        "local_authority_highway_current": "E08000033",
        "local_authority_ons_district": "E08000033",
        "location_easting_osgr": "407589",
        "location_northing_osgr": "425122",
        "longitude": "-1.88647",
        "lsoa_of_accident_location": "E01011001",
        "number_of_casualties": 1,
        "number_of_vehicles": 2,
        "pedestrian_crossing": "0",
        "pedestrian_crossing_human_control_historic": "-1",
        "pedestrian_crossing_physical_facilities_historic": "-1",
        "police_force": "13",
        "road_surface_conditions": "3",
        "road_type": "6",
        "second_road_class": "6",
        "second_road_number": "0",
        "special_conditions_at_site": "-1",
        "speed_limit": 30,
        "time": "12:10",
        "trunk_road_flag": "2",
        "urban_or_rural_area": "1",
        "weather_conditions": "3",
        "geometry_source": "collision_location",
        "source_year": 2024,
        "date_iso": "2024-02-08"
      }
    },
    {
      "type": "Feature",
      "id": "2024131426961",
      "geometry": {
        "type": "Point",
        "coordinates": [
          -1.90173,
          53.71073
        ]
      },
      "properties": {
        "carriageway_hazards": "0",
        "carriageway_hazards_historic": "-1",
        "collision_adjusted_severity_serious": "1",
        "collision_adjusted_severity_slight": "0",
        "collision_index": "2024131426961",
        "collision_injury_based": "1",
        "collision_ref_no": "131426961",
        "collision_severity": "2",
        "collision_year": 2024,
        "date": "01/04/2024",
        "day_of_week": "2",
        "did_police_officer_attend_scene_of_accident": "1",
        "enhanced_severity_collision": "7",
        "first_road_class": "3",
        "first_road_number": "58",
        "junction_control": "2",
        "junction_detail": "16",
        "junction_detail_historic": "-1",
        "latitude": "53.71073",
        "light_conditions": "1",
        "local_authority_district": "-1",
        "local_authority_highway": "E08000033",
        "local_authority_highway_current": "E08000033",
        "local_authority_ons_district": "E08000033",
        "location_easting_osgr": "406584",
        "location_northing_osgr": "423816",
        "longitude": "-1.90173",
        "lsoa_of_accident_location": "E01010981",
        "number_of_casualties": 2,
        "number_of_vehicles": 2,
        "pedestrian_crossing": "0",
        "pedestrian_crossing_human_control_historic": "-1",
        "pedestrian_crossing_physical_facilities_historic": "-1",
        "police_force": "13",
        "road_surface_conditions": "2",
        "road_type": "6",
        "second_road_class": "3",
        "second_road_number": "6026",
        "special_conditions_at_site": "-1",
        "speed_limit": 20,
        "time": "16:05",
        "trunk_road_flag": "2",
        "urban_or_rural_area": "1",
        "weather_conditions": "1",
        "geometry_source": "collision_location",
        "source_year": 2024,
        "date_iso": "2024-04-01"
      }
    },
    {
      "type": "Feature",
      "id": "2024131395269",
      "geometry": {
        "type": "Point",
        "coordinates": [
          -1.82092,
          53.74616
        ]
      },
      "properties": {
        "carriageway_hazards": "0",
        "carriageway_hazards_historic": "-1",
        "collision_adjusted_severity_serious": "1",
        "collision_adjusted_severity_slight": "0",
        "collision_index": "2024131395269",
        "collision_injury_based": "1",
        "collision_ref_no": "131395269",
        "collision_severity": "2",
        "collision_year": 2024,
        "date": "05/01/2024",
        "day_of_week": "6",
        "did_police_officer_attend_scene_of_accident": "1",
        "enhanced_severity_collision": "7",
        "first_road_class": "3",
        "first_road_number": "644",
        "junction_control": "4",
        "junction_detail": "13",
        "junction_detail_historic": "-1",
        "latitude": "53.74616",
        "light_conditions": "4",
        "local_authority_district": "-1",
        "local_authority_highway": "E08000033",
        "local_authority_highway_current": "E08000033",
        "local_authority_ons_district": "E08000033",
        "location_easting_osgr": "411908",
        "location_northing_osgr": "427769",
        "longitude": "-1.82092",
        "lsoa_of_accident_location": "E01010933",
        "number_of_casualties": 1,
        "number_of_vehicles": 1,
        "pedestrian_crossing": "0",
        "pedestrian_crossing_human_control_historic": "-1",
        "pedestrian_crossing_physical_facilities_historic": "-1",
        "police_force": "13",
        "road_surface_conditions": "2",
        "road_type": "6",
        "second_road_class": "6",
        "second_road_number": "0",
        "special_conditions_at_site": "-1",
        "speed_limit": 30,
        "time": "18:10",
        "trunk_road_flag": "2",
        "urban_or_rural_area": "1",
        "weather_conditions": "1",
        "geometry_source": "collision_location",
        "source_year": 2024,
        "date_iso": "2024-01-05"
      }
    },
    {
      "type": "Feature",
      "id": "2024131429585",
      "geometry": {
        "type": "Point",
        "coordinates": [
          -1.89564,
          53.76425
        ]
      },
      "properties": {
        "carriageway_hazards": "0",
        "carriageway_hazards_historic": "-1",
        "collision_adjusted_severity_serious": "0",
        "collision_adjusted_severity_slight": "1",
        "collision_index": "2024131429585",
        "collision_injury_based": "1",
        "collision_ref_no": "131429585",
        "collision_severity": "3",
        "collision_year": 2024,
        "date": "08/04/2024",
        "day_of_week": "2",
        "did_police_officer_attend_scene_of_accident": "1",
        "enhanced_severity_collision": "3",
        "first_road_class": "3",
        "first_road_number": "629",
        "junction_control": "4",
        "junction_detail": "16",
        "junction_detail_historic": "-1",
        "latitude": "53.76425",
        "light_conditions": "1",
        "local_authority_district": "-1",
        "local_authority_highway": "E08000033",
        "local_authority_highway_current": "E08000033",
        "local_authority_ons_district": "E08000033",
        "location_easting_osgr": "406977",
        "location_northing_osgr": "429772",
        "longitude": "-1.89564",
        "lsoa_of_accident_location": "E01010911",
        "number_of_casualties": 2,
        "number_of_vehicles": 3,
        "pedestrian_crossing": "0",
        "pedestrian_crossing_human_control_historic": "-1",
        "pedestrian_crossing_physical_facilities_historic": "-1",
        "police_force": "13",
        "road_surface_conditions": "2",
        "road_type": "6",
        "second_road_class": "6",
        "second_road_number": "0",
        "special_conditions_at_site": "-1",
        "speed_limit": 50,
        "time": "15:00",
        "trunk_road_flag": "2",
        "urban_or_rural_area": "2",
        "weather_conditions": "2",
        "geometry_source": "collision_location",
        "source_year": 2024,
        "date_iso": "2024-04-08"
      }
    },
    {
      "type": "Feature",
      "id": "2024131470937",
      "geometry": {
        "type": "Point",
        "coordinates": [
          -1.85966,
          53.72725
        ]
      },
      "properties": {
        "carriageway_hazards": "0",
        "carriageway_hazards_historic": "-1",
        "collision_adjusted_severity_serious": "0",
        "collision_adjusted_severity_slight": "1",
        "collision_index": "2024131470937",
        "collision_injury_based": "1",
        "collision_ref_no": "131470937",
        "collision_severity": "3",
        "collision_year": 2024,
        "date": "22/07/2024",
        "day_of_week": "2",
        "did_police_officer_attend_scene_of_accident": "1",
        "enhanced_severity_collision": "3",
        "first_road_class": "6",
        "first_road_number": "0",
        "junction_control": "-1",
        "junction_detail": "0",
        "junction_detail_historic": "-1",
        "latitude": "53.72725",
        "light_conditions": "4",
        "local_authority_district": "-1",
        "local_authority_highway": "E08000033",
        "local_authority_highway_current": "E08000033",
        "local_authority_ons_district": "E08000033",
        "location_easting_osgr": "409357",
        "location_northing_osgr": "425659",
        "longitude": "-1.85966",
        "lsoa_of_accident_location": "E01032923",
        "number_of_casualties": 1,
        "number_of_vehicles": 2,
        "pedestrian_crossing": "0",
        "pedestrian_crossing_human_control_historic": "-1",
        "pedestrian_crossing_physical_facilities_historic": "-1",
        "police_force": "13",
        "road_surface_conditions": "1",
        "road_type": "6",
        "second_road_class": "-1",
        "second_road_number": "-1",
        "special_conditions_at_site": "-1",
        "speed_limit": 30,
        "time": "05:30",
        "trunk_road_flag": "2",
        "urban_or_rural_area": "1",
        "weather_conditions": "1",
        "geometry_source": "collision_location",
        "source_year": 2024,
        "date_iso": "2024-07-22"
      }
    },
    {
      "type": "Feature",
      "id": "2024131466544",
      "geometry": {
        "type": "Point",
        "coordinates": [
          -1.87723,
          53.74177
        ]
      },
      "properties": {
        "carriageway_hazards": "0",
        "carriageway_hazards_historic": "-1",
        "collision_adjusted_severity_serious": "0",
        "collision_adjusted_severity_slight": "1",
        "collision_index": "2024131466544",
        "collision_injury_based": "1",
        "collision_ref_no": "131466544",
        "collision_severity": "3",
        "collision_year": 2024,
        "date": "11/07/2024",
        "day_of_week": "5",
        "did_police_officer_attend_scene_of_accident": "1",
        "enhanced_severity_collision": "3",
        "first_road_class": "3",
        "first_road_number": "629",
        "junction_control": "-1",
        "junction_detail": "0",
        "junction_detail_historic": "-1",
        "latitude": "53.74177",
        "light_conditions": "1",
        "local_authority_district": "-1",
        "local_authority_highway": "E08000033",
        "local_authority_highway_current": "E08000033",
        "local_authority_ons_district": "E08000033",
        "location_easting_osgr": "408195",
        "location_northing_osgr": "427272",
        "longitude": "-1.87723",
        "lsoa_of_accident_location": "E01010940",
        "number_of_casualties": 1,
        "number_of_vehicles": 3,
        "pedestrian_crossing": "17",
        "pedestrian_crossing_human_control_historic": "-1",
        "pedestrian_crossing_physical_facilities_historic": "-1",
        "police_force": "13",
        "road_surface_conditions": "1",
        "road_type": "6",
        "second_road_class": "6",
        "second_road_number": "0",
        "special_conditions_at_site": "-1",
        "speed_limit": 30,
        "time": "16:35",
        "trunk_road_flag": "2",
        "urban_or_rural_area": "1",
        "weather_conditions": "1",
        "geometry_source": "collision_location",
        "source_year": 2024,
        "date_iso": "2024-07-11"
      }
    },
    {
      "type": "Feature",
      "id": "2024131504477",
      "geometry": {
        "type": "Point",
        "coordinates": [
          -1.83246,
          53.68805
        ]
      },
      "properties": {
        "carriageway_hazards": "0",
        "carriageway_hazards_historic": "-1",
        "collision_adjusted_severity_serious": "0",
        "collision_adjusted_severity_slight": "1",
        "collision_index": "2024131504477",
        "collision_injury_based": "1",
        "collision_ref_no": "131504477",
        "collision_severity": "3",
        "collision_year": 2024,
        "date": "15/10/2024",
        "day_of_week": "3",
        "did_police_officer_attend_scene_of_accident": "1",
        "enhanced_severity_collision": "3",
        "first_road_class": "6",
        "first_road_number": "0",
        "junction_control": "-1",
        "junction_detail": "0",
        "junction_detail_historic": "-1",
        "latitude": "53.68805",
        "light_conditions": "1",
        "local_authority_district": "-1",
        "local_authority_highway": "E08000033",
        "local_authority_highway_current": "E08000033",
        "local_authority_ons_district": "E08000033",
        "location_easting_osgr": "411162",
        "location_northing_osgr": "421302",
        "longitude": "-1.83246",
        "lsoa_of_accident_location": "E01010890",
        "number_of_casualties": 2,
        "number_of_vehicles": 2,
        "pedestrian_crossing": "0",
        "pedestrian_crossing_human_control_historic": "-1",
        "pedestrian_crossing_physical_facilities_historic": "-1",
        "police_force": "13",
        "road_surface_conditions": "2",
        "road_type": "6",
        "second_road_class": "-1",
        "second_road_number": "-1",
        "special_conditions_at_site": "-1",
        "speed_limit": 30,
        "time": "14:50",
        "trunk_road_flag": "2",
        "urban_or_rural_area": "1",
        "weather_conditions": "1",
        "geometry_source": "collision_location",
        "source_year": 2024,
        "date_iso": "2024-10-15"
      }
    },
    {
      "type": "Feature",
      "id": "2024131482020",
      "geometry": {
        "type": "Point",
        "coordinates": [
          -1.88148,
          53.65923
        ]
      },
      "properties": {
        "carriageway_hazards": "0",
        "carriageway_hazards_historic": "-1",
        "collision_adjusted_severity_serious": "1",
        "collision_adjusted_severity_slight": "0",
        "collision_index": "2024131482020",
        "collision_injury_based": "1",
        "collision_ref_no": "131482020",
        "collision_severity": "2",
        "collision_year": 2024,
        "date": "20/08/2024",
        "day_of_week": "3",
        "did_police_officer_attend_scene_of_accident": "1",
        "enhanced_severity_collision": "6",
        "first_road_class": "4",
        "first_road_number": "6112",
        "junction_control": "-1",
        "junction_detail": "0",
        "junction_detail_historic": "-1",
        "latitude": "53.65923",
        "light_conditions": "4",
        "local_authority_district": "-1",
        "local_authority_highway": "E08000033",
        "local_authority_highway_current": "E08000033",
        "local_authority_ons_district": "E08000033",
        "location_easting_osgr": "407930",
        "location_northing_osgr": "418089",
        "longitude": "-1.88148",
        "lsoa_of_accident_location": "E01010896",
        "number_of_casualties": 1,
        "number_of_vehicles": 2,
        "pedestrian_crossing": "0",
        "pedestrian_crossing_human_control_historic": "-1",
        "pedestrian_crossing_physical_facilities_historic": "-1",
        "police_force": "13",
        "road_surface_conditions": "2",
        "road_type": "6",
        "second_road_class": "6",
        "second_road_number": "0",
        "special_conditions_at_site": "-1",
        "speed_limit": 30,
        "time": "21:23",
        "trunk_road_flag": "2",
        "urban_or_rural_area": "2",
        "weather_conditions": "2",
        "geometry_source": "collision_location",
        "source_year": 2024,
        "date_iso": "2024-08-20"
      }
    },
    {
      "type": "Feature",
      "id": "2024131485196",
      "geometry": {
        "type": "Point",
        "coordinates": [
          -1.88314,
          53.71408
        ]
      },
      "properties": {
        "carriageway_hazards": "0",
        "carriageway_hazards_historic": "-1",
        "collision_adjusted_severity_serious": "1",
        "collision_adjusted_severity_slight": "0",
        "collision_index": "2024131485196",
        "collision_injury_based": "1",
        "collision_ref_no": "131485196",
        "collision_severity": "2",
        "collision_year": 2024,
        "date": "29/08/2024",
        "day_of_week": "5",
        "did_police_officer_attend_scene_of_accident": "1",
        "enhanced_severity_collision": "6",
        "first_road_class": "3",
        "first_road_number": "58",
        "junction_control": "2",
        "junction_detail": "16",
        "junction_detail_historic": "-1",
        "latitude": "53.71408",
        "light_conditions": "1",
        "local_authority_district": "-1",
        "local_authority_highway": "E08000033",
        "local_authority_highway_current": "E08000033",
        "local_authority_ons_district": "E08000033",
        "location_easting_osgr": "407810",
        "location_northing_osgr": "424191",
        "longitude": "-1.88314",
        "lsoa_of_accident_location": "E01010970",
        "number_of_casualties": 1,
        "number_of_vehicles": 2,
        "pedestrian_crossing": "0",
        "pedestrian_crossing_human_control_historic": "-1",
        "pedestrian_crossing_physical_facilities_historic": "-1",
        "police_force": "13",
        "road_surface_conditions": "1",
        "road_type": "6",
        "second_road_class": "3",
        "second_road_number": "646",
        "special_conditions_at_site": "-1",
        "speed_limit": 30,
        "time": "18:20",
        "trunk_road_flag": "2",
        "urban_or_rural_area": "1",
        "weather_conditions": "1",
        "geometry_source": "collision_location",
        "source_year": 2024,
        "date_iso": "2024-08-29"
      }
    },
    {
      "type": "Feature",
      "id": "2024131508915",
      "geometry": {
        "type": "Point",
        "coordinates": [
          -1.88509,
          53.71744
        ]
      },
      "properties": {
        "carriageway_hazards": "0",
        "carriageway_hazards_historic": "-1",
        "collision_adjusted_severity_serious": "0",
        "collision_adjusted_severity_slight": "1",
        "collision_index": "2024131508915",
        "collision_injury_based": "1",
        "collision_ref_no": "131508915",
        "collision_severity": "3",
        "collision_year": 2024,
        "date": "25/10/2024",
        "day_of_week": "6",
        "did_police_officer_attend_scene_of_accident": "2",
        "enhanced_severity_collision": "3",
        "first_road_class": "6",
        "first_road_number": "0",
        "junction_control": "-1",
        "junction_detail": "13",
        "junction_detail_historic": "-1",
        "latitude": "53.71744",
        "light_conditions": "1",
        "local_authority_district": "-1",
        "local_authority_highway": "E08000033",
        "local_authority_highway_current": "E08000033",
        "local_authority_ons_district": "E08000033",
        "location_easting_osgr": "407681",
        "location_northing_osgr": "424565",
        "longitude": "-1.88509",
        "lsoa_of_accident_location": "E01011003",
        "number_of_casualties": 1,
        "number_of_vehicles": 1,
        "pedestrian_crossing": "0",
        "pedestrian_crossing_human_control_historic": "-1",
        "pedestrian_crossing_physical_facilities_historic": "-1",
        "police_force": "13",
        "road_surface_conditions": "1",
        "road_type": "6",
        "second_road_class": "6",
        "second_road_number": "0",
        "special_conditions_at_site": "-1",
        "speed_limit": 20,
        "time": "09:27",
        "trunk_road_flag": "2",
        "urban_or_rural_area": "1",
        "weather_conditions": "1",
        "geometry_source": "collision_location",
        "source_year": 2024,
        "date_iso": "2024-10-25"
      }
    },
    {
      "type": "Feature",
      "id": "2024131415228",
      "geometry": {
        "type": "Point",
        "coordinates": [
          -1.84977,
          53.72573
        ]
      },
      "properties": {
        "carriageway_hazards": "0",
        "carriageway_hazards_historic": "-1",
        "collision_adjusted_severity_serious": "0",
        "collision_adjusted_severity_slight": "1",
        "collision_index": "2024131415228",
        "collision_injury_based": "1",
        "collision_ref_no": "131415228",
        "collision_severity": "3",
        "collision_year": 2024,
        "date": "28/02/2024",
        "day_of_week": "4",
        "did_police_officer_attend_scene_of_accident": "1",
        "enhanced_severity_collision": "3",
        "first_road_class": "6",
        "first_road_number": "0",
        "junction_control": "4",
        "junction_detail": "13",
        "junction_detail_historic": "-1",
        "latitude": "53.72573",
        "light_conditions": "4",
        "local_authority_district": "-1",
        "local_authority_highway": "E08000033",
        "local_authority_highway_current": "E08000033",
        "local_authority_ons_district": "E08000033",
        "location_easting_osgr": "410010",
        "location_northing_osgr": "425491",
        "longitude": "-1.84977",
        "lsoa_of_accident_location": "E01010934",
        "number_of_casualties": 2,
        "number_of_vehicles": 2,
        "pedestrian_crossing": "0",
        "pedestrian_crossing_human_control_historic": "-1",
        "pedestrian_crossing_physical_facilities_historic": "-1",
        "police_force": "13",
        "road_surface_conditions": "2",
        "road_type": "6",
        "second_road_class": "6",
        "second_road_number": "0",
        "special_conditions_at_site": "-1",
        "speed_limit": 30,
        "time": "17:14",
        "trunk_road_flag": "2",
        "urban_or_rural_area": "2",
        "weather_conditions": "2",
        "geometry_source": "collision_location",
        "source_year": 2024,
        "date_iso": "2024-02-28"
      }
    },
    {
      "type": "Feature",
      "id": "2024131419518",
      "geometry": {
        "type": "Point",
        "coordinates": [
          -1.8932,
          53.73544
        ]
      },
      "properties": {
        "carriageway_hazards": "0",
        "carriageway_hazards_historic": "-1",
        "collision_adjusted_severity_serious": "0",
        "collision_adjusted_severity_slight": "1",
        "collision_index": "2024131419518",
        "collision_injury_based": "1",
        "collision_ref_no": "131419518",
        "collision_severity": "3",
        "collision_year": 2024,
        "date": "11/03/2024",
        "day_of_week": "2",
        "did_police_officer_attend_scene_of_accident": "1",
        "enhanced_severity_collision": "3",
        "first_road_class": "6",
        "first_road_number": "0",
        "junction_control": "-1",
        "junction_detail": "0",
        "junction_detail_historic": "-1",
        "latitude": "53.73544",
        "light_conditions": "1",
        "local_authority_district": "-1",
        "local_authority_highway": "E08000033",
        "local_authority_highway_current": "E08000033",
        "local_authority_ons_district": "E08000033",
        "location_easting_osgr": "407143",
        "location_northing_osgr": "426566",
        "longitude": "-1.8932",
        "lsoa_of_accident_location": "E01010939",
        "number_of_casualties": 1,
        "number_of_vehicles": 1,
        "pedestrian_crossing": "0",
        "pedestrian_crossing_human_control_historic": "-1",
        "pedestrian_crossing_physical_facilities_historic": "-1",
        "police_force": "13",
        "road_surface_conditions": "1",
        "road_type": "6",
        "second_road_class": "6",
        "second_road_number": "0",
        "special_conditions_at_site": "-1",
        "speed_limit": 30,
        "time": "16:41",
        "trunk_road_flag": "2",
        "urban_or_rural_area": "1",
        "weather_conditions": "1",
        "geometry_source": "collision_location",
        "source_year": 2024,
        "date_iso": "2024-03-11"
      }
    },
    {
      "type": "Feature",
      "id": "2024131408301",
      "geometry": {
        "type": "Point",
        "coordinates": [
          -1.9429,
          53.67378
        ]
      },
      "properties": {
        "carriageway_hazards": "0",
        "carriageway_hazards_historic": "-1",
        "collision_adjusted_severity_serious": "1",
        "collision_adjusted_severity_slight": "0",
        "collision_index": "2024131408301",
        "collision_injury_based": "1",
        "collision_ref_no": "131408301",
        "collision_severity": "2",
        "collision_year": 2024,
        "date": "10/02/2024",
        "day_of_week": "7",
        "did_police_officer_attend_scene_of_accident": "1",
        "enhanced_severity_collision": "7",
        "first_road_class": "3",
        "first_road_number": "672",
        "junction_control": "-1",
        "junction_detail": "0",
        "junction_detail_historic": "-1",
        "latitude": "53.67378",
        "light_conditions": "4",
        "local_authority_district": "-1",
        "local_authority_highway": "E08000033",
        "local_authority_highway_current": "E08000033",
        "local_authority_ons_district": "E08000033",
        "location_easting_osgr": "403870",
        "location_northing_osgr": "419703",
        "longitude": "-1.9429",
        "lsoa_of_accident_location": "E01010952",
        "number_of_casualties": 1,
        "number_of_vehicles": 2,
        "pedestrian_crossing": "0",
        "pedestrian_crossing_human_control_historic": "-1",
        "pedestrian_crossing_physical_facilities_historic": "-1",
        "police_force": "13",
        "road_surface_conditions": "2",
        "road_type": "6",
        "second_road_class": "6",
        "second_road_number": "0",
        "special_conditions_at_site": "-1",
        "speed_limit": 30,
        "time": "03:57",
        "trunk_road_flag": "2",
        "urban_or_rural_area": "2",
        "weather_conditions": "1",
        "geometry_source": "collision_location",
        "source_year": 2024,
        "date_iso": "2024-02-10"
      }
    },
    {
      "type": "Feature",
      "id": "2024131503604",
      "geometry": {
        "type": "Point",
        "coordinates": [
          -1.82928,
          53.68412
        ]
      },
      "properties": {
        "carriageway_hazards": "0",
        "carriageway_hazards_historic": "-1",
        "collision_adjusted_severity_serious": "0",
        "collision_adjusted_severity_slight": "1",
        "collision_index": "2024131503604",
        "collision_injury_based": "1",
        "collision_ref_no": "131503604",
        "collision_severity": "3",
        "collision_year": 2024,
        "date": "04/10/2024",
        "day_of_week": "6",
        "did_police_officer_attend_scene_of_accident": "2",
        "enhanced_severity_collision": "3",
        "first_road_class": "4",
        "first_road_number": "6114",
        "junction_control": "4",
        "junction_detail": "13",
        "junction_detail_historic": "-1",
        "latitude": "53.68412",
        "light_conditions": "1",
        "local_authority_district": "-1",
        "local_authority_highway": "E08000033",
        "local_authority_highway_current": "E08000033",
        "local_authority_ons_district": "E08000033",
        "location_easting_osgr": "411373",
        "location_northing_osgr": "420865",
        "longitude": "-1.82928",
        "lsoa_of_accident_location": "E01010892",
        "number_of_casualties": 1,
        "number_of_vehicles": 1,
        "pedestrian_crossing": "0",
        "pedestrian_crossing_human_control_historic": "-1",
        "pedestrian_crossing_physical_facilities_historic": "-1",
        "police_force": "13",
        "road_surface_conditions": "1",
        "road_type": "9",
        "second_road_class": "6",
        "second_road_number": "0",
        "special_conditions_at_site": "-1",
        "speed_limit": 30,
        "time": "11:30",
        "trunk_road_flag": "2",
        "urban_or_rural_area": "1",
        "weather_conditions": "9",
        "geometry_source": "collision_location",
        "source_year": 2024,
        "date_iso": "2024-10-04"
      }
    },
    {
      "type": "Feature",
      "id": "2024131510095",
      "geometry": {
        "type": "Point",
        "coordinates": [
          -1.91424,
          53.70629
        ]
      },
      "properties": {
        "carriageway_hazards": "0",
        "carriageway_hazards_historic": "-1",
        "collision_adjusted_severity_serious": "0",
        "collision_adjusted_severity_slight": "1",
        "collision_index": "2024131510095",
        "collision_injury_based": "1",
        "collision_ref_no": "131510095",
        "collision_severity": "3",
        "collision_year": 2024,
        "date": "26/10/2024",
        "day_of_week": "7",
        "did_police_officer_attend_scene_of_accident": "2",
        "enhanced_severity_collision": "3",
        "first_road_class": "3",
        "first_road_number": "58",
        "junction_control": "4",
        "junction_detail": "19",
        "junction_detail_historic": "-1",
        "latitude": "53.70629",
        "light_conditions": "7",
        "local_authority_district": "-1",
        "local_authority_highway": "E08000033",
        "local_authority_highway_current": "E08000033",
        "local_authority_ons_district": "E08000033",
        "location_easting_osgr": "405759",
        "location_northing_osgr": "423321",
        "longitude": "-1.91424",
        "lsoa_of_accident_location": "E01010979",
        "number_of_casualties": 1,
        "number_of_vehicles": 2,
        "pedestrian_crossing": "0",
        "pedestrian_crossing_human_control_historic": "-1",
        "pedestrian_crossing_physical_facilities_historic": "-1",
        "police_force": "13",
        "road_surface_conditions": "1",
        "road_type": "6",
        "second_road_class": "6",
        "second_road_number": "0",
        "special_conditions_at_site": "-1",
        "speed_limit": 30,
        "time": "19:00",
        "trunk_road_flag": "2",
        "urban_or_rural_area": "1",
        "weather_conditions": "9",
        "geometry_source": "collision_location",
        "source_year": 2024,
        "date_iso": "2024-10-26"
      }
    },
    {
      "type": "Feature",
      "id": "2024131504648",
      "geometry": {
        "type": "Point",
        "coordinates": [
          -1.78452,
          53.69625
        ]
      },
      "properties": {
        "carriageway_hazards": "0",
        "carriageway_hazards_historic": "-1",
        "collision_adjusted_severity_serious": "0",
        "collision_adjusted_severity_slight": "1",
        "collision_index": "2024131504648",
        "collision_injury_based": "1",
        "collision_ref_no": "131504648",
        "collision_severity": "3",
        "collision_year": 2024,
        "date": "16/10/2024",
        "day_of_week": "4",
        "did_police_officer_attend_scene_of_accident": "1",
        "enhanced_severity_collision": "3",
        "first_road_class": "6",
        "first_road_number": "0",
        "junction_control": "4",
        "junction_detail": "19",
        "junction_detail_historic": "-1",
        "latitude": "53.69625",
        "light_conditions": "1",
        "local_authority_district": "-1",
        "local_authority_highway": "E08000033",
        "local_authority_highway_current": "E08000033",
        "local_authority_ons_district": "E08000033",
        "location_easting_osgr": "414325",
        "location_northing_osgr": "422223",
        "longitude": "-1.78452",
        "lsoa_of_accident_location": "E01010951",
        "number_of_casualties": 1,
        "number_of_vehicles": 3,
        "pedestrian_crossing": "0",
        "pedestrian_crossing_human_control_historic": "-1",
        "pedestrian_crossing_physical_facilities_historic": "-1",
        "police_force": "13",
        "road_surface_conditions": "2",
        "road_type": "6",
        "second_road_class": "6",
        "second_road_number": "0",
        "special_conditions_at_site": "-1",
        "speed_limit": 20,
        "time": "16:17",
        "trunk_road_flag": "2",
        "urban_or_rural_area": "1",
        "weather_conditions": "1",
        "geometry_source": "collision_location",
        "source_year": 2024,
        "date_iso": "2024-10-16"
      }
    },
    {
      "type": "Feature",
      "id": "2024131482343",
      "geometry": {
        "type": "Point",
        "coordinates": [
          -1.79851,
          53.71328
        ]
      },
      "properties": {
        "carriageway_hazards": "0",
        "carriageway_hazards_historic": "-1",
        "collision_adjusted_severity_serious": "0",
        "collision_adjusted_severity_slight": "1",
        "collision_index": "2024131482343",
        "collision_injury_based": "1",
        "collision_ref_no": "131482343",
        "collision_severity": "3",
        "collision_year": 2024,
        "date": "21/08/2024",
        "day_of_week": "4",
        "did_police_officer_attend_scene_of_accident": "1",
        "enhanced_severity_collision": "3",
        "first_road_class": "3",
        "first_road_number": "644",
        "junction_control": "-1",
        "junction_detail": "0",
        "junction_detail_historic": "-1",
        "latitude": "53.71328",
        "light_conditions": "1",
        "local_authority_district": "-1",
        "local_authority_highway": "E08000033",
        "local_authority_highway_current": "E08000033",
        "local_authority_ons_district": "E08000033",
        "location_easting_osgr": "413396",
        "location_northing_osgr": "424114",
        "longitude": "-1.79851",
        "lsoa_of_accident_location": "E01010875",
        "number_of_casualties": 2,
        "number_of_vehicles": 2,
        "pedestrian_crossing": "0",
        "pedestrian_crossing_human_control_historic": "-1",
        "pedestrian_crossing_physical_facilities_historic": "-1",
        "police_force": "13",
        "road_surface_conditions": "1",
        "road_type": "6",
        "second_road_class": "6",
        "second_road_number": "0",
        "special_conditions_at_site": "-1",
        "speed_limit": 30,
        "time": "14:26",
        "trunk_road_flag": "2",
        "urban_or_rural_area": "1",
        "weather_conditions": "1",
        "geometry_source": "collision_location",
        "source_year": 2024,
        "date_iso": "2024-08-21"
      }
    },
    {
      "type": "Feature",
      "id": "2024131476159",
      "geometry": {
        "type": "Point",
        "coordinates": [
          -1.77913,
          53.70572
        ]
      },
      "properties": {
        "carriageway_hazards": "0",
        "carriageway_hazards_historic": "-1",
        "collision_adjusted_severity_serious": "0",
        "collision_adjusted_severity_slight": "1",
        "collision_index": "2024131476159",
        "collision_injury_based": "1",
        "collision_ref_no": "131476159",
        "collision_severity": "3",
        "collision_year": 2024,
        "date": "05/08/2024",
        "day_of_week": "2",
        "did_police_officer_attend_scene_of_accident": "1",
        "enhanced_severity_collision": "3",
        "first_road_class": "3",
        "first_road_number": "641",
        "junction_control": "4",
        "junction_detail": "19",
        "junction_detail_historic": "-1",
        "latitude": "53.70572",
        "light_conditions": "1",
        "local_authority_district": "-1",
        "local_authority_highway": "E08000033",
        "local_authority_highway_current": "E08000033",
        "local_authority_ons_district": "E08000033",
        "location_easting_osgr": "414678",
        "location_northing_osgr": "423277",
        "longitude": "-1.77913",
        "lsoa_of_accident_location": "E01010878",
        "number_of_casualties": 1,
        "number_of_vehicles": 2,
        "pedestrian_crossing": "0",
        "pedestrian_crossing_human_control_historic": "-1",
        "pedestrian_crossing_physical_facilities_historic": "-1",
        "police_force": "13",
        "road_surface_conditions": "1",
        "road_type": "6",
        "second_road_class": "6",
        "second_road_number": "0",
        "special_conditions_at_site": "-1",
        "speed_limit": 30,
        "time": "12:38",
        "trunk_road_flag": "2",
        "urban_or_rural_area": "1",
        "weather_conditions": "1",
        "geometry_source": "collision_location",
        "source_year": 2024,
        "date_iso": "2024-08-05"
      }
    },
    {
      "type": "Feature",
      "id": "2024131508148",
      "geometry": {
        "type": "Point",
        "coordinates": [
          -1.91389,
          53.71392
        ]
      },
      "properties": {
        "carriageway_hazards": "0",
        "carriageway_hazards_historic": "-1",
        "collision_adjusted_severity_serious": "1",
        "collision_adjusted_severity_slight": "0",
        "collision_index": "2024131508148",
        "collision_injury_based": "1",
        "collision_ref_no": "131508148",
        "collision_severity": "2",
        "collision_year": 2024,
        "date": "22/10/2024",
        "day_of_week": "3",
        "did_police_officer_attend_scene_of_accident": "2",
        "enhanced_severity_collision": "7",
        "first_road_class": "3",
        "first_road_number": "646",
        "junction_control": "4",
        "junction_detail": "19",
        "junction_detail_historic": "-1",
        "latitude": "53.71392",
        "light_conditions": "7",
        "local_authority_district": "-1",
        "local_authority_highway": "E08000033",
        "local_authority_highway_current": "E08000033",
        "local_authority_ons_district": "E08000033",
        "location_easting_osgr": "405781",
        "location_northing_osgr": "424170",
        "longitude": "-1.91389",
        "lsoa_of_accident_location": "E01010978",
        "number_of_casualties": 1,
        "number_of_vehicles": 2,
        "pedestrian_crossing": "0",
        "pedestrian_crossing_human_control_historic": "-1",
        "pedestrian_crossing_physical_facilities_historic": "-1",
        "police_force": "13",
        "road_surface_conditions": "1",
        "road_type": "6",
        "second_road_class": "3",
        "second_road_number": "6139",
        "special_conditions_at_site": "-1",
        "speed_limit": 30,
        "time": "19:10",
        "trunk_road_flag": "2",
        "urban_or_rural_area": "1",
        "weather_conditions": "1",
        "geometry_source": "collision_location",
        "source_year": 2024,
        "date_iso": "2024-10-22"
      }
    },
    {
      "type": "Feature",
      "id": "2024131410388",
      "geometry": {
        "type": "Point",
        "coordinates": [
          -2.01217,
          53.74081
        ]
      },
      "properties": {
        "carriageway_hazards": "0",
        "carriageway_hazards_historic": "-1",
        "collision_adjusted_severity_serious": "0",
        "collision_adjusted_severity_slight": "1",
        "collision_index": "2024131410388",
        "collision_injury_based": "1",
        "collision_ref_no": "131410388",
        "collision_severity": "3",
        "collision_year": 2024,
        "date": "15/02/2024",
        "day_of_week": "5",
        "did_police_officer_attend_scene_of_accident": "1",
        "enhanced_severity_collision": "3",
        "first_road_class": "6",
        "first_road_number": "0",
        "junction_control": "4",
        "junction_detail": "13",
        "junction_detail_historic": "-1",
        "latitude": "53.74081",
        "light_conditions": "4",
        "local_authority_district": "-1",
        "local_authority_highway": "E08000033",
        "local_authority_highway_current": "E08000033",
        "local_authority_ons_district": "E08000033",
        "location_easting_osgr": "399295",
        "location_northing_osgr": "427159",
        "longitude": "-2.01217",
        "lsoa_of_accident_location": "E01010923",
        "number_of_casualties": 1,
        "number_of_vehicles": 1,
        "pedestrian_crossing": "12",
        "pedestrian_crossing_human_control_historic": "-1",
        "pedestrian_crossing_physical_facilities_historic": "-1",
        "police_force": "13",
        "road_surface_conditions": "2",
        "road_type": "2",
        "second_road_class": "6",
        "second_road_number": "0",
        "special_conditions_at_site": "-1",
        "speed_limit": 20,
        "time": "19:30",
        "trunk_road_flag": "2",
        "urban_or_rural_area": "2",
        "weather_conditions": "2",
        "geometry_source": "collision_location",
        "source_year": 2024,
        "date_iso": "2024-02-15"
      }
    },
    {
      "type": "Feature",
      "id": "2024131507769",
      "geometry": {
        "type": "Point",
        "coordinates": [
          -1.80873,
          53.7254
        ]
      },
      "properties": {
        "carriageway_hazards": "0",
        "carriageway_hazards_historic": "-1",
        "collision_adjusted_severity_serious": "0",
        "collision_adjusted_severity_slight": "1",
        "collision_index": "2024131507769",
        "collision_injury_based": "1",
        "collision_ref_no": "131507769",
        "collision_severity": "3",
        "collision_year": 2024,
        "date": "23/10/2024",
        "day_of_week": "4",
        "did_police_officer_attend_scene_of_accident": "1",
        "enhanced_severity_collision": "3",
        "first_road_class": "3",
        "first_road_number": "649",
        "junction_control": "4",
        "junction_detail": "13",
        "junction_detail_historic": "-1",
        "latitude": "53.7254",
        "light_conditions": "4",
        "local_authority_district": "-1",
        "local_authority_highway": "E08000033",
        "local_authority_highway_current": "E08000033",
        "local_authority_ons_district": "E08000033",
        "location_easting_osgr": "412718",
        "location_northing_osgr": "425461",
        "longitude": "-1.80873",
        "lsoa_of_accident_location": "E01010906",
        "number_of_casualties": 1,
        "number_of_vehicles": 1,
        "pedestrian_crossing": "0",
        "pedestrian_crossing_human_control_historic": "-1",
        "pedestrian_crossing_physical_facilities_historic": "-1",
        "police_force": "13",
        "road_surface_conditions": "1",
        "road_type": "6",
        "second_road_class": "6",
        "second_road_number": "0",
        "special_conditions_at_site": "-1",
        "speed_limit": 30,
        "time": "18:57",
        "trunk_road_flag": "2",
        "urban_or_rural_area": "1",
        "weather_conditions": "1",
        "geometry_source": "collision_location",
        "source_year": 2024,
        "date_iso": "2024-10-23"
      }
    },
    {
      "type": "Feature",
      "id": "2024131400169",
      "geometry": {
        "type": "Point",
        "coordinates": [
          -1.82148,
          53.74637
        ]
      },
      "properties": {
        "carriageway_hazards": "0",
        "carriageway_hazards_historic": "-1",
        "collision_adjusted_severity_serious": "0",
        "collision_adjusted_severity_slight": "1",
        "collision_index": "2024131400169",
        "collision_injury_based": "1",
        "collision_ref_no": "131400169",
        "collision_severity": "3",
        "collision_year": 2024,
        "date": "15/01/2024",
        "day_of_week": "2",
        "did_police_officer_attend_scene_of_accident": "1",
        "enhanced_severity_collision": "3",
        "first_road_class": "3",
        "first_road_number": "6036",
        "junction_control": "4",
        "junction_detail": "-1",
        "junction_detail_historic": "-1",
        "latitude": "53.74637",
        "light_conditions": "1",
        "local_authority_district": "-1",
        "local_authority_highway": "E08000033",
        "local_authority_highway_current": "E08000033",
        "local_authority_ons_district": "E08000033",
        "location_easting_osgr": "411871",
        "location_northing_osgr": "427792",
        "longitude": "-1.82148",
        "lsoa_of_accident_location": "E01010935",
        "number_of_casualties": 1,
        "number_of_vehicles": 2,
        "pedestrian_crossing": "0",
        "pedestrian_crossing_human_control_historic": "-1",
        "pedestrian_crossing_physical_facilities_historic": "-1",
        "police_force": "13",
        "road_surface_conditions": "1",
        "road_type": "6",
        "second_road_class": "3",
        "second_road_number": "6036",
        "special_conditions_at_site": "-1",
        "speed_limit": 30,
        "time": "12:35",
        "trunk_road_flag": "2",
        "urban_or_rural_area": "1",
        "weather_conditions": "1",
        "geometry_source": "collision_location",
        "source_year": 2024,
        "date_iso": "2024-01-15"
      }
    },
    {
      "type": "Feature",
      "id": "2024131458970",
      "geometry": {
        "type": "Point",
        "coordinates": [
          -2.13833,
          53.73228
        ]
      },
      "properties": {
        "carriageway_hazards": "0",
        "carriageway_hazards_historic": "-1",
        "collision_adjusted_severity_serious": "1",
        "collision_adjusted_severity_slight": "0",
        "collision_index": "2024131458970",
        "collision_injury_based": "1",
        "collision_ref_no": "131458970",
        "collision_severity": "2",
        "collision_year": 2024,
        "date": "22/06/2024",
        "day_of_week": "7",
        "did_police_officer_attend_scene_of_accident": "1",
        "enhanced_severity_collision": "7",
        "first_road_class": "3",
        "first_road_number": "646",
        "junction_control": "4",
        "junction_detail": "13",
        "junction_detail_historic": "-1",
        "latitude": "53.73228",
        "light_conditions": "1",
        "local_authority_district": "-1",
        "local_authority_highway": "E08000033",
        "local_authority_highway_current": "E08000033",
        "local_authority_ons_district": "E08000033",
        "location_easting_osgr": "390972",
        "location_northing_osgr": "426219",
        "longitude": "-2.13833",
        "lsoa_of_accident_location": "E01010986",
        "number_of_casualties": 2,
        "number_of_vehicles": 1,
        "pedestrian_crossing": "0",
        "pedestrian_crossing_human_control_historic": "-1",
        "pedestrian_crossing_physical_facilities_historic": "-1",
        "police_force": "13",
        "road_surface_conditions": "1",
        "road_type": "6",
        "second_road_class": "6",
        "second_road_number": "0",
        "special_conditions_at_site": "-1",
        "speed_limit": 30,
        "time": "12:40",
        "trunk_road_flag": "2",
        "urban_or_rural_area": "2",
        "weather_conditions": "1",
        "geometry_source": "collision_location",
        "source_year": 2024,
        "date_iso": "2024-06-22"
      }
    },
    {
      "type": "Feature",
      "id": "2024131472818",
      "geometry": {
        "type": "Point",
        "coordinates": [
          -1.87038,
          53.72237
        ]
      },
      "properties": {
        "carriageway_hazards": "0",
        "carriageway_hazards_historic": "-1",
        "collision_adjusted_severity_serious": "0",
        "collision_adjusted_severity_slight": "1",
        "collision_index": "2024131472818",
        "collision_injury_based": "1",
        "collision_ref_no": "131472818",
        "collision_severity": "3",
        "collision_year": 2024,
        "date": "27/07/2024",
        "day_of_week": "7",
        "did_police_officer_attend_scene_of_accident": "1",
        "enhanced_severity_collision": "3",
        "first_road_class": "6",
        "first_road_number": "0",
        "junction_control": "4",
        "junction_detail": "16",
        "junction_detail_historic": "-1",
        "latitude": "53.72237",
        "light_conditions": "1",
        "local_authority_district": "-1",
        "local_authority_highway": "E08000033",
        "local_authority_highway_current": "E08000033",
        "local_authority_ons_district": "E08000033",
        "location_easting_osgr": "408651",
        "location_northing_osgr": "425115",
        "longitude": "-1.87038",
        "lsoa_of_accident_location": "E01010965",
        "number_of_casualties": 1,
        "number_of_vehicles": 2,
        "pedestrian_crossing": "0",
        "pedestrian_crossing_human_control_historic": "-1",
        "pedestrian_crossing_physical_facilities_historic": "-1",
        "police_force": "13",
        "road_surface_conditions": "1",
        "road_type": "6",
        "second_road_class": "6",
        "second_road_number": "0",
        "special_conditions_at_site": "-1",
        "speed_limit": 20,
        "time": "12:55",
        "trunk_road_flag": "2",
        "urban_or_rural_area": "1",
        "weather_conditions": "1",
        "geometry_source": "collision_location",
        "source_year": 2024,
        "date_iso": "2024-07-27"
      }
    },
    {
      "type": "Feature",
      "id": "2024131421204",
      "geometry": {
        "type": "Point",
        "coordinates": [
          -1.87539,
          53.72319
        ]
      },
      "properties": {
        "carriageway_hazards": "16",
        "carriageway_hazards_historic": "-1",
        "collision_adjusted_severity_serious": "1",
        "collision_adjusted_severity_slight": "0",
        "collision_index": "2024131421204",
        "collision_injury_based": "1",
        "collision_ref_no": "131421204",
        "collision_severity": "2",
        "collision_year": 2024,
        "date": "19/01/2024",
        "day_of_week": "6",
        "did_police_officer_attend_scene_of_accident": "1",
        "enhanced_severity_collision": "7",
        "first_road_class": "6",
        "first_road_number": "0",
        "junction_control": "4",
        "junction_detail": "19",
        "junction_detail_historic": "-1",
        "latitude": "53.72319",
        "light_conditions": "1",
        "local_authority_district": "-1",
        "local_authority_highway": "E08000033",
        "local_authority_highway_current": "E08000033",
        "local_authority_ons_district": "E08000033",
        "location_easting_osgr": "408320",
        "location_northing_osgr": "425206",
        "longitude": "-1.87539",
        "lsoa_of_accident_location": "E01010966",
        "number_of_casualties": 1,
        "number_of_vehicles": 2,
        "pedestrian_crossing": "12",
        "pedestrian_crossing_human_control_historic": "-1",
        "pedestrian_crossing_physical_facilities_historic": "-1",
        "police_force": "13",
        "road_surface_conditions": "1",
        "road_type": "2",
        "second_road_class": "6",
        "second_road_number": "0",
        "special_conditions_at_site": "-1",
        "speed_limit": 20,
        "time": "13:10",
        "trunk_road_flag": "2",
        "urban_or_rural_area": "1",
        "weather_conditions": "1",
        "geometry_source": "collision_location",
        "source_year": 2024,
        "date_iso": "2024-01-19"
      }
    },
    {
      "type": "Feature",
      "id": "2024131430185",
      "geometry": {
        "type": "Point",
        "coordinates": [
          -1.74452,
          53.69409
        ]
      },
      "properties": {
        "carriageway_hazards": "0",
        "carriageway_hazards_historic": "-1",
        "collision_adjusted_severity_serious": "0",
        "collision_adjusted_severity_slight": "1",
        "collision_index": "2024131430185",
        "collision_injury_based": "1",
        "collision_ref_no": "131430185",
        "collision_severity": "3",
        "collision_year": 2024,
        "date": "10/04/2024",
        "day_of_week": "4",
        "did_police_officer_attend_scene_of_accident": "1",
        "enhanced_severity_collision": "3",
        "first_road_class": "3",
        "first_road_number": "644",
        "junction_control": "-1",
        "junction_detail": "0",
        "junction_detail_historic": "-1",
        "latitude": "53.69409",
        "light_conditions": "1",
        "local_authority_district": "-1",
        "local_authority_highway": "E08000033",
        "local_authority_highway_current": "E08000033",
        "local_authority_ons_district": "E08000033",
        "location_easting_osgr": "416967",
        "location_northing_osgr": "421991",
        "longitude": "-1.74452",
        "lsoa_of_accident_location": "E01010879",
        "number_of_casualties": 1,
        "number_of_vehicles": 2,
        "pedestrian_crossing": "0",
        "pedestrian_crossing_human_control_historic": "-1",
        "pedestrian_crossing_physical_facilities_historic": "-1",
        "police_force": "13",
        "road_surface_conditions": "1",
        "road_type": "6",
        "second_road_class": "6",
        "second_road_number": "0",
        "special_conditions_at_site": "-1",
        "speed_limit": 50,
        "time": "17:59",
        "trunk_road_flag": "2",
        "urban_or_rural_area": "2",
        "weather_conditions": "1",
        "geometry_source": "collision_location",
        "source_year": 2024,
        "date_iso": "2024-04-10"
      }
    },
    {
      "type": "Feature",
      "id": "2024131474591",
      "geometry": {
        "type": "Point",
        "coordinates": [
          -1.8579,
          53.72853
        ]
      },
      "properties": {
        "carriageway_hazards": "0",
        "carriageway_hazards_historic": "-1",
        "collision_adjusted_severity_serious": "1",
        "collision_adjusted_severity_slight": "0",
        "collision_index": "2024131474591",
        "collision_injury_based": "1",
        "collision_ref_no": "131474591",
        "collision_severity": "2",
        "collision_year": 2024,
        "date": "01/08/2024",
        "day_of_week": "5",
        "did_police_officer_attend_scene_of_accident": "1",
        "enhanced_severity_collision": "6",
        "first_road_class": "3",
        "first_road_number": "58",
        "junction_control": "-1",
        "junction_detail": "0",
        "junction_detail_historic": "-1",
        "latitude": "53.72853",
        "light_conditions": "1",
        "local_authority_district": "-1",
        "local_authority_highway": "E08000033",
        "local_authority_highway_current": "E08000033",
        "local_authority_ons_district": "E08000033",
        "location_easting_osgr": "409473",
        "location_northing_osgr": "425802",
        "longitude": "-1.8579",
        "lsoa_of_accident_location": "E01010934",
        "number_of_casualties": 1,
        "number_of_vehicles": 1,
        "pedestrian_crossing": "0",
        "pedestrian_crossing_human_control_historic": "-1",
        "pedestrian_crossing_physical_facilities_historic": "-1",
        "police_force": "13",
        "road_surface_conditions": "2",
        "road_type": "3",
        "second_road_class": "3",
        "second_road_number": "58",
        "special_conditions_at_site": "-1",
        "speed_limit": 40,
        "time": "06:50",
        "trunk_road_flag": "2",
        "urban_or_rural_area": "1",
        "weather_conditions": "2",
        "geometry_source": "collision_location",
        "source_year": 2024,
        "date_iso": "2024-08-01"
      }
    },
    {
      "type": "Feature",
      "id": "2024131496794",
      "geometry": {
        "type": "Point",
        "coordinates": [
          -1.89044,
          53.72453
        ]
      },
      "properties": {
        "carriageway_hazards": "0",
        "carriageway_hazards_historic": "-1",
        "collision_adjusted_severity_serious": "0",
        "collision_adjusted_severity_slight": "1",
        "collision_index": "2024131496794",
        "collision_injury_based": "1",
        "collision_ref_no": "131496794",
        "collision_severity": "3",
        "collision_year": 2024,
        "date": "27/09/2024",
        "day_of_week": "6",
        "did_police_officer_attend_scene_of_accident": "1",
        "enhanced_severity_collision": "3",
        "first_road_class": "6",
        "first_road_number": "0",
        "junction_control": "-1",
        "junction_detail": "0",
        "junction_detail_historic": "-1",
        "latitude": "53.72453",
        "light_conditions": "1",
        "local_authority_district": "-1",
        "local_authority_highway": "E08000033",
        "local_authority_highway_current": "E08000033",
        "local_authority_ons_district": "E08000033",
        "location_easting_osgr": "407327",
        "location_northing_osgr": "425353",
        "longitude": "-1.89044",
        "lsoa_of_accident_location": "E01011000",
        "number_of_casualties": 2,
        "number_of_vehicles": 1,
        "pedestrian_crossing": "0",
        "pedestrian_crossing_human_control_historic": "-1",
        "pedestrian_crossing_physical_facilities_historic": "-1",
        "police_force": "13",
        "road_surface_conditions": "1",
        "road_type": "6",
        "second_road_class": "6",
        "second_road_number": "0",
        "special_conditions_at_site": "-1",
        "speed_limit": 20,
        "time": "08:14",
        "trunk_road_flag": "2",
        "urban_or_rural_area": "1",
        "weather_conditions": "1",
        "geometry_source": "collision_location",
        "source_year": 2024,
        "date_iso": "2024-09-27"
      }
    },
    {
      "type": "Feature",
      "id": "2024131442112",
      "geometry": {
        "type": "Point",
        "coordinates": [
          -1.88767,
          53.66035
        ]
      },
      "properties": {
        "carriageway_hazards": "17",
        "carriageway_hazards_historic": "-1",
        "collision_adjusted_severity_serious": "0",
        "collision_adjusted_severity_slight": "1",
        "collision_index": "2024131442112",
        "collision_injury_based": "1",
        "collision_ref_no": "131442112",
        "collision_severity": "3",
        "collision_year": 2024,
        "date": "13/05/2024",
        "day_of_week": "2",
        "did_police_officer_attend_scene_of_accident": "1",
        "enhanced_severity_collision": "3",
        "first_road_class": "6",
        "first_road_number": "0",
        "junction_control": "3",
        "junction_detail": "16",
        "junction_detail_historic": "-1",
        "latitude": "53.66035",
        "light_conditions": "1",
        "local_authority_district": "-1",
        "local_authority_highway": "E08000033",
        "local_authority_highway_current": "E08000033",
        "local_authority_ons_district": "E08000033",
        "location_easting_osgr": "407521",
        "location_northing_osgr": "418213",
        "longitude": "-1.88767",
        "lsoa_of_accident_location": "E01010896",
        "number_of_casualties": 1,
        "number_of_vehicles": 2,
        "pedestrian_crossing": "0",
        "pedestrian_crossing_human_control_historic": "-1",
        "pedestrian_crossing_physical_facilities_historic": "-1",
        "police_force": "13",
        "road_surface_conditions": "1",
        "road_type": "6",
        "second_road_class": "6",
        "second_road_number": "0",
        "special_conditions_at_site": "-1",
        "speed_limit": 60,
        "time": "09:27",
        "trunk_road_flag": "2",
        "urban_or_rural_area": "2",
        "weather_conditions": "1",
        "geometry_source": "collision_location",
        "source_year": 2024,
        "date_iso": "2024-05-13"
      }
    },
    {
      "type": "Feature",
      "id": "2024131519996",
      "geometry": {
        "type": "Point",
        "coordinates": [
          -1.86647,
          53.73704
        ]
      },
      "properties": {
        "carriageway_hazards": "0",
        "carriageway_hazards_historic": "-1",
        "collision_adjusted_severity_serious": "0",
        "collision_adjusted_severity_slight": "1",
        "collision_index": "2024131519996",
        "collision_injury_based": "1",
        "collision_ref_no": "131519996",
        "collision_severity": "3",
        "collision_year": 2024,
        "date": "22/11/2024",
        "day_of_week": "6",
        "did_police_officer_attend_scene_of_accident": "1",
        "enhanced_severity_collision": "3",
        "first_road_class": "6",
        "first_road_number": "0",
        "junction_control": "4",
        "junction_detail": "13",
        "junction_detail_historic": "-1",
        "latitude": "53.73704",
        "light_conditions": "1",
        "local_authority_district": "-1",
        "local_authority_highway": "E08000033",
        "local_authority_highway_current": "E08000033",
        "local_authority_ons_district": "E08000033",
        "location_easting_osgr": "408906",
        "location_northing_osgr": "426747",
        "longitude": "-1.86647",
        "lsoa_of_accident_location": "E01010967",
        "number_of_casualties": 1,
        "number_of_vehicles": 1,
        "pedestrian_crossing": "0",
        "pedestrian_crossing_human_control_historic": "-1",
        "pedestrian_crossing_physical_facilities_historic": "-1",
        "police_force": "13",
        "road_surface_conditions": "4",
        "road_type": "2",
        "second_road_class": "6",
        "second_road_number": "0",
        "special_conditions_at_site": "-1",
        "speed_limit": 20,
        "time": "09:00",
        "trunk_road_flag": "2",
        "urban_or_rural_area": "1",
        "weather_conditions": "8",
        "geometry_source": "collision_location",
        "source_year": 2024,
        "date_iso": "2024-11-22"
      }
    },
    {
      "type": "Feature",
      "id": "2024131472643",
      "geometry": {
        "type": "Point",
        "coordinates": [
          -1.9897,
          53.73342
        ]
      },
      "properties": {
        "carriageway_hazards": "0",
        "carriageway_hazards_historic": "-1",
        "collision_adjusted_severity_serious": "0",
        "collision_adjusted_severity_slight": "1",
        "collision_index": "2024131472643",
        "collision_injury_based": "1",
        "collision_ref_no": "131472643",
        "collision_severity": "3",
        "collision_year": 2024,
        "date": "27/07/2024",
        "day_of_week": "7",
        "did_police_officer_attend_scene_of_accident": "1",
        "enhanced_severity_collision": "3",
        "first_road_class": "6",
        "first_road_number": "0",
        "junction_control": "4",
        "junction_detail": "13",
        "junction_detail_historic": "-1",
        "latitude": "53.73342",
        "light_conditions": "4",
        "local_authority_district": "-1",
        "local_authority_highway": "E08000033",
        "local_authority_highway_current": "E08000033",
        "local_authority_ons_district": "E08000033",
        "location_easting_osgr": "400777",
        "location_northing_osgr": "426337",
        "longitude": "-1.9897",
        "lsoa_of_accident_location": "E01010918",
        "number_of_casualties": 1,
        "number_of_vehicles": 2,
        "pedestrian_crossing": "0",
        "pedestrian_crossing_human_control_historic": "-1",
        "pedestrian_crossing_physical_facilities_historic": "-1",
        "police_force": "13",
        "road_surface_conditions": "1",
        "road_type": "6",
        "second_road_class": "3",
        "second_road_number": "646",
        "special_conditions_at_site": "-1",
        "speed_limit": 30,
        "time": "00:40",
        "trunk_road_flag": "2",
        "urban_or_rural_area": "2",
        "weather_conditions": "1",
        "geometry_source": "collision_location",
        "source_year": 2024,
        "date_iso": "2024-07-27"
      }
    },
    {
      "type": "Feature",
      "id": "2024131438322",
      "geometry": {
        "type": "Point",
        "coordinates": [
          -1.86206,
          53.7292
        ]
      },
      "properties": {
        "carriageway_hazards": "0",
        "carriageway_hazards_historic": "-1",
        "collision_adjusted_severity_serious": "0",
        "collision_adjusted_severity_slight": "1",
        "collision_index": "2024131438322",
        "collision_injury_based": "1",
        "collision_ref_no": "131438322",
        "collision_severity": "3",
        "collision_year": 2024,
        "date": "01/05/2024",
        "day_of_week": "4",
        "did_police_officer_attend_scene_of_accident": "1",
        "enhanced_severity_collision": "3",
        "first_road_class": "3",
        "first_road_number": "647",
        "junction_control": "-1",
        "junction_detail": "0",
        "junction_detail_historic": "-1",
        "latitude": "53.7292",
        "light_conditions": "1",
        "local_authority_district": "-1",
        "local_authority_highway": "E08000033",
        "local_authority_highway_current": "E08000033",
        "local_authority_ons_district": "E08000033",
        "location_easting_osgr": "409198",
        "location_northing_osgr": "425876",
        "longitude": "-1.86206",
        "lsoa_of_accident_location": "E01032923",
        "number_of_casualties": 1,
        "number_of_vehicles": 1,
        "pedestrian_crossing": "12",
        "pedestrian_crossing_human_control_historic": "-1",
        "pedestrian_crossing_physical_facilities_historic": "-1",
        "police_force": "13",
        "road_surface_conditions": "1",
        "road_type": "6",
        "second_road_class": "6",
        "second_road_number": "0",
        "special_conditions_at_site": "-1",
        "speed_limit": 30,
        "time": "15:00",
        "trunk_road_flag": "2",
        "urban_or_rural_area": "1",
        "weather_conditions": "1",
        "geometry_source": "collision_location",
        "source_year": 2024,
        "date_iso": "2024-05-01"
      }
    },
    {
      "type": "Feature",
      "id": "2024131440086",
      "geometry": {
        "type": "Point",
        "coordinates": [
          -1.76044,
          53.69719
        ]
      },
      "properties": {
        "carriageway_hazards": "0",
        "carriageway_hazards_historic": "-1",
        "collision_adjusted_severity_serious": "0",
        "collision_adjusted_severity_slight": "0",
        "collision_index": "2024131440086",
        "collision_injury_based": "1",
        "collision_ref_no": "131440086",
        "collision_severity": "1",
        "collision_year": 2024,
        "date": "07/05/2024",
        "day_of_week": "3",
        "did_police_officer_attend_scene_of_accident": "1",
        "enhanced_severity_collision": "1",
        "first_road_class": "6",
        "first_road_number": "0",
        "junction_control": "4",
        "junction_detail": "19",
        "junction_detail_historic": "-1",
        "latitude": "53.69719",
        "light_conditions": "4",
        "local_authority_district": "-1",
        "local_authority_highway": "E08000033",
        "local_authority_highway_current": "E08000033",
        "local_authority_ons_district": "E08000033",
        "location_easting_osgr": "415915",
        "location_northing_osgr": "422332",
        "longitude": "-1.76044",
        "lsoa_of_accident_location": "E01010878",
        "number_of_casualties": 3,
        "number_of_vehicles": 2,
        "pedestrian_crossing": "0",
        "pedestrian_crossing_human_control_historic": "-1",
        "pedestrian_crossing_physical_facilities_historic": "-1",
        "police_force": "13",
        "road_surface_conditions": "1",
        "road_type": "3",
        "second_road_class": "3",
        "second_road_number": "644",
        "special_conditions_at_site": "-1",
        "speed_limit": 50,
        "time": "21:13",
        "trunk_road_flag": "2",
        "urban_or_rural_area": "1",
        "weather_conditions": "1",
        "geometry_source": "collision_location",
        "source_year": 2024,
        "date_iso": "2024-05-07"
      }
    },
    {
      "type": "Feature",
      "id": "2024131466339",
      "geometry": {
        "type": "Point",
        "coordinates": [
          -1.78958,
          53.72426
        ]
      },
      "properties": {
        "carriageway_hazards": "0",
        "carriageway_hazards_historic": "-1",
        "collision_adjusted_severity_serious": "0",
        "collision_adjusted_severity_slight": "1",
        "collision_index": "2024131466339",
        "collision_injury_based": "1",
        "collision_ref_no": "131466339",
        "collision_severity": "3",
        "collision_year": 2024,
        "date": "09/07/2024",
        "day_of_week": "3",
        "did_police_officer_attend_scene_of_accident": "2",
        "enhanced_severity_collision": "3",
        "first_road_class": "3",
        "first_road_number": "649",
        "junction_control": "-1",
        "junction_detail": "0",
        "junction_detail_historic": "-1",
        "latitude": "53.72426",
        "light_conditions": "1",
        "local_authority_district": "-1",
        "local_authority_highway": "E08000033",
        "local_authority_highway_current": "E08000033",
        "local_authority_ons_district": "E08000033",
        "location_easting_osgr": "413982",
        "location_northing_osgr": "425338",
        "longitude": "-1.78958",
        "lsoa_of_accident_location": "E01010905",
        "number_of_casualties": 1,
        "number_of_vehicles": 1,
        "pedestrian_crossing": "0",
        "pedestrian_crossing_human_control_historic": "-1",
        "pedestrian_crossing_physical_facilities_historic": "-1",
        "police_force": "13",
        "road_surface_conditions": "1",
        "road_type": "6",
        "second_road_class": "6",
        "second_road_number": "0",
        "special_conditions_at_site": "-1",
        "speed_limit": 30,
        "time": "08:30",
        "trunk_road_flag": "2",
        "urban_or_rural_area": "1",
        "weather_conditions": "1",
        "geometry_source": "collision_location",
        "source_year": 2024,
        "date_iso": "2024-07-09"
      }
    },
    {
      "type": "Feature",
      "id": "2024131508187",
      "geometry": {
        "type": "Point",
        "coordinates": [
          -1.85856,
          53.68532
        ]
      },
      "properties": {
        "carriageway_hazards": "0",
        "carriageway_hazards_historic": "-1",
        "collision_adjusted_severity_serious": "0",
        "collision_adjusted_severity_slight": "1",
        "collision_index": "2024131508187",
        "collision_injury_based": "1",
        "collision_ref_no": "131508187",
        "collision_severity": "3",
        "collision_year": 2024,
        "date": "24/10/2024",
        "day_of_week": "5",
        "did_police_officer_attend_scene_of_accident": "1",
        "enhanced_severity_collision": "3",
        "first_road_class": "4",
        "first_road_number": "6112",
        "junction_control": "4",
        "junction_detail": "13",
        "junction_detail_historic": "-1",
        "latitude": "53.68532",
        "light_conditions": "4",
        "local_authority_district": "-1",
        "local_authority_highway": "E08000033",
        "local_authority_highway_current": "E08000033",
        "local_authority_ons_district": "E08000033",
        "location_easting_osgr": "409439",
        "location_northing_osgr": "420994",
        "longitude": "-1.85856",
        "lsoa_of_accident_location": "E01010898",
        "number_of_casualties": 1,
        "number_of_vehicles": 2,
        "pedestrian_crossing": "0",
        "pedestrian_crossing_human_control_historic": "-1",
        "pedestrian_crossing_physical_facilities_historic": "-1",
        "police_force": "13",
        "road_surface_conditions": "1",
        "road_type": "6",
        "second_road_class": "6",
        "second_road_number": "0",
        "special_conditions_at_site": "-1",
        "speed_limit": 30,
        "time": "18:20",
        "trunk_road_flag": "2",
        "urban_or_rural_area": "1",
        "weather_conditions": "1",
        "geometry_source": "collision_location",
        "source_year": 2024,
        "date_iso": "2024-10-24"
      }
    },
    {
      "type": "Feature",
      "id": "2024131509913",
      "geometry": {
        "type": "Point",
        "coordinates": [
          -1.87022,
          53.67396
        ]
      },
      "properties": {
        "carriageway_hazards": "13",
        "carriageway_hazards_historic": "-1",
        "collision_adjusted_severity_serious": "0",
        "collision_adjusted_severity_slight": "1",
        "collision_index": "2024131509913",
        "collision_injury_based": "1",
        "collision_ref_no": "131509913",
        "collision_severity": "3",
        "collision_year": 2024,
        "date": "28/10/2024",
        "day_of_week": "2",
        "did_police_officer_attend_scene_of_accident": "2",
        "enhanced_severity_collision": "3",
        "first_road_class": "4",
        "first_road_number": "6112",
        "junction_control": "4",
        "junction_detail": "13",
        "junction_detail_historic": "-1",
        "latitude": "53.67396",
        "light_conditions": "1",
        "local_authority_district": "-1",
        "local_authority_highway": "E08000033",
        "local_authority_highway_current": "E08000033",
        "local_authority_ons_district": "E08000033",
        "location_easting_osgr": "408671",
        "location_northing_osgr": "419729",
        "longitude": "-1.87022",
        "lsoa_of_accident_location": "E01010902",
        "number_of_casualties": 1,
        "number_of_vehicles": 1,
        "pedestrian_crossing": "0",
        "pedestrian_crossing_human_control_historic": "-1",
        "pedestrian_crossing_physical_facilities_historic": "-1",
        "police_force": "13",
        "road_surface_conditions": "1",
        "road_type": "6",
        "second_road_class": "6",
        "second_road_number": "0",
        "special_conditions_at_site": "-1",
        "speed_limit": 20,
        "time": "11:30",
        "trunk_road_flag": "2",
        "urban_or_rural_area": "2",
        "weather_conditions": "9",
        "geometry_source": "collision_location",
        "source_year": 2024,
        "date_iso": "2024-10-28"
      }
    },
    {
      "type": "Feature",
      "id": "2024131450089",
      "geometry": {
        "type": "Point",
        "coordinates": [
          -2.05537,
          53.72543
        ]
      },
      "properties": {
        "carriageway_hazards": "0",
        "carriageway_hazards_historic": "-1",
        "collision_adjusted_severity_serious": "0",
        "collision_adjusted_severity_slight": "1",
        "collision_index": "2024131450089",
        "collision_injury_based": "1",
        "collision_ref_no": "131450089",
        "collision_severity": "3",
        "collision_year": 2024,
        "date": "30/05/2024",
        "day_of_week": "5",
        "did_police_officer_attend_scene_of_accident": "1",
        "enhanced_severity_collision": "3",
        "first_road_class": "3",
        "first_road_number": "646",
        "junction_control": "-1",
        "junction_detail": "0",
        "junction_detail_historic": "-1",
        "latitude": "53.72543",
        "light_conditions": "4",
        "local_authority_district": "-1",
        "local_authority_highway": "E08000033",
        "local_authority_highway_current": "E08000033",
        "local_authority_ons_district": "E08000033",
        "location_easting_osgr": "396444",
        "location_northing_osgr": "425449",
        "longitude": "-2.05537",
        "lsoa_of_accident_location": "E01010883",
        "number_of_casualties": 2,
        "number_of_vehicles": 2,
        "pedestrian_crossing": "0",
        "pedestrian_crossing_human_control_historic": "-1",
        "pedestrian_crossing_physical_facilities_historic": "-1",
        "police_force": "13",
        "road_surface_conditions": "1",
        "road_type": "6",
        "second_road_class": "6",
        "second_road_number": "0",
        "special_conditions_at_site": "-1",
        "speed_limit": 40,
        "time": "22:34",
        "trunk_road_flag": "2",
        "urban_or_rural_area": "2",
        "weather_conditions": "1",
        "geometry_source": "collision_location",
        "source_year": 2024,
        "date_iso": "2024-05-30"
      }
    },
    {
      "type": "Feature",
      "id": "2024131421364",
      "geometry": {
        "type": "Point",
        "coordinates": [
          -1.84781,
          53.6892
        ]
      },
      "properties": {
        "carriageway_hazards": "0",
        "carriageway_hazards_historic": "-1",
        "collision_adjusted_severity_serious": "0",
        "collision_adjusted_severity_slight": "1",
        "collision_index": "2024131421364",
        "collision_injury_based": "1",
        "collision_ref_no": "131421364",
        "collision_severity": "3",
        "collision_year": 2024,
        "date": "15/03/2024",
        "day_of_week": "6",
        "did_police_officer_attend_scene_of_accident": "2",
        "enhanced_severity_collision": "3",
        "first_road_class": "3",
        "first_road_number": "629",
        "junction_control": "-1",
        "junction_detail": "0",
        "junction_detail_historic": "-1",
        "latitude": "53.6892",
        "light_conditions": "1",
        "local_authority_district": "-1",
        "local_authority_highway": "E08000033",
        "local_authority_highway_current": "E08000033",
        "local_authority_ons_district": "E08000033",
        "location_easting_osgr": "410148",
        "location_northing_osgr": "421427",
        "longitude": "-1.84781",
        "lsoa_of_accident_location": "E01010889",
        "number_of_casualties": 2,
        "number_of_vehicles": 2,
        "pedestrian_crossing": "0",
        "pedestrian_crossing_human_control_historic": "-1",
        "pedestrian_crossing_physical_facilities_historic": "-1",
        "police_force": "13",
        "road_surface_conditions": "2",
        "road_type": "3",
        "second_road_class": "3",
        "second_road_number": "6025",
        "special_conditions_at_site": "-1",
        "speed_limit": 50,
        "time": "17:30",
        "trunk_road_flag": "2",
        "urban_or_rural_area": "2",
        "weather_conditions": "1",
        "geometry_source": "collision_location",
        "source_year": 2024,
        "date_iso": "2024-03-15"
      }
    },
    {
      "type": "Feature",
      "id": "2024131463888",
      "geometry": {
        "type": "Point",
        "coordinates": [
          -1.7706,
          53.71188
        ]
      },
      "properties": {
        "carriageway_hazards": "0",
        "carriageway_hazards_historic": "-1",
        "collision_adjusted_severity_serious": "0",
        "collision_adjusted_severity_slight": "1",
        "collision_index": "2024131463888",
        "collision_injury_based": "1",
        "collision_ref_no": "131463888",
        "collision_severity": "3",
        "collision_year": 2024,
        "date": "05/07/2024",
        "day_of_week": "6",
        "did_police_officer_attend_scene_of_accident": "1",
        "enhanced_severity_collision": "3",
        "first_road_class": "6",
        "first_road_number": "0",
        "junction_control": "-1",
        "junction_detail": "0",
        "junction_detail_historic": "-1",
        "latitude": "53.71188",
        "light_conditions": "1",
        "local_authority_district": "-1",
        "local_authority_highway": "E08000033",
        "local_authority_highway_current": "E08000033",
        "local_authority_ons_district": "E08000033",
        "location_easting_osgr": "415239",
        "location_northing_osgr": "423964",
        "longitude": "-1.7706",
        "lsoa_of_accident_location": "E01010878",
        "number_of_casualties": 1,
        "number_of_vehicles": 1,
        "pedestrian_crossing": "0",
        "pedestrian_crossing_human_control_historic": "-1",
        "pedestrian_crossing_physical_facilities_historic": "-1",
        "police_force": "13",
        "road_surface_conditions": "1",
        "road_type": "6",
        "second_road_class": "6",
        "second_road_number": "0",
        "special_conditions_at_site": "-1",
        "speed_limit": 30,
        "time": "11:21",
        "trunk_road_flag": "2",
        "urban_or_rural_area": "2",
        "weather_conditions": "8",
        "geometry_source": "collision_location",
        "source_year": 2024,
        "date_iso": "2024-07-05"
      }
    },
    {
      "type": "Feature",
      "id": "2024131499030",
      "geometry": {
        "type": "Point",
        "coordinates": [
          -1.77124,
          53.70116
        ]
      },
      "properties": {
        "carriageway_hazards": "0",
        "carriageway_hazards_historic": "-1",
        "collision_adjusted_severity_serious": "1",
        "collision_adjusted_severity_slight": "0",
        "collision_index": "2024131499030",
        "collision_injury_based": "1",
        "collision_ref_no": "131499030",
        "collision_severity": "2",
        "collision_year": 2024,
        "date": "03/10/2024",
        "day_of_week": "5",
        "did_police_officer_attend_scene_of_accident": "1",
        "enhanced_severity_collision": "7",
        "first_road_class": "3",
        "first_road_number": "644",
        "junction_control": "4",
        "junction_detail": "13",
        "junction_detail_historic": "-1",
        "latitude": "53.70116",
        "light_conditions": "1",
        "local_authority_district": "-1",
        "local_authority_highway": "E08000033",
        "local_authority_highway_current": "E08000033",
        "local_authority_ons_district": "E08000033",
        "location_easting_osgr": "415200",
        "location_northing_osgr": "422772",
        "longitude": "-1.77124",
        "lsoa_of_accident_location": "E01010878",
        "number_of_casualties": 1,
        "number_of_vehicles": 3,
        "pedestrian_crossing": "0",
        "pedestrian_crossing_human_control_historic": "-1",
        "pedestrian_crossing_physical_facilities_historic": "-1",
        "police_force": "13",
        "road_surface_conditions": "1",
        "road_type": "6",
        "second_road_class": "6",
        "second_road_number": "0",
        "special_conditions_at_site": "-1",
        "speed_limit": 30,
        "time": "10:00",
        "trunk_road_flag": "2",
        "urban_or_rural_area": "2",
        "weather_conditions": "1",
        "geometry_source": "collision_location",
        "source_year": 2024,
        "date_iso": "2024-10-03"
      }
    },
    {
      "type": "Feature",
      "id": "2024131468933",
      "geometry": {
        "type": "Point",
        "coordinates": [
          -1.85919,
          53.72204
        ]
      },
      "properties": {
        "carriageway_hazards": "0",
        "carriageway_hazards_historic": "-1",
        "collision_adjusted_severity_serious": "0",
        "collision_adjusted_severity_slight": "1",
        "collision_index": "2024131468933",
        "collision_injury_based": "1",
        "collision_ref_no": "131468933",
        "collision_severity": "3",
        "collision_year": 2024,
        "date": "16/07/2024",
        "day_of_week": "3",
        "did_police_officer_attend_scene_of_accident": "1",
        "enhanced_severity_collision": "3",
        "first_road_class": "6",
        "first_road_number": "0",
        "junction_control": "-1",
        "junction_detail": "0",
        "junction_detail_historic": "-1",
        "latitude": "53.72204",
        "light_conditions": "1",
        "local_authority_district": "-1",
        "local_authority_highway": "E08000033",
        "local_authority_highway_current": "E08000033",
        "local_authority_ons_district": "E08000033",
        "location_easting_osgr": "409389",
        "location_northing_osgr": "425079",
        "longitude": "-1.85919",
        "lsoa_of_accident_location": "E01034582",
        "number_of_casualties": 1,
        "number_of_vehicles": 1,
        "pedestrian_crossing": "0",
        "pedestrian_crossing_human_control_historic": "-1",
        "pedestrian_crossing_physical_facilities_historic": "-1",
        "police_force": "13",
        "road_surface_conditions": "1",
        "road_type": "6",
        "second_road_class": "6",
        "second_road_number": "0",
        "special_conditions_at_site": "-1",
        "speed_limit": 20,
        "time": "10:18",
        "trunk_road_flag": "2",
        "urban_or_rural_area": "1",
        "weather_conditions": "1",
        "geometry_source": "collision_location",
        "source_year": 2024,
        "date_iso": "2024-07-16"
      }
    },
    {
      "type": "Feature",
      "id": "2024131426467",
      "geometry": {
        "type": "Point",
        "coordinates": [
          -1.93739,
          53.67829
        ]
      },
      "properties": {
        "carriageway_hazards": "0",
        "carriageway_hazards_historic": "-1",
        "collision_adjusted_severity_serious": "0",
        "collision_adjusted_severity_slight": "1",
        "collision_index": "2024131426467",
        "collision_injury_based": "1",
        "collision_ref_no": "131426467",
        "collision_severity": "3",
        "collision_year": 2024,
        "date": "29/03/2024",
        "day_of_week": "6",
        "did_police_officer_attend_scene_of_accident": "1",
        "enhanced_severity_collision": "3",
        "first_road_class": "3",
        "first_road_number": "58",
        "junction_control": "4",
        "junction_detail": "13",
        "junction_detail_historic": "-1",
        "latitude": "53.67829",
        "light_conditions": "1",
        "local_authority_district": "-1",
        "local_authority_highway": "E08000033",
        "local_authority_highway_current": "E08000033",
        "local_authority_ons_district": "E08000033",
        "location_easting_osgr": "404233",
        "location_northing_osgr": "420205",
        "longitude": "-1.93739",
        "lsoa_of_accident_location": "E01010952",
        "number_of_casualties": 1,
        "number_of_vehicles": 4,
        "pedestrian_crossing": "0",
        "pedestrian_crossing_human_control_historic": "-1",
        "pedestrian_crossing_physical_facilities_historic": "-1",
        "police_force": "13",
        "road_surface_conditions": "1",
        "road_type": "6",
        "second_road_class": "6",
        "second_road_number": "0",
        "special_conditions_at_site": "-1",
        "speed_limit": 30,
        "time": "12:30",
        "trunk_road_flag": "2",
        "urban_or_rural_area": "2",
        "weather_conditions": "1",
        "geometry_source": "collision_location",
        "source_year": 2024,
        "date_iso": "2024-03-29"
      }
    },
    {
      "type": "Feature",
      "id": "2024131398180",
      "geometry": {
        "type": "Point",
        "coordinates": [
          -1.85752,
          53.72523
        ]
      },
      "properties": {
        "carriageway_hazards": "0",
        "carriageway_hazards_historic": "-1",
        "collision_adjusted_severity_serious": "0",
        "collision_adjusted_severity_slight": "1",
        "collision_index": "2024131398180",
        "collision_injury_based": "1",
        "collision_ref_no": "131398180",
        "collision_severity": "3",
        "collision_year": 2024,
        "date": "13/01/2024",
        "day_of_week": "7",
        "did_police_officer_attend_scene_of_accident": "2",
        "enhanced_severity_collision": "3",
        "first_road_class": "6",
        "first_road_number": "0",
        "junction_control": "-1",
        "junction_detail": "0",
        "junction_detail_historic": "-1",
        "latitude": "53.72523",
        "light_conditions": "1",
        "local_authority_district": "-1",
        "local_authority_highway": "E08000033",
        "local_authority_highway_current": "E08000033",
        "local_authority_ons_district": "E08000033",
        "location_easting_osgr": "409499",
        "location_northing_osgr": "425435",
        "longitude": "-1.85752",
        "lsoa_of_accident_location": "E01034582",
        "number_of_casualties": 1,
        "number_of_vehicles": 1,
        "pedestrian_crossing": "14",
        "pedestrian_crossing_human_control_historic": "-1",
        "pedestrian_crossing_physical_facilities_historic": "-1",
        "police_force": "13",
        "road_surface_conditions": "1",
        "road_type": "6",
        "second_road_class": "6",
        "second_road_number": "0",
        "special_conditions_at_site": "-1",
        "speed_limit": 30,
        "time": "09:44",
        "trunk_road_flag": "2",
        "urban_or_rural_area": "1",
        "weather_conditions": "1",
        "geometry_source": "collision_location",
        "source_year": 2024,
        "date_iso": "2024-01-13"
      }
    },
    {
      "type": "Feature",
      "id": "2024131474526",
      "geometry": {
        "type": "Point",
        "coordinates": [
          -2.06339,
          53.74913
        ]
      },
      "properties": {
        "carriageway_hazards": "0",
        "carriageway_hazards_historic": "-1",
        "collision_adjusted_severity_serious": "0",
        "collision_adjusted_severity_slight": "1",
        "collision_index": "2024131474526",
        "collision_injury_based": "1",
        "collision_ref_no": "131474526",
        "collision_severity": "3",
        "collision_year": 2024,
        "date": "31/07/2024",
        "day_of_week": "4",
        "did_police_officer_attend_scene_of_accident": "1",
        "enhanced_severity_collision": "3",
        "first_road_class": "6",
        "first_road_number": "0",
        "junction_control": "4",
        "junction_detail": "19",
        "junction_detail_historic": "-1",
        "latitude": "53.74913",
        "light_conditions": "1",
        "local_authority_district": "-1",
        "local_authority_highway": "E08000033",
        "local_authority_highway_current": "E08000033",
        "local_authority_ons_district": "E08000033",
        "location_easting_osgr": "395917",
        "location_northing_osgr": "428086",
        "longitude": "-2.06339",
        "lsoa_of_accident_location": "E01010883",
        "number_of_casualties": 1,
        "number_of_vehicles": 1,
        "pedestrian_crossing": "0",
        "pedestrian_crossing_human_control_historic": "-1",
        "pedestrian_crossing_physical_facilities_historic": "-1",
        "police_force": "13",
        "road_surface_conditions": "1",
        "road_type": "6",
        "second_road_class": "6",
        "second_road_number": "0",
        "special_conditions_at_site": "-1",
        "speed_limit": 40,
        "time": "16:30",
        "trunk_road_flag": "2",
        "urban_or_rural_area": "2",
        "weather_conditions": "1",
        "geometry_source": "collision_location",
        "source_year": 2024,
        "date_iso": "2024-07-31"
      }
    },
    {
      "type": "Feature",
      "id": "2024131447960",
      "geometry": {
        "type": "Point",
        "coordinates": [
          -1.80208,
          53.72483
        ]
      },
      "properties": {
        "carriageway_hazards": "0",
        "carriageway_hazards_historic": "-1",
        "collision_adjusted_severity_serious": "1",
        "collision_adjusted_severity_slight": "0",
        "collision_index": "2024131447960",
        "collision_injury_based": "1",
        "collision_ref_no": "131447960",
        "collision_severity": "2",
        "collision_year": 2024,
        "date": "21/05/2024",
        "day_of_week": "3",
        "did_police_officer_attend_scene_of_accident": "1",
        "enhanced_severity_collision": "7",
        "first_road_class": "3",
        "first_road_number": "649",
        "junction_control": "4",
        "junction_detail": "13",
        "junction_detail_historic": "-1",
        "latitude": "53.72483",
        "light_conditions": "1",
        "local_authority_district": "-1",
        "local_authority_highway": "E08000033",
        "local_authority_highway_current": "E08000033",
        "local_authority_ons_district": "E08000033",
        "location_easting_osgr": "413157",
        "location_northing_osgr": "425399",
        "longitude": "-1.80208",
        "lsoa_of_accident_location": "E01010906",
        "number_of_casualties": 1,
        "number_of_vehicles": 2,
        "pedestrian_crossing": "0",
        "pedestrian_crossing_human_control_historic": "-1",
        "pedestrian_crossing_physical_facilities_historic": "-1",
        "police_force": "13",
        "road_surface_conditions": "1",
        "road_type": "9",
        "second_road_class": "6",
        "second_road_number": "0",
        "special_conditions_at_site": "-1",
        "speed_limit": 30,
        "time": "18:30",
        "trunk_road_flag": "2",
        "urban_or_rural_area": "1",
        "weather_conditions": "1",
        "geometry_source": "collision_location",
        "source_year": 2024,
        "date_iso": "2024-05-21"
      }
    },
    {
      "type": "Feature",
      "id": "2024131483193",
      "geometry": {
        "type": "Point",
        "coordinates": [
          -1.97865,
          53.63706
        ]
      },
      "properties": {
        "carriageway_hazards": "0",
        "carriageway_hazards_historic": "-1",
        "collision_adjusted_severity_serious": "0",
        "collision_adjusted_severity_slight": "1",
        "collision_index": "2024131483193",
        "collision_injury_based": "1",
        "collision_ref_no": "131483193",
        "collision_severity": "3",
        "collision_year": 2024,
        "date": "22/08/2024",
        "day_of_week": "5",
        "did_police_officer_attend_scene_of_accident": "1",
        "enhanced_severity_collision": "3",
        "first_road_class": "1",
        "first_road_number": "62",
        "junction_control": "-1",
        "junction_detail": "0",
        "junction_detail_historic": "-1",
        "latitude": "53.63706",
        "light_conditions": "1",
        "local_authority_district": "-1",
        "local_authority_highway": "E08000033",
        "local_authority_highway_current": "E08000033",
        "local_authority_ons_district": "E08000033",
        "location_easting_osgr": "401509",
        "location_northing_osgr": "415616",
        "longitude": "-1.97865",
        "lsoa_of_accident_location": "E01010955",
        "number_of_casualties": 1,
        "number_of_vehicles": 2,
        "pedestrian_crossing": "0",
        "pedestrian_crossing_human_control_historic": "-1",
        "pedestrian_crossing_physical_facilities_historic": "-1",
        "police_force": "13",
        "road_surface_conditions": "2",
        "road_type": "3",
        "second_road_class": "-1",
        "second_road_number": "-1",
        "special_conditions_at_site": "-1",
        "speed_limit": 70,
        "time": "18:00",
        "trunk_road_flag": "1",
        "urban_or_rural_area": "2",
        "weather_conditions": "2",
        "geometry_source": "collision_location",
        "source_year": 2024,
        "date_iso": "2024-08-22"
      }
    },
    {
      "type": "Feature",
      "id": "2024131506368",
      "geometry": {
        "type": "Point",
        "coordinates": [
          -1.88335,
          53.72257
        ]
      },
      "properties": {
        "carriageway_hazards": "0",
        "carriageway_hazards_historic": "-1",
        "collision_adjusted_severity_serious": "1",
        "collision_adjusted_severity_slight": "0",
        "collision_index": "2024131506368",
        "collision_injury_based": "1",
        "collision_ref_no": "131506368",
        "collision_severity": "2",
        "collision_year": 2024,
        "date": "21/10/2024",
        "day_of_week": "2",
        "did_police_officer_attend_scene_of_accident": "1",
        "enhanced_severity_collision": "7",
        "first_road_class": "6",
        "first_road_number": "0",
        "junction_control": "4",
        "junction_detail": "13",
        "junction_detail_historic": "-1",
        "latitude": "53.72257",
        "light_conditions": "1",
        "local_authority_district": "-1",
        "local_authority_highway": "E08000033",
        "local_authority_highway_current": "E08000033",
        "local_authority_ons_district": "E08000033",
        "location_easting_osgr": "407795",
        "location_northing_osgr": "425136",
        "longitude": "-1.88335",
        "lsoa_of_accident_location": "E01011001",
        "number_of_casualties": 1,
        "number_of_vehicles": 1,
        "pedestrian_crossing": "0",
        "pedestrian_crossing_human_control_historic": "-1",
        "pedestrian_crossing_physical_facilities_historic": "-1",
        "police_force": "13",
        "road_surface_conditions": "1",
        "road_type": "6",
        "second_road_class": "6",
        "second_road_number": "0",
        "special_conditions_at_site": "-1",
        "speed_limit": 20,
        "time": "07:58",
        "trunk_road_flag": "2",
        "urban_or_rural_area": "1",
        "weather_conditions": "1",
        "geometry_source": "collision_location",
        "source_year": 2024,
        "date_iso": "2024-10-21"
      }
    },
    {
      "type": "Feature",
      "id": "2024131508674",
      "geometry": {
        "type": "Point",
        "coordinates": [
          -1.87868,
          53.65869
        ]
      },
      "properties": {
        "carriageway_hazards": "0",
        "carriageway_hazards_historic": "-1",
        "collision_adjusted_severity_serious": "1",
        "collision_adjusted_severity_slight": "0",
        "collision_index": "2024131508674",
        "collision_injury_based": "1",
        "collision_ref_no": "131508674",
        "collision_severity": "2",
        "collision_year": 2024,
        "date": "25/10/2024",
        "day_of_week": "6",
        "did_police_officer_attend_scene_of_accident": "1",
        "enhanced_severity_collision": "5",
        "first_road_class": "4",
        "first_road_number": "6112",
        "junction_control": "-1",
        "junction_detail": "0",
        "junction_detail_historic": "-1",
        "latitude": "53.65869",
        "light_conditions": "4",
        "local_authority_district": "-1",
        "local_authority_highway": "E08000033",
        "local_authority_highway_current": "E08000033",
        "local_authority_ons_district": "E08000033",
        "location_easting_osgr": "408115",
        "location_northing_osgr": "418029",
        "longitude": "-1.87868",
        "lsoa_of_accident_location": "E01010896",
        "number_of_casualties": 1,
        "number_of_vehicles": 1,
        "pedestrian_crossing": "0",
        "pedestrian_crossing_human_control_historic": "-1",
        "pedestrian_crossing_physical_facilities_historic": "-1",
        "police_force": "13",
        "road_surface_conditions": "2",
        "road_type": "6",
        "second_road_class": "6",
        "second_road_number": "0",
        "special_conditions_at_site": "-1",
        "speed_limit": 30,
        "time": "21:11",
        "trunk_road_flag": "2",
        "urban_or_rural_area": "2",
        "weather_conditions": "7",
        "geometry_source": "collision_location",
        "source_year": 2024,
        "date_iso": "2024-10-25"
      }
    },
    {
      "type": "Feature",
      "id": "2024131473493",
      "geometry": {
        "type": "Point",
        "coordinates": [
          -1.84229,
          53.68653
        ]
      },
      "properties": {
        "carriageway_hazards": "0",
        "carriageway_hazards_historic": "-1",
        "collision_adjusted_severity_serious": "0",
        "collision_adjusted_severity_slight": "1",
        "collision_index": "2024131473493",
        "collision_injury_based": "1",
        "collision_ref_no": "131473493",
        "collision_severity": "3",
        "collision_year": 2024,
        "date": "28/07/2024",
        "day_of_week": "1",
        "did_police_officer_attend_scene_of_accident": "1",
        "enhanced_severity_collision": "3",
        "first_road_class": "4",
        "first_road_number": "6114",
        "junction_control": "-1",
        "junction_detail": "0",
        "junction_detail_historic": "-1",
        "latitude": "53.68653",
        "light_conditions": "1",
        "local_authority_district": "-1",
        "local_authority_highway": "E08000033",
        "local_authority_highway_current": "E08000033",
        "local_authority_ons_district": "E08000033",
        "location_easting_osgr": "410513",
        "location_northing_osgr": "421131",
        "longitude": "-1.84229",
        "lsoa_of_accident_location": "E01010889",
        "number_of_casualties": 1,
        "number_of_vehicles": 2,
        "pedestrian_crossing": "0",
        "pedestrian_crossing_human_control_historic": "-1",
        "pedestrian_crossing_physical_facilities_historic": "-1",
        "police_force": "13",
        "road_surface_conditions": "1",
        "road_type": "6",
        "second_road_class": "6",
        "second_road_number": "0",
        "special_conditions_at_site": "-1",
        "speed_limit": 30,
        "time": "13:40",
        "trunk_road_flag": "2",
        "urban_or_rural_area": "1",
        "weather_conditions": "1",
        "geometry_source": "collision_location",
        "source_year": 2024,
        "date_iso": "2024-07-28"
      }
    },
    {
      "type": "Feature",
      "id": "2024131501169",
      "geometry": {
        "type": "Point",
        "coordinates": [
          -1.83645,
          53.75945
        ]
      },
      "properties": {
        "carriageway_hazards": "0",
        "carriageway_hazards_historic": "-1",
        "collision_adjusted_severity_serious": "0",
        "collision_adjusted_severity_slight": "1",
        "collision_index": "2024131501169",
        "collision_injury_based": "1",
        "collision_ref_no": "131501169",
        "collision_severity": "3",
        "collision_year": 2024,
        "date": "08/10/2024",
        "day_of_week": "3",
        "did_police_officer_attend_scene_of_accident": "1",
        "enhanced_severity_collision": "3",
        "first_road_class": "3",
        "first_road_number": "644",
        "junction_control": "4",
        "junction_detail": "13",
        "junction_detail_historic": "-1",
        "latitude": "53.75945",
        "light_conditions": "7",
        "local_authority_district": "-1",
        "local_authority_highway": "E08000033",
        "local_authority_highway_current": "E08000033",
        "local_authority_ons_district": "E08000033",
        "location_easting_osgr": "410880",
        "location_northing_osgr": "429245",
        "longitude": "-1.83645",
        "lsoa_of_accident_location": "E01010936",
        "number_of_casualties": 1,
        "number_of_vehicles": 2,
        "pedestrian_crossing": "0",
        "pedestrian_crossing_human_control_historic": "-1",
        "pedestrian_crossing_physical_facilities_historic": "-1",
        "police_force": "13",
        "road_surface_conditions": "2",
        "road_type": "6",
        "second_road_class": "6",
        "second_road_number": "0",
        "special_conditions_at_site": "-1",
        "speed_limit": 40,
        "time": "08:15",
        "trunk_road_flag": "2",
        "urban_or_rural_area": "2",
        "weather_conditions": "7",
        "geometry_source": "collision_location",
        "source_year": 2024,
        "date_iso": "2024-10-08"
      }
    },
    {
      "type": "Feature",
      "id": "2024131508134",
      "geometry": {
        "type": "Point",
        "coordinates": [
          -1.85388,
          53.70244
        ]
      },
      "properties": {
        "carriageway_hazards": "0",
        "carriageway_hazards_historic": "-1",
        "collision_adjusted_severity_serious": "0",
        "collision_adjusted_severity_slight": "1",
        "collision_index": "2024131508134",
        "collision_injury_based": "1",
        "collision_ref_no": "131508134",
        "collision_severity": "3",
        "collision_year": 2024,
        "date": "24/10/2024",
        "day_of_week": "5",
        "did_police_officer_attend_scene_of_accident": "1",
        "enhanced_severity_collision": "3",
        "first_road_class": "3",
        "first_road_number": "629",
        "junction_control": "4",
        "junction_detail": "13",
        "junction_detail_historic": "-1",
        "latitude": "53.70244",
        "light_conditions": "1",
        "local_authority_district": "-1",
        "local_authority_highway": "E08000033",
        "local_authority_highway_current": "E08000033",
        "local_authority_ons_district": "E08000033",
        "location_easting_osgr": "409744",
        "location_northing_osgr": "422899",
        "longitude": "-1.85388",
        "lsoa_of_accident_location": "E01010971",
        "number_of_casualties": 1,
        "number_of_vehicles": 2,
        "pedestrian_crossing": "0",
        "pedestrian_crossing_human_control_historic": "-1",
        "pedestrian_crossing_physical_facilities_historic": "-1",
        "police_force": "13",
        "road_surface_conditions": "1",
        "road_type": "6",
        "second_road_class": "6",
        "second_road_number": "0",
        "special_conditions_at_site": "-1",
        "speed_limit": 30,
        "time": "13:46",
        "trunk_road_flag": "2",
        "urban_or_rural_area": "1",
        "weather_conditions": "1",
        "geometry_source": "collision_location",
        "source_year": 2024,
        "date_iso": "2024-10-24"
      }
    },
    {
      "type": "Feature",
      "id": "2024131429027",
      "geometry": {
        "type": "Point",
        "coordinates": [
          -2.01102,
          53.63055
        ]
      },
      "properties": {
        "carriageway_hazards": "0",
        "carriageway_hazards_historic": "-1",
        "collision_adjusted_severity_serious": "0",
        "collision_adjusted_severity_slight": "1",
        "collision_index": "2024131429027",
        "collision_injury_based": "1",
        "collision_ref_no": "131429027",
        "collision_severity": "3",
        "collision_year": 2024,
        "date": "07/04/2024",
        "day_of_week": "1",
        "did_police_officer_attend_scene_of_accident": "1",
        "enhanced_severity_collision": "3",
        "first_road_class": "1",
        "first_road_number": "62",
        "junction_control": "-1",
        "junction_detail": "0",
        "junction_detail_historic": "-1",
        "latitude": "53.63055",
        "light_conditions": "1",
        "local_authority_district": "-1",
        "local_authority_highway": "E08000033",
        "local_authority_highway_current": "E08000033",
        "local_authority_ons_district": "E08000033",
        "location_easting_osgr": "399369",
        "location_northing_osgr": "414891",
        "longitude": "-2.01102",
        "lsoa_of_accident_location": "E01010955",
        "number_of_casualties": 2,
        "number_of_vehicles": 1,
        "pedestrian_crossing": "0",
        "pedestrian_crossing_human_control_historic": "-1",
        "pedestrian_crossing_physical_facilities_historic": "-1",
        "police_force": "13",
        "road_surface_conditions": "2",
        "road_type": "3",
        "second_road_class": "1",
        "second_road_number": "62",
        "special_conditions_at_site": "-1",
        "speed_limit": 70,
        "time": "08:00",
        "trunk_road_flag": "1",
        "urban_or_rural_area": "2",
        "weather_conditions": "5",
        "geometry_source": "collision_location",
        "source_year": 2024,
        "date_iso": "2024-04-07"
      }
    },
    {
      "type": "Feature",
      "id": "2024131431133",
      "geometry": {
        "type": "Point",
        "coordinates": [
          -1.77959,
          53.7014
        ]
      },
      "properties": {
        "carriageway_hazards": "0",
        "carriageway_hazards_historic": "-1",
        "collision_adjusted_severity_serious": "0",
        "collision_adjusted_severity_slight": "1",
        "collision_index": "2024131431133",
        "collision_injury_based": "1",
        "collision_ref_no": "131431133",
        "collision_severity": "3",
        "collision_year": 2024,
        "date": "12/04/2024",
        "day_of_week": "6",
        "did_police_officer_attend_scene_of_accident": "2",
        "enhanced_severity_collision": "3",
        "first_road_class": "6",
        "first_road_number": "0",
        "junction_control": "4",
        "junction_detail": "13",
        "junction_detail_historic": "-1",
        "latitude": "53.7014",
        "light_conditions": "4",
        "local_authority_district": "-1",
        "local_authority_highway": "E08000033",
        "local_authority_highway_current": "E08000033",
        "local_authority_ons_district": "E08000033",
        "location_easting_osgr": "414649",
        "location_northing_osgr": "422797",
        "longitude": "-1.77959",
        "lsoa_of_accident_location": "E01010949",
        "number_of_casualties": 1,
        "number_of_vehicles": 2,
        "pedestrian_crossing": "0",
        "pedestrian_crossing_human_control_historic": "-1",
        "pedestrian_crossing_physical_facilities_historic": "-1",
        "police_force": "13",
        "road_surface_conditions": "1",
        "road_type": "6",
        "second_road_class": "6",
        "second_road_number": "0",
        "special_conditions_at_site": "-1",
        "speed_limit": 30,
        "time": "23:05",
        "trunk_road_flag": "2",
        "urban_or_rural_area": "1",
        "weather_conditions": "1",
        "geometry_source": "collision_location",
        "source_year": 2024,
        "date_iso": "2024-04-12"
      }
    },
    {
      "type": "Feature",
      "id": "2024131535565",
      "geometry": {
        "type": "Point",
        "coordinates": [
          -1.86304,
          53.74527
        ]
      },
      "properties": {
        "carriageway_hazards": "0",
        "carriageway_hazards_historic": "-1",
        "collision_adjusted_severity_serious": "1",
        "collision_adjusted_severity_slight": "0",
        "collision_index": "2024131535565",
        "collision_injury_based": "1",
        "collision_ref_no": "131535565",
        "collision_severity": "2",
        "collision_year": 2024,
        "date": "29/12/2024",
        "day_of_week": "1",
        "did_police_officer_attend_scene_of_accident": "1",
        "enhanced_severity_collision": "7",
        "first_road_class": "6",
        "first_road_number": "0",
        "junction_control": "-1",
        "junction_detail": "0",
        "junction_detail_historic": "-1",
        "latitude": "53.74527",
        "light_conditions": "5",
        "local_authority_district": "-1",
        "local_authority_highway": "E08000033",
        "local_authority_highway_current": "E08000033",
        "local_authority_ons_district": "E08000033",
        "location_easting_osgr": "409130",
        "location_northing_osgr": "427664",
        "longitude": "-1.86304",
        "lsoa_of_accident_location": "E01010934",
        "number_of_casualties": 1,
        "number_of_vehicles": 1,
        "pedestrian_crossing": "0",
        "pedestrian_crossing_human_control_historic": "-1",
        "pedestrian_crossing_physical_facilities_historic": "-1",
        "police_force": "13",
        "road_surface_conditions": "1",
        "road_type": "6",
        "second_road_class": "6",
        "second_road_number": "0",
        "special_conditions_at_site": "-1",
        "speed_limit": 30,
        "time": "01:10",
        "trunk_road_flag": "2",
        "urban_or_rural_area": "2",
        "weather_conditions": "1",
        "geometry_source": "collision_location",
        "source_year": 2024,
        "date_iso": "2024-12-29"
      }
    },
    {
      "type": "Feature",
      "id": "2024131426231",
      "geometry": {
        "type": "Point",
        "coordinates": [
          -1.77891,
          53.69794
        ]
      },
      "properties": {
        "carriageway_hazards": "0",
        "carriageway_hazards_historic": "-1",
        "collision_adjusted_severity_serious": "0",
        "collision_adjusted_severity_slight": "1",
        "collision_index": "2024131426231",
        "collision_injury_based": "1",
        "collision_ref_no": "131426231",
        "collision_severity": "3",
        "collision_year": 2024,
        "date": "29/03/2024",
        "day_of_week": "6",
        "did_police_officer_attend_scene_of_accident": "1",
        "enhanced_severity_collision": "3",
        "first_road_class": "3",
        "first_road_number": "641",
        "junction_control": "4",
        "junction_detail": "13",
        "junction_detail_historic": "-1",
        "latitude": "53.69794",
        "light_conditions": "1",
        "local_authority_district": "-1",
        "local_authority_highway": "E08000033",
        "local_authority_highway_current": "E08000033",
        "local_authority_ons_district": "E08000033",
        "location_easting_osgr": "414695",
        "location_northing_osgr": "422412",
        "longitude": "-1.77891",
        "lsoa_of_accident_location": "E01010949",
        "number_of_casualties": 1,
        "number_of_vehicles": 2,
        "pedestrian_crossing": "0",
        "pedestrian_crossing_human_control_historic": "-1",
        "pedestrian_crossing_physical_facilities_historic": "-1",
        "police_force": "13",
        "road_surface_conditions": "1",
        "road_type": "6",
        "second_road_class": "6",
        "second_road_number": "0",
        "special_conditions_at_site": "-1",
        "speed_limit": 30,
        "time": "14:56",
        "trunk_road_flag": "2",
        "urban_or_rural_area": "1",
        "weather_conditions": "1",
        "geometry_source": "collision_location",
        "source_year": 2024,
        "date_iso": "2024-03-29"
      }
    },
    {
      "type": "Feature",
      "id": "2024131426507",
      "geometry": {
        "type": "Point",
        "coordinates": [
          -1.82978,
          53.67273
        ]
      },
      "properties": {
        "carriageway_hazards": "0",
        "carriageway_hazards_historic": "-1",
        "collision_adjusted_severity_serious": "1",
        "collision_adjusted_severity_slight": "0",
        "collision_index": "2024131426507",
        "collision_injury_based": "1",
        "collision_ref_no": "131426507",
        "collision_severity": "2",
        "collision_year": 2024,
        "date": "30/03/2024",
        "day_of_week": "7",
        "did_police_officer_attend_scene_of_accident": "1",
        "enhanced_severity_collision": "5",
        "first_road_class": "1",
        "first_road_number": "62",
        "junction_control": "-1",
        "junction_detail": "0",
        "junction_detail_historic": "-1",
        "latitude": "53.67273",
        "light_conditions": "1",
        "local_authority_district": "-1",
        "local_authority_highway": "E08000033",
        "local_authority_highway_current": "E08000033",
        "local_authority_ons_district": "E08000033",
        "location_easting_osgr": "411343",
        "location_northing_osgr": "419598",
        "longitude": "-1.82978",
        "lsoa_of_accident_location": "E01010901",
        "number_of_casualties": 2,
        "number_of_vehicles": 2,
        "pedestrian_crossing": "0",
        "pedestrian_crossing_human_control_historic": "-1",
        "pedestrian_crossing_physical_facilities_historic": "-1",
        "police_force": "13",
        "road_surface_conditions": "1",
        "road_type": "3",
        "second_road_class": "1",
        "second_road_number": "62",
        "special_conditions_at_site": "-1",
        "speed_limit": 70,
        "time": "10:02",
        "trunk_road_flag": "1",
        "urban_or_rural_area": "1",
        "weather_conditions": "1",
        "geometry_source": "collision_location",
        "source_year": 2024,
        "date_iso": "2024-03-30"
      }
    },
    {
      "type": "Feature",
      "id": "2024131492136",
      "geometry": {
        "type": "Point",
        "coordinates": [
          -2.09693,
          53.71483
        ]
      },
      "properties": {
        "carriageway_hazards": "0",
        "carriageway_hazards_historic": "-1",
        "collision_adjusted_severity_serious": "0",
        "collision_adjusted_severity_slight": "1",
        "collision_index": "2024131492136",
        "collision_injury_based": "1",
        "collision_ref_no": "131492136",
        "collision_severity": "3",
        "collision_year": 2024,
        "date": "16/09/2024",
        "day_of_week": "2",
        "did_police_officer_attend_scene_of_accident": "1",
        "enhanced_severity_collision": "3",
        "first_road_class": "3",
        "first_road_number": "646",
        "junction_control": "4",
        "junction_detail": "16",
        "junction_detail_historic": "-1",
        "latitude": "53.71483",
        "light_conditions": "1",
        "local_authority_district": "-1",
        "local_authority_highway": "E08000033",
        "local_authority_highway_current": "E08000033",
        "local_authority_ons_district": "E08000033",
        "location_easting_osgr": "393700",
        "location_northing_osgr": "424273",
        "longitude": "-2.09693",
        "lsoa_of_accident_location": "E01010983",
        "number_of_casualties": 1,
        "number_of_vehicles": 1,
        "pedestrian_crossing": "14",
        "pedestrian_crossing_human_control_historic": "-1",
        "pedestrian_crossing_physical_facilities_historic": "-1",
        "police_force": "13",
        "road_surface_conditions": "1",
        "road_type": "6",
        "second_road_class": "6",
        "second_road_number": "0",
        "special_conditions_at_site": "-1",
        "speed_limit": 20,
        "time": "17:17",
        "trunk_road_flag": "2",
        "urban_or_rural_area": "1",
        "weather_conditions": "1",
        "geometry_source": "collision_location",
        "source_year": 2024,
        "date_iso": "2024-09-16"
      }
    },
    {
      "type": "Feature",
      "id": "2024131415672",
      "geometry": {
        "type": "Point",
        "coordinates": [
          -1.86514,
          53.72492
        ]
      },
      "properties": {
        "carriageway_hazards": "0",
        "carriageway_hazards_historic": "-1",
        "collision_adjusted_severity_serious": "0",
        "collision_adjusted_severity_slight": "1",
        "collision_index": "2024131415672",
        "collision_injury_based": "1",
        "collision_ref_no": "131415672",
        "collision_severity": "3",
        "collision_year": 2024,
        "date": "22/02/2024",
        "day_of_week": "5",
        "did_police_officer_attend_scene_of_accident": "2",
        "enhanced_severity_collision": "3",
        "first_road_class": "6",
        "first_road_number": "0",
        "junction_control": "-1",
        "junction_detail": "0",
        "junction_detail_historic": "-1",
        "latitude": "53.72492",
        "light_conditions": "1",
        "local_authority_district": "-1",
        "local_authority_highway": "E08000033",
        "local_authority_highway_current": "E08000033",
        "local_authority_ons_district": "E08000033",
        "location_easting_osgr": "408996",
        "location_northing_osgr": "425399",
        "longitude": "-1.86514",
        "lsoa_of_accident_location": "E01034582",
        "number_of_casualties": 1,
        "number_of_vehicles": 1,
        "pedestrian_crossing": "0",
        "pedestrian_crossing_human_control_historic": "-1",
        "pedestrian_crossing_physical_facilities_historic": "-1",
        "police_force": "13",
        "road_surface_conditions": "1",
        "road_type": "3",
        "second_road_class": "6",
        "second_road_number": "0",
        "special_conditions_at_site": "-1",
        "speed_limit": 30,
        "time": "15:30",
        "trunk_road_flag": "2",
        "urban_or_rural_area": "1",
        "weather_conditions": "1",
        "geometry_source": "collision_location",
        "source_year": 2024,
        "date_iso": "2024-02-22"
      }
    },
    {
      "type": "Feature",
      "id": "2024131418873",
      "geometry": {
        "type": "Point",
        "coordinates": [
          -1.91342,
          53.68192
        ]
      },
      "properties": {
        "carriageway_hazards": "0",
        "carriageway_hazards_historic": "-1",
        "collision_adjusted_severity_serious": "1",
        "collision_adjusted_severity_slight": "0",
        "collision_index": "2024131418873",
        "collision_injury_based": "1",
        "collision_ref_no": "131418873",
        "collision_severity": "2",
        "collision_year": 2024,
        "date": "09/03/2024",
        "day_of_week": "7",
        "did_police_officer_attend_scene_of_accident": "1",
        "enhanced_severity_collision": "7",
        "first_road_class": "4",
        "first_road_number": "6113",
        "junction_control": "-1",
        "junction_detail": "0",
        "junction_detail_historic": "-1",
        "latitude": "53.68192",
        "light_conditions": "4",
        "local_authority_district": "-1",
        "local_authority_highway": "E08000033",
        "local_authority_highway_current": "E08000033",
        "local_authority_ons_district": "E08000033",
        "location_easting_osgr": "405816",
        "location_northing_osgr": "420610",
        "longitude": "-1.91342",
        "lsoa_of_accident_location": "E01010953",
        "number_of_casualties": 1,
        "number_of_vehicles": 1,
        "pedestrian_crossing": "0",
        "pedestrian_crossing_human_control_historic": "-1",
        "pedestrian_crossing_physical_facilities_historic": "-1",
        "police_force": "13",
        "road_surface_conditions": "2",
        "road_type": "6",
        "second_road_class": "6",
        "second_road_number": "0",
        "special_conditions_at_site": "-1",
        "speed_limit": 40,
        "time": "21:46",
        "trunk_road_flag": "2",
        "urban_or_rural_area": "2",
        "weather_conditions": "2",
        "geometry_source": "collision_location",
        "source_year": 2024,
        "date_iso": "2024-03-09"
      }
    },
    {
      "type": "Feature",
      "id": "2024131463739",
      "geometry": {
        "type": "Point",
        "coordinates": [
          -1.8117,
          53.67814
        ]
      },
      "properties": {
        "carriageway_hazards": "0",
        "carriageway_hazards_historic": "-1",
        "collision_adjusted_severity_serious": "0",
        "collision_adjusted_severity_slight": "1",
        "collision_index": "2024131463739",
        "collision_injury_based": "1",
        "collision_ref_no": "131463739",
        "collision_severity": "3",
        "collision_year": 2024,
        "date": "04/07/2024",
        "day_of_week": "5",
        "did_police_officer_attend_scene_of_accident": "1",
        "enhanced_severity_collision": "3",
        "first_road_class": "1",
        "first_road_number": "62",
        "junction_control": "-1",
        "junction_detail": "0",
        "junction_detail_historic": "-1",
        "latitude": "53.67814",
        "light_conditions": "1",
        "local_authority_district": "-1",
        "local_authority_highway": "E08000033",
        "local_authority_highway_current": "E08000033",
        "local_authority_ons_district": "E08000033",
        "location_easting_osgr": "412536",
        "location_northing_osgr": "420203",
        "longitude": "-1.8117",
        "lsoa_of_accident_location": "E01010892",
        "number_of_casualties": 1,
        "number_of_vehicles": 2,
        "pedestrian_crossing": "0",
        "pedestrian_crossing_human_control_historic": "-1",
        "pedestrian_crossing_physical_facilities_historic": "-1",
        "police_force": "13",
        "road_surface_conditions": "1",
        "road_type": "3",
        "second_road_class": "-1",
        "second_road_number": "-1",
        "special_conditions_at_site": "-1",
        "speed_limit": 70,
        "time": "08:27",
        "trunk_road_flag": "1",
        "urban_or_rural_area": "2",
        "weather_conditions": "4",
        "geometry_source": "collision_location",
        "source_year": 2024,
        "date_iso": "2024-07-04"
      }
    },
    {
      "type": "Feature",
      "id": "2024131496714",
      "geometry": {
        "type": "Point",
        "coordinates": [
          -1.74501,
          53.71189
        ]
      },
      "properties": {
        "carriageway_hazards": "0",
        "carriageway_hazards_historic": "-1",
        "collision_adjusted_severity_serious": "0",
        "collision_adjusted_severity_slight": "1",
        "collision_index": "2024131496714",
        "collision_injury_based": "1",
        "collision_ref_no": "131496714",
        "collision_severity": "3",
        "collision_year": 2024,
        "date": "27/09/2024",
        "day_of_week": "6",
        "did_police_officer_attend_scene_of_accident": "1",
        "enhanced_severity_collision": "3",
        "first_road_class": "1",
        "first_road_number": "62",
        "junction_control": "-1",
        "junction_detail": "0",
        "junction_detail_historic": "-1",
        "latitude": "53.71189",
        "light_conditions": "1",
        "local_authority_district": "-1",
        "local_authority_highway": "E08000033",
        "local_authority_highway_current": "E08000033",
        "local_authority_ons_district": "E08000033",
        "location_easting_osgr": "416928",
        "location_northing_osgr": "423971",
        "longitude": "-1.74501",
        "lsoa_of_accident_location": "E01010879",
        "number_of_casualties": 1,
        "number_of_vehicles": 2,
        "pedestrian_crossing": "0",
        "pedestrian_crossing_human_control_historic": "-1",
        "pedestrian_crossing_physical_facilities_historic": "-1",
        "police_force": "13",
        "road_surface_conditions": "1",
        "road_type": "3",
        "second_road_class": "-1",
        "second_road_number": "-1",
        "special_conditions_at_site": "-1",
        "speed_limit": 70,
        "time": "14:00",
        "trunk_road_flag": "1",
        "urban_or_rural_area": "2",
        "weather_conditions": "1",
        "geometry_source": "collision_location",
        "source_year": 2024,
        "date_iso": "2024-09-27"
      }
    },
    {
      "type": "Feature",
      "id": "2024131398827",
      "geometry": {
        "type": "Point",
        "coordinates": [
          -1.89958,
          53.73488
        ]
      },
      "properties": {
        "carriageway_hazards": "0",
        "carriageway_hazards_historic": "-1",
        "collision_adjusted_severity_serious": "0",
        "collision_adjusted_severity_slight": "1",
        "collision_index": "2024131398827",
        "collision_injury_based": "1",
        "collision_ref_no": "131398827",
        "collision_severity": "3",
        "collision_year": 2024,
        "date": "16/01/2024",
        "day_of_week": "3",
        "did_police_officer_attend_scene_of_accident": "1",
        "enhanced_severity_collision": "3",
        "first_road_class": "6",
        "first_road_number": "0",
        "junction_control": "-1",
        "junction_detail": "0",
        "junction_detail_historic": "-1",
        "latitude": "53.73488",
        "light_conditions": "1",
        "local_authority_district": "-1",
        "local_authority_highway": "E08000033",
        "local_authority_highway_current": "E08000033",
        "local_authority_ons_district": "E08000033",
        "location_easting_osgr": "406722",
        "location_northing_osgr": "426504",
        "longitude": "-1.89958",
        "lsoa_of_accident_location": "E01010927",
        "number_of_casualties": 1,
        "number_of_vehicles": 1,
        "pedestrian_crossing": "0",
        "pedestrian_crossing_human_control_historic": "-1",
        "pedestrian_crossing_physical_facilities_historic": "-1",
        "police_force": "13",
        "road_surface_conditions": "3",
        "road_type": "6",
        "second_road_class": "6",
        "second_road_number": "0",
        "special_conditions_at_site": "-1",
        "speed_limit": 30,
        "time": "08:29",
        "trunk_road_flag": "2",
        "urban_or_rural_area": "2",
        "weather_conditions": "3",
        "geometry_source": "collision_location",
        "source_year": 2024,
        "date_iso": "2024-01-16"
      }
    },
    {
      "type": "Feature",
      "id": "2024131504616",
      "geometry": {
        "type": "Point",
        "coordinates": [
          -1.85425,
          53.69341
        ]
      },
      "properties": {
        "carriageway_hazards": "0",
        "carriageway_hazards_historic": "-1",
        "collision_adjusted_severity_serious": "0",
        "collision_adjusted_severity_slight": "1",
        "collision_index": "2024131504616",
        "collision_injury_based": "1",
        "collision_ref_no": "131504616",
        "collision_severity": "3",
        "collision_year": 2024,
        "date": "16/10/2024",
        "day_of_week": "4",
        "did_police_officer_attend_scene_of_accident": "1",
        "enhanced_severity_collision": "3",
        "first_road_class": "4",
        "first_road_number": "6112",
        "junction_control": "4",
        "junction_detail": "19",
        "junction_detail_historic": "-1",
        "latitude": "53.69341",
        "light_conditions": "1",
        "local_authority_district": "-1",
        "local_authority_highway": "E08000033",
        "local_authority_highway_current": "E08000033",
        "local_authority_ons_district": "E08000033",
        "location_easting_osgr": "409722",
        "location_northing_osgr": "421895",
        "longitude": "-1.85425",
        "lsoa_of_accident_location": "E01010993",
        "number_of_casualties": 1,
        "number_of_vehicles": 2,
        "pedestrian_crossing": "0",
        "pedestrian_crossing_human_control_historic": "-1",
        "pedestrian_crossing_physical_facilities_historic": "-1",
        "police_force": "13",
        "road_surface_conditions": "2",
        "road_type": "6",
        "second_road_class": "6",
        "second_road_number": "0",
        "special_conditions_at_site": "-1",
        "speed_limit": 30,
        "time": "13:11",
        "trunk_road_flag": "2",
        "urban_or_rural_area": "2",
        "weather_conditions": "1",
        "geometry_source": "collision_location",
        "source_year": 2024,
        "date_iso": "2024-10-16"
      }
    },
    {
      "type": "Feature",
      "id": "2024131507740",
      "geometry": {
        "type": "Point",
        "coordinates": [
          -1.8958,
          53.75119
        ]
      },
      "properties": {
        "carriageway_hazards": "0",
        "carriageway_hazards_historic": "-1",
        "collision_adjusted_severity_serious": "0",
        "collision_adjusted_severity_slight": "1",
        "collision_index": "2024131507740",
        "collision_injury_based": "1",
        "collision_ref_no": "131507740",
        "collision_severity": "3",
        "collision_year": 2024,
        "date": "23/10/2024",
        "day_of_week": "4",
        "did_police_officer_attend_scene_of_accident": "1",
        "enhanced_severity_collision": "3",
        "first_road_class": "6",
        "first_road_number": "0",
        "junction_control": "4",
        "junction_detail": "16",
        "junction_detail_historic": "-1",
        "latitude": "53.75119",
        "light_conditions": "4",
        "local_authority_district": "-1",
        "local_authority_highway": "E08000033",
        "local_authority_highway_current": "E08000033",
        "local_authority_ons_district": "E08000033",
        "location_easting_osgr": "406969",
        "location_northing_osgr": "428319",
        "longitude": "-1.8958",
        "lsoa_of_accident_location": "E01010916",
        "number_of_casualties": 1,
        "number_of_vehicles": 1,
        "pedestrian_crossing": "17",
        "pedestrian_crossing_human_control_historic": "-1",
        "pedestrian_crossing_physical_facilities_historic": "-1",
        "police_force": "13",
        "road_surface_conditions": "1",
        "road_type": "6",
        "second_road_class": "3",
        "second_road_number": "629",
        "special_conditions_at_site": "-1",
        "speed_limit": 20,
        "time": "19:15",
        "trunk_road_flag": "2",
        "urban_or_rural_area": "1",
        "weather_conditions": "1",
        "geometry_source": "collision_location",
        "source_year": 2024,
        "date_iso": "2024-10-23"
      }
    },
    {
      "type": "Feature",
      "id": "2024131428929",
      "geometry": {
        "type": "Point",
        "coordinates": [
          -1.94257,
          53.7053
        ]
      },
      "properties": {
        "carriageway_hazards": "0",
        "carriageway_hazards_historic": "-1",
        "collision_adjusted_severity_serious": "0",
        "collision_adjusted_severity_slight": "1",
        "collision_index": "2024131428929",
        "collision_injury_based": "1",
        "collision_ref_no": "131428929",
        "collision_severity": "3",
        "collision_year": 2024,
        "date": "07/04/2024",
        "day_of_week": "1",
        "did_police_officer_attend_scene_of_accident": "2",
        "enhanced_severity_collision": "3",
        "first_road_class": "6",
        "first_road_number": "0",
        "junction_control": "-1",
        "junction_detail": "0",
        "junction_detail_historic": "-1",
        "latitude": "53.7053",
        "light_conditions": "1",
        "local_authority_district": "-1",
        "local_authority_highway": "E08000033",
        "local_authority_highway_current": "E08000033",
        "local_authority_ons_district": "E08000033",
        "location_easting_osgr": "403889",
        "location_northing_osgr": "423209",
        "longitude": "-1.94257",
        "lsoa_of_accident_location": "E01010956",
        "number_of_casualties": 1,
        "number_of_vehicles": 1,
        "pedestrian_crossing": "0",
        "pedestrian_crossing_human_control_historic": "-1",
        "pedestrian_crossing_physical_facilities_historic": "-1",
        "police_force": "13",
        "road_surface_conditions": "2",
        "road_type": "6",
        "second_road_class": "6",
        "second_road_number": "0",
        "special_conditions_at_site": "-1",
        "speed_limit": 20,
        "time": "12:15",
        "trunk_road_flag": "2",
        "urban_or_rural_area": "1",
        "weather_conditions": "1",
        "geometry_source": "collision_location",
        "source_year": 2024,
        "date_iso": "2024-04-07"
      }
    },
    {
      "type": "Feature",
      "id": "2024131458753",
      "geometry": {
        "type": "Point",
        "coordinates": [
          -1.88672,
          53.72937
        ]
      },
      "properties": {
        "carriageway_hazards": "0",
        "carriageway_hazards_historic": "-1",
        "collision_adjusted_severity_serious": "0",
        "collision_adjusted_severity_slight": "1",
        "collision_index": "2024131458753",
        "collision_injury_based": "1",
        "collision_ref_no": "131458753",
        "collision_severity": "3",
        "collision_year": 2024,
        "date": "21/06/2024",
        "day_of_week": "6",
        "did_police_officer_attend_scene_of_accident": "1",
        "enhanced_severity_collision": "3",
        "first_road_class": "6",
        "first_road_number": "0",
        "junction_control": "4",
        "junction_detail": "13",
        "junction_detail_historic": "-1",
        "latitude": "53.72937",
        "light_conditions": "1",
        "local_authority_district": "-1",
        "local_authority_highway": "E08000033",
        "local_authority_highway_current": "E08000033",
        "local_authority_ons_district": "E08000033",
        "location_easting_osgr": "407571",
        "location_northing_osgr": "425892",
        "longitude": "-1.88672",
        "lsoa_of_accident_location": "E01010929",
        "number_of_casualties": 1,
        "number_of_vehicles": 2,
        "pedestrian_crossing": "0",
        "pedestrian_crossing_human_control_historic": "-1",
        "pedestrian_crossing_physical_facilities_historic": "-1",
        "police_force": "13",
        "road_surface_conditions": "1",
        "road_type": "6",
        "second_road_class": "6",
        "second_road_number": "0",
        "special_conditions_at_site": "-1",
        "speed_limit": 30,
        "time": "13:00",
        "trunk_road_flag": "2",
        "urban_or_rural_area": "1",
        "weather_conditions": "1",
        "geometry_source": "collision_location",
        "source_year": 2024,
        "date_iso": "2024-06-21"
      }
    },
    {
      "type": "Feature",
      "id": "2024131394104",
      "geometry": {
        "type": "Point",
        "coordinates": [
          -1.81267,
          53.72542
        ]
      },
      "properties": {
        "carriageway_hazards": "0",
        "carriageway_hazards_historic": "-1",
        "collision_adjusted_severity_serious": "0",
        "collision_adjusted_severity_slight": "1",
        "collision_index": "2024131394104",
        "collision_injury_based": "1",
        "collision_ref_no": "131394104",
        "collision_severity": "3",
        "collision_year": 2024,
        "date": "01/01/2024",
        "day_of_week": "2",
        "did_police_officer_attend_scene_of_accident": "1",
        "enhanced_severity_collision": "3",
        "first_road_class": "3",
        "first_road_number": "58",
        "junction_control": "2",
        "junction_detail": "16",
        "junction_detail_historic": "-1",
        "latitude": "53.72542",
        "light_conditions": "4",
        "local_authority_district": "-1",
        "local_authority_highway": "E08000033",
        "local_authority_highway_current": "E08000033",
        "local_authority_ons_district": "E08000033",
        "location_easting_osgr": "412458",
        "location_northing_osgr": "425463",
        "longitude": "-1.81267",
        "lsoa_of_accident_location": "E01010909",
        "number_of_casualties": 1,
        "number_of_vehicles": 2,
        "pedestrian_crossing": "15",
        "pedestrian_crossing_human_control_historic": "-1",
        "pedestrian_crossing_physical_facilities_historic": "-1",
        "police_force": "13",
        "road_surface_conditions": "2",
        "road_type": "6",
        "second_road_class": "3",
        "second_road_number": "644",
        "special_conditions_at_site": "-1",
        "speed_limit": 30,
        "time": "15:58",
        "trunk_road_flag": "2",
        "urban_or_rural_area": "1",
        "weather_conditions": "2",
        "geometry_source": "collision_location",
        "source_year": 2024,
        "date_iso": "2024-01-01"
      }
    },
    {
      "type": "Feature",
      "id": "2024131441178",
      "geometry": {
        "type": "Point",
        "coordinates": [
          -1.87123,
          53.71428
        ]
      },
      "properties": {
        "carriageway_hazards": "0",
        "carriageway_hazards_historic": "-1",
        "collision_adjusted_severity_serious": "0",
        "collision_adjusted_severity_slight": "1",
        "collision_index": "2024131441178",
        "collision_injury_based": "1",
        "collision_ref_no": "131441178",
        "collision_severity": "3",
        "collision_year": 2024,
        "date": "09/05/2024",
        "day_of_week": "5",
        "did_police_officer_attend_scene_of_accident": "2",
        "enhanced_severity_collision": "3",
        "first_road_class": "6",
        "first_road_number": "0",
        "junction_control": "-1",
        "junction_detail": "0",
        "junction_detail_historic": "-1",
        "latitude": "53.71428",
        "light_conditions": "1",
        "local_authority_district": "-1",
        "local_authority_highway": "E08000033",
        "local_authority_highway_current": "E08000033",
        "local_authority_ons_district": "E08000033",
        "location_easting_osgr": "408596",
        "location_northing_osgr": "424215",
        "longitude": "-1.87123",
        "lsoa_of_accident_location": "E01010974",
        "number_of_casualties": 1,
        "number_of_vehicles": 1,
        "pedestrian_crossing": "0",
        "pedestrian_crossing_human_control_historic": "-1",
        "pedestrian_crossing_physical_facilities_historic": "-1",
        "police_force": "13",
        "road_surface_conditions": "1",
        "road_type": "6",
        "second_road_class": "6",
        "second_road_number": "0",
        "special_conditions_at_site": "-1",
        "speed_limit": 30,
        "time": "12:45",
        "trunk_road_flag": "2",
        "urban_or_rural_area": "1",
        "weather_conditions": "1",
        "geometry_source": "collision_location",
        "source_year": 2024,
        "date_iso": "2024-05-09"
      }
    },
    {
      "type": "Feature",
      "id": "2024131424208",
      "geometry": {
        "type": "Point",
        "coordinates": [
          -1.83354,
          53.75973
        ]
      },
      "properties": {
        "carriageway_hazards": "0",
        "carriageway_hazards_historic": "-1",
        "collision_adjusted_severity_serious": "1",
        "collision_adjusted_severity_slight": "0",
        "collision_index": "2024131424208",
        "collision_injury_based": "1",
        "collision_ref_no": "131424208",
        "collision_severity": "2",
        "collision_year": 2024,
        "date": "24/03/2024",
        "day_of_week": "1",
        "did_police_officer_attend_scene_of_accident": "1",
        "enhanced_severity_collision": "5",
        "first_road_class": "6",
        "first_road_number": "0",
        "junction_control": "-1",
        "junction_detail": "0",
        "junction_detail_historic": "-1",
        "latitude": "53.75973",
        "light_conditions": "1",
        "local_authority_district": "-1",
        "local_authority_highway": "E08000033",
        "local_authority_highway_current": "E08000033",
        "local_authority_ons_district": "E08000033",
        "location_easting_osgr": "411072",
        "location_northing_osgr": "429277",
        "longitude": "-1.83354",
        "lsoa_of_accident_location": "E01010756",
        "number_of_casualties": 1,
        "number_of_vehicles": 2,
        "pedestrian_crossing": "0",
        "pedestrian_crossing_human_control_historic": "-1",
        "pedestrian_crossing_physical_facilities_historic": "-1",
        "police_force": "13",
        "road_surface_conditions": "1",
        "road_type": "6",
        "second_road_class": "6",
        "second_road_number": "0",
        "special_conditions_at_site": "-1",
        "speed_limit": 60,
        "time": "12:20",
        "trunk_road_flag": "2",
        "urban_or_rural_area": "2",
        "weather_conditions": "1",
        "geometry_source": "collision_location",
        "source_year": 2024,
        "date_iso": "2024-03-24"
      }
    },
    {
      "type": "Feature",
      "id": "2024131477558",
      "geometry": {
        "type": "Point",
        "coordinates": [
          -1.8815,
          53.72054
        ]
      },
      "properties": {
        "carriageway_hazards": "13",
        "carriageway_hazards_historic": "-1",
        "collision_adjusted_severity_serious": "0",
        "collision_adjusted_severity_slight": "1",
        "collision_index": "2024131477558",
        "collision_injury_based": "1",
        "collision_ref_no": "131477558",
        "collision_severity": "3",
        "collision_year": 2024,
        "date": "08/08/2024",
        "day_of_week": "5",
        "did_police_officer_attend_scene_of_accident": "1",
        "enhanced_severity_collision": "3",
        "first_road_class": "6",
        "first_road_number": "0",
        "junction_control": "4",
        "junction_detail": "16",
        "junction_detail_historic": "-1",
        "latitude": "53.72054",
        "light_conditions": "4",
        "local_authority_district": "-1",
        "local_authority_highway": "E08000033",
        "local_authority_highway_current": "E08000033",
        "local_authority_ons_district": "E08000033",
        "location_easting_osgr": "407917",
        "location_northing_osgr": "424910",
        "longitude": "-1.8815",
        "lsoa_of_accident_location": "E01010996",
        "number_of_casualties": 1,
        "number_of_vehicles": 2,
        "pedestrian_crossing": "12",
        "pedestrian_crossing_human_control_historic": "-1",
        "pedestrian_crossing_physical_facilities_historic": "-1",
        "police_force": "13",
        "road_surface_conditions": "2",
        "road_type": "6",
        "second_road_class": "6",
        "second_road_number": "0",
        "special_conditions_at_site": "-1",
        "speed_limit": 30,
        "time": "22:00",
        "trunk_road_flag": "2",
        "urban_or_rural_area": "1",
        "weather_conditions": "2",
        "geometry_source": "collision_location",
        "source_year": 2024,
        "date_iso": "2024-08-08"
      }
    },
    {
      "type": "Feature",
      "id": "2024131518821",
      "geometry": {
        "type": "Point",
        "coordinates": [
          -1.90878,
          53.71317
        ]
      },
      "properties": {
        "carriageway_hazards": "0",
        "carriageway_hazards_historic": "-1",
        "collision_adjusted_severity_serious": "0",
        "collision_adjusted_severity_slight": "1",
        "collision_index": "2024131518821",
        "collision_injury_based": "1",
        "collision_ref_no": "131518821",
        "collision_severity": "3",
        "collision_year": 2024,
        "date": "19/11/2024",
        "day_of_week": "3",
        "did_police_officer_attend_scene_of_accident": "2",
        "enhanced_severity_collision": "3",
        "first_road_class": "6",
        "first_road_number": "0",
        "junction_control": "4",
        "junction_detail": "13",
        "junction_detail_historic": "-1",
        "latitude": "53.71317",
        "light_conditions": "1",
        "local_authority_district": "-1",
        "local_authority_highway": "E08000033",
        "local_authority_highway_current": "E08000033",
        "local_authority_ons_district": "E08000033",
        "location_easting_osgr": "406118",
        "location_northing_osgr": "424087",
        "longitude": "-1.90878",
        "lsoa_of_accident_location": "E01010976",
        "number_of_casualties": 1,
        "number_of_vehicles": 1,
        "pedestrian_crossing": "0",
        "pedestrian_crossing_human_control_historic": "-1",
        "pedestrian_crossing_physical_facilities_historic": "-1",
        "police_force": "13",
        "road_surface_conditions": "2",
        "road_type": "6",
        "second_road_class": "6",
        "second_road_number": "0",
        "special_conditions_at_site": "-1",
        "speed_limit": 20,
        "time": "09:00",
        "trunk_road_flag": "2",
        "urban_or_rural_area": "1",
        "weather_conditions": "3",
        "geometry_source": "collision_location",
        "source_year": 2024,
        "date_iso": "2024-11-19"
      }
    },
    {
      "type": "Feature",
      "id": "2024131456930",
      "geometry": {
        "type": "Point",
        "coordinates": [
          -1.94498,
          53.72255
        ]
      },
      "properties": {
        "carriageway_hazards": "0",
        "carriageway_hazards_historic": "-1",
        "collision_adjusted_severity_serious": "1",
        "collision_adjusted_severity_slight": "0",
        "collision_index": "2024131456930",
        "collision_injury_based": "1",
        "collision_ref_no": "131456930",
        "collision_severity": "2",
        "collision_year": 2024,
        "date": "17/06/2024",
        "day_of_week": "2",
        "did_police_officer_attend_scene_of_accident": "1",
        "enhanced_severity_collision": "7",
        "first_road_class": "3",
        "first_road_number": "646",
        "junction_control": "4",
        "junction_detail": "13",
        "junction_detail_historic": "-1",
        "latitude": "53.72255",
        "light_conditions": "1",
        "local_authority_district": "-1",
        "local_authority_highway": "E08000033",
        "local_authority_highway_current": "E08000033",
        "local_authority_ons_district": "E08000033",
        "location_easting_osgr": "403728",
        "location_northing_osgr": "425128",
        "longitude": "-1.94498",
        "lsoa_of_accident_location": "E01010922",
        "number_of_casualties": 4,
        "number_of_vehicles": 1,
        "pedestrian_crossing": "0",
        "pedestrian_crossing_human_control_historic": "-1",
        "pedestrian_crossing_physical_facilities_historic": "-1",
        "police_force": "13",
        "road_surface_conditions": "1",
        "road_type": "6",
        "second_road_class": "6",
        "second_road_number": "0",
        "special_conditions_at_site": "-1",
        "speed_limit": 30,
        "time": "20:50",
        "trunk_road_flag": "2",
        "urban_or_rural_area": "2",
        "weather_conditions": "1",
        "geometry_source": "collision_location",
        "source_year": 2024,
        "date_iso": "2024-06-17"
      }
    },
    {
      "type": "Feature",
      "id": "2024131466188",
      "geometry": {
        "type": "Point",
        "coordinates": [
          -1.77616,
          53.72264
        ]
      },
      "properties": {
        "carriageway_hazards": "0",
        "carriageway_hazards_historic": "-1",
        "collision_adjusted_severity_serious": "0",
        "collision_adjusted_severity_slight": "1",
        "collision_index": "2024131466188",
        "collision_injury_based": "1",
        "collision_ref_no": "131466188",
        "collision_severity": "3",
        "collision_year": 2024,
        "date": "10/07/2024",
        "day_of_week": "4",
        "did_police_officer_attend_scene_of_accident": "1",
        "enhanced_severity_collision": "3",
        "first_road_class": "3",
        "first_road_number": "641",
        "junction_control": "2",
        "junction_detail": "16",
        "junction_detail_historic": "-1",
        "latitude": "53.72264",
        "light_conditions": "4",
        "local_authority_district": "-1",
        "local_authority_highway": "E08000033",
        "local_authority_highway_current": "E08000033",
        "local_authority_ons_district": "E08000033",
        "location_easting_osgr": "414868",
        "location_northing_osgr": "425160",
        "longitude": "-1.77616",
        "lsoa_of_accident_location": "E01010908",
        "number_of_casualties": 1,
        "number_of_vehicles": 3,
        "pedestrian_crossing": "0",
        "pedestrian_crossing_human_control_historic": "-1",
        "pedestrian_crossing_physical_facilities_historic": "-1",
        "police_force": "13",
        "road_surface_conditions": "1",
        "road_type": "6",
        "second_road_class": "3",
        "second_road_number": "649",
        "special_conditions_at_site": "-1",
        "speed_limit": 30,
        "time": "23:42",
        "trunk_road_flag": "2",
        "urban_or_rural_area": "1",
        "weather_conditions": "1",
        "geometry_source": "collision_location",
        "source_year": 2024,
        "date_iso": "2024-07-10"
      }
    },
    {
      "type": "Feature",
      "id": "2024131403132",
      "geometry": {
        "type": "Point",
        "coordinates": [
          -2.10199,
          53.71093
        ]
      },
      "properties": {
        "carriageway_hazards": "0",
        "carriageway_hazards_historic": "-1",
        "collision_adjusted_severity_serious": "1",
        "collision_adjusted_severity_slight": "0",
        "collision_index": "2024131403132",
        "collision_injury_based": "1",
        "collision_ref_no": "131403132",
        "collision_severity": "2",
        "collision_year": 2024,
        "date": "26/01/2024",
        "day_of_week": "6",
        "did_police_officer_attend_scene_of_accident": "1",
        "enhanced_severity_collision": "7",
        "first_road_class": "3",
        "first_road_number": "6033",
        "junction_control": "4",
        "junction_detail": "13",
        "junction_detail_historic": "-1",
        "latitude": "53.71093",
        "light_conditions": "4",
        "local_authority_district": "-1",
        "local_authority_highway": "E08000033",
        "local_authority_highway_current": "E08000033",
        "local_authority_ons_district": "E08000033",
        "location_easting_osgr": "393366",
        "location_northing_osgr": "423839",
        "longitude": "-2.10199",
        "lsoa_of_accident_location": "E01010983",
        "number_of_casualties": 1,
        "number_of_vehicles": 3,
        "pedestrian_crossing": "0",
        "pedestrian_crossing_human_control_historic": "-1",
        "pedestrian_crossing_physical_facilities_historic": "-1",
        "police_force": "13",
        "road_surface_conditions": "1",
        "road_type": "6",
        "second_road_class": "6",
        "second_road_number": "0",
        "special_conditions_at_site": "-1",
        "speed_limit": 30,
        "time": "22:52",
        "trunk_road_flag": "2",
        "urban_or_rural_area": "1",
        "weather_conditions": "1",
        "geometry_source": "collision_location",
        "source_year": 2024,
        "date_iso": "2024-01-26"
      }
    },
    {
      "type": "Feature",
      "id": "2024131427613",
      "geometry": {
        "type": "Point",
        "coordinates": [
          -1.86112,
          53.72094
        ]
      },
      "properties": {
        "carriageway_hazards": "13",
        "carriageway_hazards_historic": "-1",
        "collision_adjusted_severity_serious": "0",
        "collision_adjusted_severity_slight": "1",
        "collision_index": "2024131427613",
        "collision_injury_based": "1",
        "collision_ref_no": "131427613",
        "collision_severity": "3",
        "collision_year": 2024,
        "date": "03/04/2024",
        "day_of_week": "4",
        "did_police_officer_attend_scene_of_accident": "2",
        "enhanced_severity_collision": "3",
        "first_road_class": "6",
        "first_road_number": "0",
        "junction_control": "2",
        "junction_detail": "16",
        "junction_detail_historic": "-1",
        "latitude": "53.72094",
        "light_conditions": "1",
        "local_authority_district": "-1",
        "local_authority_highway": "E08000033",
        "local_authority_highway_current": "E08000033",
        "local_authority_ons_district": "E08000033",
        "location_easting_osgr": "409262",
        "location_northing_osgr": "424957",
        "longitude": "-1.86112",
        "lsoa_of_accident_location": "E01034583",
        "number_of_casualties": 1,
        "number_of_vehicles": 2,
        "pedestrian_crossing": "0",
        "pedestrian_crossing_human_control_historic": "-1",
        "pedestrian_crossing_physical_facilities_historic": "-1",
        "police_force": "13",
        "road_surface_conditions": "2",
        "road_type": "2",
        "second_road_class": "3",
        "second_road_number": "629",
        "special_conditions_at_site": "-1",
        "speed_limit": 20,
        "time": "12:00",
        "trunk_road_flag": "2",
        "urban_or_rural_area": "1",
        "weather_conditions": "2",
        "geometry_source": "collision_location",
        "source_year": 2024,
        "date_iso": "2024-04-03"
      }
    },
    {
      "type": "Feature",
      "id": "2024131523719",
      "geometry": {
        "type": "Point",
        "coordinates": [
          -1.86117,
          53.72113
        ]
      },
      "properties": {
        "carriageway_hazards": "0",
        "carriageway_hazards_historic": "-1",
        "collision_adjusted_severity_serious": "0",
        "collision_adjusted_severity_slight": "1",
        "collision_index": "2024131523719",
        "collision_injury_based": "1",
        "collision_ref_no": "131523719",
        "collision_severity": "3",
        "collision_year": 2024,
        "date": "30/11/2024",
        "day_of_week": "7",
        "did_police_officer_attend_scene_of_accident": "2",
        "enhanced_severity_collision": "3",
        "first_road_class": "6",
        "first_road_number": "0",
        "junction_control": "2",
        "junction_detail": "19",
        "junction_detail_historic": "-1",
        "latitude": "53.72113",
        "light_conditions": "1",
        "local_authority_district": "-1",
        "local_authority_highway": "E08000033",
        "local_authority_highway_current": "E08000033",
        "local_authority_ons_district": "E08000033",
        "location_easting_osgr": "409259",
        "location_northing_osgr": "424978",
        "longitude": "-1.86117",
        "lsoa_of_accident_location": "E01034583",
        "number_of_casualties": 1,
        "number_of_vehicles": 2,
        "pedestrian_crossing": "15",
        "pedestrian_crossing_human_control_historic": "-1",
        "pedestrian_crossing_physical_facilities_historic": "-1",
        "police_force": "13",
        "road_surface_conditions": "1",
        "road_type": "6",
        "second_road_class": "6",
        "second_road_number": "0",
        "special_conditions_at_site": "-1",
        "speed_limit": 30,
        "time": "13:15",
        "trunk_road_flag": "2",
        "urban_or_rural_area": "1",
        "weather_conditions": "1",
        "geometry_source": "collision_location",
        "source_year": 2024,
        "date_iso": "2024-11-30"
      }
    },
    {
      "type": "Feature",
      "id": "2024131527765",
      "geometry": {
        "type": "Point",
        "coordinates": [
          -1.87505,
          53.73422
        ]
      },
      "properties": {
        "carriageway_hazards": "0",
        "carriageway_hazards_historic": "-1",
        "collision_adjusted_severity_serious": "0",
        "collision_adjusted_severity_slight": "1",
        "collision_index": "2024131527765",
        "collision_injury_based": "1",
        "collision_ref_no": "131527765",
        "collision_severity": "3",
        "collision_year": 2024,
        "date": "07/12/2024",
        "day_of_week": "7",
        "did_police_officer_attend_scene_of_accident": "2",
        "enhanced_severity_collision": "3",
        "first_road_class": "6",
        "first_road_number": "0",
        "junction_control": "4",
        "junction_detail": "19",
        "junction_detail_historic": "-1",
        "latitude": "53.73422",
        "light_conditions": "4",
        "local_authority_district": "-1",
        "local_authority_highway": "E08000033",
        "local_authority_highway_current": "E08000033",
        "local_authority_ons_district": "E08000033",
        "location_easting_osgr": "408340",
        "location_northing_osgr": "426433",
        "longitude": "-1.87505",
        "lsoa_of_accident_location": "E01010938",
        "number_of_casualties": 1,
        "number_of_vehicles": 1,
        "pedestrian_crossing": "0",
        "pedestrian_crossing_human_control_historic": "-1",
        "pedestrian_crossing_physical_facilities_historic": "-1",
        "police_force": "13",
        "road_surface_conditions": "2",
        "road_type": "3",
        "second_road_class": "6",
        "second_road_number": "0",
        "special_conditions_at_site": "-1",
        "speed_limit": 20,
        "time": "22:00",
        "trunk_road_flag": "2",
        "urban_or_rural_area": "1",
        "weather_conditions": "5",
        "geometry_source": "collision_location",
        "source_year": 2024,
        "date_iso": "2024-12-07"
      }
    },
    {
      "type": "Feature",
      "id": "2024131417429",
      "geometry": {
        "type": "Point",
        "coordinates": [
          -2.0906,
          53.71443
        ]
      },
      "properties": {
        "carriageway_hazards": "0",
        "carriageway_hazards_historic": "-1",
        "collision_adjusted_severity_serious": "0",
        "collision_adjusted_severity_slight": "1",
        "collision_index": "2024131417429",
        "collision_injury_based": "1",
        "collision_ref_no": "131417429",
        "collision_severity": "3",
        "collision_year": 2024,
        "date": "28/02/2024",
        "day_of_week": "4",
        "did_police_officer_attend_scene_of_accident": "2",
        "enhanced_severity_collision": "3",
        "first_road_class": "6",
        "first_road_number": "0",
        "junction_control": "4",
        "junction_detail": "19",
        "junction_detail_historic": "-1",
        "latitude": "53.71443",
        "light_conditions": "4",
        "local_authority_district": "-1",
        "local_authority_highway": "E08000033",
        "local_authority_highway_current": "E08000033",
        "local_authority_ons_district": "E08000033",
        "location_easting_osgr": "394118",
        "location_northing_osgr": "424228",
        "longitude": "-2.0906",
        "lsoa_of_accident_location": "E01010984",
        "number_of_casualties": 1,
        "number_of_vehicles": 1,
        "pedestrian_crossing": "0",
        "pedestrian_crossing_human_control_historic": "-1",
        "pedestrian_crossing_physical_facilities_historic": "-1",
        "police_force": "13",
        "road_surface_conditions": "1",
        "road_type": "6",
        "second_road_class": "3",
        "second_road_number": "646",
        "special_conditions_at_site": "-1",
        "speed_limit": 20,
        "time": "19:45",
        "trunk_road_flag": "2",
        "urban_or_rural_area": "1",
        "weather_conditions": "8",
        "geometry_source": "collision_location",
        "source_year": 2024,
        "date_iso": "2024-02-28"
      }
    },
    {
      "type": "Feature",
      "id": "2024131525658",
      "geometry": {
        "type": "Point",
        "coordinates": [
          -1.90205,
          53.74734
        ]
      },
      "properties": {
        "carriageway_hazards": "0",
        "carriageway_hazards_historic": "-1",
        "collision_adjusted_severity_serious": "0",
        "collision_adjusted_severity_slight": "1",
        "collision_index": "2024131525658",
        "collision_injury_based": "1",
        "collision_ref_no": "131525658",
        "collision_severity": "3",
        "collision_year": 2024,
        "date": "04/12/2024",
        "day_of_week": "4",
        "did_police_officer_attend_scene_of_accident": "1",
        "enhanced_severity_collision": "3",
        "first_road_class": "6",
        "first_road_number": "0",
        "junction_control": "-1",
        "junction_detail": "0",
        "junction_detail_historic": "-1",
        "latitude": "53.74734",
        "light_conditions": "4",
        "local_authority_district": "-1",
        "local_authority_highway": "E08000033",
        "local_authority_highway_current": "E08000033",
        "local_authority_ons_district": "E08000033",
        "location_easting_osgr": "406557",
        "location_northing_osgr": "427890",
        "longitude": "-1.90205",
        "lsoa_of_accident_location": "E01010924",
        "number_of_casualties": 1,
        "number_of_vehicles": 1,
        "pedestrian_crossing": "0",
        "pedestrian_crossing_human_control_historic": "-1",
        "pedestrian_crossing_physical_facilities_historic": "-1",
        "police_force": "13",
        "road_surface_conditions": "2",
        "road_type": "6",
        "second_road_class": "6",
        "second_road_number": "0",
        "special_conditions_at_site": "-1",
        "speed_limit": 20,
        "time": "16:55",
        "trunk_road_flag": "2",
        "urban_or_rural_area": "1",
        "weather_conditions": "1",
        "geometry_source": "collision_location",
        "source_year": 2024,
        "date_iso": "2024-12-04"
      }
    },
    {
      "type": "Feature",
      "id": "2024131411182",
      "geometry": {
        "type": "Point",
        "coordinates": [
          -1.8548,
          53.68766
        ]
      },
      "properties": {
        "carriageway_hazards": "0",
        "carriageway_hazards_historic": "-1",
        "collision_adjusted_severity_serious": "1",
        "collision_adjusted_severity_slight": "0",
        "collision_index": "2024131411182",
        "collision_injury_based": "1",
        "collision_ref_no": "131411182",
        "collision_severity": "2",
        "collision_year": 2024,
        "date": "17/02/2024",
        "day_of_week": "7",
        "did_police_officer_attend_scene_of_accident": "1",
        "enhanced_severity_collision": "7",
        "first_road_class": "4",
        "first_road_number": "6113",
        "junction_control": "2",
        "junction_detail": "16",
        "junction_detail_historic": "-1",
        "latitude": "53.68766",
        "light_conditions": "1",
        "local_authority_district": "-1",
        "local_authority_highway": "E08000033",
        "local_authority_highway_current": "E08000033",
        "local_authority_ons_district": "E08000033",
        "location_easting_osgr": "409687",
        "location_northing_osgr": "421255",
        "longitude": "-1.8548",
        "lsoa_of_accident_location": "E01010898",
        "number_of_casualties": 1,
        "number_of_vehicles": 1,
        "pedestrian_crossing": "0",
        "pedestrian_crossing_human_control_historic": "-1",
        "pedestrian_crossing_physical_facilities_historic": "-1",
        "police_force": "13",
        "road_surface_conditions": "1",
        "road_type": "6",
        "second_road_class": "4",
        "second_road_number": "6112",
        "special_conditions_at_site": "-1",
        "speed_limit": 30,
        "time": "14:32",
        "trunk_road_flag": "2",
        "urban_or_rural_area": "1",
        "weather_conditions": "1",
        "geometry_source": "collision_location",
        "source_year": 2024,
        "date_iso": "2024-02-17"
      }
    },
    {
      "type": "Feature",
      "id": "2024131493603",
      "geometry": {
        "type": "Point",
        "coordinates": [
          -1.91129,
          53.70856
        ]
      },
      "properties": {
        "carriageway_hazards": "0",
        "carriageway_hazards_historic": "-1",
        "collision_adjusted_severity_serious": "1",
        "collision_adjusted_severity_slight": "0",
        "collision_index": "2024131493603",
        "collision_injury_based": "1",
        "collision_ref_no": "131493603",
        "collision_severity": "2",
        "collision_year": 2024,
        "date": "19/09/2024",
        "day_of_week": "5",
        "did_police_officer_attend_scene_of_accident": "1",
        "enhanced_severity_collision": "7",
        "first_road_class": "3",
        "first_road_number": "58",
        "junction_control": "-1",
        "junction_detail": "0",
        "junction_detail_historic": "-1",
        "latitude": "53.70856",
        "light_conditions": "1",
        "local_authority_district": "-1",
        "local_authority_highway": "E08000033",
        "local_authority_highway_current": "E08000033",
        "local_authority_ons_district": "E08000033",
        "location_easting_osgr": "405953",
        "location_northing_osgr": "423574",
        "longitude": "-1.91129",
        "lsoa_of_accident_location": "E01010979",
        "number_of_casualties": 1,
        "number_of_vehicles": 2,
        "pedestrian_crossing": "0",
        "pedestrian_crossing_human_control_historic": "-1",
        "pedestrian_crossing_physical_facilities_historic": "-1",
        "police_force": "13",
        "road_surface_conditions": "1",
        "road_type": "6",
        "second_road_class": "6",
        "second_road_number": "0",
        "special_conditions_at_site": "-1",
        "speed_limit": 30,
        "time": "17:20",
        "trunk_road_flag": "2",
        "urban_or_rural_area": "1",
        "weather_conditions": "1",
        "geometry_source": "collision_location",
        "source_year": 2024,
        "date_iso": "2024-09-19"
      }
    }
  ]
}