{
  "type": "FeatureCollection",
  "features": [
    {
      "type": "Feature",
      "id": "20201375K1083",
      "geometry": {
        "type": "Point",
        "coordinates": [
          -1.875915,
          53.725583
        ]
      },
      "properties": {
        "carriageway_hazards": "0",
        "carriageway_hazards_historic": "0",
        "collision_adjusted_severity_serious": "0.11708",
        "collision_adjusted_severity_slight": "0.88292",
        "collision_index": "20201375K1083",
        "collision_injury_based": "0",
        "collision_ref_no": "1375K1083",
        "collision_severity": "3",
        "collision_year": 2020,
        "date": "20/05/2020",
        "day_of_week": "4",
        "did_police_officer_attend_scene_of_accident": "1",
        "enhanced_severity_collision": "-1",
        "first_road_class": "6",
        "first_road_number": "0",
        "junction_control": "-1",
        "junction_detail": "0",
        "junction_detail_historic": "0",
        "latitude": "53.725583",
        "light_conditions": "1",
        "local_authority_district": "202",
        "local_authority_highway": "E08000033",
        "local_authority_highway_current": "E08000033",
        "local_authority_ons_district": "E08000033",
        "location_easting_osgr": "408285",
        "location_northing_osgr": "425470",
        "longitude": "-1.875915",
        "lsoa_of_accident_location": "E01010966",
        "number_of_casualties": 1,
        "number_of_vehicles": 1,
        "pedestrian_crossing": "0",
        "pedestrian_crossing_human_control_historic": "0",
        "pedestrian_crossing_physical_facilities_historic": "0",
        "police_force": "13",
        "road_surface_conditions": "1",
        "road_type": "6",
        "second_road_class": "0",
        "second_road_number": "-1",
        "special_conditions_at_site": "0",
        "speed_limit": 20,
        "time": "15:11",
        "trunk_road_flag": "2",
        "urban_or_rural_area": "1",
        "weather_conditions": "1",
        "geometry_source": "collision_location",
        "source_year": 2020,
        "date_iso": "2020-05-20"
      }
    },
    {
      "type": "Feature",
      "id": "2020137390799",
      "geometry": {
        "type": "Point",
        "coordinates": [
          -1.786979,
          53.711203
        ]
      },
      "properties": {
        "carriageway_hazards": "0",
        "carriageway_hazards_historic": "0",
        "collision_adjusted_severity_serious": "0.15796",
        "collision_adjusted_severity_slight": "0.84204",
        "collision_index": "2020137390799",
        "collision_injury_based": "0",
        "collision_ref_no": "137390799",
        "collision_severity": "3",
        "collision_year": 2020,
        "date": "09/03/2020",
        "day_of_week": "2",
        "did_police_officer_attend_scene_of_accident": "1",
        "enhanced_severity_collision": "-1",
        "first_road_class": "6",
        "first_road_number": "0",
        "junction_control": "4",
        "junction_detail": "16",
        "junction_detail_historic": "6",
        "latitude": "53.711203",
        "light_conditions": "1",
        "local_authority_district": "202",
        "local_authority_highway": "E08000033",
        "local_authority_highway_current": "E08000033",
        "local_authority_ons_district": "E08000033",
        "location_easting_osgr": "414158",
        "location_northing_osgr": "423884",
        "longitude": "-1.786979",
        "lsoa_of_accident_location": "E01010876",
        "number_of_casualties": 1,
        "number_of_vehicles": 2,
        "pedestrian_crossing": "0",
        "pedestrian_crossing_human_control_historic": "0",
        "pedestrian_crossing_physical_facilities_historic": "0",
        "police_force": "13",
        "road_surface_conditions": "1",
        "road_type": "6",
        "second_road_class": "6",
        "second_road_number": "0",
        "special_conditions_at_site": "0",
        "speed_limit": 30,
        "time": "13:25",
        "trunk_road_flag": "2",
        "urban_or_rural_area": "1",
        "weather_conditions": "1",
        "geometry_source": "collision_location",
        "source_year": 2020,
        "date_iso": "2020-03-09"
      }
    },
    {
      "type": "Feature",
      "id": "20201379F1479",
      "geometry": {
        "type": "Point",
        "coordinates": [
          -2.030452,
          53.739638
        ]
      },
      "properties": {
        "carriageway_hazards": "0",
        "carriageway_hazards_historic": "0",
        "collision_adjusted_severity_serious": "0.03323",
        "collision_adjusted_severity_slight": "0.96677",
        "collision_index": "20201379F1479",
        "collision_injury_based": "0",
        "collision_ref_no": "1379F1479",
        "collision_severity": "3",
        "collision_year": 2020,
        "date": "15/09/2020",
        "day_of_week": "3",
        "did_police_officer_attend_scene_of_accident": "2",
        "enhanced_severity_collision": "-1",
        "first_road_class": "3",
        "first_road_number": "646",
        "junction_control": "-1",
        "junction_detail": "0",
        "junction_detail_historic": "0",
        "latitude": "53.739638",
        "light_conditions": "1",
        "local_authority_district": "202",
        "local_authority_highway": "E08000033",
        "local_authority_highway_current": "E08000033",
        "local_authority_ons_district": "E08000033",
        "location_easting_osgr": "398089",
        "location_northing_osgr": "427027",
        "longitude": "-2.030452",
        "lsoa_of_accident_location": "E01010923",
        "number_of_casualties": 1,
        "number_of_vehicles": 1,
        "pedestrian_crossing": "0",
        "pedestrian_crossing_human_control_historic": "0",
        "pedestrian_crossing_physical_facilities_historic": "0",
        "police_force": "13",
        "road_surface_conditions": "1",
        "road_type": "6",
        "second_road_class": "0",
        "second_road_number": "-1",
        "special_conditions_at_site": "0",
        "speed_limit": 30,
        "time": "15:30",
        "trunk_road_flag": "2",
        "urban_or_rural_area": "2",
        "weather_conditions": "1",
        "geometry_source": "collision_location",
        "source_year": 2020,
        "date_iso": "2020-09-15"
      }
    },
    {
      "type": "Feature",
      "id": "20201377B1045",
      "geometry": {
        "type": "Point",
        "coordinates": [
          -1.776782,
          53.702754
        ]
      },
      "properties": {
        "carriageway_hazards": "0",
        "carriageway_hazards_historic": "0",
        "collision_adjusted_severity_serious": "0.11181",
        "collision_adjusted_severity_slight": "0.88819",
        "collision_index": "20201377B1045",
        "collision_injury_based": "0",
        "collision_ref_no": "1377B1045",
        "collision_severity": "3",
        "collision_year": 2020,
        "date": "11/07/2020",
        "day_of_week": "7",
        "did_police_officer_attend_scene_of_accident": "1",
        "enhanced_severity_collision": "-1",
        "first_road_class": "6",
        "first_road_number": "0",
        "junction_control": "4",
        "junction_detail": "16",
        "junction_detail_historic": "6",
        "latitude": "53.702754",
        "light_conditions": "1",
        "local_authority_district": "202",
        "local_authority_highway": "E08000033",
        "local_authority_highway_current": "E08000033",
        "local_authority_ons_district": "E08000033",
        "location_easting_osgr": "414834",
        "location_northing_osgr": "422946",
        "longitude": "-1.776782",
        "lsoa_of_accident_location": "E01010878",
        "number_of_casualties": 1,
        "number_of_vehicles": 1,
        "pedestrian_crossing": "0",
        "pedestrian_crossing_human_control_historic": "0",
        "pedestrian_crossing_physical_facilities_historic": "0",
        "police_force": "13",
        "road_surface_conditions": "1",
        "road_type": "6",
        "second_road_class": "6",
        "second_road_number": "0",
        "special_conditions_at_site": "0",
        "speed_limit": 30,
        "time": "15:05",
        "trunk_road_flag": "2",
        "urban_or_rural_area": "1",
        "weather_conditions": "1",
        "geometry_source": "collision_location",
        "source_year": 2020,
        "date_iso": "2020-07-11"
      }
    },
    {
      "type": "Feature",
      "id": "2020137571072",
      "geometry": {
        "type": "Point",
        "coordinates": [
          -1.840067,
          53.714935
        ]
      },
      "properties": {
        "carriageway_hazards": "0",
        "carriageway_hazards_historic": "0",
        "collision_adjusted_severity_serious": "0.01824",
        "collision_adjusted_severity_slight": "0.98176",
        "collision_index": "2020137571072",
        "collision_injury_based": "0",
        "collision_ref_no": "137571072",
        "collision_severity": "3",
        "collision_year": 2020,
        "date": "07/05/2020",
        "day_of_week": "5",
        "did_police_officer_attend_scene_of_accident": "1",
        "enhanced_severity_collision": "-1",
        "first_road_class": "6",
        "first_road_number": "0",
        "junction_control": "-1",
        "junction_detail": "0",
        "junction_detail_historic": "0",
        "latitude": "53.714935",
        "light_conditions": "1",
        "local_authority_district": "202",
        "local_authority_highway": "E08000033",
        "local_authority_highway_current": "E08000033",
        "local_authority_ons_district": "E08000033",
        "location_easting_osgr": "410653",
        "location_northing_osgr": "424290",
        "longitude": "-1.840067",
        "lsoa_of_accident_location": "E01010991",
        "number_of_casualties": 1,
        "number_of_vehicles": 2,
        "pedestrian_crossing": "0",
        "pedestrian_crossing_human_control_historic": "0",
        "pedestrian_crossing_physical_facilities_historic": "0",
        "police_force": "13",
        "road_surface_conditions": "1",
        "road_type": "6",
        "second_road_class": "0",
        "second_road_number": "-1",
        "special_conditions_at_site": "0",
        "speed_limit": 20,
        "time": "14:40",
        "trunk_road_flag": "2",
        "urban_or_rural_area": "1",
        "weather_conditions": "1",
        "geometry_source": "collision_location",
        "source_year": 2020,
        "date_iso": "2020-05-07"
      }
    },
    {
      "type": "Feature",
      "id": "20201379D1072",
      "geometry": {
        "type": "Point",
        "coordinates": [
          -1.873814,
          53.739081
        ]
      },
      "properties": {
        "carriageway_hazards": "0",
        "carriageway_hazards_historic": "0",
        "collision_adjusted_severity_serious": "0.08836",
        "collision_adjusted_severity_slight": "0.91164",
        "collision_index": "20201379D1072",
        "collision_injury_based": "0",
        "collision_ref_no": "1379D1072",
        "collision_severity": "3",
        "collision_year": 2020,
        "date": "13/09/2020",
        "day_of_week": "1",
        "did_police_officer_attend_scene_of_accident": "1",
        "enhanced_severity_collision": "-1",
        "first_road_class": "6",
        "first_road_number": "0",
        "junction_control": "-1",
        "junction_detail": "0",
        "junction_detail_historic": "0",
        "latitude": "53.739081",
        "light_conditions": "1",
        "local_authority_district": "202",
        "local_authority_highway": "E08000033",
        "local_authority_highway_current": "E08000033",
        "local_authority_ons_district": "E08000033",
        "location_easting_osgr": "408421",
        "location_northing_osgr": "426972",
        "longitude": "-1.873814",
        "lsoa_of_accident_location": "E01010940",
        "number_of_casualties": 2,
        "number_of_vehicles": 1,
        "pedestrian_crossing": "0",
        "pedestrian_crossing_human_control_historic": "0",
        "pedestrian_crossing_physical_facilities_historic": "0",
        "police_force": "13",
        "road_surface_conditions": "1",
        "road_type": "6",
        "second_road_class": "0",
        "second_road_number": "-1",
        "special_conditions_at_site": "0",
        "speed_limit": 30,
        "time": "15:14",
        "trunk_road_flag": "2",
        "urban_or_rural_area": "1",
        "weather_conditions": "1",
        "geometry_source": "collision_location",
        "source_year": 2020,
        "date_iso": "2020-09-13"
      }
    },
    {
      "type": "Feature",
      "id": "20201373P1523",
      "geometry": {
        "type": "Point",
        "coordinates": [
          -1.873614,
          53.67389
        ]
      },
      "properties": {
        "carriageway_hazards": "0",
        "carriageway_hazards_historic": "0",
        "collision_adjusted_severity_serious": "0.07483",
        "collision_adjusted_severity_slight": "0.92517",
        "collision_index": "20201373P1523",
        "collision_injury_based": "0",
        "collision_ref_no": "1373P1523",
        "collision_severity": "3",
        "collision_year": 2020,
        "date": "14/03/2020",
        "day_of_week": "7",
        "did_police_officer_attend_scene_of_accident": "2",
        "enhanced_severity_collision": "-1",
        "first_road_class": "4",
        "first_road_number": "6112",
        "junction_control": "4",
        "junction_detail": "13",
        "junction_detail_historic": "3",
        "latitude": "53.67389",
        "light_conditions": "1",
        "local_authority_district": "202",
        "local_authority_highway": "E08000033",
        "local_authority_highway_current": "E08000033",
        "local_authority_ons_district": "E08000033",
        "location_easting_osgr": "408447",
        "location_northing_osgr": "419719",
        "longitude": "-1.873614",
        "lsoa_of_accident_location": "E01010902",
        "number_of_casualties": 1,
        "number_of_vehicles": 2,
        "pedestrian_crossing": "0",
        "pedestrian_crossing_human_control_historic": "0",
        "pedestrian_crossing_physical_facilities_historic": "0",
        "police_force": "13",
        "road_surface_conditions": "1",
        "road_type": "6",
        "second_road_class": "6",
        "second_road_number": "0",
        "special_conditions_at_site": "0",
        "speed_limit": 30,
        "time": "18:00",
        "trunk_road_flag": "2",
        "urban_or_rural_area": "2",
        "weather_conditions": "1",
        "geometry_source": "collision_location",
        "source_year": 2020,
        "date_iso": "2020-03-14"
      }
    },
    {
      "type": "Feature",
      "id": "2020137AU1745",
      "geometry": {
        "type": "Point",
        "coordinates": [
          -1.830509,
          53.672417
        ]
      },
      "properties": {
        "carriageway_hazards": "17",
        "carriageway_hazards_historic": "2",
        "collision_adjusted_severity_serious": "0.1876",
        "collision_adjusted_severity_slight": "0.8124",
        "collision_index": "2020137AU1745",
        "collision_injury_based": "0",
        "collision_ref_no": "137AU1745",
        "collision_severity": "3",
        "collision_year": 2020,
        "date": "30/10/2020",
        "day_of_week": "6",
        "did_police_officer_attend_scene_of_accident": "1",
        "enhanced_severity_collision": "-1",
        "first_road_class": "1",
        "first_road_number": "62",
        "junction_control": "-1",
        "junction_detail": "0",
        "junction_detail_historic": "0",
        "latitude": "53.672417",
        "light_conditions": "4",
        "local_authority_district": "203",
        "local_authority_highway": "E08000033",
        "local_authority_highway_current": "E08000033",
        "local_authority_ons_district": "E08000033",
        "location_easting_osgr": "411295",
        "location_northing_osgr": "419561",
        "longitude": "-1.830509",
        "lsoa_of_accident_location": "E01010901",
        "number_of_casualties": 3,
        "number_of_vehicles": 3,
        "pedestrian_crossing": "0",
        "pedestrian_crossing_human_control_historic": "0",
        "pedestrian_crossing_physical_facilities_historic": "0",
        "police_force": "13",
        "road_surface_conditions": "1",
        "road_type": "3",
        "second_road_class": "0",
        "second_road_number": "-1",
        "special_conditions_at_site": "0",
        "speed_limit": 70,
        "time": "20:13",
        "trunk_road_flag": "1",
        "urban_or_rural_area": "2",
        "weather_conditions": "1",
        "geometry_source": "collision_location",
        "source_year": 2020,
        "date_iso": "2020-10-30"
      }
    },
    {
      "type": "Feature",
      "id": "2020137A41535",
      "geometry": {
        "type": "Point",
        "coordinates": [
          -1.885813,
          53.725305
        ]
      },
      "properties": {
        "carriageway_hazards": "0",
        "carriageway_hazards_historic": "0",
        "collision_adjusted_severity_serious": "0.11588",
        "collision_adjusted_severity_slight": "0.88412",
        "collision_index": "2020137A41535",
        "collision_injury_based": "0",
        "collision_ref_no": "137A41535",
        "collision_severity": "3",
        "collision_year": 2020,
        "date": "04/10/2020",
        "day_of_week": "1",
        "did_police_officer_attend_scene_of_accident": "1",
        "enhanced_severity_collision": "-1",
        "first_road_class": "6",
        "first_road_number": "0",
        "junction_control": "-1",
        "junction_detail": "0",
        "junction_detail_historic": "0",
        "latitude": "53.725305",
        "light_conditions": "4",
        "local_authority_district": "202",
        "local_authority_highway": "E08000033",
        "local_authority_highway_current": "E08000033",
        "local_authority_ons_district": "E08000033",
        "location_easting_osgr": "407632",
        "location_northing_osgr": "425438",
        "longitude": "-1.885813",
        "lsoa_of_accident_location": "E01010964",
        "number_of_casualties": 1,
        "number_of_vehicles": 1,
        "pedestrian_crossing": "0",
        "pedestrian_crossing_human_control_historic": "0",
        "pedestrian_crossing_physical_facilities_historic": "0",
        "police_force": "13",
        "road_surface_conditions": "2",
        "road_type": "6",
        "second_road_class": "0",
        "second_road_number": "-1",
        "special_conditions_at_site": "0",
        "speed_limit": 30,
        "time": "18:45",
        "trunk_road_flag": "2",
        "urban_or_rural_area": "1",
        "weather_conditions": "2",
        "geometry_source": "collision_location",
        "source_year": 2020,
        "date_iso": "2020-10-04"
      }
    },
    {
      "type": "Feature",
      "id": "20201373Q1706",
      "geometry": {
        "type": "Point",
        "coordinates": [
          -1.883025,
          53.714059
        ]
      },
      "properties": {
        "carriageway_hazards": "0",
        "carriageway_hazards_historic": "0",
        "collision_adjusted_severity_serious": "0.21694",
        "collision_adjusted_severity_slight": "0.78306",
        "collision_index": "20201373Q1706",
        "collision_injury_based": "0",
        "collision_ref_no": "1373Q1706",
        "collision_severity": "3",
        "collision_year": 2020,
        "date": "26/03/2020",
        "day_of_week": "5",
        "did_police_officer_attend_scene_of_accident": "1",
        "enhanced_severity_collision": "-1",
        "first_road_class": "3",
        "first_road_number": "58",
        "junction_control": "2",
        "junction_detail": "17",
        "junction_detail_historic": "7",
        "latitude": "53.714059",
        "light_conditions": "4",
        "local_authority_district": "202",
        "local_authority_highway": "E08000033",
        "local_authority_highway_current": "E08000033",
        "local_authority_ons_district": "E08000033",
        "location_easting_osgr": "407818",
        "location_northing_osgr": "424187",
        "longitude": "-1.883025",
        "lsoa_of_accident_location": "E01010970",
        "number_of_casualties": 4,
        "number_of_vehicles": 2,
        "pedestrian_crossing": "0",
        "pedestrian_crossing_human_control_historic": "0",
        "pedestrian_crossing_physical_facilities_historic": "0",
        "police_force": "13",
        "road_surface_conditions": "1",
        "road_type": "3",
        "second_road_class": "3",
        "second_road_number": "646",
        "special_conditions_at_site": "0",
        "speed_limit": 40,
        "time": "19:30",
        "trunk_road_flag": "2",
        "urban_or_rural_area": "1",
        "weather_conditions": "1",
        "geometry_source": "collision_location",
        "source_year": 2020,
        "date_iso": "2020-03-26"
      }
    },
    {
      "type": "Feature",
      "id": "20201371D1372",
      "geometry": {
        "type": "Point",
        "coordinates": [
          -1.838199,
          53.684166
        ]
      },
      "properties": {
        "carriageway_hazards": "0",
        "carriageway_hazards_historic": "0",
        "collision_adjusted_severity_serious": "0.16289",
        "collision_adjusted_severity_slight": "0.83711",
        "collision_index": "20201371D1372",
        "collision_injury_based": "0",
        "collision_ref_no": "1371D1372",
        "collision_severity": "3",
        "collision_year": 2020,
        "date": "13/01/2020",
        "day_of_week": "2",
        "did_police_officer_attend_scene_of_accident": "1",
        "enhanced_severity_collision": "-1",
        "first_road_class": "6",
        "first_road_number": "0",
        "junction_control": "-1",
        "junction_detail": "0",
        "junction_detail_historic": "0",
        "latitude": "53.684166",
        "light_conditions": "4",
        "local_authority_district": "202",
        "local_authority_highway": "E08000033",
        "local_authority_highway_current": "E08000033",
        "local_authority_ons_district": "E08000033",
        "location_easting_osgr": "410784",
        "location_northing_osgr": "420867",
        "longitude": "-1.838199",
        "lsoa_of_accident_location": "E01010889",
        "number_of_casualties": 1,
        "number_of_vehicles": 1,
        "pedestrian_crossing": "13",
        "pedestrian_crossing_human_control_historic": "0",
        "pedestrian_crossing_physical_facilities_historic": "1",
        "police_force": "13",
        "road_surface_conditions": "2",
        "road_type": "6",
        "second_road_class": "0",
        "second_road_number": "-1",
        "special_conditions_at_site": "0",
        "speed_limit": 20,
        "time": "17:35",
        "trunk_road_flag": "2",
        "urban_or_rural_area": "1",
        "weather_conditions": "5",
        "geometry_source": "collision_location",
        "source_year": 2020,
        "date_iso": "2020-01-13"
      }
    },
    {
      "type": "Feature",
      "id": "2020137320567",
      "geometry": {
        "type": "Point",
        "coordinates": [
          -1.856172,
          53.697554
        ]
      },
      "properties": {
        "carriageway_hazards": "0",
        "carriageway_hazards_historic": "0",
        "collision_adjusted_severity_serious": "0.04372",
        "collision_adjusted_severity_slight": "0.95628",
        "collision_index": "2020137320567",
        "collision_injury_based": "0",
        "collision_ref_no": "137320567",
        "collision_severity": "3",
        "collision_year": 2020,
        "date": "02/03/2020",
        "day_of_week": "2",
        "did_police_officer_attend_scene_of_accident": "1",
        "enhanced_severity_collision": "-1",
        "first_road_class": "3",
        "first_road_number": "6026",
        "junction_control": "4",
        "junction_detail": "0",
        "junction_detail_historic": "1",
        "latitude": "53.697554",
        "light_conditions": "1",
        "local_authority_district": "202",
        "local_authority_highway": "E08000033",
        "local_authority_highway_current": "E08000033",
        "local_authority_ons_district": "E08000033",
        "location_easting_osgr": "409594",
        "location_northing_osgr": "422354",
        "longitude": "-1.856172",
        "lsoa_of_accident_location": "E01010971",
        "number_of_casualties": 1,
        "number_of_vehicles": 3,
        "pedestrian_crossing": "0",
        "pedestrian_crossing_human_control_historic": "0",
        "pedestrian_crossing_physical_facilities_historic": "0",
        "police_force": "13",
        "road_surface_conditions": "1",
        "road_type": "1",
        "second_road_class": "4",
        "second_road_number": "6112",
        "special_conditions_at_site": "0",
        "speed_limit": 30,
        "time": "11:27",
        "trunk_road_flag": "2",
        "urban_or_rural_area": "2",
        "weather_conditions": "1",
        "geometry_source": "collision_location",
        "source_year": 2020,
        "date_iso": "2020-03-02"
      }
    },
    {
      "type": "Feature",
      "id": "2020137C21146",
      "geometry": {
        "type": "Point",
        "coordinates": [
          -1.776466,
          53.722392
        ]
      },
      "properties": {
        "carriageway_hazards": "0",
        "carriageway_hazards_historic": "0",
        "collision_adjusted_severity_serious": "0.00865",
        "collision_adjusted_severity_slight": "0.99135",
        "collision_index": "2020137C21146",
        "collision_injury_based": "0",
        "collision_ref_no": "137C21146",
        "collision_severity": "3",
        "collision_year": 2020,
        "date": "02/12/2020",
        "day_of_week": "4",
        "did_police_officer_attend_scene_of_accident": "1",
        "enhanced_severity_collision": "-1",
        "first_road_class": "3",
        "first_road_number": "641",
        "junction_control": "2",
        "junction_detail": "16",
        "junction_detail_historic": "6",
        "latitude": "53.722392",
        "light_conditions": "1",
        "local_authority_district": "200",
        "local_authority_highway": "E08000033",
        "local_authority_highway_current": "E08000033",
        "local_authority_ons_district": "E08000033",
        "location_easting_osgr": "414848",
        "location_northing_osgr": "425131",
        "longitude": "-1.776466",
        "lsoa_of_accident_location": "E01010908",
        "number_of_casualties": 1,
        "number_of_vehicles": 3,
        "pedestrian_crossing": "15",
        "pedestrian_crossing_human_control_historic": "0",
        "pedestrian_crossing_physical_facilities_historic": "5",
        "police_force": "13",
        "road_surface_conditions": "2",
        "road_type": "2",
        "second_road_class": "3",
        "second_road_number": "649",
        "special_conditions_at_site": "0",
        "speed_limit": 30,
        "time": "16:39",
        "trunk_road_flag": "2",
        "urban_or_rural_area": "1",
        "weather_conditions": "2",
        "geometry_source": "collision_location",
        "source_year": 2020,
        "date_iso": "2020-12-02"
      }
    },
    {
      "type": "Feature",
      "id": "20201374R1681",
      "geometry": {
        "type": "Point",
        "coordinates": [
          -1.88565,
          53.723651
        ]
      },
      "properties": {
        "carriageway_hazards": "0",
        "carriageway_hazards_historic": "0",
        "collision_adjusted_severity_serious": "0.16105",
        "collision_adjusted_severity_slight": "0.83895",
        "collision_index": "20201374R1681",
        "collision_injury_based": "0",
        "collision_ref_no": "1374R1681",
        "collision_severity": "3",
        "collision_year": 2020,
        "date": "27/04/2020",
        "day_of_week": "2",
        "did_police_officer_attend_scene_of_accident": "1",
        "enhanced_severity_collision": "-1",
        "first_road_class": "6",
        "first_road_number": "0",
        "junction_control": "-1",
        "junction_detail": "0",
        "junction_detail_historic": "0",
        "latitude": "53.723651",
        "light_conditions": "1",
        "local_authority_district": "202",
        "local_authority_highway": "E08000033",
        "local_authority_highway_current": "E08000033",
        "local_authority_ons_district": "E08000033",
        "location_easting_osgr": "407643",
        "location_northing_osgr": "425254",
        "longitude": "-1.88565",
        "lsoa_of_accident_location": "E01010964",
        "number_of_casualties": 1,
        "number_of_vehicles": 1,
        "pedestrian_crossing": "0",
        "pedestrian_crossing_human_control_historic": "0",
        "pedestrian_crossing_physical_facilities_historic": "0",
        "police_force": "13",
        "road_surface_conditions": "1",
        "road_type": "6",
        "second_road_class": "0",
        "second_road_number": "-1",
        "special_conditions_at_site": "0",
        "speed_limit": 20,
        "time": "18:45",
        "trunk_road_flag": "2",
        "urban_or_rural_area": "1",
        "weather_conditions": "1",
        "geometry_source": "collision_location",
        "source_year": 2020,
        "date_iso": "2020-04-27"
      }
    },
    {
      "type": "Feature",
      "id": "2020137BP0818",
      "geometry": {
        "type": "Point",
        "coordinates": [
          -1.892133,
          53.718975
        ]
      },
      "properties": {
        "carriageway_hazards": "0",
        "carriageway_hazards_historic": "0",
        "collision_adjusted_severity_serious": "0.0889",
        "collision_adjusted_severity_slight": "0.9111",
        "collision_index": "2020137BP0818",
        "collision_injury_based": "0",
        "collision_ref_no": "137BP0818",
        "collision_severity": "3",
        "collision_year": 2020,
        "date": "25/11/2020",
        "day_of_week": "4",
        "did_police_officer_attend_scene_of_accident": "1",
        "enhanced_severity_collision": "-1",
        "first_road_class": "6",
        "first_road_number": "0",
        "junction_control": "-1",
        "junction_detail": "0",
        "junction_detail_historic": "0",
        "latitude": "53.718975",
        "light_conditions": "1",
        "local_authority_district": "202",
        "local_authority_highway": "E08000033",
        "local_authority_highway_current": "E08000033",
        "local_authority_ons_district": "E08000033",
        "location_easting_osgr": "407216",
        "location_northing_osgr": "424733",
        "longitude": "-1.892133",
        "lsoa_of_accident_location": "E01011002",
        "number_of_casualties": 1,
        "number_of_vehicles": 2,
        "pedestrian_crossing": "0",
        "pedestrian_crossing_human_control_historic": "0",
        "pedestrian_crossing_physical_facilities_historic": "0",
        "police_force": "13",
        "road_surface_conditions": "1",
        "road_type": "6",
        "second_road_class": "0",
        "second_road_number": "-1",
        "special_conditions_at_site": "0",
        "speed_limit": 30,
        "time": "13:50",
        "trunk_road_flag": "2",
        "urban_or_rural_area": "1",
        "weather_conditions": "1",
        "geometry_source": "collision_location",
        "source_year": 2020,
        "date_iso": "2020-11-25"
      }
    },
    {
      "type": "Feature",
      "id": "2020137261097",
      "geometry": {
        "type": "Point",
        "coordinates": [
          -1.88401,
          53.747082
        ]
      },
      "properties": {
        "carriageway_hazards": "0",
        "carriageway_hazards_historic": "0",
        "collision_adjusted_severity_serious": "0.04154",
        "collision_adjusted_severity_slight": "0.95846",
        "collision_index": "2020137261097",
        "collision_injury_based": "0",
        "collision_ref_no": "137261097",
        "collision_severity": "3",
        "collision_year": 2020,
        "date": "06/02/2020",
        "day_of_week": "5",
        "did_police_officer_attend_scene_of_accident": "1",
        "enhanced_severity_collision": "-1",
        "first_road_class": "6",
        "first_road_number": "0",
        "junction_control": "-1",
        "junction_detail": "0",
        "junction_detail_historic": "0",
        "latitude": "53.747082",
        "light_conditions": "1",
        "local_authority_district": "202",
        "local_authority_highway": "E08000033",
        "local_authority_highway_current": "E08000033",
        "local_authority_ons_district": "E08000033",
        "location_easting_osgr": "407747",
        "location_northing_osgr": "427861",
        "longitude": "-1.88401",
        "lsoa_of_accident_location": "E01010916",
        "number_of_casualties": 1,
        "number_of_vehicles": 2,
        "pedestrian_crossing": "0",
        "pedestrian_crossing_human_control_historic": "0",
        "pedestrian_crossing_physical_facilities_historic": "0",
        "police_force": "13",
        "road_surface_conditions": "1",
        "road_type": "6",
        "second_road_class": "0",
        "second_road_number": "-1",
        "special_conditions_at_site": "0",
        "speed_limit": 30,
        "time": "15:40",
        "trunk_road_flag": "2",
        "urban_or_rural_area": "1",
        "weather_conditions": "1",
        "geometry_source": "collision_location",
        "source_year": 2020,
        "date_iso": "2020-02-06"
      }
    },
    {
      "type": "Feature",
      "id": "2020137AG1509",
      "geometry": {
        "type": "Point",
        "coordinates": [
          -1.859178,
          53.713521
        ]
      },
      "properties": {
        "carriageway_hazards": "0",
        "carriageway_hazards_historic": "0",
        "collision_adjusted_severity_serious": "0.02327",
        "collision_adjusted_severity_slight": "0.97673",
        "collision_index": "2020137AG1509",
        "collision_injury_based": "0",
        "collision_ref_no": "137AG1509",
        "collision_severity": "3",
        "collision_year": 2020,
        "date": "16/10/2020",
        "day_of_week": "6",
        "did_police_officer_attend_scene_of_accident": "1",
        "enhanced_severity_collision": "-1",
        "first_road_class": "6",
        "first_road_number": "0",
        "junction_control": "4",
        "junction_detail": "13",
        "junction_detail_historic": "3",
        "latitude": "53.713521",
        "light_conditions": "1",
        "local_authority_district": "202",
        "local_authority_highway": "E08000033",
        "local_authority_highway_current": "E08000033",
        "local_authority_ons_district": "E08000033",
        "location_easting_osgr": "409392",
        "location_northing_osgr": "424130",
        "longitude": "-1.859178",
        "lsoa_of_accident_location": "E01010968",
        "number_of_casualties": 1,
        "number_of_vehicles": 2,
        "pedestrian_crossing": "0",
        "pedestrian_crossing_human_control_historic": "0",
        "pedestrian_crossing_physical_facilities_historic": "0",
        "police_force": "13",
        "road_surface_conditions": "1",
        "road_type": "6",
        "second_road_class": "6",
        "second_road_number": "0",
        "special_conditions_at_site": "0",
        "speed_limit": 30,
        "time": "18:00",
        "trunk_road_flag": "2",
        "urban_or_rural_area": "1",
        "weather_conditions": "1",
        "geometry_source": "collision_location",
        "source_year": 2020,
        "date_iso": "2020-10-16"
      }
    },
    {
      "type": "Feature",
      "id": "20201375V0944",
      "geometry": {
        "type": "Point",
        "coordinates": [
          -1.886559,
          53.746455
        ]
      },
      "properties": {
        "carriageway_hazards": "0",
        "carriageway_hazards_historic": "0",
        "collision_adjusted_severity_serious": "1",
        "collision_adjusted_severity_slight": "0",
        "collision_index": "20201375V0944",
        "collision_injury_based": "0",
        "collision_ref_no": "1375V0944",
        "collision_severity": "2",
        "collision_year": 2020,
        "date": "31/05/2020",
        "day_of_week": "1",
        "did_police_officer_attend_scene_of_accident": "1",
        "enhanced_severity_collision": "-1",
        "first_road_class": "3",
        "first_road_number": "629",
        "junction_control": "4",
        "junction_detail": "13",
        "junction_detail_historic": "3",
        "latitude": "53.746455",
        "light_conditions": "1",
        "local_authority_district": "202",
        "local_authority_highway": "E08000033",
        "local_authority_highway_current": "E08000033",
        "local_authority_ons_district": "E08000033",
        "location_easting_osgr": "407579",
        "location_northing_osgr": "427791",
        "longitude": "-1.886559",
        "lsoa_of_accident_location": "E01010941",
        "number_of_casualties": 1,
        "number_of_vehicles": 2,
        "pedestrian_crossing": "0",
        "pedestrian_crossing_human_control_historic": "0",
        "pedestrian_crossing_physical_facilities_historic": "0",
        "police_force": "13",
        "road_surface_conditions": "1",
        "road_type": "6",
        "second_road_class": "6",
        "second_road_number": "0",
        "special_conditions_at_site": "0",
        "speed_limit": 30,
        "time": "13:00",
        "trunk_road_flag": "2",
        "urban_or_rural_area": "1",
        "weather_conditions": "1",
        "geometry_source": "collision_location",
        "source_year": 2020,
        "date_iso": "2020-05-31"
      }
    },
    {
      "type": "Feature",
      "id": "2020137CC1315",
      "geometry": {
        "type": "Point",
        "coordinates": [
          -1.856187,
          53.6975
        ]
      },
      "properties": {
        "carriageway_hazards": "0",
        "carriageway_hazards_historic": "0",
        "collision_adjusted_severity_serious": "0.06819",
        "collision_adjusted_severity_slight": "0.93181",
        "collision_index": "2020137CC1315",
        "collision_injury_based": "0",
        "collision_ref_no": "137CC1315",
        "collision_severity": "3",
        "collision_year": 2020,
        "date": "12/12/2020",
        "day_of_week": "7",
        "did_police_officer_attend_scene_of_accident": "2",
        "enhanced_severity_collision": "-1",
        "first_road_class": "4",
        "first_road_number": "6112",
        "junction_control": "4",
        "junction_detail": "0",
        "junction_detail_historic": "1",
        "latitude": "53.6975",
        "light_conditions": "1",
        "local_authority_district": "202",
        "local_authority_highway": "E08000033",
        "local_authority_highway_current": "E08000033",
        "local_authority_ons_district": "E08000033",
        "location_easting_osgr": "409593",
        "location_northing_osgr": "422348",
        "longitude": "-1.856187",
        "lsoa_of_accident_location": "E01010993",
        "number_of_casualties": 1,
        "number_of_vehicles": 2,
        "pedestrian_crossing": "0",
        "pedestrian_crossing_human_control_historic": "0",
        "pedestrian_crossing_physical_facilities_historic": "0",
        "police_force": "13",
        "road_surface_conditions": "1",
        "road_type": "1",
        "second_road_class": "3",
        "second_road_number": "6026",
        "special_conditions_at_site": "0",
        "speed_limit": 30,
        "time": "15:15",
        "trunk_road_flag": "2",
        "urban_or_rural_area": "2",
        "weather_conditions": "1",
        "geometry_source": "collision_location",
        "source_year": 2020,
        "date_iso": "2020-12-12"
      }
    },
    {
      "type": "Feature",
      "id": "20201376P0599",
      "geometry": {
        "type": "Point",
        "coordinates": [
          -1.817123,
          53.698454
        ]
      },
      "properties": {
        "carriageway_hazards": "0",
        "carriageway_hazards_historic": "0",
        "collision_adjusted_severity_serious": "1",
        "collision_adjusted_severity_slight": "0",
        "collision_index": "20201376P0599",
        "collision_injury_based": "0",
        "collision_ref_no": "1376P0599",
        "collision_severity": "2",
        "collision_year": 2020,
        "date": "24/06/2020",
        "day_of_week": "4",
        "did_police_officer_attend_scene_of_accident": "2",
        "enhanced_severity_collision": "-1",
        "first_road_class": "3",
        "first_road_number": "6025",
        "junction_control": "-1",
        "junction_detail": "0",
        "junction_detail_historic": "0",
        "latitude": "53.698454",
        "light_conditions": "1",
        "local_authority_district": "202",
        "local_authority_highway": "E08000033",
        "local_authority_highway_current": "E08000033",
        "local_authority_ons_district": "E08000033",
        "location_easting_osgr": "412172",
        "location_northing_osgr": "422460",
        "longitude": "-1.817123",
        "lsoa_of_accident_location": "E01010877",
        "number_of_casualties": 1,
        "number_of_vehicles": 2,
        "pedestrian_crossing": "0",
        "pedestrian_crossing_human_control_historic": "0",
        "pedestrian_crossing_physical_facilities_historic": "0",
        "police_force": "13",
        "road_surface_conditions": "1",
        "road_type": "6",
        "second_road_class": "0",
        "second_road_number": "-1",
        "special_conditions_at_site": "0",
        "speed_limit": 30,
        "time": "16:50",
        "trunk_road_flag": "2",
        "urban_or_rural_area": "2",
        "weather_conditions": "1",
        "geometry_source": "collision_location",
        "source_year": 2020,
        "date_iso": "2020-06-24"
      }
    },
    {
      "type": "Feature",
      "id": "20201374C1054",
      "geometry": {
        "type": "Point",
        "coordinates": [
          -1.915073,
          53.719964
        ]
      },
      "properties": {
        "carriageway_hazards": "17",
        "carriageway_hazards_historic": "2",
        "collision_adjusted_severity_serious": "0.31588",
        "collision_adjusted_severity_slight": "0.68412",
        "collision_index": "20201374C1054",
        "collision_injury_based": "0",
        "collision_ref_no": "1374C1054",
        "collision_severity": "3",
        "collision_year": 2020,
        "date": "12/04/2020",
        "day_of_week": "1",
        "did_police_officer_attend_scene_of_accident": "1",
        "enhanced_severity_collision": "-1",
        "first_road_class": "6",
        "first_road_number": "0",
        "junction_control": "-1",
        "junction_detail": "0",
        "junction_detail_historic": "0",
        "latitude": "53.719964",
        "light_conditions": "1",
        "local_authority_district": "202",
        "local_authority_highway": "E08000033",
        "local_authority_highway_current": "E08000033",
        "local_authority_ons_district": "E08000033",
        "location_easting_osgr": "405702",
        "location_northing_osgr": "424841",
        "longitude": "-1.915073",
        "lsoa_of_accident_location": "E01010997",
        "number_of_casualties": 2,
        "number_of_vehicles": 1,
        "pedestrian_crossing": "0",
        "pedestrian_crossing_human_control_historic": "0",
        "pedestrian_crossing_physical_facilities_historic": "0",
        "police_force": "13",
        "road_surface_conditions": "1",
        "road_type": "6",
        "second_road_class": "0",
        "second_road_number": "-1",
        "special_conditions_at_site": "0",
        "speed_limit": 20,
        "time": "11:46",
        "trunk_road_flag": "2",
        "urban_or_rural_area": "1",
        "weather_conditions": "1",
        "geometry_source": "collision_location",
        "source_year": 2020,
        "date_iso": "2020-04-12"
      }
    },
    {
      "type": "Feature",
      "id": "20201377I0514",
      "geometry": {
        "type": "Point",
        "coordinates": [
          -1.893532,
          53.753472
        ]
      },
      "properties": {
        "carriageway_hazards": "0",
        "carriageway_hazards_historic": "0",
        "collision_adjusted_severity_serious": "1",
        "collision_adjusted_severity_slight": "0",
        "collision_index": "20201377I0514",
        "collision_injury_based": "0",
        "collision_ref_no": "1377I0514",
        "collision_severity": "2",
        "collision_year": 2020,
        "date": "18/07/2020",
        "day_of_week": "7",
        "did_police_officer_attend_scene_of_accident": "1",
        "enhanced_severity_collision": "-1",
        "first_road_class": "3",
        "first_road_number": "629",
        "junction_control": "4",
        "junction_detail": "13",
        "junction_detail_historic": "3",
        "latitude": "53.753472",
        "light_conditions": "1",
        "local_authority_district": "202",
        "local_authority_highway": "E08000033",
        "local_authority_highway_current": "E08000033",
        "local_authority_ons_district": "E08000033",
        "location_easting_osgr": "407118",
        "location_northing_osgr": "428571",
        "longitude": "-1.893532",
        "lsoa_of_accident_location": "E01010916",
        "number_of_casualties": 1,
        "number_of_vehicles": 2,
        "pedestrian_crossing": "14",
        "pedestrian_crossing_human_control_historic": "0",
        "pedestrian_crossing_physical_facilities_historic": "4",
        "police_force": "13",
        "road_surface_conditions": "1",
        "road_type": "6",
        "second_road_class": "6",
        "second_road_number": "0",
        "special_conditions_at_site": "0",
        "speed_limit": 30,
        "time": "07:26",
        "trunk_road_flag": "2",
        "urban_or_rural_area": "1",
        "weather_conditions": "1",
        "geometry_source": "collision_location",
        "source_year": 2020,
        "date_iso": "2020-07-18"
      }
    },
    {
      "type": "Feature",
      "id": "20201377J1067",
      "geometry": {
        "type": "Point",
        "coordinates": [
          -2.10154,
          53.689436
        ]
      },
      "properties": {
        "carriageway_hazards": "0",
        "carriageway_hazards_historic": "0",
        "collision_adjusted_severity_serious": "0.07336",
        "collision_adjusted_severity_slight": "0.92664",
        "collision_index": "20201377J1067",
        "collision_injury_based": "0",
        "collision_ref_no": "1377J1067",
        "collision_severity": "3",
        "collision_year": 2020,
        "date": "19/07/2020",
        "day_of_week": "1",
        "did_police_officer_attend_scene_of_accident": "1",
        "enhanced_severity_collision": "-1",
        "first_road_class": "3",
        "first_road_number": "6033",
        "junction_control": "-1",
        "junction_detail": "0",
        "junction_detail_historic": "0",
        "latitude": "53.689436",
        "light_conditions": "1",
        "local_authority_district": "202",
        "local_authority_highway": "E08000033",
        "local_authority_highway_current": "E08000033",
        "local_authority_ons_district": "E08000033",
        "location_easting_osgr": "393392",
        "location_northing_osgr": "421446",
        "longitude": "-2.10154",
        "lsoa_of_accident_location": "E01010886",
        "number_of_casualties": 3,
        "number_of_vehicles": 2,
        "pedestrian_crossing": "13",
        "pedestrian_crossing_human_control_historic": "0",
        "pedestrian_crossing_physical_facilities_historic": "1",
        "police_force": "13",
        "road_surface_conditions": "1",
        "road_type": "6",
        "second_road_class": "0",
        "second_road_number": "-1",
        "special_conditions_at_site": "0",
        "speed_limit": 30,
        "time": "14:42",
        "trunk_road_flag": "2",
        "urban_or_rural_area": "1",
        "weather_conditions": "1",
        "geometry_source": "collision_location",
        "source_year": 2020,
        "date_iso": "2020-07-19"
      }
    },
    {
      "type": "Feature",
      "id": "20201377H0105",
      "geometry": {
        "type": "Point",
        "coordinates": [
          -1.779083,
          53.702965
        ]
      },
      "properties": {
        "carriageway_hazards": "0",
        "carriageway_hazards_historic": "0",
        "collision_adjusted_severity_serious": "0",
        "collision_adjusted_severity_slight": "0",
        "collision_index": "20201377H0105",
        "collision_injury_based": "0",
        "collision_ref_no": "1377H0105",
        "collision_severity": "1",
        "collision_year": 2020,
        "date": "17/07/2020",
        "day_of_week": "6",
        "did_police_officer_attend_scene_of_accident": "1",
        "enhanced_severity_collision": "-1",
        "first_road_class": "6",
        "first_road_number": "0",
        "junction_control": "-1",
        "junction_detail": "0",
        "junction_detail_historic": "0",
        "latitude": "53.702965",
        "light_conditions": "4",
        "local_authority_district": "202",
        "local_authority_highway": "E08000033",
        "local_authority_highway_current": "E08000033",
        "local_authority_ons_district": "E08000033",
        "location_easting_osgr": "414682",
        "location_northing_osgr": "422969",
        "longitude": "-1.779083",
        "lsoa_of_accident_location": "E01010878",
        "number_of_casualties": 2,
        "number_of_vehicles": 2,
        "pedestrian_crossing": "0",
        "pedestrian_crossing_human_control_historic": "0",
        "pedestrian_crossing_physical_facilities_historic": "0",
        "police_force": "13",
        "road_surface_conditions": "1",
        "road_type": "6",
        "second_road_class": "0",
        "second_road_number": "-1",
        "special_conditions_at_site": "0",
        "speed_limit": 20,
        "time": "01:07",
        "trunk_road_flag": "2",
        "urban_or_rural_area": "1",
        "weather_conditions": "1",
        "geometry_source": "collision_location",
        "source_year": 2020,
        "date_iso": "2020-07-17"
      }
    },
    {
      "type": "Feature",
      "id": "2020137BJ1255",
      "geometry": {
        "type": "Point",
        "coordinates": [
          -1.75969,
          53.698398
        ]
      },
      "properties": {
        "carriageway_hazards": "0",
        "carriageway_hazards_historic": "0",
        "collision_adjusted_severity_serious": "1",
        "collision_adjusted_severity_slight": "0",
        "collision_index": "2020137BJ1255",
        "collision_injury_based": "0",
        "collision_ref_no": "137BJ1255",
        "collision_severity": "2",
        "collision_year": 2020,
        "date": "19/11/2020",
        "day_of_week": "5",
        "did_police_officer_attend_scene_of_accident": "2",
        "enhanced_severity_collision": "-1",
        "first_road_class": "6",
        "first_road_number": "0",
        "junction_control": "4",
        "junction_detail": "13",
        "junction_detail_historic": "3",
        "latitude": "53.698398",
        "light_conditions": "4",
        "local_authority_district": "202",
        "local_authority_highway": "E08000033",
        "local_authority_highway_current": "E08000033",
        "local_authority_ons_district": "E08000033",
        "location_easting_osgr": "415964",
        "location_northing_osgr": "422465",
        "longitude": "-1.75969",
        "lsoa_of_accident_location": "E01010879",
        "number_of_casualties": 1,
        "number_of_vehicles": 2,
        "pedestrian_crossing": "0",
        "pedestrian_crossing_human_control_historic": "0",
        "pedestrian_crossing_physical_facilities_historic": "0",
        "police_force": "13",
        "road_surface_conditions": "2",
        "road_type": "6",
        "second_road_class": "6",
        "second_road_number": "0",
        "special_conditions_at_site": "0",
        "speed_limit": 30,
        "time": "17:15",
        "trunk_road_flag": "2",
        "urban_or_rural_area": "2",
        "weather_conditions": "1",
        "geometry_source": "collision_location",
        "source_year": 2020,
        "date_iso": "2020-11-19"
      }
    },
    {
      "type": "Feature",
      "id": "20201373A1143",
      "geometry": {
        "type": "Point",
        "coordinates": [
          -1.883386,
          53.720387
        ]
      },
      "properties": {
        "carriageway_hazards": "0",
        "carriageway_hazards_historic": "0",
        "collision_adjusted_severity_serious": "0.13058",
        "collision_adjusted_severity_slight": "0.86942",
        "collision_index": "20201373A1143",
        "collision_injury_based": "0",
        "collision_ref_no": "1373A1143",
        "collision_severity": "3",
        "collision_year": 2020,
        "date": "10/03/2020",
        "day_of_week": "3",
        "did_police_officer_attend_scene_of_accident": "1",
        "enhanced_severity_collision": "-1",
        "first_road_class": "6",
        "first_road_number": "0",
        "junction_control": "-1",
        "junction_detail": "0",
        "junction_detail_historic": "0",
        "latitude": "53.720387",
        "light_conditions": "1",
        "local_authority_district": "202",
        "local_authority_highway": "E08000033",
        "local_authority_highway_current": "E08000033",
        "local_authority_ons_district": "E08000033",
        "location_easting_osgr": "407793",
        "location_northing_osgr": "424891",
        "longitude": "-1.883386",
        "lsoa_of_accident_location": "E01011001",
        "number_of_casualties": 1,
        "number_of_vehicles": 1,
        "pedestrian_crossing": "0",
        "pedestrian_crossing_human_control_historic": "0",
        "pedestrian_crossing_physical_facilities_historic": "0",
        "police_force": "13",
        "road_surface_conditions": "1",
        "road_type": "6",
        "second_road_class": "0",
        "second_road_number": "-1",
        "special_conditions_at_site": "0",
        "speed_limit": 30,
        "time": "16:02",
        "trunk_road_flag": "2",
        "urban_or_rural_area": "1",
        "weather_conditions": "1",
        "geometry_source": "collision_location",
        "source_year": 2020,
        "date_iso": "2020-03-10"
      }
    },
    {
      "type": "Feature",
      "id": "20201378T1076",
      "geometry": {
        "type": "Point",
        "coordinates": [
          -2.01486,
          53.681299
        ]
      },
      "properties": {
        "carriageway_hazards": "0",
        "carriageway_hazards_historic": "0",
        "collision_adjusted_severity_serious": "1",
        "collision_adjusted_severity_slight": "0",
        "collision_index": "20201378T1076",
        "collision_injury_based": "0",
        "collision_ref_no": "1378T1076",
        "collision_severity": "2",
        "collision_year": 2020,
        "date": "29/08/2020",
        "day_of_week": "7",
        "did_police_officer_attend_scene_of_accident": "1",
        "enhanced_severity_collision": "-1",
        "first_road_class": "4",
        "first_road_number": "6138",
        "junction_control": "-1",
        "junction_detail": "0",
        "junction_detail_historic": "0",
        "latitude": "53.681299",
        "light_conditions": "1",
        "local_authority_district": "202",
        "local_authority_highway": "E08000033",
        "local_authority_highway_current": "E08000033",
        "local_authority_ons_district": "E08000033",
        "location_easting_osgr": "399116",
        "location_northing_osgr": "420536",
        "longitude": "-2.01486",
        "lsoa_of_accident_location": "E01010918",
        "number_of_casualties": 1,
        "number_of_vehicles": 1,
        "pedestrian_crossing": "0",
        "pedestrian_crossing_human_control_historic": "0",
        "pedestrian_crossing_physical_facilities_historic": "0",
        "police_force": "13",
        "road_surface_conditions": "2",
        "road_type": "2",
        "second_road_class": "0",
        "second_road_number": "-1",
        "special_conditions_at_site": "0",
        "speed_limit": 60,
        "time": "15:03",
        "trunk_road_flag": "2",
        "urban_or_rural_area": "2",
        "weather_conditions": "2",
        "geometry_source": "collision_location",
        "source_year": 2020,
        "date_iso": "2020-08-29"
      }
    },
    {
      "type": "Feature",
      "id": "2020137661330",
      "geometry": {
        "type": "Point",
        "coordinates": [
          -1.949176,
          53.662108
        ]
      },
      "properties": {
        "carriageway_hazards": "0",
        "carriageway_hazards_historic": "0",
        "collision_adjusted_severity_serious": "0.02119",
        "collision_adjusted_severity_slight": "0.97881",
        "collision_index": "2020137661330",
        "collision_injury_based": "0",
        "collision_ref_no": "137661330",
        "collision_severity": "3",
        "collision_year": 2020,
        "date": "06/06/2020",
        "day_of_week": "7",
        "did_police_officer_attend_scene_of_accident": "2",
        "enhanced_severity_collision": "-1",
        "first_road_class": "3",
        "first_road_number": "627",
        "junction_control": "-1",
        "junction_detail": "0",
        "junction_detail_historic": "0",
        "latitude": "53.662108",
        "light_conditions": "1",
        "local_authority_district": "202",
        "local_authority_highway": "E08000033",
        "local_authority_highway_current": "E08000033",
        "local_authority_ons_district": "E08000033",
        "location_easting_osgr": "403456",
        "location_northing_osgr": "418402",
        "longitude": "-1.949176",
        "lsoa_of_accident_location": "E01010954",
        "number_of_casualties": 1,
        "number_of_vehicles": 3,
        "pedestrian_crossing": "0",
        "pedestrian_crossing_human_control_historic": "0",
        "pedestrian_crossing_physical_facilities_historic": "0",
        "police_force": "13",
        "road_surface_conditions": "1",
        "road_type": "6",
        "second_road_class": "0",
        "second_road_number": "-1",
        "special_conditions_at_site": "0",
        "speed_limit": 30,
        "time": "16:30",
        "trunk_road_flag": "2",
        "urban_or_rural_area": "2",
        "weather_conditions": "1",
        "geometry_source": "collision_location",
        "source_year": 2020,
        "date_iso": "2020-06-06"
      }
    },
    {
      "type": "Feature",
      "id": "20201377K1281",
      "geometry": {
        "type": "Point",
        "coordinates": [
          -1.864429,
          53.74885
        ]
      },
      "properties": {
        "carriageway_hazards": "0",
        "carriageway_hazards_historic": "0",
        "collision_adjusted_severity_serious": "0.20849",
        "collision_adjusted_severity_slight": "0.79151",
        "collision_index": "20201377K1281",
        "collision_injury_based": "0",
        "collision_ref_no": "1377K1281",
        "collision_severity": "3",
        "collision_year": 2020,
        "date": "20/07/2020",
        "day_of_week": "2",
        "did_police_officer_attend_scene_of_accident": "1",
        "enhanced_severity_collision": "-1",
        "first_road_class": "6",
        "first_road_number": "0",
        "junction_control": "-1",
        "junction_detail": "0",
        "junction_detail_historic": "0",
        "latitude": "53.74885",
        "light_conditions": "1",
        "local_authority_district": "202",
        "local_authority_highway": "E08000033",
        "local_authority_highway_current": "E08000033",
        "local_authority_ons_district": "E08000033",
        "location_easting_osgr": "409038",
        "location_northing_osgr": "428060",
        "longitude": "-1.864429",
        "lsoa_of_accident_location": "E01010934",
        "number_of_casualties": 1,
        "number_of_vehicles": 2,
        "pedestrian_crossing": "0",
        "pedestrian_crossing_human_control_historic": "0",
        "pedestrian_crossing_physical_facilities_historic": "0",
        "police_force": "13",
        "road_surface_conditions": "1",
        "road_type": "6",
        "second_road_class": "0",
        "second_road_number": "-1",
        "special_conditions_at_site": "0",
        "speed_limit": 30,
        "time": "16:47",
        "trunk_road_flag": "2",
        "urban_or_rural_area": "2",
        "weather_conditions": "1",
        "geometry_source": "collision_location",
        "source_year": 2020,
        "date_iso": "2020-07-20"
      }
    },
    {
      "type": "Feature",
      "id": "2020137C31556",
      "geometry": {
        "type": "Point",
        "coordinates": [
          -1.869126,
          53.725477
        ]
      },
      "properties": {
        "carriageway_hazards": "0",
        "carriageway_hazards_historic": "0",
        "collision_adjusted_severity_serious": "0.06156",
        "collision_adjusted_severity_slight": "0.93844",
        "collision_index": "2020137C31556",
        "collision_injury_based": "0",
        "collision_ref_no": "137C31556",
        "collision_severity": "3",
        "collision_year": 2020,
        "date": "03/12/2020",
        "day_of_week": "5",
        "did_police_officer_attend_scene_of_accident": "2",
        "enhanced_severity_collision": "-1",
        "first_road_class": "6",
        "first_road_number": "0",
        "junction_control": "4",
        "junction_detail": "19",
        "junction_detail_historic": "9",
        "latitude": "53.725477",
        "light_conditions": "4",
        "local_authority_district": "202",
        "local_authority_highway": "E08000033",
        "local_authority_highway_current": "E08000033",
        "local_authority_ons_district": "E08000033",
        "location_easting_osgr": "408733",
        "location_northing_osgr": "425459",
        "longitude": "-1.869126",
        "lsoa_of_accident_location": "E01010960",
        "number_of_casualties": 1,
        "number_of_vehicles": 1,
        "pedestrian_crossing": "0",
        "pedestrian_crossing_human_control_historic": "0",
        "pedestrian_crossing_physical_facilities_historic": "0",
        "police_force": "13",
        "road_surface_conditions": "1",
        "road_type": "6",
        "second_road_class": "6",
        "second_road_number": "0",
        "special_conditions_at_site": "0",
        "speed_limit": 30,
        "time": "16:45",
        "trunk_road_flag": "2",
        "urban_or_rural_area": "1",
        "weather_conditions": "1",
        "geometry_source": "collision_location",
        "source_year": 2020,
        "date_iso": "2020-12-03"
      }
    },
    {
      "type": "Feature",
      "id": "2020137AV0373",
      "geometry": {
        "type": "Point",
        "coordinates": [
          -1.944123,
          53.672999
        ]
      },
      "properties": {
        "carriageway_hazards": "0",
        "carriageway_hazards_historic": "0",
        "collision_adjusted_severity_serious": "0.11442",
        "collision_adjusted_severity_slight": "0.88558",
        "collision_index": "2020137AV0373",
        "collision_injury_based": "0",
        "collision_ref_no": "137AV0373",
        "collision_severity": "3",
        "collision_year": 2020,
        "date": "31/10/2020",
        "day_of_week": "7",
        "did_police_officer_attend_scene_of_accident": "1",
        "enhanced_severity_collision": "-1",
        "first_road_class": "6",
        "first_road_number": "0",
        "junction_control": "-1",
        "junction_detail": "0",
        "junction_detail_historic": "0",
        "latitude": "53.672999",
        "light_conditions": "4",
        "local_authority_district": "202",
        "local_authority_highway": "E08000033",
        "local_authority_highway_current": "E08000033",
        "local_authority_ons_district": "E08000033",
        "location_easting_osgr": "403789",
        "location_northing_osgr": "419614",
        "longitude": "-1.944123",
        "lsoa_of_accident_location": "E01010952",
        "number_of_casualties": 2,
        "number_of_vehicles": 2,
        "pedestrian_crossing": "0",
        "pedestrian_crossing_human_control_historic": "0",
        "pedestrian_crossing_physical_facilities_historic": "0",
        "police_force": "13",
        "road_surface_conditions": "2",
        "road_type": "6",
        "second_road_class": "0",
        "second_road_number": "-1",
        "special_conditions_at_site": "0",
        "speed_limit": 30,
        "time": "06:30",
        "trunk_road_flag": "2",
        "urban_or_rural_area": "2",
        "weather_conditions": "1",
        "geometry_source": "collision_location",
        "source_year": 2020,
        "date_iso": "2020-10-31"
      }
    },
    {
      "type": "Feature",
      "id": "2020137751323",
      "geometry": {
        "type": "Point",
        "coordinates": [
          -2.008184,
          53.686513
        ]
      },
      "properties": {
        "carriageway_hazards": "0",
        "carriageway_hazards_historic": "0",
        "collision_adjusted_severity_serious": "0.09145",
        "collision_adjusted_severity_slight": "0.90855",
        "collision_index": "2020137751323",
        "collision_injury_based": "0",
        "collision_ref_no": "137751323",
        "collision_severity": "3",
        "collision_year": 2020,
        "date": "05/07/2020",
        "day_of_week": "1",
        "did_police_officer_attend_scene_of_accident": "1",
        "enhanced_severity_collision": "-1",
        "first_road_class": "4",
        "first_road_number": "6138",
        "junction_control": "-1",
        "junction_detail": "0",
        "junction_detail_historic": "0",
        "latitude": "53.686513",
        "light_conditions": "1",
        "local_authority_district": "202",
        "local_authority_highway": "E08000033",
        "local_authority_highway_current": "E08000033",
        "local_authority_ons_district": "E08000033",
        "location_easting_osgr": "399557",
        "location_northing_osgr": "421116",
        "longitude": "-2.008184",
        "lsoa_of_accident_location": "E01010955",
        "number_of_casualties": 1,
        "number_of_vehicles": 1,
        "pedestrian_crossing": "0",
        "pedestrian_crossing_human_control_historic": "0",
        "pedestrian_crossing_physical_facilities_historic": "0",
        "police_force": "13",
        "road_surface_conditions": "2",
        "road_type": "6",
        "second_road_class": "0",
        "second_road_number": "-1",
        "special_conditions_at_site": "0",
        "speed_limit": 60,
        "time": "15:30",
        "trunk_road_flag": "2",
        "urban_or_rural_area": "2",
        "weather_conditions": "5",
        "geometry_source": "collision_location",
        "source_year": 2020,
        "date_iso": "2020-07-05"
      }
    },
    {
      "type": "Feature",
      "id": "20201372R0352",
      "geometry": {
        "type": "Point",
        "coordinates": [
          -1.868267,
          53.699375
        ]
      },
      "properties": {
        "carriageway_hazards": "0",
        "carriageway_hazards_historic": "0",
        "collision_adjusted_severity_serious": "0.0749",
        "collision_adjusted_severity_slight": "0.9251",
        "collision_index": "20201372R0352",
        "collision_injury_based": "0",
        "collision_ref_no": "1372R0352",
        "collision_severity": "3",
        "collision_year": 2020,
        "date": "27/02/2020",
        "day_of_week": "5",
        "did_police_officer_attend_scene_of_accident": "1",
        "enhanced_severity_collision": "-1",
        "first_road_class": "3",
        "first_road_number": "6026",
        "junction_control": "-1",
        "junction_detail": "0",
        "junction_detail_historic": "0",
        "latitude": "53.699375",
        "light_conditions": "1",
        "local_authority_district": "202",
        "local_authority_highway": "E08000033",
        "local_authority_highway_current": "E08000033",
        "local_authority_ons_district": "E08000033",
        "location_easting_osgr": "408795",
        "location_northing_osgr": "422555",
        "longitude": "-1.868267",
        "lsoa_of_accident_location": "E01010973",
        "number_of_casualties": 1,
        "number_of_vehicles": 1,
        "pedestrian_crossing": "11",
        "pedestrian_crossing_human_control_historic": "1",
        "pedestrian_crossing_physical_facilities_historic": "1",
        "police_force": "13",
        "road_surface_conditions": "1",
        "road_type": "6",
        "second_road_class": "0",
        "second_road_number": "-1",
        "special_conditions_at_site": "0",
        "speed_limit": 20,
        "time": "09:00",
        "trunk_road_flag": "2",
        "urban_or_rural_area": "1",
        "weather_conditions": "1",
        "geometry_source": "collision_location",
        "source_year": 2020,
        "date_iso": "2020-02-27"
      }
    },
    {
      "type": "Feature",
      "id": "20201374O1160",
      "geometry": {
        "type": "Point",
        "coordinates": [
          -1.860332,
          53.717351
        ]
      },
      "properties": {
        "carriageway_hazards": "0",
        "carriageway_hazards_historic": "0",
        "collision_adjusted_severity_serious": "0.13069",
        "collision_adjusted_severity_slight": "0.86931",
        "collision_index": "20201374O1160",
        "collision_injury_based": "0",
        "collision_ref_no": "1374O1160",
        "collision_severity": "3",
        "collision_year": 2020,
        "date": "24/04/2020",
        "day_of_week": "6",
        "did_police_officer_attend_scene_of_accident": "1",
        "enhanced_severity_collision": "-1",
        "first_road_class": "3",
        "first_road_number": "629",
        "junction_control": "-1",
        "junction_detail": "0",
        "junction_detail_historic": "0",
        "latitude": "53.717351",
        "light_conditions": "1",
        "local_authority_district": "202",
        "local_authority_highway": "E08000033",
        "local_authority_highway_current": "E08000033",
        "local_authority_ons_district": "E08000033",
        "location_easting_osgr": "409315",
        "location_northing_osgr": "424556",
        "longitude": "-1.860332",
        "lsoa_of_accident_location": "E01010989",
        "number_of_casualties": 1,
        "number_of_vehicles": 2,
        "pedestrian_crossing": "0",
        "pedestrian_crossing_human_control_historic": "0",
        "pedestrian_crossing_physical_facilities_historic": "0",
        "police_force": "13",
        "road_surface_conditions": "1",
        "road_type": "3",
        "second_road_class": "0",
        "second_road_number": "-1",
        "special_conditions_at_site": "0",
        "speed_limit": 30,
        "time": "15:01",
        "trunk_road_flag": "2",
        "urban_or_rural_area": "1",
        "weather_conditions": "1",
        "geometry_source": "collision_location",
        "source_year": 2020,
        "date_iso": "2020-04-24"
      }
    },
    {
      "type": "Feature",
      "id": "20201377I1280",
      "geometry": {
        "type": "Point",
        "coordinates": [
          -1.872295,
          53.735035
        ]
      },
      "properties": {
        "carriageway_hazards": "0",
        "carriageway_hazards_historic": "0",
        "collision_adjusted_severity_serious": "0.02967",
        "collision_adjusted_severity_slight": "0.97033",
        "collision_index": "20201377I1280",
        "collision_injury_based": "0",
        "collision_ref_no": "1377I1280",
        "collision_severity": "3",
        "collision_year": 2020,
        "date": "18/07/2020",
        "day_of_week": "7",
        "did_police_officer_attend_scene_of_accident": "1",
        "enhanced_severity_collision": "-1",
        "first_road_class": "6",
        "first_road_number": "0",
        "junction_control": "-1",
        "junction_detail": "0",
        "junction_detail_historic": "0",
        "latitude": "53.735035",
        "light_conditions": "1",
        "local_authority_district": "202",
        "local_authority_highway": "E08000033",
        "local_authority_highway_current": "E08000033",
        "local_authority_ons_district": "E08000033",
        "location_easting_osgr": "408522",
        "location_northing_osgr": "426522",
        "longitude": "-1.872295",
        "lsoa_of_accident_location": "E01010961",
        "number_of_casualties": 1,
        "number_of_vehicles": 2,
        "pedestrian_crossing": "0",
        "pedestrian_crossing_human_control_historic": "0",
        "pedestrian_crossing_physical_facilities_historic": "0",
        "police_force": "13",
        "road_surface_conditions": "1",
        "road_type": "6",
        "second_road_class": "0",
        "second_road_number": "-1",
        "special_conditions_at_site": "0",
        "speed_limit": 30,
        "time": "15:55",
        "trunk_road_flag": "2",
        "urban_or_rural_area": "1",
        "weather_conditions": "1",
        "geometry_source": "collision_location",
        "source_year": 2020,
        "date_iso": "2020-07-18"
      }
    },
    {
      "type": "Feature",
      "id": "2020137940805",
      "geometry": {
        "type": "Point",
        "coordinates": [
          -1.748044,
          53.698104
        ]
      },
      "properties": {
        "carriageway_hazards": "0",
        "carriageway_hazards_historic": "0",
        "collision_adjusted_severity_serious": "1",
        "collision_adjusted_severity_slight": "0",
        "collision_index": "2020137940805",
        "collision_injury_based": "0",
        "collision_ref_no": "137940805",
        "collision_severity": "2",
        "collision_year": 2020,
        "date": "04/09/2020",
        "day_of_week": "6",
        "did_police_officer_attend_scene_of_accident": "1",
        "enhanced_severity_collision": "-1",
        "first_road_class": "1",
        "first_road_number": "62",
        "junction_control": "-1",
        "junction_detail": "0",
        "junction_detail_historic": "0",
        "latitude": "53.698104",
        "light_conditions": "1",
        "local_authority_district": "202",
        "local_authority_highway": "E08000033",
        "local_authority_highway_current": "E08000033",
        "local_authority_ons_district": "E08000033",
        "location_easting_osgr": "416733",
        "location_northing_osgr": "422435",
        "longitude": "-1.748044",
        "lsoa_of_accident_location": "E01010879",
        "number_of_casualties": 2,
        "number_of_vehicles": 2,
        "pedestrian_crossing": "0",
        "pedestrian_crossing_human_control_historic": "0",
        "pedestrian_crossing_physical_facilities_historic": "0",
        "police_force": "13",
        "road_surface_conditions": "1",
        "road_type": "3",
        "second_road_class": "0",
        "second_road_number": "-1",
        "special_conditions_at_site": "0",
        "speed_limit": 70,
        "time": "13:20",
        "trunk_road_flag": "1",
        "urban_or_rural_area": "2",
        "weather_conditions": "1",
        "geometry_source": "collision_location",
        "source_year": 2020,
        "date_iso": "2020-09-04"
      }
    },
    {
      "type": "Feature",
      "id": "2020137CI0343",
      "geometry": {
        "type": "Point",
        "coordinates": [
          -1.913908,
          53.719235
        ]
      },
      "properties": {
        "carriageway_hazards": "0",
        "carriageway_hazards_historic": "0",
        "collision_adjusted_severity_serious": "0.07274",
        "collision_adjusted_severity_slight": "0.92726",
        "collision_index": "2020137CI0343",
        "collision_injury_based": "0",
        "collision_ref_no": "137CI0343",
        "collision_severity": "3",
        "collision_year": 2020,
        "date": "18/12/2020",
        "day_of_week": "6",
        "did_police_officer_attend_scene_of_accident": "2",
        "enhanced_severity_collision": "-1",
        "first_road_class": "6",
        "first_road_number": "0",
        "junction_control": "-1",
        "junction_detail": "0",
        "junction_detail_historic": "0",
        "latitude": "53.719235",
        "light_conditions": "1",
        "local_authority_district": "202",
        "local_authority_highway": "E08000033",
        "local_authority_highway_current": "E08000033",
        "local_authority_ons_district": "E08000033",
        "location_easting_osgr": "405779",
        "location_northing_osgr": "424760",
        "longitude": "-1.913908",
        "lsoa_of_accident_location": "E01010997",
        "number_of_casualties": 1,
        "number_of_vehicles": 1,
        "pedestrian_crossing": "0",
        "pedestrian_crossing_human_control_historic": "0",
        "pedestrian_crossing_physical_facilities_historic": "0",
        "police_force": "13",
        "road_surface_conditions": "1",
        "road_type": "3",
        "second_road_class": "0",
        "second_road_number": "-1",
        "special_conditions_at_site": "0",
        "speed_limit": 30,
        "time": "15:10",
        "trunk_road_flag": "2",
        "urban_or_rural_area": "1",
        "weather_conditions": "1",
        "geometry_source": "collision_location",
        "source_year": 2020,
        "date_iso": "2020-12-18"
      }
    },
    {
      "type": "Feature",
      "id": "2020137990899",
      "geometry": {
        "type": "Point",
        "coordinates": [
          -1.877323,
          53.710413
        ]
      },
      "properties": {
        "carriageway_hazards": "0",
        "carriageway_hazards_historic": "0",
        "collision_adjusted_severity_serious": "0.31294",
        "collision_adjusted_severity_slight": "0.68706",
        "collision_index": "2020137990899",
        "collision_injury_based": "0",
        "collision_ref_no": "137990899",
        "collision_severity": "3",
        "collision_year": 2020,
        "date": "09/09/2020",
        "day_of_week": "4",
        "did_police_officer_attend_scene_of_accident": "1",
        "enhanced_severity_collision": "-1",
        "first_road_class": "3",
        "first_road_number": "646",
        "junction_control": "4",
        "junction_detail": "13",
        "junction_detail_historic": "3",
        "latitude": "53.710413",
        "light_conditions": "1",
        "local_authority_district": "202",
        "local_authority_highway": "E08000033",
        "local_authority_highway_current": "E08000033",
        "local_authority_ons_district": "E08000033",
        "location_easting_osgr": "408195",
        "location_northing_osgr": "423782",
        "longitude": "-1.877323",
        "lsoa_of_accident_location": "E01010970",
        "number_of_casualties": 2,
        "number_of_vehicles": 1,
        "pedestrian_crossing": "0",
        "pedestrian_crossing_human_control_historic": "0",
        "pedestrian_crossing_physical_facilities_historic": "0",
        "police_force": "13",
        "road_surface_conditions": "1",
        "road_type": "6",
        "second_road_class": "6",
        "second_road_number": "0",
        "special_conditions_at_site": "0",
        "speed_limit": 30,
        "time": "14:10",
        "trunk_road_flag": "2",
        "urban_or_rural_area": "1",
        "weather_conditions": "1",
        "geometry_source": "collision_location",
        "source_year": 2020,
        "date_iso": "2020-09-09"
      }
    },
    {
      "type": "Feature",
      "id": "20201376N1459",
      "geometry": {
        "type": "Point",
        "coordinates": [
          -1.895084,
          53.726968
        ]
      },
      "properties": {
        "carriageway_hazards": "0",
        "carriageway_hazards_historic": "0",
        "collision_adjusted_severity_serious": "1",
        "collision_adjusted_severity_slight": "0",
        "collision_index": "20201376N1459",
        "collision_injury_based": "0",
        "collision_ref_no": "1376N1459",
        "collision_severity": "2",
        "collision_year": 2020,
        "date": "23/06/2020",
        "day_of_week": "3",
        "did_police_officer_attend_scene_of_accident": "1",
        "enhanced_severity_collision": "-1",
        "first_road_class": "6",
        "first_road_number": "0",
        "junction_control": "-1",
        "junction_detail": "0",
        "junction_detail_historic": "0",
        "latitude": "53.726968",
        "light_conditions": "1",
        "local_authority_district": "202",
        "local_authority_highway": "E08000033",
        "local_authority_highway_current": "E08000033",
        "local_authority_ons_district": "E08000033",
        "location_easting_osgr": "407020",
        "location_northing_osgr": "425622",
        "longitude": "-1.895084",
        "lsoa_of_accident_location": "E01010930",
        "number_of_casualties": 1,
        "number_of_vehicles": 2,
        "pedestrian_crossing": "0",
        "pedestrian_crossing_human_control_historic": "0",
        "pedestrian_crossing_physical_facilities_historic": "0",
        "police_force": "13",
        "road_surface_conditions": "1",
        "road_type": "6",
        "second_road_class": "0",
        "second_road_number": "-1",
        "special_conditions_at_site": "0",
        "speed_limit": 20,
        "time": "18:00",
        "trunk_road_flag": "2",
        "urban_or_rural_area": "1",
        "weather_conditions": "1",
        "geometry_source": "collision_location",
        "source_year": 2020,
        "date_iso": "2020-06-23"
      }
    },
    {
      "type": "Feature",
      "id": "20201371D0480",
      "geometry": {
        "type": "Point",
        "coordinates": [
          -2.1048,
          53.696929
        ]
      },
      "properties": {
        "carriageway_hazards": "0",
        "carriageway_hazards_historic": "0",
        "collision_adjusted_severity_serious": "0.07165",
        "collision_adjusted_severity_slight": "0.92835",
        "collision_index": "20201371D0480",
        "collision_injury_based": "0",
        "collision_ref_no": "1371D0480",
        "collision_severity": "3",
        "collision_year": 2020,
        "date": "13/01/2020",
        "day_of_week": "2",
        "did_police_officer_attend_scene_of_accident": "2",
        "enhanced_severity_collision": "-1",
        "first_road_class": "3",
        "first_road_number": "6033",
        "junction_control": "-1",
        "junction_detail": "0",
        "junction_detail_historic": "0",
        "latitude": "53.696929",
        "light_conditions": "1",
        "local_authority_district": "202",
        "local_authority_highway": "E08000033",
        "local_authority_highway_current": "E08000033",
        "local_authority_ons_district": "E08000033",
        "location_easting_osgr": "393178",
        "location_northing_osgr": "422280",
        "longitude": "-2.1048",
        "lsoa_of_accident_location": "E01010885",
        "number_of_casualties": 1,
        "number_of_vehicles": 2,
        "pedestrian_crossing": "0",
        "pedestrian_crossing_human_control_historic": "0",
        "pedestrian_crossing_physical_facilities_historic": "0",
        "police_force": "13",
        "road_surface_conditions": "1",
        "road_type": "6",
        "second_road_class": "0",
        "second_road_number": "-1",
        "special_conditions_at_site": "0",
        "speed_limit": 30,
        "time": "10:05",
        "trunk_road_flag": "2",
        "urban_or_rural_area": "1",
        "weather_conditions": "1",
        "geometry_source": "collision_location",
        "source_year": 2020,
        "date_iso": "2020-01-13"
      }
    },
    {
      "type": "Feature",
      "id": "2020137641954",
      "geometry": {
        "type": "Point",
        "coordinates": [
          -1.753296,
          53.696228
        ]
      },
      "properties": {
        "carriageway_hazards": "0",
        "carriageway_hazards_historic": "0",
        "collision_adjusted_severity_serious": "0.08836",
        "collision_adjusted_severity_slight": "0.91164",
        "collision_index": "2020137641954",
        "collision_injury_based": "0",
        "collision_ref_no": "137641954",
        "collision_severity": "3",
        "collision_year": 2020,
        "date": "04/06/2020",
        "day_of_week": "5",
        "did_police_officer_attend_scene_of_accident": "1",
        "enhanced_severity_collision": "-1",
        "first_road_class": "3",
        "first_road_number": "644",
        "junction_control": "4",
        "junction_detail": "0",
        "junction_detail_historic": "5",
        "latitude": "53.696228",
        "light_conditions": "4",
        "local_authority_district": "202",
        "local_authority_highway": "E08000033",
        "local_authority_highway_current": "E08000033",
        "local_authority_ons_district": "E08000033",
        "location_easting_osgr": "416387",
        "location_northing_osgr": "422225",
        "longitude": "-1.753296",
        "lsoa_of_accident_location": "E01010879",
        "number_of_casualties": 1,
        "number_of_vehicles": 2,
        "pedestrian_crossing": "0",
        "pedestrian_crossing_human_control_historic": "0",
        "pedestrian_crossing_physical_facilities_historic": "0",
        "police_force": "13",
        "road_surface_conditions": "1",
        "road_type": "1",
        "second_road_class": "1",
        "second_road_number": "62",
        "special_conditions_at_site": "0",
        "speed_limit": 40,
        "time": "23:20",
        "trunk_road_flag": "2",
        "urban_or_rural_area": "2",
        "weather_conditions": "1",
        "geometry_source": "collision_location",
        "source_year": 2020,
        "date_iso": "2020-06-04"
      }
    },
    {
      "type": "Feature",
      "id": "20201373N0890",
      "geometry": {
        "type": "Point",
        "coordinates": [
          -1.883939,
          53.728809
        ]
      },
      "properties": {
        "carriageway_hazards": "0",
        "carriageway_hazards_historic": "0",
        "collision_adjusted_severity_serious": "0.05636",
        "collision_adjusted_severity_slight": "0.94364",
        "collision_index": "20201373N0890",
        "collision_injury_based": "0",
        "collision_ref_no": "1373N0890",
        "collision_severity": "3",
        "collision_year": 2020,
        "date": "23/03/2020",
        "day_of_week": "2",
        "did_police_officer_attend_scene_of_accident": "1",
        "enhanced_severity_collision": "-1",
        "first_road_class": "6",
        "first_road_number": "0",
        "junction_control": "4",
        "junction_detail": "19",
        "junction_detail_historic": "9",
        "latitude": "53.728809",
        "light_conditions": "1",
        "local_authority_district": "202",
        "local_authority_highway": "E08000033",
        "local_authority_highway_current": "E08000033",
        "local_authority_ons_district": "E08000033",
        "location_easting_osgr": "407755",
        "location_northing_osgr": "425828",
        "longitude": "-1.883939",
        "lsoa_of_accident_location": "E01010964",
        "number_of_casualties": 1,
        "number_of_vehicles": 2,
        "pedestrian_crossing": "0",
        "pedestrian_crossing_human_control_historic": "0",
        "pedestrian_crossing_physical_facilities_historic": "0",
        "police_force": "13",
        "road_surface_conditions": "1",
        "road_type": "6",
        "second_road_class": "6",
        "second_road_number": "0",
        "special_conditions_at_site": "0",
        "speed_limit": 20,
        "time": "15:39",
        "trunk_road_flag": "2",
        "urban_or_rural_area": "1",
        "weather_conditions": "1",
        "geometry_source": "collision_location",
        "source_year": 2020,
        "date_iso": "2020-03-23"
      }
    },
    {
      "type": "Feature",
      "id": "2020137151256",
      "geometry": {
        "type": "Point",
        "coordinates": [
          -1.876065,
          53.721089
        ]
      },
      "properties": {
        "carriageway_hazards": "0",
        "carriageway_hazards_historic": "0",
        "collision_adjusted_severity_serious": "1",
        "collision_adjusted_severity_slight": "0",
        "collision_index": "2020137151256",
        "collision_injury_based": "0",
        "collision_ref_no": "137151256",
        "collision_severity": "2",
        "collision_year": 2020,
        "date": "05/01/2020",
        "day_of_week": "1",
        "did_police_officer_attend_scene_of_accident": "1",
        "enhanced_severity_collision": "-1",
        "first_road_class": "6",
        "first_road_number": "0",
        "junction_control": "4",
        "junction_detail": "13",
        "junction_detail_historic": "3",
        "latitude": "53.721089",
        "light_conditions": "4",
        "local_authority_district": "202",
        "local_authority_highway": "E08000033",
        "local_authority_highway_current": "E08000033",
        "local_authority_ons_district": "E08000033",
        "location_easting_osgr": "408276",
        "location_northing_osgr": "424970",
        "longitude": "-1.876065",
        "lsoa_of_accident_location": "E01010995",
        "number_of_casualties": 1,
        "number_of_vehicles": 2,
        "pedestrian_crossing": "0",
        "pedestrian_crossing_human_control_historic": "0",
        "pedestrian_crossing_physical_facilities_historic": "0",
        "police_force": "13",
        "road_surface_conditions": "2",
        "road_type": "6",
        "second_road_class": "6",
        "second_road_number": "0",
        "special_conditions_at_site": "0",
        "speed_limit": 30,
        "time": "17:50",
        "trunk_road_flag": "2",
        "urban_or_rural_area": "1",
        "weather_conditions": "1",
        "geometry_source": "collision_location",
        "source_year": 2020,
        "date_iso": "2020-01-05"
      }
    },
    {
      "type": "Feature",
      "id": "2020137991272",
      "geometry": {
        "type": "Point",
        "coordinates": [
          -1.86432,
          53.730658
        ]
      },
      "properties": {
        "carriageway_hazards": "0",
        "carriageway_hazards_historic": "0",
        "collision_adjusted_severity_serious": "0.13489",
        "collision_adjusted_severity_slight": "0.86511",
        "collision_index": "2020137991272",
        "collision_injury_based": "0",
        "collision_ref_no": "137991272",
        "collision_severity": "3",
        "collision_year": 2020,
        "date": "09/09/2020",
        "day_of_week": "4",
        "did_police_officer_attend_scene_of_accident": "1",
        "enhanced_severity_collision": "-1",
        "first_road_class": "6",
        "first_road_number": "0",
        "junction_control": "-1",
        "junction_detail": "0",
        "junction_detail_historic": "0",
        "latitude": "53.730658",
        "light_conditions": "1",
        "local_authority_district": "202",
        "local_authority_highway": "E08000033",
        "local_authority_highway_current": "E08000033",
        "local_authority_ons_district": "E08000033",
        "location_easting_osgr": "409049",
        "location_northing_osgr": "426036",
        "longitude": "-1.86432",
        "lsoa_of_accident_location": "E01032923",
        "number_of_casualties": 1,
        "number_of_vehicles": 1,
        "pedestrian_crossing": "0",
        "pedestrian_crossing_human_control_historic": "0",
        "pedestrian_crossing_physical_facilities_historic": "0",
        "police_force": "13",
        "road_surface_conditions": "1",
        "road_type": "6",
        "second_road_class": "0",
        "second_road_number": "-1",
        "special_conditions_at_site": "0",
        "speed_limit": 20,
        "time": "16:50",
        "trunk_road_flag": "2",
        "urban_or_rural_area": "1",
        "weather_conditions": "1",
        "geometry_source": "collision_location",
        "source_year": 2020,
        "date_iso": "2020-09-09"
      }
    },
    {
      "type": "Feature",
      "id": "2020137760934",
      "geometry": {
        "type": "Point",
        "coordinates": [
          -1.853806,
          53.70289
        ]
      },
      "properties": {
        "carriageway_hazards": "0",
        "carriageway_hazards_historic": "0",
        "collision_adjusted_severity_serious": "0.00994",
        "collision_adjusted_severity_slight": "0.99006",
        "collision_index": "2020137760934",
        "collision_injury_based": "0",
        "collision_ref_no": "137760934",
        "collision_severity": "3",
        "collision_year": 2020,
        "date": "06/07/2020",
        "day_of_week": "2",
        "did_police_officer_attend_scene_of_accident": "2",
        "enhanced_severity_collision": "-1",
        "first_road_class": "3",
        "first_road_number": "629",
        "junction_control": "-1",
        "junction_detail": "0",
        "junction_detail_historic": "0",
        "latitude": "53.70289",
        "light_conditions": "1",
        "local_authority_district": "202",
        "local_authority_highway": "E08000033",
        "local_authority_highway_current": "E08000033",
        "local_authority_ons_district": "E08000033",
        "location_easting_osgr": "409749",
        "location_northing_osgr": "422948",
        "longitude": "-1.853806",
        "lsoa_of_accident_location": "E01010993",
        "number_of_casualties": 1,
        "number_of_vehicles": 2,
        "pedestrian_crossing": "0",
        "pedestrian_crossing_human_control_historic": "0",
        "pedestrian_crossing_physical_facilities_historic": "0",
        "police_force": "13",
        "road_surface_conditions": "1",
        "road_type": "6",
        "second_road_class": "0",
        "second_road_number": "-1",
        "special_conditions_at_site": "0",
        "speed_limit": 30,
        "time": "14:00",
        "trunk_road_flag": "2",
        "urban_or_rural_area": "1",
        "weather_conditions": "1",
        "geometry_source": "collision_location",
        "source_year": 2020,
        "date_iso": "2020-07-06"
      }
    },
    {
      "type": "Feature",
      "id": "2020137A11004",
      "geometry": {
        "type": "Point",
        "coordinates": [
          -1.797994,
          53.691925
        ]
      },
      "properties": {
        "carriageway_hazards": "0",
        "carriageway_hazards_historic": "0",
        "collision_adjusted_severity_serious": "0.0742",
        "collision_adjusted_severity_slight": "0.9258",
        "collision_index": "2020137A11004",
        "collision_injury_based": "0",
        "collision_ref_no": "137A11004",
        "collision_severity": "3",
        "collision_year": 2020,
        "date": "01/10/2020",
        "day_of_week": "5",
        "did_police_officer_attend_scene_of_accident": "2",
        "enhanced_severity_collision": "-1",
        "first_road_class": "6",
        "first_road_number": "0",
        "junction_control": "-1",
        "junction_detail": "0",
        "junction_detail_historic": "0",
        "latitude": "53.691925",
        "light_conditions": "1",
        "local_authority_district": "203",
        "local_authority_highway": "E08000033",
        "local_authority_highway_current": "E08000033",
        "local_authority_ons_district": "E08000033",
        "location_easting_osgr": "413437",
        "location_northing_osgr": "421737",
        "longitude": "-1.797994",
        "lsoa_of_accident_location": "E01010895",
        "number_of_casualties": 1,
        "number_of_vehicles": 1,
        "pedestrian_crossing": "0",
        "pedestrian_crossing_human_control_historic": "0",
        "pedestrian_crossing_physical_facilities_historic": "0",
        "police_force": "13",
        "road_surface_conditions": "1",
        "road_type": "6",
        "second_road_class": "0",
        "second_road_number": "-1",
        "special_conditions_at_site": "0",
        "speed_limit": 30,
        "time": "15:30",
        "trunk_road_flag": "2",
        "urban_or_rural_area": "1",
        "weather_conditions": "1",
        "geometry_source": "collision_location",
        "source_year": 2020,
        "date_iso": "2020-10-01"
      }
    },
    {
      "type": "Feature",
      "id": "2020137CI0721",
      "geometry": {
        "type": "Point",
        "coordinates": [
          -1.842713,
          53.716385
        ]
      },
      "properties": {
        "carriageway_hazards": "0",
        "carriageway_hazards_historic": "0",
        "collision_adjusted_severity_serious": "0.03389",
        "collision_adjusted_severity_slight": "0.96611",
        "collision_index": "2020137CI0721",
        "collision_injury_based": "0",
        "collision_ref_no": "137CI0721",
        "collision_severity": "3",
        "collision_year": 2020,
        "date": "18/12/2020",
        "day_of_week": "6",
        "did_police_officer_attend_scene_of_accident": "1",
        "enhanced_severity_collision": "-1",
        "first_road_class": "6",
        "first_road_number": "0",
        "junction_control": "-1",
        "junction_detail": "0",
        "junction_detail_historic": "0",
        "latitude": "53.716385",
        "light_conditions": "1",
        "local_authority_district": "202",
        "local_authority_highway": "E08000033",
        "local_authority_highway_current": "E08000033",
        "local_authority_ons_district": "E08000033",
        "location_easting_osgr": "410478",
        "location_northing_osgr": "424451",
        "longitude": "-1.842713",
        "lsoa_of_accident_location": "E01010991",
        "number_of_casualties": 1,
        "number_of_vehicles": 2,
        "pedestrian_crossing": "0",
        "pedestrian_crossing_human_control_historic": "0",
        "pedestrian_crossing_physical_facilities_historic": "0",
        "police_force": "13",
        "road_surface_conditions": "1",
        "road_type": "6",
        "second_road_class": "0",
        "second_road_number": "-1",
        "special_conditions_at_site": "0",
        "speed_limit": 20,
        "time": "13:25",
        "trunk_road_flag": "2",
        "urban_or_rural_area": "1",
        "weather_conditions": "1",
        "geometry_source": "collision_location",
        "source_year": 2020,
        "date_iso": "2020-12-18"
      }
    },
    {
      "type": "Feature",
      "id": "20201371M1567",
      "geometry": {
        "type": "Point",
        "coordinates": [
          -1.871806,
          53.716312
        ]
      },
      "properties": {
        "carriageway_hazards": "0",
        "carriageway_hazards_historic": "0",
        "collision_adjusted_severity_serious": "0.07221",
        "collision_adjusted_severity_slight": "0.92779",
        "collision_index": "20201371M1567",
        "collision_injury_based": "0",
        "collision_ref_no": "1371M1567",
        "collision_severity": "3",
        "collision_year": 2020,
        "date": "21/01/2020",
        "day_of_week": "3",
        "did_police_officer_attend_scene_of_accident": "2",
        "enhanced_severity_collision": "-1",
        "first_road_class": "6",
        "first_road_number": "0",
        "junction_control": "4",
        "junction_detail": "0",
        "junction_detail_historic": "1",
        "latitude": "53.716312",
        "light_conditions": "4",
        "local_authority_district": "202",
        "local_authority_highway": "E08000033",
        "local_authority_highway_current": "E08000033",
        "local_authority_ons_district": "E08000033",
        "location_easting_osgr": "408558",
        "location_northing_osgr": "424439",
        "longitude": "-1.871806",
        "lsoa_of_accident_location": "E01010974",
        "number_of_casualties": 1,
        "number_of_vehicles": 2,
        "pedestrian_crossing": "0",
        "pedestrian_crossing_human_control_historic": "0",
        "pedestrian_crossing_physical_facilities_historic": "0",
        "police_force": "13",
        "road_surface_conditions": "1",
        "road_type": "1",
        "second_road_class": "6",
        "second_road_number": "0",
        "special_conditions_at_site": "0",
        "speed_limit": 30,
        "time": "19:25",
        "trunk_road_flag": "2",
        "urban_or_rural_area": "1",
        "weather_conditions": "1",
        "geometry_source": "collision_location",
        "source_year": 2020,
        "date_iso": "2020-01-21"
      }
    },
    {
      "type": "Feature",
      "id": "20201378D1421",
      "geometry": {
        "type": "Point",
        "coordinates": [
          -1.892412,
          53.722651
        ]
      },
      "properties": {
        "carriageway_hazards": "0",
        "carriageway_hazards_historic": "0",
        "collision_adjusted_severity_serious": "0.04792",
        "collision_adjusted_severity_slight": "0.95208",
        "collision_index": "20201378D1421",
        "collision_injury_based": "0",
        "collision_ref_no": "1378D1421",
        "collision_severity": "3",
        "collision_year": 2020,
        "date": "13/08/2020",
        "day_of_week": "5",
        "did_police_officer_attend_scene_of_accident": "1",
        "enhanced_severity_collision": "-1",
        "first_road_class": "6",
        "first_road_number": "0",
        "junction_control": "4",
        "junction_detail": "16",
        "junction_detail_historic": "6",
        "latitude": "53.722651",
        "light_conditions": "1",
        "local_authority_district": "202",
        "local_authority_highway": "E08000033",
        "local_authority_highway_current": "E08000033",
        "local_authority_ons_district": "E08000033",
        "location_easting_osgr": "407197",
        "location_northing_osgr": "425142",
        "longitude": "-1.892412",
        "lsoa_of_accident_location": "E01010998",
        "number_of_casualties": 1,
        "number_of_vehicles": 2,
        "pedestrian_crossing": "0",
        "pedestrian_crossing_human_control_historic": "0",
        "pedestrian_crossing_physical_facilities_historic": "0",
        "police_force": "13",
        "road_surface_conditions": "1",
        "road_type": "6",
        "second_road_class": "6",
        "second_road_number": "0",
        "special_conditions_at_site": "0",
        "speed_limit": 30,
        "time": "17:28",
        "trunk_road_flag": "2",
        "urban_or_rural_area": "1",
        "weather_conditions": "1",
        "geometry_source": "collision_location",
        "source_year": 2020,
        "date_iso": "2020-08-13"
      }
    },
    {
      "type": "Feature",
      "id": "20201371R0187",
      "geometry": {
        "type": "Point",
        "coordinates": [
          -1.995893,
          53.63937
        ]
      },
      "properties": {
        "carriageway_hazards": "0",
        "carriageway_hazards_historic": "0",
        "collision_adjusted_severity_serious": "0.07903",
        "collision_adjusted_severity_slight": "0.92097",
        "collision_index": "20201371R0187",
        "collision_injury_based": "0",
        "collision_ref_no": "1371R0187",
        "collision_severity": "3",
        "collision_year": 2020,
        "date": "27/01/2020",
        "day_of_week": "2",
        "did_police_officer_attend_scene_of_accident": "1",
        "enhanced_severity_collision": "-1",
        "first_road_class": "3",
        "first_road_number": "672",
        "junction_control": "-1",
        "junction_detail": "0",
        "junction_detail_historic": "0",
        "latitude": "53.63937",
        "light_conditions": "6",
        "local_authority_district": "202",
        "local_authority_highway": "E08000033",
        "local_authority_highway_current": "E08000033",
        "local_authority_ons_district": "E08000033",
        "location_easting_osgr": "400369",
        "location_northing_osgr": "415871",
        "longitude": "-1.995893",
        "lsoa_of_accident_location": "E01010955",
        "number_of_casualties": 1,
        "number_of_vehicles": 1,
        "pedestrian_crossing": "0",
        "pedestrian_crossing_human_control_historic": "0",
        "pedestrian_crossing_physical_facilities_historic": "0",
        "police_force": "13",
        "road_surface_conditions": "2",
        "road_type": "6",
        "second_road_class": "0",
        "second_road_number": "-1",
        "special_conditions_at_site": "0",
        "speed_limit": 60,
        "time": "05:39",
        "trunk_road_flag": "2",
        "urban_or_rural_area": "2",
        "weather_conditions": "5",
        "geometry_source": "collision_location",
        "source_year": 2020,
        "date_iso": "2020-01-27"
      }
    },
    {
      "type": "Feature",
      "id": "20201375B1080",
      "geometry": {
        "type": "Point",
        "coordinates": [
          -1.807654,
          53.715588
        ]
      },
      "properties": {
        "carriageway_hazards": "0",
        "carriageway_hazards_historic": "0",
        "collision_adjusted_severity_serious": "0.04292",
        "collision_adjusted_severity_slight": "0.95708",
        "collision_index": "20201375B1080",
        "collision_injury_based": "0",
        "collision_ref_no": "1375B1080",
        "collision_severity": "3",
        "collision_year": 2020,
        "date": "11/05/2020",
        "day_of_week": "2",
        "did_police_officer_attend_scene_of_accident": "1",
        "enhanced_severity_collision": "-1",
        "first_road_class": "6",
        "first_road_number": "0",
        "junction_control": "-1",
        "junction_detail": "0",
        "junction_detail_historic": "0",
        "latitude": "53.715588",
        "light_conditions": "1",
        "local_authority_district": "202",
        "local_authority_highway": "E08000033",
        "local_authority_highway_current": "E08000033",
        "local_authority_ons_district": "E08000033",
        "location_easting_osgr": "412792",
        "location_northing_osgr": "424368",
        "longitude": "-1.807654",
        "lsoa_of_accident_location": "E01010875",
        "number_of_casualties": 1,
        "number_of_vehicles": 2,
        "pedestrian_crossing": "0",
        "pedestrian_crossing_human_control_historic": "0",
        "pedestrian_crossing_physical_facilities_historic": "0",
        "police_force": "13",
        "road_surface_conditions": "1",
        "road_type": "6",
        "second_road_class": "0",
        "second_road_number": "-1",
        "special_conditions_at_site": "0",
        "speed_limit": 30,
        "time": "16:46",
        "trunk_road_flag": "2",
        "urban_or_rural_area": "1",
        "weather_conditions": "1",
        "geometry_source": "collision_location",
        "source_year": 2020,
        "date_iso": "2020-05-11"
      }
    },
    {
      "type": "Feature",
      "id": "2020137BR1093",
      "geometry": {
        "type": "Point",
        "coordinates": [
          -2.021342,
          53.628322
        ]
      },
      "properties": {
        "carriageway_hazards": "0",
        "carriageway_hazards_historic": "0",
        "collision_adjusted_severity_serious": "1",
        "collision_adjusted_severity_slight": "0",
        "collision_index": "2020137BR1093",
        "collision_injury_based": "0",
        "collision_ref_no": "137BR1093",
        "collision_severity": "2",
        "collision_year": 2020,
        "date": "27/11/2020",
        "day_of_week": "6",
        "did_police_officer_attend_scene_of_accident": "1",
        "enhanced_severity_collision": "-1",
        "first_road_class": "3",
        "first_road_number": "672",
        "junction_control": "-1",
        "junction_detail": "0",
        "junction_detail_historic": "0",
        "latitude": "53.628322",
        "light_conditions": "1",
        "local_authority_district": "202",
        "local_authority_highway": "E08000033",
        "local_authority_highway_current": "E08000033",
        "local_authority_ons_district": "E08000033",
        "location_easting_osgr": "398686",
        "location_northing_osgr": "414642",
        "longitude": "-2.021342",
        "lsoa_of_accident_location": "E01010955",
        "number_of_casualties": 4,
        "number_of_vehicles": 2,
        "pedestrian_crossing": "0",
        "pedestrian_crossing_human_control_historic": "0",
        "pedestrian_crossing_physical_facilities_historic": "0",
        "police_force": "13",
        "road_surface_conditions": "1",
        "road_type": "6",
        "second_road_class": "0",
        "second_road_number": "-1",
        "special_conditions_at_site": "0",
        "speed_limit": 60,
        "time": "15:55",
        "trunk_road_flag": "2",
        "urban_or_rural_area": "2",
        "weather_conditions": "1",
        "geometry_source": "collision_location",
        "source_year": 2020,
        "date_iso": "2020-11-27"
      }
    },
    {
      "type": "Feature",
      "id": "20201377G0872",
      "geometry": {
        "type": "Point",
        "coordinates": [
          -1.792987,
          53.693939
        ]
      },
      "properties": {
        "carriageway_hazards": "0",
        "carriageway_hazards_historic": "0",
        "collision_adjusted_severity_serious": "1",
        "collision_adjusted_severity_slight": "0",
        "collision_index": "20201377G0872",
        "collision_injury_based": "0",
        "collision_ref_no": "1377G0872",
        "collision_severity": "2",
        "collision_year": 2020,
        "date": "16/07/2020",
        "day_of_week": "5",
        "did_police_officer_attend_scene_of_accident": "1",
        "enhanced_severity_collision": "-1",
        "first_road_class": "6",
        "first_road_number": "0",
        "junction_control": "4",
        "junction_detail": "13",
        "junction_detail_historic": "3",
        "latitude": "53.693939",
        "light_conditions": "1",
        "local_authority_district": "202",
        "local_authority_highway": "E08000033",
        "local_authority_highway_current": "E08000033",
        "local_authority_ons_district": "E08000033",
        "location_easting_osgr": "413767",
        "location_northing_osgr": "421962",
        "longitude": "-1.792987",
        "lsoa_of_accident_location": "E01010945",
        "number_of_casualties": 2,
        "number_of_vehicles": 3,
        "pedestrian_crossing": "0",
        "pedestrian_crossing_human_control_historic": "0",
        "pedestrian_crossing_physical_facilities_historic": "0",
        "police_force": "13",
        "road_surface_conditions": "1",
        "road_type": "6",
        "second_road_class": "6",
        "second_road_number": "0",
        "special_conditions_at_site": "0",
        "speed_limit": 20,
        "time": "14:22",
        "trunk_road_flag": "2",
        "urban_or_rural_area": "1",
        "weather_conditions": "1",
        "geometry_source": "collision_location",
        "source_year": 2020,
        "date_iso": "2020-07-16"
      }
    },
    {
      "type": "Feature",
      "id": "2020137921520",
      "geometry": {
        "type": "Point",
        "coordinates": [
          -1.884717,
          53.74346
        ]
      },
      "properties": {
        "carriageway_hazards": "0",
        "carriageway_hazards_historic": "0",
        "collision_adjusted_severity_serious": "1",
        "collision_adjusted_severity_slight": "0",
        "collision_index": "2020137921520",
        "collision_injury_based": "0",
        "collision_ref_no": "137921520",
        "collision_severity": "2",
        "collision_year": 2020,
        "date": "02/09/2020",
        "day_of_week": "4",
        "did_police_officer_attend_scene_of_accident": "2",
        "enhanced_severity_collision": "-1",
        "first_road_class": "6",
        "first_road_number": "0",
        "junction_control": "-1",
        "junction_detail": "0",
        "junction_detail_historic": "0",
        "latitude": "53.74346",
        "light_conditions": "1",
        "local_authority_district": "202",
        "local_authority_highway": "E08000033",
        "local_authority_highway_current": "E08000033",
        "local_authority_ons_district": "E08000033",
        "location_easting_osgr": "407701",
        "location_northing_osgr": "427458",
        "longitude": "-1.884717",
        "lsoa_of_accident_location": "E01010942",
        "number_of_casualties": 1,
        "number_of_vehicles": 1,
        "pedestrian_crossing": "0",
        "pedestrian_crossing_human_control_historic": "0",
        "pedestrian_crossing_physical_facilities_historic": "0",
        "police_force": "13",
        "road_surface_conditions": "1",
        "road_type": "2",
        "second_road_class": "0",
        "second_road_number": "-1",
        "special_conditions_at_site": "0",
        "speed_limit": 20,
        "time": "16:40",
        "trunk_road_flag": "2",
        "urban_or_rural_area": "1",
        "weather_conditions": "1",
        "geometry_source": "collision_location",
        "source_year": 2020,
        "date_iso": "2020-09-02"
      }
    },
    {
      "type": "Feature",
      "id": "20201376S0837",
      "geometry": {
        "type": "Point",
        "coordinates": [
          -1.893556,
          53.737599
        ]
      },
      "properties": {
        "carriageway_hazards": "0",
        "carriageway_hazards_historic": "0",
        "collision_adjusted_severity_serious": "0.10859",
        "collision_adjusted_severity_slight": "0.89141",
        "collision_index": "20201376S0837",
        "collision_injury_based": "0",
        "collision_ref_no": "1376S0837",
        "collision_severity": "3",
        "collision_year": 2020,
        "date": "28/06/2020",
        "day_of_week": "1",
        "did_police_officer_attend_scene_of_accident": "1",
        "enhanced_severity_collision": "-1",
        "first_road_class": "6",
        "first_road_number": "0",
        "junction_control": "4",
        "junction_detail": "19",
        "junction_detail_historic": "9",
        "latitude": "53.737599",
        "light_conditions": "1",
        "local_authority_district": "202",
        "local_authority_highway": "E08000033",
        "local_authority_highway_current": "E08000033",
        "local_authority_ons_district": "E08000033",
        "location_easting_osgr": "407119",
        "location_northing_osgr": "426805",
        "longitude": "-1.893556",
        "lsoa_of_accident_location": "E01010939",
        "number_of_casualties": 3,
        "number_of_vehicles": 2,
        "pedestrian_crossing": "0",
        "pedestrian_crossing_human_control_historic": "0",
        "pedestrian_crossing_physical_facilities_historic": "0",
        "police_force": "13",
        "road_surface_conditions": "2",
        "road_type": "6",
        "second_road_class": "6",
        "second_road_number": "0",
        "special_conditions_at_site": "0",
        "speed_limit": 30,
        "time": "12:14",
        "trunk_road_flag": "2",
        "urban_or_rural_area": "1",
        "weather_conditions": "2",
        "geometry_source": "collision_location",
        "source_year": 2020,
        "date_iso": "2020-06-28"
      }
    },
    {
      "type": "Feature",
      "id": "20201376G0844",
      "geometry": {
        "type": "Point",
        "coordinates": [
          -1.896749,
          53.727544
        ]
      },
      "properties": {
        "carriageway_hazards": "0",
        "carriageway_hazards_historic": "0",
        "collision_adjusted_severity_serious": "0.0355",
        "collision_adjusted_severity_slight": "0.9645",
        "collision_index": "20201376G0844",
        "collision_injury_based": "0",
        "collision_ref_no": "1376G0844",
        "collision_severity": "3",
        "collision_year": 2020,
        "date": "16/06/2020",
        "day_of_week": "3",
        "did_police_officer_attend_scene_of_accident": "1",
        "enhanced_severity_collision": "-1",
        "first_road_class": "6",
        "first_road_number": "0",
        "junction_control": "-1",
        "junction_detail": "0",
        "junction_detail_historic": "0",
        "latitude": "53.727544",
        "light_conditions": "1",
        "local_authority_district": "202",
        "local_authority_highway": "E08000033",
        "local_authority_highway_current": "E08000033",
        "local_authority_ons_district": "E08000033",
        "location_easting_osgr": "406910",
        "location_northing_osgr": "425686",
        "longitude": "-1.896749",
        "lsoa_of_accident_location": "E01010998",
        "number_of_casualties": 1,
        "number_of_vehicles": 2,
        "pedestrian_crossing": "0",
        "pedestrian_crossing_human_control_historic": "0",
        "pedestrian_crossing_physical_facilities_historic": "0",
        "police_force": "13",
        "road_surface_conditions": "1",
        "road_type": "6",
        "second_road_class": "0",
        "second_road_number": "-1",
        "special_conditions_at_site": "0",
        "speed_limit": 20,
        "time": "13:27",
        "trunk_road_flag": "2",
        "urban_or_rural_area": "1",
        "weather_conditions": "1",
        "geometry_source": "collision_location",
        "source_year": 2020,
        "date_iso": "2020-06-16"
      }
    },
    {
      "type": "Feature",
      "id": "2020137160423",
      "geometry": {
        "type": "Point",
        "coordinates": [
          -1.780434,
          53.690654
        ]
      },
      "properties": {
        "carriageway_hazards": "0",
        "carriageway_hazards_historic": "0",
        "collision_adjusted_severity_serious": "0.12835",
        "collision_adjusted_severity_slight": "0.87165",
        "collision_index": "2020137160423",
        "collision_injury_based": "0",
        "collision_ref_no": "137160423",
        "collision_severity": "3",
        "collision_year": 2020,
        "date": "06/01/2020",
        "day_of_week": "2",
        "did_police_officer_attend_scene_of_accident": "1",
        "enhanced_severity_collision": "-1",
        "first_road_class": "3",
        "first_road_number": "641",
        "junction_control": "4",
        "junction_detail": "13",
        "junction_detail_historic": "3",
        "latitude": "53.690654",
        "light_conditions": "1",
        "local_authority_district": "202",
        "local_authority_highway": "E08000033",
        "local_authority_highway_current": "E08000033",
        "local_authority_ons_district": "E08000033",
        "location_easting_osgr": "414597",
        "location_northing_osgr": "421599",
        "longitude": "-1.780434",
        "lsoa_of_accident_location": "E01010946",
        "number_of_casualties": 1,
        "number_of_vehicles": 1,
        "pedestrian_crossing": "0",
        "pedestrian_crossing_human_control_historic": "0",
        "pedestrian_crossing_physical_facilities_historic": "0",
        "police_force": "13",
        "road_surface_conditions": "1",
        "road_type": "6",
        "second_road_class": "6",
        "second_road_number": "0",
        "special_conditions_at_site": "0",
        "speed_limit": 40,
        "time": "10:30",
        "trunk_road_flag": "2",
        "urban_or_rural_area": "1",
        "weather_conditions": "1",
        "geometry_source": "collision_location",
        "source_year": 2020,
        "date_iso": "2020-01-06"
      }
    },
    {
      "type": "Feature",
      "id": "2020137381284",
      "geometry": {
        "type": "Point",
        "coordinates": [
          -1.892828,
          53.74993
        ]
      },
      "properties": {
        "carriageway_hazards": "0",
        "carriageway_hazards_historic": "0",
        "collision_adjusted_severity_serious": "0.15007",
        "collision_adjusted_severity_slight": "0.84993",
        "collision_index": "2020137381284",
        "collision_injury_based": "0",
        "collision_ref_no": "137381284",
        "collision_severity": "3",
        "collision_year": 2020,
        "date": "08/03/2020",
        "day_of_week": "1",
        "did_police_officer_attend_scene_of_accident": "1",
        "enhanced_severity_collision": "-1",
        "first_road_class": "3",
        "first_road_number": "629",
        "junction_control": "-1",
        "junction_detail": "0",
        "junction_detail_historic": "0",
        "latitude": "53.74993",
        "light_conditions": "1",
        "local_authority_district": "202",
        "local_authority_highway": "E08000033",
        "local_authority_highway_current": "E08000033",
        "local_authority_ons_district": "E08000033",
        "location_easting_osgr": "407165",
        "location_northing_osgr": "428177",
        "longitude": "-1.892828",
        "lsoa_of_accident_location": "E01010916",
        "number_of_casualties": 1,
        "number_of_vehicles": 2,
        "pedestrian_crossing": "0",
        "pedestrian_crossing_human_control_historic": "0",
        "pedestrian_crossing_physical_facilities_historic": "0",
        "police_force": "13",
        "road_surface_conditions": "1",
        "road_type": "6",
        "second_road_class": "0",
        "second_road_number": "-1",
        "special_conditions_at_site": "0",
        "speed_limit": 30,
        "time": "17:31",
        "trunk_road_flag": "2",
        "urban_or_rural_area": "1",
        "weather_conditions": "1",
        "geometry_source": "collision_location",
        "source_year": 2020,
        "date_iso": "2020-03-08"
      }
    },
    {
      "type": "Feature",
      "id": "2020137AC0226",
      "geometry": {
        "type": "Point",
        "coordinates": [
          -1.888996,
          53.719349
        ]
      },
      "properties": {
        "carriageway_hazards": "0",
        "carriageway_hazards_historic": "0",
        "collision_adjusted_severity_serious": "0.06068",
        "collision_adjusted_severity_slight": "0.93932",
        "collision_index": "2020137AC0226",
        "collision_injury_based": "0",
        "collision_ref_no": "137AC0226",
        "collision_severity": "3",
        "collision_year": 2020,
        "date": "12/10/2020",
        "day_of_week": "2",
        "did_police_officer_attend_scene_of_accident": "1",
        "enhanced_severity_collision": "-1",
        "first_road_class": "6",
        "first_road_number": "0",
        "junction_control": "-1",
        "junction_detail": "0",
        "junction_detail_historic": "0",
        "latitude": "53.719349",
        "light_conditions": "1",
        "local_authority_district": "202",
        "local_authority_highway": "E08000033",
        "local_authority_highway_current": "E08000033",
        "local_authority_ons_district": "E08000033",
        "location_easting_osgr": "407423",
        "location_northing_osgr": "424775",
        "longitude": "-1.888996",
        "lsoa_of_accident_location": "E01011002",
        "number_of_casualties": 2,
        "number_of_vehicles": 2,
        "pedestrian_crossing": "0",
        "pedestrian_crossing_human_control_historic": "0",
        "pedestrian_crossing_physical_facilities_historic": "0",
        "police_force": "13",
        "road_surface_conditions": "1",
        "road_type": "6",
        "second_road_class": "0",
        "second_road_number": "-1",
        "special_conditions_at_site": "0",
        "speed_limit": 20,
        "time": "08:05",
        "trunk_road_flag": "2",
        "urban_or_rural_area": "1",
        "weather_conditions": "1",
        "geometry_source": "collision_location",
        "source_year": 2020,
        "date_iso": "2020-10-12"
      }
    },
    {
      "type": "Feature",
      "id": "20201378J0777",
      "geometry": {
        "type": "Point",
        "coordinates": [
          -1.881288,
          53.72273
        ]
      },
      "properties": {
        "carriageway_hazards": "0",
        "carriageway_hazards_historic": "0",
        "collision_adjusted_severity_serious": "0.11901",
        "collision_adjusted_severity_slight": "0.88099",
        "collision_index": "20201378J0777",
        "collision_injury_based": "0",
        "collision_ref_no": "1378J0777",
        "collision_severity": "3",
        "collision_year": 2020,
        "date": "19/08/2020",
        "day_of_week": "4",
        "did_police_officer_attend_scene_of_accident": "1",
        "enhanced_severity_collision": "-1",
        "first_road_class": "6",
        "first_road_number": "0",
        "junction_control": "4",
        "junction_detail": "0",
        "junction_detail_historic": "5",
        "latitude": "53.72273",
        "light_conditions": "1",
        "local_authority_district": "202",
        "local_authority_highway": "E08000033",
        "local_authority_highway_current": "E08000033",
        "local_authority_ons_district": "E08000033",
        "location_easting_osgr": "407931",
        "location_northing_osgr": "425152",
        "longitude": "-1.881288",
        "lsoa_of_accident_location": "E01010964",
        "number_of_casualties": 1,
        "number_of_vehicles": 2,
        "pedestrian_crossing": "0",
        "pedestrian_crossing_human_control_historic": "0",
        "pedestrian_crossing_physical_facilities_historic": "0",
        "police_force": "13",
        "road_surface_conditions": "2",
        "road_type": "6",
        "second_road_class": "6",
        "second_road_number": "0",
        "special_conditions_at_site": "0",
        "speed_limit": 20,
        "time": "12:59",
        "trunk_road_flag": "2",
        "urban_or_rural_area": "1",
        "weather_conditions": "1",
        "geometry_source": "collision_location",
        "source_year": 2020,
        "date_iso": "2020-08-19"
      }
    },
    {
      "type": "Feature",
      "id": "20201376K1244",
      "geometry": {
        "type": "Point",
        "coordinates": [
          -1.806907,
          53.72666
        ]
      },
      "properties": {
        "carriageway_hazards": "0",
        "carriageway_hazards_historic": "0",
        "collision_adjusted_severity_serious": "0.1721",
        "collision_adjusted_severity_slight": "0.8279",
        "collision_index": "20201376K1244",
        "collision_injury_based": "0",
        "collision_ref_no": "1376K1244",
        "collision_severity": "3",
        "collision_year": 2020,
        "date": "20/06/2020",
        "day_of_week": "7",
        "did_police_officer_attend_scene_of_accident": "1",
        "enhanced_severity_collision": "-1",
        "first_road_class": "3",
        "first_road_number": "58",
        "junction_control": "4",
        "junction_detail": "13",
        "junction_detail_historic": "3",
        "latitude": "53.72666",
        "light_conditions": "1",
        "local_authority_district": "202",
        "local_authority_highway": "E08000033",
        "local_authority_highway_current": "E08000033",
        "local_authority_ons_district": "E08000033",
        "location_easting_osgr": "412838",
        "location_northing_osgr": "425600",
        "longitude": "-1.806907",
        "lsoa_of_accident_location": "E01010906",
        "number_of_casualties": 1,
        "number_of_vehicles": 2,
        "pedestrian_crossing": "0",
        "pedestrian_crossing_human_control_historic": "0",
        "pedestrian_crossing_physical_facilities_historic": "0",
        "police_force": "13",
        "road_surface_conditions": "1",
        "road_type": "6",
        "second_road_class": "6",
        "second_road_number": "0",
        "special_conditions_at_site": "0",
        "speed_limit": 30,
        "time": "16:11",
        "trunk_road_flag": "2",
        "urban_or_rural_area": "1",
        "weather_conditions": "1",
        "geometry_source": "collision_location",
        "source_year": 2020,
        "date_iso": "2020-06-20"
      }
    },
    {
      "type": "Feature",
      "id": "20201379K1697",
      "geometry": {
        "type": "Point",
        "coordinates": [
          -1.887125,
          53.733198
        ]
      },
      "properties": {
        "carriageway_hazards": "0",
        "carriageway_hazards_historic": "0",
        "collision_adjusted_severity_serious": "1",
        "collision_adjusted_severity_slight": "0",
        "collision_index": "20201379K1697",
        "collision_injury_based": "0",
        "collision_ref_no": "1379K1697",
        "collision_severity": "2",
        "collision_year": 2020,
        "date": "20/09/2020",
        "day_of_week": "1",
        "did_police_officer_attend_scene_of_accident": "1",
        "enhanced_severity_collision": "-1",
        "first_road_class": "6",
        "first_road_number": "0",
        "junction_control": "-1",
        "junction_detail": "0",
        "junction_detail_historic": "0",
        "latitude": "53.733198",
        "light_conditions": "4",
        "local_authority_district": "202",
        "local_authority_highway": "E08000033",
        "local_authority_highway_current": "E08000033",
        "local_authority_ons_district": "E08000033",
        "location_easting_osgr": "407544",
        "location_northing_osgr": "426316",
        "longitude": "-1.887125",
        "lsoa_of_accident_location": "E01010929",
        "number_of_casualties": 5,
        "number_of_vehicles": 3,
        "pedestrian_crossing": "0",
        "pedestrian_crossing_human_control_historic": "0",
        "pedestrian_crossing_physical_facilities_historic": "0",
        "police_force": "13",
        "road_surface_conditions": "1",
        "road_type": "6",
        "second_road_class": "0",
        "second_road_number": "-1",
        "special_conditions_at_site": "0",
        "speed_limit": 30,
        "time": "19:00",
        "trunk_road_flag": "2",
        "urban_or_rural_area": "1",
        "weather_conditions": "1",
        "geometry_source": "collision_location",
        "source_year": 2020,
        "date_iso": "2020-09-20"
      }
    },
    {
      "type": "Feature",
      "id": "2020137BF1607",
      "geometry": {
        "type": "Point",
        "coordinates": [
          -1.744318,
          53.700712
        ]
      },
      "properties": {
        "carriageway_hazards": "0",
        "carriageway_hazards_historic": "0",
        "collision_adjusted_severity_serious": "0.18116",
        "collision_adjusted_severity_slight": "0.81884",
        "collision_index": "2020137BF1607",
        "collision_injury_based": "0",
        "collision_ref_no": "137BF1607",
        "collision_severity": "3",
        "collision_year": 2020,
        "date": "15/11/2020",
        "day_of_week": "1",
        "did_police_officer_attend_scene_of_accident": "1",
        "enhanced_severity_collision": "-1",
        "first_road_class": "1",
        "first_road_number": "62",
        "junction_control": "-1",
        "junction_detail": "0",
        "junction_detail_historic": "0",
        "latitude": "53.700712",
        "light_conditions": "4",
        "local_authority_district": "203",
        "local_authority_highway": "E08000033",
        "local_authority_highway_current": "E08000033",
        "local_authority_ons_district": "E08000033",
        "location_easting_osgr": "416978",
        "location_northing_osgr": "422726",
        "longitude": "-1.744318",
        "lsoa_of_accident_location": "E01010879",
        "number_of_casualties": 3,
        "number_of_vehicles": 1,
        "pedestrian_crossing": "0",
        "pedestrian_crossing_human_control_historic": "0",
        "pedestrian_crossing_physical_facilities_historic": "0",
        "police_force": "13",
        "road_surface_conditions": "2",
        "road_type": "3",
        "second_road_class": "0",
        "second_road_number": "-1",
        "special_conditions_at_site": "0",
        "speed_limit": 70,
        "time": "20:45",
        "trunk_road_flag": "1",
        "urban_or_rural_area": "2",
        "weather_conditions": "2",
        "geometry_source": "collision_location",
        "source_year": 2020,
        "date_iso": "2020-11-15"
      }
    },
    {
      "type": "Feature",
      "id": "2020137560523",
      "geometry": {
        "type": "Point",
        "coordinates": [
          -1.828252,
          53.740211
        ]
      },
      "properties": {
        "carriageway_hazards": "0",
        "carriageway_hazards_historic": "0",
        "collision_adjusted_severity_serious": "0.01013",
        "collision_adjusted_severity_slight": "0.98987",
        "collision_index": "2020137560523",
        "collision_injury_based": "0",
        "collision_ref_no": "137560523",
        "collision_severity": "3",
        "collision_year": 2020,
        "date": "07/05/2020",
        "day_of_week": "5",
        "did_police_officer_attend_scene_of_accident": "2",
        "enhanced_severity_collision": "-1",
        "first_road_class": "3",
        "first_road_number": "6036",
        "junction_control": "-1",
        "junction_detail": "0",
        "junction_detail_historic": "0",
        "latitude": "53.740211",
        "light_conditions": "1",
        "local_authority_district": "202",
        "local_authority_highway": "E08000033",
        "local_authority_highway_current": "E08000033",
        "local_authority_ons_district": "E08000033",
        "location_easting_osgr": "411426",
        "location_northing_osgr": "427104",
        "longitude": "-1.828252",
        "lsoa_of_accident_location": "E01010935",
        "number_of_casualties": 1,
        "number_of_vehicles": 2,
        "pedestrian_crossing": "17",
        "pedestrian_crossing_human_control_historic": "0",
        "pedestrian_crossing_physical_facilities_historic": "8",
        "police_force": "13",
        "road_surface_conditions": "1",
        "road_type": "6",
        "second_road_class": "0",
        "second_road_number": "-1",
        "special_conditions_at_site": "0",
        "speed_limit": 30,
        "time": "15:10",
        "trunk_road_flag": "2",
        "urban_or_rural_area": "1",
        "weather_conditions": "1",
        "geometry_source": "collision_location",
        "source_year": 2020,
        "date_iso": "2020-05-07"
      }
    },
    {
      "type": "Feature",
      "id": "2020137B70414",
      "geometry": {
        "type": "Point",
        "coordinates": [
          -1.856232,
          53.697482
        ]
      },
      "properties": {
        "carriageway_hazards": "0",
        "carriageway_hazards_historic": "0",
        "collision_adjusted_severity_serious": "0.12599",
        "collision_adjusted_severity_slight": "0.87401",
        "collision_index": "2020137B70414",
        "collision_injury_based": "0",
        "collision_ref_no": "137B70414",
        "collision_severity": "3",
        "collision_year": 2020,
        "date": "07/11/2020",
        "day_of_week": "7",
        "did_police_officer_attend_scene_of_accident": "1",
        "enhanced_severity_collision": "-1",
        "first_road_class": "6",
        "first_road_number": "0",
        "junction_control": "4",
        "junction_detail": "0",
        "junction_detail_historic": "1",
        "latitude": "53.697482",
        "light_conditions": "1",
        "local_authority_district": "202",
        "local_authority_highway": "E08000033",
        "local_authority_highway_current": "E08000033",
        "local_authority_ons_district": "E08000033",
        "location_easting_osgr": "409590",
        "location_northing_osgr": "422346",
        "longitude": "-1.856232",
        "lsoa_of_accident_location": "E01010993",
        "number_of_casualties": 1,
        "number_of_vehicles": 2,
        "pedestrian_crossing": "0",
        "pedestrian_crossing_human_control_historic": "0",
        "pedestrian_crossing_physical_facilities_historic": "0",
        "police_force": "13",
        "road_surface_conditions": "1",
        "road_type": "1",
        "second_road_class": "6",
        "second_road_number": "0",
        "special_conditions_at_site": "0",
        "speed_limit": 30,
        "time": "08:55",
        "trunk_road_flag": "2",
        "urban_or_rural_area": "2",
        "weather_conditions": "1",
        "geometry_source": "collision_location",
        "source_year": 2020,
        "date_iso": "2020-11-07"
      }
    },
    {
      "type": "Feature",
      "id": "2020137260781",
      "geometry": {
        "type": "Point",
        "coordinates": [
          -1.865038,
          53.733688
        ]
      },
      "properties": {
        "carriageway_hazards": "0",
        "carriageway_hazards_historic": "0",
        "collision_adjusted_severity_serious": "0.00737",
        "collision_adjusted_severity_slight": "0.99263",
        "collision_index": "2020137260781",
        "collision_injury_based": "0",
        "collision_ref_no": "137260781",
        "collision_severity": "3",
        "collision_year": 2020,
        "date": "06/02/2020",
        "day_of_week": "5",
        "did_police_officer_attend_scene_of_accident": "2",
        "enhanced_severity_collision": "-1",
        "first_road_class": "3",
        "first_road_number": "647",
        "junction_control": "-1",
        "junction_detail": "0",
        "junction_detail_historic": "0",
        "latitude": "53.733688",
        "light_conditions": "1",
        "local_authority_district": "202",
        "local_authority_highway": "E08000033",
        "local_authority_highway_current": "E08000033",
        "local_authority_ons_district": "E08000033",
        "location_easting_osgr": "409001",
        "location_northing_osgr": "426373",
        "longitude": "-1.865038",
        "lsoa_of_accident_location": "E01010967",
        "number_of_casualties": 1,
        "number_of_vehicles": 2,
        "pedestrian_crossing": "0",
        "pedestrian_crossing_human_control_historic": "0",
        "pedestrian_crossing_physical_facilities_historic": "0",
        "police_force": "13",
        "road_surface_conditions": "1",
        "road_type": "6",
        "second_road_class": "0",
        "second_road_number": "-1",
        "special_conditions_at_site": "0",
        "speed_limit": 30,
        "time": "13:05",
        "trunk_road_flag": "2",
        "urban_or_rural_area": "1",
        "weather_conditions": "1",
        "geometry_source": "collision_location",
        "source_year": 2020,
        "date_iso": "2020-02-06"
      }
    },
    {
      "type": "Feature",
      "id": "2020137AE0525",
      "geometry": {
        "type": "Point",
        "coordinates": [
          -1.792624,
          53.724812
        ]
      },
      "properties": {
        "carriageway_hazards": "0",
        "carriageway_hazards_historic": "0",
        "collision_adjusted_severity_serious": "1",
        "collision_adjusted_severity_slight": "0",
        "collision_index": "2020137AE0525",
        "collision_injury_based": "0",
        "collision_ref_no": "137AE0525",
        "collision_severity": "2",
        "collision_year": 2020,
        "date": "14/10/2020",
        "day_of_week": "4",
        "did_police_officer_attend_scene_of_accident": "1",
        "enhanced_severity_collision": "-1",
        "first_road_class": "3",
        "first_road_number": "649",
        "junction_control": "-1",
        "junction_detail": "0",
        "junction_detail_historic": "0",
        "latitude": "53.724812",
        "light_conditions": "1",
        "local_authority_district": "202",
        "local_authority_highway": "E08000033",
        "local_authority_highway_current": "E08000033",
        "local_authority_ons_district": "E08000033",
        "location_easting_osgr": "413781",
        "location_northing_osgr": "425397",
        "longitude": "-1.792624",
        "lsoa_of_accident_location": "E01010905",
        "number_of_casualties": 1,
        "number_of_vehicles": 2,
        "pedestrian_crossing": "0",
        "pedestrian_crossing_human_control_historic": "0",
        "pedestrian_crossing_physical_facilities_historic": "0",
        "police_force": "13",
        "road_surface_conditions": "1",
        "road_type": "6",
        "second_road_class": "0",
        "second_road_number": "-1",
        "special_conditions_at_site": "0",
        "speed_limit": 30,
        "time": "08:45",
        "trunk_road_flag": "2",
        "urban_or_rural_area": "1",
        "weather_conditions": "1",
        "geometry_source": "collision_location",
        "source_year": 2020,
        "date_iso": "2020-10-14"
      }
    },
    {
      "type": "Feature",
      "id": "2020137BD0784",
      "geometry": {
        "type": "Point",
        "coordinates": [
          -1.860438,
          53.721845
        ]
      },
      "properties": {
        "carriageway_hazards": "0",
        "carriageway_hazards_historic": "0",
        "collision_adjusted_severity_serious": "0.1255",
        "collision_adjusted_severity_slight": "0.8745",
        "collision_index": "2020137BD0784",
        "collision_injury_based": "0",
        "collision_ref_no": "137BD0784",
        "collision_severity": "3",
        "collision_year": 2020,
        "date": "13/11/2020",
        "day_of_week": "6",
        "did_police_officer_attend_scene_of_accident": "1",
        "enhanced_severity_collision": "-1",
        "first_road_class": "6",
        "first_road_number": "0",
        "junction_control": "-1",
        "junction_detail": "0",
        "junction_detail_historic": "0",
        "latitude": "53.721845",
        "light_conditions": "1",
        "local_authority_district": "202",
        "local_authority_highway": "E08000033",
        "local_authority_highway_current": "E08000033",
        "local_authority_ons_district": "E08000033",
        "location_easting_osgr": "409307",
        "location_northing_osgr": "425056",
        "longitude": "-1.860438",
        "lsoa_of_accident_location": "E01010994",
        "number_of_casualties": 1,
        "number_of_vehicles": 1,
        "pedestrian_crossing": "0",
        "pedestrian_crossing_human_control_historic": "0",
        "pedestrian_crossing_physical_facilities_historic": "0",
        "police_force": "13",
        "road_surface_conditions": "1",
        "road_type": "2",
        "second_road_class": "0",
        "second_road_number": "-1",
        "special_conditions_at_site": "0",
        "speed_limit": 20,
        "time": "13:30",
        "trunk_road_flag": "2",
        "urban_or_rural_area": "1",
        "weather_conditions": "1",
        "geometry_source": "collision_location",
        "source_year": 2020,
        "date_iso": "2020-11-13"
      }
    },
    {
      "type": "Feature",
      "id": "2020137B50343",
      "geometry": {
        "type": "Point",
        "coordinates": [
          -1.828313,
          53.672737
        ]
      },
      "properties": {
        "carriageway_hazards": "0",
        "carriageway_hazards_historic": "0",
        "collision_adjusted_severity_serious": "0.0864",
        "collision_adjusted_severity_slight": "0.9136",
        "collision_index": "2020137B50343",
        "collision_injury_based": "0",
        "collision_ref_no": "137B50343",
        "collision_severity": "3",
        "collision_year": 2020,
        "date": "05/11/2020",
        "day_of_week": "5",
        "did_police_officer_attend_scene_of_accident": "1",
        "enhanced_severity_collision": "-1",
        "first_road_class": "3",
        "first_road_number": "629",
        "junction_control": "-1",
        "junction_detail": "0",
        "junction_detail_historic": "0",
        "latitude": "53.672737",
        "light_conditions": "1",
        "local_authority_district": "202",
        "local_authority_highway": "E08000033",
        "local_authority_highway_current": "E08000033",
        "local_authority_ons_district": "E08000033",
        "location_easting_osgr": "411440",
        "location_northing_osgr": "419597",
        "longitude": "-1.828313",
        "lsoa_of_accident_location": "E01010901",
        "number_of_casualties": 2,
        "number_of_vehicles": 2,
        "pedestrian_crossing": "0",
        "pedestrian_crossing_human_control_historic": "0",
        "pedestrian_crossing_physical_facilities_historic": "0",
        "police_force": "13",
        "road_surface_conditions": "2",
        "road_type": "3",
        "second_road_class": "0",
        "second_road_number": "-1",
        "special_conditions_at_site": "0",
        "speed_limit": 50,
        "time": "08:05",
        "trunk_road_flag": "2",
        "urban_or_rural_area": "1",
        "weather_conditions": "1",
        "geometry_source": "collision_location",
        "source_year": 2020,
        "date_iso": "2020-11-05"
      }
    },
    {
      "type": "Feature",
      "id": "20201378M0765",
      "geometry": {
        "type": "Point",
        "coordinates": [
          -1.890771,
          53.724177
        ]
      },
      "properties": {
        "carriageway_hazards": "0",
        "carriageway_hazards_historic": "0",
        "collision_adjusted_severity_serious": "0.03056",
        "collision_adjusted_severity_slight": "0.96944",
        "collision_index": "20201378M0765",
        "collision_injury_based": "0",
        "collision_ref_no": "1378M0765",
        "collision_severity": "3",
        "collision_year": 2020,
        "date": "22/08/2020",
        "day_of_week": "7",
        "did_police_officer_attend_scene_of_accident": "1",
        "enhanced_severity_collision": "-1",
        "first_road_class": "6",
        "first_road_number": "0",
        "junction_control": "4",
        "junction_detail": "13",
        "junction_detail_historic": "3",
        "latitude": "53.724177",
        "light_conditions": "1",
        "local_authority_district": "202",
        "local_authority_highway": "E08000033",
        "local_authority_highway_current": "E08000033",
        "local_authority_ons_district": "E08000033",
        "location_easting_osgr": "407305",
        "location_northing_osgr": "425312",
        "longitude": "-1.890771",
        "lsoa_of_accident_location": "E01011000",
        "number_of_casualties": 1,
        "number_of_vehicles": 2,
        "pedestrian_crossing": "0",
        "pedestrian_crossing_human_control_historic": "0",
        "pedestrian_crossing_physical_facilities_historic": "0",
        "police_force": "13",
        "road_surface_conditions": "2",
        "road_type": "6",
        "second_road_class": "6",
        "second_road_number": "0",
        "special_conditions_at_site": "0",
        "speed_limit": 20,
        "time": "12:16",
        "trunk_road_flag": "2",
        "urban_or_rural_area": "1",
        "weather_conditions": "2",
        "geometry_source": "collision_location",
        "source_year": 2020,
        "date_iso": "2020-08-22"
      }
    },
    {
      "type": "Feature",
      "id": "2020137941143",
      "geometry": {
        "type": "Point",
        "coordinates": [
          -1.898057,
          53.744775
        ]
      },
      "properties": {
        "carriageway_hazards": "0",
        "carriageway_hazards_historic": "0",
        "collision_adjusted_severity_serious": "0.15711",
        "collision_adjusted_severity_slight": "0.84289",
        "collision_index": "2020137941143",
        "collision_injury_based": "0",
        "collision_ref_no": "137941143",
        "collision_severity": "3",
        "collision_year": 2020,
        "date": "04/09/2020",
        "day_of_week": "6",
        "did_police_officer_attend_scene_of_accident": "1",
        "enhanced_severity_collision": "-1",
        "first_road_class": "6",
        "first_road_number": "0",
        "junction_control": "4",
        "junction_detail": "13",
        "junction_detail_historic": "3",
        "latitude": "53.744775",
        "light_conditions": "1",
        "local_authority_district": "202",
        "local_authority_highway": "E08000033",
        "local_authority_highway_current": "E08000033",
        "local_authority_ons_district": "E08000033",
        "location_easting_osgr": "406821",
        "location_northing_osgr": "427603",
        "longitude": "-1.898057",
        "lsoa_of_accident_location": "E01010924",
        "number_of_casualties": 1,
        "number_of_vehicles": 2,
        "pedestrian_crossing": "0",
        "pedestrian_crossing_human_control_historic": "0",
        "pedestrian_crossing_physical_facilities_historic": "0",
        "police_force": "13",
        "road_surface_conditions": "1",
        "road_type": "6",
        "second_road_class": "6",
        "second_road_number": "0",
        "special_conditions_at_site": "0",
        "speed_limit": 20,
        "time": "16:00",
        "trunk_road_flag": "2",
        "urban_or_rural_area": "1",
        "weather_conditions": "1",
        "geometry_source": "collision_location",
        "source_year": 2020,
        "date_iso": "2020-09-04"
      }
    },
    {
      "type": "Feature",
      "id": "20201371U0780",
      "geometry": {
        "type": "Point",
        "coordinates": [
          -1.858604,
          53.722077
        ]
      },
      "properties": {
        "carriageway_hazards": "0",
        "carriageway_hazards_historic": "0",
        "collision_adjusted_severity_serious": "1",
        "collision_adjusted_severity_slight": "0",
        "collision_index": "20201371U0780",
        "collision_injury_based": "0",
        "collision_ref_no": "1371U0780",
        "collision_severity": "2",
        "collision_year": 2020,
        "date": "30/01/2020",
        "day_of_week": "5",
        "did_police_officer_attend_scene_of_accident": "1",
        "enhanced_severity_collision": "-1",
        "first_road_class": "6",
        "first_road_number": "0",
        "junction_control": "4",
        "junction_detail": "19",
        "junction_detail_historic": "9",
        "latitude": "53.722077",
        "light_conditions": "1",
        "local_authority_district": "202",
        "local_authority_highway": "E08000033",
        "local_authority_highway_current": "E08000033",
        "local_authority_ons_district": "E08000033",
        "location_easting_osgr": "409428",
        "location_northing_osgr": "425082",
        "longitude": "-1.858604",
        "lsoa_of_accident_location": "E01010994",
        "number_of_casualties": 1,
        "number_of_vehicles": 1,
        "pedestrian_crossing": "0",
        "pedestrian_crossing_human_control_historic": "0",
        "pedestrian_crossing_physical_facilities_historic": "0",
        "police_force": "13",
        "road_surface_conditions": "1",
        "road_type": "6",
        "second_road_class": "6",
        "second_road_number": "0",
        "special_conditions_at_site": "0",
        "speed_limit": 30,
        "time": "12:50",
        "trunk_road_flag": "2",
        "urban_or_rural_area": "1",
        "weather_conditions": "1",
        "geometry_source": "collision_location",
        "source_year": 2020,
        "date_iso": "2020-01-30"
      }
    },
    {
      "type": "Feature",
      "id": "2020137750187",
      "geometry": {
        "type": "Point",
        "coordinates": [
          -1.942797,
          53.725427
        ]
      },
      "properties": {
        "carriageway_hazards": "0",
        "carriageway_hazards_historic": "0",
        "collision_adjusted_severity_serious": "0.08644",
        "collision_adjusted_severity_slight": "0.91356",
        "collision_index": "2020137750187",
        "collision_injury_based": "0",
        "collision_ref_no": "137750187",
        "collision_severity": "3",
        "collision_year": 2020,
        "date": "04/07/2020",
        "day_of_week": "7",
        "did_police_officer_attend_scene_of_accident": "2",
        "enhanced_severity_collision": "-1",
        "first_road_class": "6",
        "first_road_number": "0",
        "junction_control": "-1",
        "junction_detail": "0",
        "junction_detail_historic": "0",
        "latitude": "53.725427",
        "light_conditions": "1",
        "local_authority_district": "202",
        "local_authority_highway": "E08000033",
        "local_authority_highway_current": "E08000033",
        "local_authority_ons_district": "E08000033",
        "location_easting_osgr": "403872",
        "location_northing_osgr": "425447",
        "longitude": "-1.942797",
        "lsoa_of_accident_location": "E01010921",
        "number_of_casualties": 1,
        "number_of_vehicles": 1,
        "pedestrian_crossing": "0",
        "pedestrian_crossing_human_control_historic": "0",
        "pedestrian_crossing_physical_facilities_historic": "0",
        "police_force": "13",
        "road_surface_conditions": "1",
        "road_type": "6",
        "second_road_class": "0",
        "second_road_number": "-1",
        "special_conditions_at_site": "0",
        "speed_limit": 30,
        "time": "11:30",
        "trunk_road_flag": "2",
        "urban_or_rural_area": "2",
        "weather_conditions": "1",
        "geometry_source": "collision_location",
        "source_year": 2020,
        "date_iso": "2020-07-04"
      }
    },
    {
      "type": "Feature",
      "id": "2020137BK0305",
      "geometry": {
        "type": "Point",
        "coordinates": [
          -1.902194,
          53.699758
        ]
      },
      "properties": {
        "carriageway_hazards": "0",
        "carriageway_hazards_historic": "0",
        "collision_adjusted_severity_serious": "0.10903",
        "collision_adjusted_severity_slight": "0.89097",
        "collision_index": "2020137BK0305",
        "collision_injury_based": "0",
        "collision_ref_no": "137BK0305",
        "collision_severity": "3",
        "collision_year": 2020,
        "date": "20/11/2020",
        "day_of_week": "6",
        "did_police_officer_attend_scene_of_accident": "1",
        "enhanced_severity_collision": "-1",
        "first_road_class": "6",
        "first_road_number": "0",
        "junction_control": "-1",
        "junction_detail": "0",
        "junction_detail_historic": "0",
        "latitude": "53.699758",
        "light_conditions": "1",
        "local_authority_district": "202",
        "local_authority_highway": "E08000033",
        "local_authority_highway_current": "E08000033",
        "local_authority_ons_district": "E08000033",
        "location_easting_osgr": "406555",
        "location_northing_osgr": "422594",
        "longitude": "-1.902194",
        "lsoa_of_accident_location": "E01010957",
        "number_of_casualties": 1,
        "number_of_vehicles": 1,
        "pedestrian_crossing": "0",
        "pedestrian_crossing_human_control_historic": "0",
        "pedestrian_crossing_physical_facilities_historic": "0",
        "police_force": "13",
        "road_surface_conditions": "2",
        "road_type": "6",
        "second_road_class": "0",
        "second_road_number": "-1",
        "special_conditions_at_site": "0",
        "speed_limit": 20,
        "time": "08:57",
        "trunk_road_flag": "2",
        "urban_or_rural_area": "2",
        "weather_conditions": "1",
        "geometry_source": "collision_location",
        "source_year": 2020,
        "date_iso": "2020-11-20"
      }
    },
    {
      "type": "Feature",
      "id": "20201375K0729",
      "geometry": {
        "type": "Point",
        "coordinates": [
          -1.778878,
          53.704421
        ]
      },
      "properties": {
        "carriageway_hazards": "0",
        "carriageway_hazards_historic": "0",
        "collision_adjusted_severity_serious": "0.12354",
        "collision_adjusted_severity_slight": "0.87646",
        "collision_index": "20201375K0729",
        "collision_injury_based": "0",
        "collision_ref_no": "1375K0729",
        "collision_severity": "3",
        "collision_year": 2020,
        "date": "20/05/2020",
        "day_of_week": "4",
        "did_police_officer_attend_scene_of_accident": "1",
        "enhanced_severity_collision": "-1",
        "first_road_class": "3",
        "first_road_number": "641",
        "junction_control": "-1",
        "junction_detail": "0",
        "junction_detail_historic": "0",
        "latitude": "53.704421",
        "light_conditions": "1",
        "local_authority_district": "202",
        "local_authority_highway": "E08000033",
        "local_authority_highway_current": "E08000033",
        "local_authority_ons_district": "E08000033",
        "location_easting_osgr": "414695",
        "location_northing_osgr": "423131",
        "longitude": "-1.778878",
        "lsoa_of_accident_location": "E01010878",
        "number_of_casualties": 1,
        "number_of_vehicles": 1,
        "pedestrian_crossing": "14",
        "pedestrian_crossing_human_control_historic": "0",
        "pedestrian_crossing_physical_facilities_historic": "4",
        "police_force": "13",
        "road_surface_conditions": "1",
        "road_type": "6",
        "second_road_class": "0",
        "second_road_number": "-1",
        "special_conditions_at_site": "0",
        "speed_limit": 30,
        "time": "12:29",
        "trunk_road_flag": "2",
        "urban_or_rural_area": "1",
        "weather_conditions": "1",
        "geometry_source": "collision_location",
        "source_year": 2020,
        "date_iso": "2020-05-20"
      }
    },
    {
      "type": "Feature",
      "id": "20201378T1276",
      "geometry": {
        "type": "Point",
        "coordinates": [
          -1.812561,
          53.726499
        ]
      },
      "properties": {
        "carriageway_hazards": "0",
        "carriageway_hazards_historic": "0",
        "collision_adjusted_severity_serious": "0.14203",
        "collision_adjusted_severity_slight": "0.85797",
        "collision_index": "20201378T1276",
        "collision_injury_based": "0",
        "collision_ref_no": "1378T1276",
        "collision_severity": "3",
        "collision_year": 2020,
        "date": "29/08/2020",
        "day_of_week": "7",
        "did_police_officer_attend_scene_of_accident": "1",
        "enhanced_severity_collision": "-1",
        "first_road_class": "3",
        "first_road_number": "644",
        "junction_control": "4",
        "junction_detail": "13",
        "junction_detail_historic": "3",
        "latitude": "53.726499",
        "light_conditions": "1",
        "local_authority_district": "202",
        "local_authority_highway": "E08000033",
        "local_authority_highway_current": "E08000033",
        "local_authority_ons_district": "E08000033",
        "location_easting_osgr": "412465",
        "location_northing_osgr": "425581",
        "longitude": "-1.812561",
        "lsoa_of_accident_location": "E01010909",
        "number_of_casualties": 1,
        "number_of_vehicles": 2,
        "pedestrian_crossing": "0",
        "pedestrian_crossing_human_control_historic": "0",
        "pedestrian_crossing_physical_facilities_historic": "0",
        "police_force": "13",
        "road_surface_conditions": "2",
        "road_type": "6",
        "second_road_class": "6",
        "second_road_number": "0",
        "special_conditions_at_site": "0",
        "speed_limit": 30,
        "time": "16:52",
        "trunk_road_flag": "2",
        "urban_or_rural_area": "1",
        "weather_conditions": "2",
        "geometry_source": "collision_location",
        "source_year": 2020,
        "date_iso": "2020-08-29"
      }
    },
    {
      "type": "Feature",
      "id": "2020137AO1559",
      "geometry": {
        "type": "Point",
        "coordinates": [
          -1.779105,
          53.698714
        ]
      },
      "properties": {
        "carriageway_hazards": "0",
        "carriageway_hazards_historic": "0",
        "collision_adjusted_severity_serious": "0.08378",
        "collision_adjusted_severity_slight": "0.91622",
        "collision_index": "2020137AO1559",
        "collision_injury_based": "0",
        "collision_ref_no": "137AO1559",
        "collision_severity": "3",
        "collision_year": 2020,
        "date": "24/10/2020",
        "day_of_week": "7",
        "did_police_officer_attend_scene_of_accident": "1",
        "enhanced_severity_collision": "-1",
        "first_road_class": "3",
        "first_road_number": "641",
        "junction_control": "2",
        "junction_detail": "16",
        "junction_detail_historic": "6",
        "latitude": "53.698714",
        "light_conditions": "4",
        "local_authority_district": "202",
        "local_authority_highway": "E08000033",
        "local_authority_highway_current": "E08000033",
        "local_authority_ons_district": "E08000033",
        "location_easting_osgr": "414682",
        "location_northing_osgr": "422496",
        "longitude": "-1.779105",
        "lsoa_of_accident_location": "E01010949",
        "number_of_casualties": 3,
        "number_of_vehicles": 2,
        "pedestrian_crossing": "15",
        "pedestrian_crossing_human_control_historic": "0",
        "pedestrian_crossing_physical_facilities_historic": "5",
        "police_force": "13",
        "road_surface_conditions": "2",
        "road_type": "6",
        "second_road_class": "6",
        "second_road_number": "0",
        "special_conditions_at_site": "0",
        "speed_limit": 30,
        "time": "19:42",
        "trunk_road_flag": "2",
        "urban_or_rural_area": "1",
        "weather_conditions": "2",
        "geometry_source": "collision_location",
        "source_year": 2020,
        "date_iso": "2020-10-24"
      }
    },
    {
      "type": "Feature",
      "id": "2020137620548",
      "geometry": {
        "type": "Point",
        "coordinates": [
          -1.835005,
          53.67227
        ]
      },
      "properties": {
        "carriageway_hazards": "0",
        "carriageway_hazards_historic": "0",
        "collision_adjusted_severity_serious": "0.14137",
        "collision_adjusted_severity_slight": "0.85863",
        "collision_index": "2020137620548",
        "collision_injury_based": "0",
        "collision_ref_no": "137620548",
        "collision_severity": "3",
        "collision_year": 2020,
        "date": "02/06/2020",
        "day_of_week": "3",
        "did_police_officer_attend_scene_of_accident": "1",
        "enhanced_severity_collision": "-1",
        "first_road_class": "3",
        "first_road_number": "629",
        "junction_control": "4",
        "junction_detail": "0",
        "junction_detail_historic": "1",
        "latitude": "53.67227",
        "light_conditions": "1",
        "local_authority_district": "202",
        "local_authority_highway": "E08000033",
        "local_authority_highway_current": "E08000033",
        "local_authority_ons_district": "E08000033",
        "location_easting_osgr": "410998",
        "location_northing_osgr": "419544",
        "longitude": "-1.835005",
        "lsoa_of_accident_location": "E01010901",
        "number_of_casualties": 1,
        "number_of_vehicles": 2,
        "pedestrian_crossing": "0",
        "pedestrian_crossing_human_control_historic": "0",
        "pedestrian_crossing_physical_facilities_historic": "0",
        "police_force": "13",
        "road_surface_conditions": "1",
        "road_type": "1",
        "second_road_class": "1",
        "second_road_number": "62",
        "special_conditions_at_site": "0",
        "speed_limit": 50,
        "time": "10:47",
        "trunk_road_flag": "2",
        "urban_or_rural_area": "2",
        "weather_conditions": "1",
        "geometry_source": "collision_location",
        "source_year": 2020,
        "date_iso": "2020-06-02"
      }
    },
    {
      "type": "Feature",
      "id": "20201371P1368",
      "geometry": {
        "type": "Point",
        "coordinates": [
          -1.932139,
          53.699014
        ]
      },
      "properties": {
        "carriageway_hazards": "0",
        "carriageway_hazards_historic": "0",
        "collision_adjusted_severity_serious": "0.00681",
        "collision_adjusted_severity_slight": "0.99319",
        "collision_index": "20201371P1368",
        "collision_injury_based": "0",
        "collision_ref_no": "1371P1368",
        "collision_severity": "3",
        "collision_year": 2020,
        "date": "25/01/2020",
        "day_of_week": "7",
        "did_police_officer_attend_scene_of_accident": "2",
        "enhanced_severity_collision": "-1",
        "first_road_class": "3",
        "first_road_number": "58",
        "junction_control": "-1",
        "junction_detail": "0",
        "junction_detail_historic": "0",
        "latitude": "53.699014",
        "light_conditions": "4",
        "local_authority_district": "202",
        "local_authority_highway": "E08000033",
        "local_authority_highway_current": "E08000033",
        "local_authority_ons_district": "E08000033",
        "location_easting_osgr": "404578",
        "location_northing_osgr": "422509",
        "longitude": "-1.932139",
        "lsoa_of_accident_location": "E01010956",
        "number_of_casualties": 1,
        "number_of_vehicles": 2,
        "pedestrian_crossing": "0",
        "pedestrian_crossing_human_control_historic": "0",
        "pedestrian_crossing_physical_facilities_historic": "0",
        "police_force": "13",
        "road_surface_conditions": "1",
        "road_type": "6",
        "second_road_class": "0",
        "second_road_number": "-1",
        "special_conditions_at_site": "0",
        "speed_limit": 30,
        "time": "17:30",
        "trunk_road_flag": "2",
        "urban_or_rural_area": "2",
        "weather_conditions": "1",
        "geometry_source": "collision_location",
        "source_year": 2020,
        "date_iso": "2020-01-25"
      }
    },
    {
      "type": "Feature",
      "id": "2020137821714",
      "geometry": {
        "type": "Point",
        "coordinates": [
          -1.837966,
          53.685864
        ]
      },
      "properties": {
        "carriageway_hazards": "0",
        "carriageway_hazards_historic": "0",
        "collision_adjusted_severity_serious": "0.11925",
        "collision_adjusted_severity_slight": "0.88075",
        "collision_index": "2020137821714",
        "collision_injury_based": "0",
        "collision_ref_no": "137821714",
        "collision_severity": "3",
        "collision_year": 2020,
        "date": "02/08/2020",
        "day_of_week": "1",
        "did_police_officer_attend_scene_of_accident": "1",
        "enhanced_severity_collision": "-1",
        "first_road_class": "6",
        "first_road_number": "0",
        "junction_control": "-1",
        "junction_detail": "0",
        "junction_detail_historic": "0",
        "latitude": "53.685864",
        "light_conditions": "1",
        "local_authority_district": "202",
        "local_authority_highway": "E08000033",
        "local_authority_highway_current": "E08000033",
        "local_authority_ons_district": "E08000033",
        "location_easting_osgr": "410799",
        "location_northing_osgr": "421056",
        "longitude": "-1.837966",
        "lsoa_of_accident_location": "E01010889",
        "number_of_casualties": 1,
        "number_of_vehicles": 1,
        "pedestrian_crossing": "0",
        "pedestrian_crossing_human_control_historic": "0",
        "pedestrian_crossing_physical_facilities_historic": "0",
        "police_force": "13",
        "road_surface_conditions": "1",
        "road_type": "2",
        "second_road_class": "0",
        "second_road_number": "-1",
        "special_conditions_at_site": "0",
        "speed_limit": 20,
        "time": "18:50",
        "trunk_road_flag": "2",
        "urban_or_rural_area": "1",
        "weather_conditions": "1",
        "geometry_source": "collision_location",
        "source_year": 2020,
        "date_iso": "2020-08-02"
      }
    },
    {
      "type": "Feature",
      "id": "20201375I1803",
      "geometry": {
        "type": "Point",
        "coordinates": [
          -1.892389,
          53.749705
        ]
      },
      "properties": {
        "carriageway_hazards": "0",
        "carriageway_hazards_historic": "0",
        "collision_adjusted_severity_serious": "0.04603",
        "collision_adjusted_severity_slight": "0.95397",
        "collision_index": "20201375I1803",
        "collision_injury_based": "0",
        "collision_ref_no": "1375I1803",
        "collision_severity": "3",
        "collision_year": 2020,
        "date": "18/05/2020",
        "day_of_week": "2",
        "did_police_officer_attend_scene_of_accident": "1",
        "enhanced_severity_collision": "-1",
        "first_road_class": "6",
        "first_road_number": "0",
        "junction_control": "4",
        "junction_detail": "19",
        "junction_detail_historic": "9",
        "latitude": "53.749705",
        "light_conditions": "4",
        "local_authority_district": "202",
        "local_authority_highway": "E08000033",
        "local_authority_highway_current": "E08000033",
        "local_authority_ons_district": "E08000033",
        "location_easting_osgr": "407194",
        "location_northing_osgr": "428152",
        "longitude": "-1.892389",
        "lsoa_of_accident_location": "E01010916",
        "number_of_casualties": 1,
        "number_of_vehicles": 1,
        "pedestrian_crossing": "0",
        "pedestrian_crossing_human_control_historic": "0",
        "pedestrian_crossing_physical_facilities_historic": "0",
        "police_force": "13",
        "road_surface_conditions": "1",
        "road_type": "6",
        "second_road_class": "6",
        "second_road_number": "0",
        "special_conditions_at_site": "0",
        "speed_limit": 30,
        "time": "22:40",
        "trunk_road_flag": "2",
        "urban_or_rural_area": "1",
        "weather_conditions": "1",
        "geometry_source": "collision_location",
        "source_year": 2020,
        "date_iso": "2020-05-18"
      }
    },
    {
      "type": "Feature",
      "id": "20201376Q0671",
      "geometry": {
        "type": "Point",
        "coordinates": [
          -2.089313,
          53.714531
        ]
      },
      "properties": {
        "carriageway_hazards": "0",
        "carriageway_hazards_historic": "0",
        "collision_adjusted_severity_serious": "0.15894",
        "collision_adjusted_severity_slight": "0.84106",
        "collision_index": "20201376Q0671",
        "collision_injury_based": "0",
        "collision_ref_no": "1376Q0671",
        "collision_severity": "3",
        "collision_year": 2020,
        "date": "26/06/2020",
        "day_of_week": "6",
        "did_police_officer_attend_scene_of_accident": "1",
        "enhanced_severity_collision": "-1",
        "first_road_class": "3",
        "first_road_number": "646",
        "junction_control": "4",
        "junction_detail": "13",
        "junction_detail_historic": "3",
        "latitude": "53.714531",
        "light_conditions": "1",
        "local_authority_district": "202",
        "local_authority_highway": "E08000033",
        "local_authority_highway_current": "E08000033",
        "local_authority_ons_district": "E08000033",
        "location_easting_osgr": "394203",
        "location_northing_osgr": "424237",
        "longitude": "-2.089313",
        "lsoa_of_accident_location": "E01010984",
        "number_of_casualties": 1,
        "number_of_vehicles": 2,
        "pedestrian_crossing": "0",
        "pedestrian_crossing_human_control_historic": "0",
        "pedestrian_crossing_physical_facilities_historic": "0",
        "police_force": "13",
        "road_surface_conditions": "1",
        "road_type": "6",
        "second_road_class": "6",
        "second_road_number": "0",
        "special_conditions_at_site": "0",
        "speed_limit": 30,
        "time": "10:20",
        "trunk_road_flag": "2",
        "urban_or_rural_area": "1",
        "weather_conditions": "1",
        "geometry_source": "collision_location",
        "source_year": 2020,
        "date_iso": "2020-06-26"
      }
    },
    {
      "type": "Feature",
      "id": "20201373S1083",
      "geometry": {
        "type": "Point",
        "coordinates": [
          -1.893642,
          53.751944
        ]
      },
      "properties": {
        "carriageway_hazards": "0",
        "carriageway_hazards_historic": "0",
        "collision_adjusted_severity_serious": "0.14689",
        "collision_adjusted_severity_slight": "0.85311",
        "collision_index": "20201373S1083",
        "collision_injury_based": "0",
        "collision_ref_no": "1373S1083",
        "collision_severity": "3",
        "collision_year": 2020,
        "date": "28/03/2020",
        "day_of_week": "7",
        "did_police_officer_attend_scene_of_accident": "1",
        "enhanced_severity_collision": "-1",
        "first_road_class": "3",
        "first_road_number": "629",
        "junction_control": "4",
        "junction_detail": "13",
        "junction_detail_historic": "3",
        "latitude": "53.751944",
        "light_conditions": "1",
        "local_authority_district": "202",
        "local_authority_highway": "E08000033",
        "local_authority_highway_current": "E08000033",
        "local_authority_ons_district": "E08000033",
        "location_easting_osgr": "407111",
        "location_northing_osgr": "428401",
        "longitude": "-1.893642",
        "lsoa_of_accident_location": "E01010916",
        "number_of_casualties": 1,
        "number_of_vehicles": 2,
        "pedestrian_crossing": "0",
        "pedestrian_crossing_human_control_historic": "0",
        "pedestrian_crossing_physical_facilities_historic": "0",
        "police_force": "13",
        "road_surface_conditions": "1",
        "road_type": "6",
        "second_road_class": "6",
        "second_road_number": "0",
        "special_conditions_at_site": "0",
        "speed_limit": 30,
        "time": "17:00",
        "trunk_road_flag": "2",
        "urban_or_rural_area": "1",
        "weather_conditions": "1",
        "geometry_source": "collision_location",
        "source_year": 2020,
        "date_iso": "2020-03-28"
      }
    },
    {
      "type": "Feature",
      "id": "2020137710987",
      "geometry": {
        "type": "Point",
        "coordinates": [
          -1.877993,
          53.725091
        ]
      },
      "properties": {
        "carriageway_hazards": "0",
        "carriageway_hazards_historic": "0",
        "collision_adjusted_severity_serious": "1",
        "collision_adjusted_severity_slight": "0",
        "collision_index": "2020137710987",
        "collision_injury_based": "0",
        "collision_ref_no": "137710987",
        "collision_severity": "2",
        "collision_year": 2020,
        "date": "01/07/2020",
        "day_of_week": "4",
        "did_police_officer_attend_scene_of_accident": "1",
        "enhanced_severity_collision": "-1",
        "first_road_class": "6",
        "first_road_number": "0",
        "junction_control": "4",
        "junction_detail": "13",
        "junction_detail_historic": "3",
        "latitude": "53.725091",
        "light_conditions": "1",
        "local_authority_district": "202",
        "local_authority_highway": "E08000033",
        "local_authority_highway_current": "E08000033",
        "local_authority_ons_district": "E08000033",
        "location_easting_osgr": "408148",
        "location_northing_osgr": "425415",
        "longitude": "-1.877993",
        "lsoa_of_accident_location": "E01010966",
        "number_of_casualties": 1,
        "number_of_vehicles": 1,
        "pedestrian_crossing": "0",
        "pedestrian_crossing_human_control_historic": "0",
        "pedestrian_crossing_physical_facilities_historic": "0",
        "police_force": "13",
        "road_surface_conditions": "1",
        "road_type": "6",
        "second_road_class": "6",
        "second_road_number": "0",
        "special_conditions_at_site": "0",
        "speed_limit": 20,
        "time": "18:50",
        "trunk_road_flag": "2",
        "urban_or_rural_area": "1",
        "weather_conditions": "1",
        "geometry_source": "collision_location",
        "source_year": 2020,
        "date_iso": "2020-07-01"
      }
    },
    {
      "type": "Feature",
      "id": "2020137660369",
      "geometry": {
        "type": "Point",
        "coordinates": [
          -1.855352,
          53.698057
        ]
      },
      "properties": {
        "carriageway_hazards": "0",
        "carriageway_hazards_historic": "0",
        "collision_adjusted_severity_serious": "0.14255",
        "collision_adjusted_severity_slight": "0.85745",
        "collision_index": "2020137660369",
        "collision_injury_based": "0",
        "collision_ref_no": "137660369",
        "collision_severity": "3",
        "collision_year": 2020,
        "date": "06/06/2020",
        "day_of_week": "7",
        "did_police_officer_attend_scene_of_accident": "1",
        "enhanced_severity_collision": "-1",
        "first_road_class": "3",
        "first_road_number": "629",
        "junction_control": "4",
        "junction_detail": "0",
        "junction_detail_historic": "5",
        "latitude": "53.698057",
        "light_conditions": "1",
        "local_authority_district": "202",
        "local_authority_highway": "E08000033",
        "local_authority_highway_current": "E08000033",
        "local_authority_ons_district": "E08000033",
        "location_easting_osgr": "409648",
        "location_northing_osgr": "422410",
        "longitude": "-1.855352",
        "lsoa_of_accident_location": "E01010971",
        "number_of_casualties": 1,
        "number_of_vehicles": 2,
        "pedestrian_crossing": "0",
        "pedestrian_crossing_human_control_historic": "0",
        "pedestrian_crossing_physical_facilities_historic": "0",
        "police_force": "13",
        "road_surface_conditions": "2",
        "road_type": "3",
        "second_road_class": "4",
        "second_road_number": "6112",
        "special_conditions_at_site": "0",
        "speed_limit": 50,
        "time": "09:05",
        "trunk_road_flag": "2",
        "urban_or_rural_area": "2",
        "weather_conditions": "1",
        "geometry_source": "collision_location",
        "source_year": 2020,
        "date_iso": "2020-06-06"
      }
    },
    {
      "type": "Feature",
      "id": "20201379U0852",
      "geometry": {
        "type": "Point",
        "coordinates": [
          -1.926573,
          53.747511
        ]
      },
      "properties": {
        "carriageway_hazards": "0",
        "carriageway_hazards_historic": "0",
        "collision_adjusted_severity_serious": "0.12979",
        "collision_adjusted_severity_slight": "0.87021",
        "collision_index": "20201379U0852",
        "collision_injury_based": "0",
        "collision_ref_no": "1379U0852",
        "collision_severity": "3",
        "collision_year": 2020,
        "date": "30/09/2020",
        "day_of_week": "4",
        "did_police_officer_attend_scene_of_accident": "1",
        "enhanced_severity_collision": "-1",
        "first_road_class": "6",
        "first_road_number": "0",
        "junction_control": "-1",
        "junction_detail": "0",
        "junction_detail_historic": "0",
        "latitude": "53.747511",
        "light_conditions": "1",
        "local_authority_district": "203",
        "local_authority_highway": "E08000033",
        "local_authority_highway_current": "E08000033",
        "local_authority_ons_district": "E08000033",
        "location_easting_osgr": "404940",
        "location_northing_osgr": "427905",
        "longitude": "-1.926573",
        "lsoa_of_accident_location": "E01010920",
        "number_of_casualties": 2,
        "number_of_vehicles": 2,
        "pedestrian_crossing": "0",
        "pedestrian_crossing_human_control_historic": "0",
        "pedestrian_crossing_physical_facilities_historic": "0",
        "police_force": "13",
        "road_surface_conditions": "2",
        "road_type": "6",
        "second_road_class": "0",
        "second_road_number": "-1",
        "special_conditions_at_site": "0",
        "speed_limit": 40,
        "time": "13:50",
        "trunk_road_flag": "2",
        "urban_or_rural_area": "2",
        "weather_conditions": "2",
        "geometry_source": "collision_location",
        "source_year": 2020,
        "date_iso": "2020-09-30"
      }
    },
    {
      "type": "Feature",
      "id": "20201376H0690",
      "geometry": {
        "type": "Point",
        "coordinates": [
          -1.809698,
          53.75646
        ]
      },
      "properties": {
        "carriageway_hazards": "0",
        "carriageway_hazards_historic": "0",
        "collision_adjusted_severity_serious": "0.08179",
        "collision_adjusted_severity_slight": "0.91821",
        "collision_index": "20201376H0690",
        "collision_injury_based": "0",
        "collision_ref_no": "1376H0690",
        "collision_severity": "3",
        "collision_year": 2020,
        "date": "17/06/2020",
        "day_of_week": "4",
        "did_police_officer_attend_scene_of_accident": "1",
        "enhanced_severity_collision": "-1",
        "first_road_class": "3",
        "first_road_number": "6036",
        "junction_control": "4",
        "junction_detail": "13",
        "junction_detail_historic": "3",
        "latitude": "53.75646",
        "light_conditions": "1",
        "local_authority_district": "202",
        "local_authority_highway": "E08000033",
        "local_authority_highway_current": "E08000033",
        "local_authority_ons_district": "E08000033",
        "location_easting_osgr": "412645",
        "location_northing_osgr": "428915",
        "longitude": "-1.809698",
        "lsoa_of_accident_location": "E01010932",
        "number_of_casualties": 3,
        "number_of_vehicles": 2,
        "pedestrian_crossing": "14",
        "pedestrian_crossing_human_control_historic": "0",
        "pedestrian_crossing_physical_facilities_historic": "4",
        "police_force": "13",
        "road_surface_conditions": "1",
        "road_type": "6",
        "second_road_class": "6",
        "second_road_number": "0",
        "special_conditions_at_site": "0",
        "speed_limit": 30,
        "time": "12:31",
        "trunk_road_flag": "2",
        "urban_or_rural_area": "1",
        "weather_conditions": "1",
        "geometry_source": "collision_location",
        "source_year": 2020,
        "date_iso": "2020-06-17"
      }
    },
    {
      "type": "Feature",
      "id": "20201378Q1724",
      "geometry": {
        "type": "Point",
        "coordinates": [
          -1.889539,
          53.72592
        ]
      },
      "properties": {
        "carriageway_hazards": "0",
        "carriageway_hazards_historic": "0",
        "collision_adjusted_severity_serious": "0.15142",
        "collision_adjusted_severity_slight": "0.84858",
        "collision_index": "20201378Q1724",
        "collision_injury_based": "0",
        "collision_ref_no": "1378Q1724",
        "collision_severity": "3",
        "collision_year": 2020,
        "date": "26/08/2020",
        "day_of_week": "4",
        "did_police_officer_attend_scene_of_accident": "1",
        "enhanced_severity_collision": "-1",
        "first_road_class": "6",
        "first_road_number": "0",
        "junction_control": "2",
        "junction_detail": "16",
        "junction_detail_historic": "6",
        "latitude": "53.72592",
        "light_conditions": "5",
        "local_authority_district": "202",
        "local_authority_highway": "E08000033",
        "local_authority_highway_current": "E08000033",
        "local_authority_ons_district": "E08000033",
        "location_easting_osgr": "407386",
        "location_northing_osgr": "425506",
        "longitude": "-1.889539",
        "lsoa_of_accident_location": "E01011000",
        "number_of_casualties": 1,
        "number_of_vehicles": 1,
        "pedestrian_crossing": "12",
        "pedestrian_crossing_human_control_historic": "2",
        "pedestrian_crossing_physical_facilities_historic": "4",
        "police_force": "13",
        "road_surface_conditions": "1",
        "road_type": "6",
        "second_road_class": "6",
        "second_road_number": "0",
        "special_conditions_at_site": "0",
        "speed_limit": 20,
        "time": "20:46",
        "trunk_road_flag": "2",
        "urban_or_rural_area": "1",
        "weather_conditions": "1",
        "geometry_source": "collision_location",
        "source_year": 2020,
        "date_iso": "2020-08-26"
      }
    },
    {
      "type": "Feature",
      "id": "2020137BJ0208",
      "geometry": {
        "type": "Point",
        "coordinates": [
          -1.89241,
          53.735333
        ]
      },
      "properties": {
        "carriageway_hazards": "0",
        "carriageway_hazards_historic": "0",
        "collision_adjusted_severity_serious": "0.04047",
        "collision_adjusted_severity_slight": "0.95953",
        "collision_index": "2020137BJ0208",
        "collision_injury_based": "0",
        "collision_ref_no": "137BJ0208",
        "collision_severity": "3",
        "collision_year": 2020,
        "date": "19/11/2020",
        "day_of_week": "5",
        "did_police_officer_attend_scene_of_accident": "1",
        "enhanced_severity_collision": "-1",
        "first_road_class": "6",
        "first_road_number": "0",
        "junction_control": "4",
        "junction_detail": "13",
        "junction_detail_historic": "3",
        "latitude": "53.735333",
        "light_conditions": "1",
        "local_authority_district": "202",
        "local_authority_highway": "E08000033",
        "local_authority_highway_current": "E08000033",
        "local_authority_ons_district": "E08000033",
        "location_easting_osgr": "407195",
        "location_northing_osgr": "426553",
        "longitude": "-1.89241",
        "lsoa_of_accident_location": "E01010939",
        "number_of_casualties": 2,
        "number_of_vehicles": 2,
        "pedestrian_crossing": "0",
        "pedestrian_crossing_human_control_historic": "0",
        "pedestrian_crossing_physical_facilities_historic": "0",
        "police_force": "13",
        "road_surface_conditions": "1",
        "road_type": "6",
        "second_road_class": "6",
        "second_road_number": "0",
        "special_conditions_at_site": "0",
        "speed_limit": 30,
        "time": "07:40",
        "trunk_road_flag": "2",
        "urban_or_rural_area": "1",
        "weather_conditions": "1",
        "geometry_source": "collision_location",
        "source_year": 2020,
        "date_iso": "2020-11-19"
      }
    },
    {
      "type": "Feature",
      "id": "2020137C50503",
      "geometry": {
        "type": "Point",
        "coordinates": [
          -1.983624,
          53.730985
        ]
      },
      "properties": {
        "carriageway_hazards": "0",
        "carriageway_hazards_historic": "0",
        "collision_adjusted_severity_serious": "0.12873",
        "collision_adjusted_severity_slight": "0.87127",
        "collision_index": "2020137C50503",
        "collision_injury_based": "0",
        "collision_ref_no": "137C50503",
        "collision_severity": "3",
        "collision_year": 2020,
        "date": "05/12/2020",
        "day_of_week": "7",
        "did_police_officer_attend_scene_of_accident": "1",
        "enhanced_severity_collision": "-1",
        "first_road_class": "3",
        "first_road_number": "646",
        "junction_control": "4",
        "junction_detail": "13",
        "junction_detail_historic": "3",
        "latitude": "53.730985",
        "light_conditions": "1",
        "local_authority_district": "202",
        "local_authority_highway": "E08000033",
        "local_authority_highway_current": "E08000033",
        "local_authority_ons_district": "E08000033",
        "location_easting_osgr": "401178",
        "location_northing_osgr": "426064",
        "longitude": "-1.983624",
        "lsoa_of_accident_location": "E01010919",
        "number_of_casualties": 1,
        "number_of_vehicles": 2,
        "pedestrian_crossing": "14",
        "pedestrian_crossing_human_control_historic": "0",
        "pedestrian_crossing_physical_facilities_historic": "4",
        "police_force": "13",
        "road_surface_conditions": "1",
        "road_type": "6",
        "second_road_class": "6",
        "second_road_number": "0",
        "special_conditions_at_site": "0",
        "speed_limit": 20,
        "time": "10:35",
        "trunk_road_flag": "2",
        "urban_or_rural_area": "2",
        "weather_conditions": "1",
        "geometry_source": "collision_location",
        "source_year": 2020,
        "date_iso": "2020-12-05"
      }
    },
    {
      "type": "Feature",
      "id": "2020137910617",
      "geometry": {
        "type": "Point",
        "coordinates": [
          -1.781342,
          53.687941
        ]
      },
      "properties": {
        "carriageway_hazards": "0",
        "carriageway_hazards_historic": "0",
        "collision_adjusted_severity_serious": "0.06081",
        "collision_adjusted_severity_slight": "0.93919",
        "collision_index": "2020137910617",
        "collision_injury_based": "0",
        "collision_ref_no": "137910617",
        "collision_severity": "3",
        "collision_year": 2020,
        "date": "01/09/2020",
        "day_of_week": "3",
        "did_police_officer_attend_scene_of_accident": "1",
        "enhanced_severity_collision": "-1",
        "first_road_class": "3",
        "first_road_number": "617",
        "junction_control": "-1",
        "junction_detail": "0",
        "junction_detail_historic": "0",
        "latitude": "53.687941",
        "light_conditions": "1",
        "local_authority_district": "202",
        "local_authority_highway": "E08000033",
        "local_authority_highway_current": "E08000033",
        "local_authority_ons_district": "E08000033",
        "location_easting_osgr": "414538",
        "location_northing_osgr": "421297",
        "longitude": "-1.781342",
        "lsoa_of_accident_location": "E01010946",
        "number_of_casualties": 1,
        "number_of_vehicles": 2,
        "pedestrian_crossing": "0",
        "pedestrian_crossing_human_control_historic": "0",
        "pedestrian_crossing_physical_facilities_historic": "0",
        "police_force": "13",
        "road_surface_conditions": "1",
        "road_type": "6",
        "second_road_class": "0",
        "second_road_number": "-1",
        "special_conditions_at_site": "0",
        "speed_limit": 40,
        "time": "11:55",
        "trunk_road_flag": "2",
        "urban_or_rural_area": "1",
        "weather_conditions": "1",
        "geometry_source": "collision_location",
        "source_year": 2020,
        "date_iso": "2020-09-01"
      }
    },
    {
      "type": "Feature",
      "id": "20201374B2571",
      "geometry": {
        "type": "Point",
        "coordinates": [
          -1.844275,
          53.674646
        ]
      },
      "properties": {
        "carriageway_hazards": "0",
        "carriageway_hazards_historic": "0",
        "collision_adjusted_severity_serious": "0.04852",
        "collision_adjusted_severity_slight": "0.95148",
        "collision_index": "20201374B2571",
        "collision_injury_based": "0",
        "collision_ref_no": "1374B2571",
        "collision_severity": "3",
        "collision_year": 2020,
        "date": "11/04/2020",
        "day_of_week": "7",
        "did_police_officer_attend_scene_of_accident": "2",
        "enhanced_severity_collision": "-1",
        "first_road_class": "6",
        "first_road_number": "0",
        "junction_control": "4",
        "junction_detail": "13",
        "junction_detail_historic": "3",
        "latitude": "53.674646",
        "light_conditions": "1",
        "local_authority_district": "202",
        "local_authority_highway": "E08000033",
        "local_authority_highway_current": "E08000033",
        "local_authority_ons_district": "E08000033",
        "location_easting_osgr": "410385",
        "location_northing_osgr": "419807",
        "longitude": "-1.844275",
        "lsoa_of_accident_location": "E01010901",
        "number_of_casualties": 1,
        "number_of_vehicles": 2,
        "pedestrian_crossing": "0",
        "pedestrian_crossing_human_control_historic": "0",
        "pedestrian_crossing_physical_facilities_historic": "0",
        "police_force": "13",
        "road_surface_conditions": "1",
        "road_type": "6",
        "second_road_class": "6",
        "second_road_number": "0",
        "special_conditions_at_site": "0",
        "speed_limit": 30,
        "time": "18:30",
        "trunk_road_flag": "2",
        "urban_or_rural_area": "2",
        "weather_conditions": "1",
        "geometry_source": "collision_location",
        "source_year": 2020,
        "date_iso": "2020-04-11"
      }
    },
    {
      "type": "Feature",
      "id": "20201377P1108",
      "geometry": {
        "type": "Point",
        "coordinates": [
          -1.753296,
          53.696201
        ]
      },
      "properties": {
        "carriageway_hazards": "0",
        "carriageway_hazards_historic": "0",
        "collision_adjusted_severity_serious": "1",
        "collision_adjusted_severity_slight": "0",
        "collision_index": "20201377P1108",
        "collision_injury_based": "0",
        "collision_ref_no": "1377P1108",
        "collision_severity": "2",
        "collision_year": 2020,
        "date": "25/07/2020",
        "day_of_week": "7",
        "did_police_officer_attend_scene_of_accident": "1",
        "enhanced_severity_collision": "-1",
        "first_road_class": "3",
        "first_road_number": "644",
        "junction_control": "4",
        "junction_detail": "0",
        "junction_detail_historic": "1",
        "latitude": "53.696201",
        "light_conditions": "1",
        "local_authority_district": "202",
        "local_authority_highway": "E08000033",
        "local_authority_highway_current": "E08000033",
        "local_authority_ons_district": "E08000033",
        "location_easting_osgr": "416387",
        "location_northing_osgr": "422222",
        "longitude": "-1.753296",
        "lsoa_of_accident_location": "E01010879",
        "number_of_casualties": 1,
        "number_of_vehicles": 2,
        "pedestrian_crossing": "0",
        "pedestrian_crossing_human_control_historic": "0",
        "pedestrian_crossing_physical_facilities_historic": "0",
        "police_force": "13",
        "road_surface_conditions": "1",
        "road_type": "1",
        "second_road_class": "1",
        "second_road_number": "62",
        "special_conditions_at_site": "0",
        "speed_limit": 50,
        "time": "15:03",
        "trunk_road_flag": "2",
        "urban_or_rural_area": "2",
        "weather_conditions": "1",
        "geometry_source": "collision_location",
        "source_year": 2020,
        "date_iso": "2020-07-25"
      }
    },
    {
      "type": "Feature",
      "id": "20201373G0133",
      "geometry": {
        "type": "Point",
        "coordinates": [
          -1.909549,
          53.716967
        ]
      },
      "properties": {
        "carriageway_hazards": "0",
        "carriageway_hazards_historic": "0",
        "collision_adjusted_severity_serious": "1",
        "collision_adjusted_severity_slight": "0",
        "collision_index": "20201373G0133",
        "collision_injury_based": "0",
        "collision_ref_no": "1373G0133",
        "collision_severity": "2",
        "collision_year": 2020,
        "date": "16/03/2020",
        "day_of_week": "2",
        "did_police_officer_attend_scene_of_accident": "1",
        "enhanced_severity_collision": "-1",
        "first_road_class": "3",
        "first_road_number": "646",
        "junction_control": "-1",
        "junction_detail": "0",
        "junction_detail_historic": "0",
        "latitude": "53.716967",
        "light_conditions": "4",
        "local_authority_district": "202",
        "local_authority_highway": "E08000033",
        "local_authority_highway_current": "E08000033",
        "local_authority_ons_district": "E08000033",
        "location_easting_osgr": "406067",
        "location_northing_osgr": "424508",
        "longitude": "-1.909549",
        "lsoa_of_accident_location": "E01010976",
        "number_of_casualties": 2,
        "number_of_vehicles": 2,
        "pedestrian_crossing": "0",
        "pedestrian_crossing_human_control_historic": "0",
        "pedestrian_crossing_physical_facilities_historic": "0",
        "police_force": "13",
        "road_surface_conditions": "2",
        "road_type": "6",
        "second_road_class": "0",
        "second_road_number": "-1",
        "special_conditions_at_site": "0",
        "speed_limit": 40,
        "time": "02:45",
        "trunk_road_flag": "2",
        "urban_or_rural_area": "1",
        "weather_conditions": "2",
        "geometry_source": "collision_location",
        "source_year": 2020,
        "date_iso": "2020-03-16"
      }
    },
    {
      "type": "Feature",
      "id": "20201377G1494",
      "geometry": {
        "type": "Point",
        "coordinates": [
          -1.833735,
          53.687566
        ]
      },
      "properties": {
        "carriageway_hazards": "0",
        "carriageway_hazards_historic": "0",
        "collision_adjusted_severity_serious": "0.09705",
        "collision_adjusted_severity_slight": "0.90295",
        "collision_index": "20201377G1494",
        "collision_injury_based": "0",
        "collision_ref_no": "1377G1494",
        "collision_severity": "3",
        "collision_year": 2020,
        "date": "16/07/2020",
        "day_of_week": "5",
        "did_police_officer_attend_scene_of_accident": "1",
        "enhanced_severity_collision": "-1",
        "first_road_class": "6",
        "first_road_number": "0",
        "junction_control": "-1",
        "junction_detail": "0",
        "junction_detail_historic": "0",
        "latitude": "53.687566",
        "light_conditions": "1",
        "local_authority_district": "202",
        "local_authority_highway": "E08000033",
        "local_authority_highway_current": "E08000033",
        "local_authority_ons_district": "E08000033",
        "location_easting_osgr": "411078",
        "location_northing_osgr": "421246",
        "longitude": "-1.833735",
        "lsoa_of_accident_location": "E01010890",
        "number_of_casualties": 1,
        "number_of_vehicles": 2,
        "pedestrian_crossing": "0",
        "pedestrian_crossing_human_control_historic": "0",
        "pedestrian_crossing_physical_facilities_historic": "0",
        "police_force": "13",
        "road_surface_conditions": "1",
        "road_type": "6",
        "second_road_class": "0",
        "second_road_number": "-1",
        "special_conditions_at_site": "0",
        "speed_limit": 30,
        "time": "13:00",
        "trunk_road_flag": "2",
        "urban_or_rural_area": "1",
        "weather_conditions": "1",
        "geometry_source": "collision_location",
        "source_year": 2020,
        "date_iso": "2020-07-16"
      }
    },
    {
      "type": "Feature",
      "id": "20201378M1017",
      "geometry": {
        "type": "Point",
        "coordinates": [
          -1.75854,
          53.708831
        ]
      },
      "properties": {
        "carriageway_hazards": "0",
        "carriageway_hazards_historic": "0",
        "collision_adjusted_severity_serious": "0",
        "collision_adjusted_severity_slight": "0",
        "collision_index": "20201378M1017",
        "collision_injury_based": "0",
        "collision_ref_no": "1378M1017",
        "collision_severity": "1",
        "collision_year": 2020,
        "date": "22/08/2020",
        "day_of_week": "7",
        "did_police_officer_attend_scene_of_accident": "1",
        "enhanced_severity_collision": "-1",
        "first_road_class": "3",
        "first_road_number": "643",
        "junction_control": "-1",
        "junction_detail": "0",
        "junction_detail_historic": "0",
        "latitude": "53.708831",
        "light_conditions": "1",
        "local_authority_district": "202",
        "local_authority_highway": "E08000033",
        "local_authority_highway_current": "E08000033",
        "local_authority_ons_district": "E08000033",
        "location_easting_osgr": "416036",
        "location_northing_osgr": "423626",
        "longitude": "-1.75854",
        "lsoa_of_accident_location": "E01010878",
        "number_of_casualties": 3,
        "number_of_vehicles": 2,
        "pedestrian_crossing": "0",
        "pedestrian_crossing_human_control_historic": "0",
        "pedestrian_crossing_physical_facilities_historic": "0",
        "police_force": "13",
        "road_surface_conditions": "2",
        "road_type": "6",
        "second_road_class": "0",
        "second_road_number": "-1",
        "special_conditions_at_site": "0",
        "speed_limit": 60,
        "time": "14:23",
        "trunk_road_flag": "2",
        "urban_or_rural_area": "2",
        "weather_conditions": "2",
        "geometry_source": "collision_location",
        "source_year": 2020,
        "date_iso": "2020-08-22"
      }
    },
    {
      "type": "Feature",
      "id": "2020137970515",
      "geometry": {
        "type": "Point",
        "coordinates": [
          -1.952241,
          53.668464
        ]
      },
      "properties": {
        "carriageway_hazards": "0",
        "carriageway_hazards_historic": "0",
        "collision_adjusted_severity_serious": "0.00677",
        "collision_adjusted_severity_slight": "0.99323",
        "collision_index": "2020137970515",
        "collision_injury_based": "0",
        "collision_ref_no": "137970515",
        "collision_severity": "3",
        "collision_year": 2020,
        "date": "07/09/2020",
        "day_of_week": "2",
        "did_police_officer_attend_scene_of_accident": "2",
        "enhanced_severity_collision": "-1",
        "first_road_class": "3",
        "first_road_number": "58",
        "junction_control": "2",
        "junction_detail": "16",
        "junction_detail_historic": "6",
        "latitude": "53.668464",
        "light_conditions": "1",
        "local_authority_district": "202",
        "local_authority_highway": "E08000033",
        "local_authority_highway_current": "E08000033",
        "local_authority_ons_district": "E08000033",
        "location_easting_osgr": "403253",
        "location_northing_osgr": "419109",
        "longitude": "-1.952241",
        "lsoa_of_accident_location": "E01010954",
        "number_of_casualties": 1,
        "number_of_vehicles": 3,
        "pedestrian_crossing": "0",
        "pedestrian_crossing_human_control_historic": "0",
        "pedestrian_crossing_physical_facilities_historic": "0",
        "police_force": "13",
        "road_surface_conditions": "1",
        "road_type": "6",
        "second_road_class": "6",
        "second_road_number": "0",
        "special_conditions_at_site": "0",
        "speed_limit": 30,
        "time": "11:09",
        "trunk_road_flag": "2",
        "urban_or_rural_area": "2",
        "weather_conditions": "1",
        "geometry_source": "collision_location",
        "source_year": 2020,
        "date_iso": "2020-09-07"
      }
    },
    {
      "type": "Feature",
      "id": "20201374D0204",
      "geometry": {
        "type": "Point",
        "coordinates": [
          -1.858009,
          53.714139
        ]
      },
      "properties": {
        "carriageway_hazards": "20",
        "carriageway_hazards_historic": "7",
        "collision_adjusted_severity_serious": "0.2231",
        "collision_adjusted_severity_slight": "0.7769",
        "collision_index": "20201374D0204",
        "collision_injury_based": "0",
        "collision_ref_no": "1374D0204",
        "collision_severity": "3",
        "collision_year": 2020,
        "date": "13/04/2020",
        "day_of_week": "2",
        "did_police_officer_attend_scene_of_accident": "1",
        "enhanced_severity_collision": "-1",
        "first_road_class": "6",
        "first_road_number": "0",
        "junction_control": "-1",
        "junction_detail": "0",
        "junction_detail_historic": "0",
        "latitude": "53.714139",
        "light_conditions": "4",
        "local_authority_district": "202",
        "local_authority_highway": "E08000033",
        "local_authority_highway_current": "E08000033",
        "local_authority_ons_district": "E08000033",
        "location_easting_osgr": "409469",
        "location_northing_osgr": "424199",
        "longitude": "-1.858009",
        "lsoa_of_accident_location": "E01010968",
        "number_of_casualties": 1,
        "number_of_vehicles": 1,
        "pedestrian_crossing": "13",
        "pedestrian_crossing_human_control_historic": "0",
        "pedestrian_crossing_physical_facilities_historic": "1",
        "police_force": "13",
        "road_surface_conditions": "1",
        "road_type": "6",
        "second_road_class": "0",
        "second_road_number": "-1",
        "special_conditions_at_site": "0",
        "speed_limit": 30,
        "time": "05:40",
        "trunk_road_flag": "2",
        "urban_or_rural_area": "1",
        "weather_conditions": "1",
        "geometry_source": "collision_location",
        "source_year": 2020,
        "date_iso": "2020-04-13"
      }
    },
    {
      "type": "Feature",
      "id": "2020137660443",
      "geometry": {
        "type": "Point",
        "coordinates": [
          -2.106461,
          53.701143
        ]
      },
      "properties": {
        "carriageway_hazards": "0",
        "carriageway_hazards_historic": "0",
        "collision_adjusted_severity_serious": "0.12802",
        "collision_adjusted_severity_slight": "0.87198",
        "collision_index": "2020137660443",
        "collision_injury_based": "0",
        "collision_ref_no": "137660443",
        "collision_severity": "3",
        "collision_year": 2020,
        "date": "06/06/2020",
        "day_of_week": "7",
        "did_police_officer_attend_scene_of_accident": "1",
        "enhanced_severity_collision": "-1",
        "first_road_class": "3",
        "first_road_number": "6033",
        "junction_control": "4",
        "junction_detail": "13",
        "junction_detail_historic": "3",
        "latitude": "53.701143",
        "light_conditions": "1",
        "local_authority_district": "202",
        "local_authority_highway": "E08000033",
        "local_authority_highway_current": "E08000033",
        "local_authority_ons_district": "E08000033",
        "location_easting_osgr": "393069",
        "location_northing_osgr": "422749",
        "longitude": "-2.106461",
        "lsoa_of_accident_location": "E01010885",
        "number_of_casualties": 1,
        "number_of_vehicles": 2,
        "pedestrian_crossing": "0",
        "pedestrian_crossing_human_control_historic": "0",
        "pedestrian_crossing_physical_facilities_historic": "0",
        "police_force": "13",
        "road_surface_conditions": "1",
        "road_type": "6",
        "second_road_class": "6",
        "second_road_number": "0",
        "special_conditions_at_site": "0",
        "speed_limit": 30,
        "time": "10:00",
        "trunk_road_flag": "2",
        "urban_or_rural_area": "1",
        "weather_conditions": "1",
        "geometry_source": "collision_location",
        "source_year": 2020,
        "date_iso": "2020-06-06"
      }
    },
    {
      "type": "Feature",
      "id": "20201379L0328",
      "geometry": {
        "type": "Point",
        "coordinates": [
          -1.876401,
          53.740953
        ]
      },
      "properties": {
        "carriageway_hazards": "0",
        "carriageway_hazards_historic": "0",
        "collision_adjusted_severity_serious": "0.02107",
        "collision_adjusted_severity_slight": "0.97893",
        "collision_index": "20201379L0328",
        "collision_injury_based": "0",
        "collision_ref_no": "1379L0328",
        "collision_severity": "3",
        "collision_year": 2020,
        "date": "21/09/2020",
        "day_of_week": "2",
        "did_police_officer_attend_scene_of_accident": "1",
        "enhanced_severity_collision": "-1",
        "first_road_class": "6",
        "first_road_number": "0",
        "junction_control": "4",
        "junction_detail": "13",
        "junction_detail_historic": "3",
        "latitude": "53.740953",
        "light_conditions": "1",
        "local_authority_district": "202",
        "local_authority_highway": "E08000033",
        "local_authority_highway_current": "E08000033",
        "local_authority_ons_district": "E08000033",
        "location_easting_osgr": "408250",
        "location_northing_osgr": "427180",
        "longitude": "-1.876401",
        "lsoa_of_accident_location": "E01010940",
        "number_of_casualties": 1,
        "number_of_vehicles": 2,
        "pedestrian_crossing": "0",
        "pedestrian_crossing_human_control_historic": "0",
        "pedestrian_crossing_physical_facilities_historic": "0",
        "police_force": "13",
        "road_surface_conditions": "1",
        "road_type": "6",
        "second_road_class": "6",
        "second_road_number": "0",
        "special_conditions_at_site": "0",
        "speed_limit": 30,
        "time": "08:52",
        "trunk_road_flag": "2",
        "urban_or_rural_area": "1",
        "weather_conditions": "1",
        "geometry_source": "collision_location",
        "source_year": 2020,
        "date_iso": "2020-09-21"
      }
    },
    {
      "type": "Feature",
      "id": "2020137AL0758",
      "geometry": {
        "type": "Point",
        "coordinates": [
          -1.77921,
          53.704664
        ]
      },
      "properties": {
        "carriageway_hazards": "0",
        "carriageway_hazards_historic": "0",
        "collision_adjusted_severity_serious": "0.1407",
        "collision_adjusted_severity_slight": "0.8593",
        "collision_index": "2020137AL0758",
        "collision_injury_based": "0",
        "collision_ref_no": "137AL0758",
        "collision_severity": "3",
        "collision_year": 2020,
        "date": "21/10/2020",
        "day_of_week": "4",
        "did_police_officer_attend_scene_of_accident": "1",
        "enhanced_severity_collision": "-1",
        "first_road_class": "6",
        "first_road_number": "0",
        "junction_control": "-1",
        "junction_detail": "0",
        "junction_detail_historic": "0",
        "latitude": "53.704664",
        "light_conditions": "1",
        "local_authority_district": "202",
        "local_authority_highway": "E08000033",
        "local_authority_highway_current": "E08000033",
        "local_authority_ons_district": "E08000033",
        "location_easting_osgr": "414673",
        "location_northing_osgr": "423158",
        "longitude": "-1.77921",
        "lsoa_of_accident_location": "E01010878",
        "number_of_casualties": 1,
        "number_of_vehicles": 1,
        "pedestrian_crossing": "0",
        "pedestrian_crossing_human_control_historic": "0",
        "pedestrian_crossing_physical_facilities_historic": "0",
        "police_force": "13",
        "road_surface_conditions": "2",
        "road_type": "6",
        "second_road_class": "0",
        "second_road_number": "-1",
        "special_conditions_at_site": "0",
        "speed_limit": 30,
        "time": "12:56",
        "trunk_road_flag": "2",
        "urban_or_rural_area": "1",
        "weather_conditions": "1",
        "geometry_source": "collision_location",
        "source_year": 2020,
        "date_iso": "2020-10-21"
      }
    },
    {
      "type": "Feature",
      "id": "2020137821380",
      "geometry": {
        "type": "Point",
        "coordinates": [
          -1.867535,
          53.725278
        ]
      },
      "properties": {
        "carriageway_hazards": "0",
        "carriageway_hazards_historic": "0",
        "collision_adjusted_severity_serious": "0.066",
        "collision_adjusted_severity_slight": "0.934",
        "collision_index": "2020137821380",
        "collision_injury_based": "0",
        "collision_ref_no": "137821380",
        "collision_severity": "3",
        "collision_year": 2020,
        "date": "02/08/2020",
        "day_of_week": "1",
        "did_police_officer_attend_scene_of_accident": "1",
        "enhanced_severity_collision": "-1",
        "first_road_class": "6",
        "first_road_number": "0",
        "junction_control": "-1",
        "junction_detail": "0",
        "junction_detail_historic": "0",
        "latitude": "53.725278",
        "light_conditions": "1",
        "local_authority_district": "202",
        "local_authority_highway": "E08000033",
        "local_authority_highway_current": "E08000033",
        "local_authority_ons_district": "E08000033",
        "location_easting_osgr": "408838",
        "location_northing_osgr": "425437",
        "longitude": "-1.867535",
        "lsoa_of_accident_location": "E01010994",
        "number_of_casualties": 2,
        "number_of_vehicles": 2,
        "pedestrian_crossing": "0",
        "pedestrian_crossing_human_control_historic": "0",
        "pedestrian_crossing_physical_facilities_historic": "0",
        "police_force": "13",
        "road_surface_conditions": "1",
        "road_type": "7",
        "second_road_class": "0",
        "second_road_number": "-1",
        "special_conditions_at_site": "0",
        "speed_limit": 30,
        "time": "16:05",
        "trunk_road_flag": "2",
        "urban_or_rural_area": "1",
        "weather_conditions": "1",
        "geometry_source": "collision_location",
        "source_year": 2020,
        "date_iso": "2020-08-02"
      }
    },
    {
      "type": "Feature",
      "id": "2020137180871",
      "geometry": {
        "type": "Point",
        "coordinates": [
          -2.108697,
          53.704583
        ]
      },
      "properties": {
        "carriageway_hazards": "0",
        "carriageway_hazards_historic": "0",
        "collision_adjusted_severity_serious": "0.08839",
        "collision_adjusted_severity_slight": "0.91161",
        "collision_index": "2020137180871",
        "collision_injury_based": "0",
        "collision_ref_no": "137180871",
        "collision_severity": "3",
        "collision_year": 2020,
        "date": "08/01/2020",
        "day_of_week": "4",
        "did_police_officer_attend_scene_of_accident": "1",
        "enhanced_severity_collision": "-1",
        "first_road_class": "3",
        "first_road_number": "681",
        "junction_control": "-1",
        "junction_detail": "0",
        "junction_detail_historic": "0",
        "latitude": "53.704583",
        "light_conditions": "1",
        "local_authority_district": "202",
        "local_authority_highway": "E08000033",
        "local_authority_highway_current": "E08000033",
        "local_authority_ons_district": "E08000033",
        "location_easting_osgr": "392922",
        "location_northing_osgr": "423132",
        "longitude": "-2.108697",
        "lsoa_of_accident_location": "E01010985",
        "number_of_casualties": 1,
        "number_of_vehicles": 1,
        "pedestrian_crossing": "0",
        "pedestrian_crossing_human_control_historic": "0",
        "pedestrian_crossing_physical_facilities_historic": "0",
        "police_force": "13",
        "road_surface_conditions": "1",
        "road_type": "6",
        "second_road_class": "0",
        "second_road_number": "-1",
        "special_conditions_at_site": "0",
        "speed_limit": 30,
        "time": "14:41",
        "trunk_road_flag": "2",
        "urban_or_rural_area": "1",
        "weather_conditions": "1",
        "geometry_source": "collision_location",
        "source_year": 2020,
        "date_iso": "2020-01-08"
      }
    },
    {
      "type": "Feature",
      "id": "20201372C1002",
      "geometry": {
        "type": "Point",
        "coordinates": [
          -1.890014,
          53.729902
        ]
      },
      "properties": {
        "carriageway_hazards": "0",
        "carriageway_hazards_historic": "0",
        "collision_adjusted_severity_serious": "0.03659",
        "collision_adjusted_severity_slight": "0.96341",
        "collision_index": "20201372C1002",
        "collision_injury_based": "0",
        "collision_ref_no": "1372C1002",
        "collision_severity": "3",
        "collision_year": 2020,
        "date": "12/02/2020",
        "day_of_week": "4",
        "did_police_officer_attend_scene_of_accident": "1",
        "enhanced_severity_collision": "-1",
        "first_road_class": "6",
        "first_road_number": "0",
        "junction_control": "-1",
        "junction_detail": "0",
        "junction_detail_historic": "0",
        "latitude": "53.729902",
        "light_conditions": "1",
        "local_authority_district": "202",
        "local_authority_highway": "E08000033",
        "local_authority_highway_current": "E08000033",
        "local_authority_ons_district": "E08000033",
        "location_easting_osgr": "407354",
        "location_northing_osgr": "425949",
        "longitude": "-1.890014",
        "lsoa_of_accident_location": "E01010929",
        "number_of_casualties": 1,
        "number_of_vehicles": 2,
        "pedestrian_crossing": "0",
        "pedestrian_crossing_human_control_historic": "0",
        "pedestrian_crossing_physical_facilities_historic": "0",
        "police_force": "13",
        "road_surface_conditions": "3",
        "road_type": "6",
        "second_road_class": "0",
        "second_road_number": "-1",
        "special_conditions_at_site": "0",
        "speed_limit": 30,
        "time": "19:33",
        "trunk_road_flag": "2",
        "urban_or_rural_area": "1",
        "weather_conditions": "6",
        "geometry_source": "collision_location",
        "source_year": 2020,
        "date_iso": "2020-02-12"
      }
    },
    {
      "type": "Feature",
      "id": "2020137A50331",
      "geometry": {
        "type": "Point",
        "coordinates": [
          -1.794962,
          53.705069
        ]
      },
      "properties": {
        "carriageway_hazards": "0",
        "carriageway_hazards_historic": "0",
        "collision_adjusted_severity_serious": "0.00619",
        "collision_adjusted_severity_slight": "0.99381",
        "collision_index": "2020137A50331",
        "collision_injury_based": "0",
        "collision_ref_no": "137A50331",
        "collision_severity": "3",
        "collision_year": 2020,
        "date": "05/10/2020",
        "day_of_week": "2",
        "did_police_officer_attend_scene_of_accident": "2",
        "enhanced_severity_collision": "-1",
        "first_road_class": "6",
        "first_road_number": "0",
        "junction_control": "4",
        "junction_detail": "13",
        "junction_detail_historic": "3",
        "latitude": "53.705069",
        "light_conditions": "1",
        "local_authority_district": "202",
        "local_authority_highway": "E08000033",
        "local_authority_highway_current": "E08000033",
        "local_authority_ons_district": "E08000033",
        "location_easting_osgr": "413633",
        "location_northing_osgr": "423200",
        "longitude": "-1.794962",
        "lsoa_of_accident_location": "E01010877",
        "number_of_casualties": 1,
        "number_of_vehicles": 2,
        "pedestrian_crossing": "0",
        "pedestrian_crossing_human_control_historic": "0",
        "pedestrian_crossing_physical_facilities_historic": "0",
        "police_force": "13",
        "road_surface_conditions": "1",
        "road_type": "6",
        "second_road_class": "3",
        "second_road_number": "6025",
        "special_conditions_at_site": "0",
        "speed_limit": 30,
        "time": "07:05",
        "trunk_road_flag": "2",
        "urban_or_rural_area": "1",
        "weather_conditions": "1",
        "geometry_source": "collision_location",
        "source_year": 2020,
        "date_iso": "2020-10-05"
      }
    },
    {
      "type": "Feature",
      "id": "2020137990531",
      "geometry": {
        "type": "Point",
        "coordinates": [
          -1.753209,
          53.695427
        ]
      },
      "properties": {
        "carriageway_hazards": "0",
        "carriageway_hazards_historic": "0",
        "collision_adjusted_severity_serious": "1",
        "collision_adjusted_severity_slight": "0",
        "collision_index": "2020137990531",
        "collision_injury_based": "0",
        "collision_ref_no": "137990531",
        "collision_severity": "2",
        "collision_year": 2020,
        "date": "09/09/2020",
        "day_of_week": "4",
        "did_police_officer_attend_scene_of_accident": "1",
        "enhanced_severity_collision": "-1",
        "first_road_class": "1",
        "first_road_number": "62",
        "junction_control": "-1",
        "junction_detail": "0",
        "junction_detail_historic": "0",
        "latitude": "53.695427",
        "light_conditions": "1",
        "local_authority_district": "202",
        "local_authority_highway": "E08000033",
        "local_authority_highway_current": "E08000033",
        "local_authority_ons_district": "E08000033",
        "location_easting_osgr": "416393",
        "location_northing_osgr": "422136",
        "longitude": "-1.753209",
        "lsoa_of_accident_location": "E01010879",
        "number_of_casualties": 2,
        "number_of_vehicles": 5,
        "pedestrian_crossing": "0",
        "pedestrian_crossing_human_control_historic": "0",
        "pedestrian_crossing_physical_facilities_historic": "0",
        "police_force": "13",
        "road_surface_conditions": "1",
        "road_type": "3",
        "second_road_class": "0",
        "second_road_number": "-1",
        "special_conditions_at_site": "0",
        "speed_limit": 70,
        "time": "10:45",
        "trunk_road_flag": "1",
        "urban_or_rural_area": "2",
        "weather_conditions": "1",
        "geometry_source": "collision_location",
        "source_year": 2020,
        "date_iso": "2020-09-09"
      }
    },
    {
      "type": "Feature",
      "id": "2020137381475",
      "geometry": {
        "type": "Point",
        "coordinates": [
          -1.895689,
          53.764286
        ]
      },
      "properties": {
        "carriageway_hazards": "0",
        "carriageway_hazards_historic": "0",
        "collision_adjusted_severity_serious": "0.086",
        "collision_adjusted_severity_slight": "0.914",
        "collision_index": "2020137381475",
        "collision_injury_based": "0",
        "collision_ref_no": "137381475",
        "collision_severity": "3",
        "collision_year": 2020,
        "date": "08/03/2020",
        "day_of_week": "1",
        "did_police_officer_attend_scene_of_accident": "1",
        "enhanced_severity_collision": "-1",
        "first_road_class": "3",
        "first_road_number": "629",
        "junction_control": "4",
        "junction_detail": "16",
        "junction_detail_historic": "6",
        "latitude": "53.764286",
        "light_conditions": "4",
        "local_authority_district": "202",
        "local_authority_highway": "E08000033",
        "local_authority_highway_current": "E08000033",
        "local_authority_ons_district": "E08000033",
        "location_easting_osgr": "406974",
        "location_northing_osgr": "429774",
        "longitude": "-1.895689",
        "lsoa_of_accident_location": "E01010925",
        "number_of_casualties": 2,
        "number_of_vehicles": 2,
        "pedestrian_crossing": "0",
        "pedestrian_crossing_human_control_historic": "0",
        "pedestrian_crossing_physical_facilities_historic": "0",
        "police_force": "13",
        "road_surface_conditions": "2",
        "road_type": "6",
        "second_road_class": "6",
        "second_road_number": "0",
        "special_conditions_at_site": "0",
        "speed_limit": 30,
        "time": "19:10",
        "trunk_road_flag": "2",
        "urban_or_rural_area": "2",
        "weather_conditions": "2",
        "geometry_source": "collision_location",
        "source_year": 2020,
        "date_iso": "2020-03-08"
      }
    },
    {
      "type": "Feature",
      "id": "20201376C1427",
      "geometry": {
        "type": "Point",
        "coordinates": [
          -1.898906,
          53.751346
        ]
      },
      "properties": {
        "carriageway_hazards": "0",
        "carriageway_hazards_historic": "0",
        "collision_adjusted_severity_serious": "1",
        "collision_adjusted_severity_slight": "0",
        "collision_index": "20201376C1427",
        "collision_injury_based": "0",
        "collision_ref_no": "1376C1427",
        "collision_severity": "2",
        "collision_year": 2020,
        "date": "12/06/2020",
        "day_of_week": "6",
        "did_police_officer_attend_scene_of_accident": "1",
        "enhanced_severity_collision": "-1",
        "first_road_class": "6",
        "first_road_number": "0",
        "junction_control": "4",
        "junction_detail": "13",
        "junction_detail_historic": "3",
        "latitude": "53.751346",
        "light_conditions": "4",
        "local_authority_district": "202",
        "local_authority_highway": "E08000033",
        "local_authority_highway_current": "E08000033",
        "local_authority_ons_district": "E08000033",
        "location_easting_osgr": "406764",
        "location_northing_osgr": "428334",
        "longitude": "-1.898906",
        "lsoa_of_accident_location": "E01010914",
        "number_of_casualties": 1,
        "number_of_vehicles": 2,
        "pedestrian_crossing": "0",
        "pedestrian_crossing_human_control_historic": "0",
        "pedestrian_crossing_physical_facilities_historic": "0",
        "police_force": "13",
        "road_surface_conditions": "2",
        "road_type": "6",
        "second_road_class": "6",
        "second_road_number": "0",
        "special_conditions_at_site": "0",
        "speed_limit": 30,
        "time": "19:53",
        "trunk_road_flag": "2",
        "urban_or_rural_area": "1",
        "weather_conditions": "2",
        "geometry_source": "collision_location",
        "source_year": 2020,
        "date_iso": "2020-06-12"
      }
    },
    {
      "type": "Feature",
      "id": "20201377F1162",
      "geometry": {
        "type": "Point",
        "coordinates": [
          -1.732504,
          53.686143
        ]
      },
      "properties": {
        "carriageway_hazards": "0",
        "carriageway_hazards_historic": "0",
        "collision_adjusted_severity_serious": "0.14379",
        "collision_adjusted_severity_slight": "0.85621",
        "collision_index": "20201377F1162",
        "collision_injury_based": "0",
        "collision_ref_no": "1377F1162",
        "collision_severity": "3",
        "collision_year": 2020,
        "date": "15/07/2020",
        "day_of_week": "4",
        "did_police_officer_attend_scene_of_accident": "1",
        "enhanced_severity_collision": "-1",
        "first_road_class": "3",
        "first_road_number": "644",
        "junction_control": "2",
        "junction_detail": "0",
        "junction_detail_historic": "1",
        "latitude": "53.686143",
        "light_conditions": "1",
        "local_authority_district": "202",
        "local_authority_highway": "E08000033",
        "local_authority_highway_current": "E08000033",
        "local_authority_ons_district": "E08000033",
        "location_easting_osgr": "417764",
        "location_northing_osgr": "421108",
        "longitude": "-1.732504",
        "lsoa_of_accident_location": "E01010879",
        "number_of_casualties": 3,
        "number_of_vehicles": 6,
        "pedestrian_crossing": "0",
        "pedestrian_crossing_human_control_historic": "0",
        "pedestrian_crossing_physical_facilities_historic": "0",
        "police_force": "13",
        "road_surface_conditions": "1",
        "road_type": "6",
        "second_road_class": "3",
        "second_road_number": "62",
        "special_conditions_at_site": "0",
        "speed_limit": 50,
        "time": "16:22",
        "trunk_road_flag": "2",
        "urban_or_rural_area": "2",
        "weather_conditions": "1",
        "geometry_source": "collision_location",
        "source_year": 2020,
        "date_iso": "2020-07-15"
      }
    },
    {
      "type": "Feature",
      "id": "2020137A41735",
      "geometry": {
        "type": "Point",
        "coordinates": [
          -1.876072,
          53.72392
        ]
      },
      "properties": {
        "carriageway_hazards": "0",
        "carriageway_hazards_historic": "0",
        "collision_adjusted_severity_serious": "0.04065",
        "collision_adjusted_severity_slight": "0.95935",
        "collision_index": "2020137A41735",
        "collision_injury_based": "0",
        "collision_ref_no": "137A41735",
        "collision_severity": "3",
        "collision_year": 2020,
        "date": "04/10/2020",
        "day_of_week": "1",
        "did_police_officer_attend_scene_of_accident": "1",
        "enhanced_severity_collision": "-1",
        "first_road_class": "6",
        "first_road_number": "0",
        "junction_control": "4",
        "junction_detail": "13",
        "junction_detail_historic": "3",
        "latitude": "53.72392",
        "light_conditions": "4",
        "local_authority_district": "202",
        "local_authority_highway": "E08000033",
        "local_authority_highway_current": "E08000033",
        "local_authority_ons_district": "E08000033",
        "location_easting_osgr": "408275",
        "location_northing_osgr": "425285",
        "longitude": "-1.876072",
        "lsoa_of_accident_location": "E01010966",
        "number_of_casualties": 1,
        "number_of_vehicles": 2,
        "pedestrian_crossing": "0",
        "pedestrian_crossing_human_control_historic": "0",
        "pedestrian_crossing_physical_facilities_historic": "0",
        "police_force": "13",
        "road_surface_conditions": "1",
        "road_type": "6",
        "second_road_class": "6",
        "second_road_number": "0",
        "special_conditions_at_site": "0",
        "speed_limit": 20,
        "time": "20:19",
        "trunk_road_flag": "2",
        "urban_or_rural_area": "1",
        "weather_conditions": "1",
        "geometry_source": "collision_location",
        "source_year": 2020,
        "date_iso": "2020-10-04"
      }
    },
    {
      "type": "Feature",
      "id": "20201375L2003",
      "geometry": {
        "type": "Point",
        "coordinates": [
          -1.794112,
          53.705589
        ]
      },
      "properties": {
        "carriageway_hazards": "0",
        "carriageway_hazards_historic": "0",
        "collision_adjusted_severity_serious": "0.10546",
        "collision_adjusted_severity_slight": "0.89454",
        "collision_index": "20201375L2003",
        "collision_injury_based": "0",
        "collision_ref_no": "1375L2003",
        "collision_severity": "3",
        "collision_year": 2020,
        "date": "21/05/2020",
        "day_of_week": "5",
        "did_police_officer_attend_scene_of_accident": "1",
        "enhanced_severity_collision": "-1",
        "first_road_class": "3",
        "first_road_number": "6025",
        "junction_control": "-1",
        "junction_detail": "0",
        "junction_detail_historic": "0",
        "latitude": "53.705589",
        "light_conditions": "4",
        "local_authority_district": "202",
        "local_authority_highway": "E08000033",
        "local_authority_highway_current": "E08000033",
        "local_authority_ons_district": "E08000033",
        "location_easting_osgr": "413689",
        "location_northing_osgr": "423258",
        "longitude": "-1.794112",
        "lsoa_of_accident_location": "E01010877",
        "number_of_casualties": 2,
        "number_of_vehicles": 2,
        "pedestrian_crossing": "0",
        "pedestrian_crossing_human_control_historic": "0",
        "pedestrian_crossing_physical_facilities_historic": "0",
        "police_force": "13",
        "road_surface_conditions": "1",
        "road_type": "6",
        "second_road_class": "0",
        "second_road_number": "-1",
        "special_conditions_at_site": "0",
        "speed_limit": 30,
        "time": "20:09",
        "trunk_road_flag": "2",
        "urban_or_rural_area": "1",
        "weather_conditions": "1",
        "geometry_source": "collision_location",
        "source_year": 2020,
        "date_iso": "2020-05-21"
      }
    },
    {
      "type": "Feature",
      "id": "20201372I1029",
      "geometry": {
        "type": "Point",
        "coordinates": [
          -1.777915,
          53.703349
        ]
      },
      "properties": {
        "carriageway_hazards": "0",
        "carriageway_hazards_historic": "0",
        "collision_adjusted_severity_serious": "0.03422",
        "collision_adjusted_severity_slight": "0.96578",
        "collision_index": "20201372I1029",
        "collision_injury_based": "0",
        "collision_ref_no": "1372I1029",
        "collision_severity": "3",
        "collision_year": 2020,
        "date": "18/02/2020",
        "day_of_week": "3",
        "did_police_officer_attend_scene_of_accident": "1",
        "enhanced_severity_collision": "-1",
        "first_road_class": "6",
        "first_road_number": "0",
        "junction_control": "4",
        "junction_detail": "0",
        "junction_detail_historic": "1",
        "latitude": "53.703349",
        "light_conditions": "1",
        "local_authority_district": "202",
        "local_authority_highway": "E08000033",
        "local_authority_highway_current": "E08000033",
        "local_authority_ons_district": "E08000033",
        "location_easting_osgr": "414759",
        "location_northing_osgr": "423012",
        "longitude": "-1.777915",
        "lsoa_of_accident_location": "E01010878",
        "number_of_casualties": 1,
        "number_of_vehicles": 2,
        "pedestrian_crossing": "0",
        "pedestrian_crossing_human_control_historic": "0",
        "pedestrian_crossing_physical_facilities_historic": "0",
        "police_force": "13",
        "road_surface_conditions": "1",
        "road_type": "1",
        "second_road_class": "6",
        "second_road_number": "0",
        "special_conditions_at_site": "0",
        "speed_limit": 30,
        "time": "15:17",
        "trunk_road_flag": "2",
        "urban_or_rural_area": "1",
        "weather_conditions": "1",
        "geometry_source": "collision_location",
        "source_year": 2020,
        "date_iso": "2020-02-18"
      }
    },
    {
      "type": "Feature",
      "id": "20201371V1044",
      "geometry": {
        "type": "Point",
        "coordinates": [
          -1.753012,
          53.695553
        ]
      },
      "properties": {
        "carriageway_hazards": "0",
        "carriageway_hazards_historic": "0",
        "collision_adjusted_severity_serious": "0.12184",
        "collision_adjusted_severity_slight": "0.87816",
        "collision_index": "20201371V1044",
        "collision_injury_based": "0",
        "collision_ref_no": "1371V1044",
        "collision_severity": "3",
        "collision_year": 2020,
        "date": "31/01/2020",
        "day_of_week": "6",
        "did_police_officer_attend_scene_of_accident": "1",
        "enhanced_severity_collision": "-1",
        "first_road_class": "1",
        "first_road_number": "62",
        "junction_control": "-1",
        "junction_detail": "0",
        "junction_detail_historic": "0",
        "latitude": "53.695553",
        "light_conditions": "1",
        "local_authority_district": "202",
        "local_authority_highway": "E08000033",
        "local_authority_highway_current": "E08000033",
        "local_authority_ons_district": "E08000033",
        "location_easting_osgr": "416406",
        "location_northing_osgr": "422150",
        "longitude": "-1.753012",
        "lsoa_of_accident_location": "E01010879",
        "number_of_casualties": 2,
        "number_of_vehicles": 4,
        "pedestrian_crossing": "0",
        "pedestrian_crossing_human_control_historic": "0",
        "pedestrian_crossing_physical_facilities_historic": "0",
        "police_force": "13",
        "road_surface_conditions": "1",
        "road_type": "3",
        "second_road_class": "0",
        "second_road_number": "-1",
        "special_conditions_at_site": "0",
        "speed_limit": 70,
        "time": "14:54",
        "trunk_road_flag": "1",
        "urban_or_rural_area": "2",
        "weather_conditions": "4",
        "geometry_source": "collision_location",
        "source_year": 2020,
        "date_iso": "2020-01-31"
      }
    },
    {
      "type": "Feature",
      "id": "2020137551165",
      "geometry": {
        "type": "Point",
        "coordinates": [
          -2.128839,
          53.727689
        ]
      },
      "properties": {
        "carriageway_hazards": "0",
        "carriageway_hazards_historic": "0",
        "collision_adjusted_severity_serious": "1",
        "collision_adjusted_severity_slight": "0",
        "collision_index": "2020137551165",
        "collision_injury_based": "0",
        "collision_ref_no": "137551165",
        "collision_severity": "2",
        "collision_year": 2020,
        "date": "05/05/2020",
        "day_of_week": "3",
        "did_police_officer_attend_scene_of_accident": "2",
        "enhanced_severity_collision": "-1",
        "first_road_class": "3",
        "first_road_number": "642",
        "junction_control": "-1",
        "junction_detail": "0",
        "junction_detail_historic": "0",
        "latitude": "53.727689",
        "light_conditions": "1",
        "local_authority_district": "202",
        "local_authority_highway": "E08000033",
        "local_authority_highway_current": "E08000033",
        "local_authority_ons_district": "E08000033",
        "location_easting_osgr": "391597",
        "location_northing_osgr": "425705",
        "longitude": "-2.128839",
        "lsoa_of_accident_location": "E01010987",
        "number_of_casualties": 1,
        "number_of_vehicles": 1,
        "pedestrian_crossing": "0",
        "pedestrian_crossing_human_control_historic": "0",
        "pedestrian_crossing_physical_facilities_historic": "0",
        "police_force": "13",
        "road_surface_conditions": "1",
        "road_type": "6",
        "second_road_class": "0",
        "second_road_number": "-1",
        "special_conditions_at_site": "0",
        "speed_limit": 30,
        "time": "16:28",
        "trunk_road_flag": "2",
        "urban_or_rural_area": "2",
        "weather_conditions": "1",
        "geometry_source": "collision_location",
        "source_year": 2020,
        "date_iso": "2020-05-05"
      }
    },
    {
      "type": "Feature",
      "id": "20201379N0970",
      "geometry": {
        "type": "Point",
        "coordinates": [
          -1.783908,
          53.698363
        ]
      },
      "properties": {
        "carriageway_hazards": "0",
        "carriageway_hazards_historic": "0",
        "collision_adjusted_severity_serious": "0.0916",
        "collision_adjusted_severity_slight": "0.9084",
        "collision_index": "20201379N0970",
        "collision_injury_based": "0",
        "collision_ref_no": "1379N0970",
        "collision_severity": "3",
        "collision_year": 2020,
        "date": "21/09/2020",
        "day_of_week": "2",
        "did_police_officer_attend_scene_of_accident": "2",
        "enhanced_severity_collision": "-1",
        "first_road_class": "6",
        "first_road_number": "0",
        "junction_control": "-1",
        "junction_detail": "0",
        "junction_detail_historic": "0",
        "latitude": "53.698363",
        "light_conditions": "1",
        "local_authority_district": "202",
        "local_authority_highway": "E08000033",
        "local_authority_highway_current": "E08000033",
        "local_authority_ons_district": "E08000033",
        "location_easting_osgr": "414365",
        "location_northing_osgr": "422456",
        "longitude": "-1.783908",
        "lsoa_of_accident_location": "E01010950",
        "number_of_casualties": 1,
        "number_of_vehicles": 1,
        "pedestrian_crossing": "0",
        "pedestrian_crossing_human_control_historic": "0",
        "pedestrian_crossing_physical_facilities_historic": "0",
        "police_force": "13",
        "road_surface_conditions": "1",
        "road_type": "6",
        "second_road_class": "0",
        "second_road_number": "-1",
        "special_conditions_at_site": "0",
        "speed_limit": 30,
        "time": "14:20",
        "trunk_road_flag": "2",
        "urban_or_rural_area": "1",
        "weather_conditions": "1",
        "geometry_source": "collision_location",
        "source_year": 2020,
        "date_iso": "2020-09-21"
      }
    },
    {
      "type": "Feature",
      "id": "2020137BG0203",
      "geometry": {
        "type": "Point",
        "coordinates": [
          -1.751926,
          53.694832
        ]
      },
      "properties": {
        "carriageway_hazards": "0",
        "carriageway_hazards_historic": "0",
        "collision_adjusted_severity_serious": "0.0111",
        "collision_adjusted_severity_slight": "0.9889",
        "collision_index": "2020137BG0203",
        "collision_injury_based": "0",
        "collision_ref_no": "137BG0203",
        "collision_severity": "3",
        "collision_year": 2020,
        "date": "16/11/2020",
        "day_of_week": "2",
        "did_police_officer_attend_scene_of_accident": "1",
        "enhanced_severity_collision": "-1",
        "first_road_class": "3",
        "first_road_number": "644",
        "junction_control": "3",
        "junction_detail": "0",
        "junction_detail_historic": "1",
        "latitude": "53.694832",
        "light_conditions": "1",
        "local_authority_district": "202",
        "local_authority_highway": "E08000033",
        "local_authority_highway_current": "E08000033",
        "local_authority_ons_district": "E08000033",
        "location_easting_osgr": "416478",
        "location_northing_osgr": "422070",
        "longitude": "-1.751926",
        "lsoa_of_accident_location": "E01010879",
        "number_of_casualties": 1,
        "number_of_vehicles": 2,
        "pedestrian_crossing": "0",
        "pedestrian_crossing_human_control_historic": "0",
        "pedestrian_crossing_physical_facilities_historic": "0",
        "police_force": "13",
        "road_surface_conditions": "2",
        "road_type": "1",
        "second_road_class": "1",
        "second_road_number": "62",
        "special_conditions_at_site": "0",
        "speed_limit": 40,
        "time": "06:55",
        "trunk_road_flag": "2",
        "urban_or_rural_area": "2",
        "weather_conditions": "5",
        "geometry_source": "collision_location",
        "source_year": 2020,
        "date_iso": "2020-11-16"
      }
    },
    {
      "type": "Feature",
      "id": "20201376H1182",
      "geometry": {
        "type": "Point",
        "coordinates": [
          -1.848968,
          53.704403
        ]
      },
      "properties": {
        "carriageway_hazards": "0",
        "carriageway_hazards_historic": "0",
        "collision_adjusted_severity_serious": "0.02003",
        "collision_adjusted_severity_slight": "0.97997",
        "collision_index": "20201376H1182",
        "collision_injury_based": "0",
        "collision_ref_no": "1376H1182",
        "collision_severity": "3",
        "collision_year": 2020,
        "date": "17/06/2020",
        "day_of_week": "4",
        "did_police_officer_attend_scene_of_accident": "1",
        "enhanced_severity_collision": "-1",
        "first_road_class": "6",
        "first_road_number": "0",
        "junction_control": "4",
        "junction_detail": "13",
        "junction_detail_historic": "3",
        "latitude": "53.704403",
        "light_conditions": "1",
        "local_authority_district": "202",
        "local_authority_highway": "E08000033",
        "local_authority_highway_current": "E08000033",
        "local_authority_ons_district": "E08000033",
        "location_easting_osgr": "410068",
        "location_northing_osgr": "423117",
        "longitude": "-1.848968",
        "lsoa_of_accident_location": "E01010993",
        "number_of_casualties": 1,
        "number_of_vehicles": 2,
        "pedestrian_crossing": "0",
        "pedestrian_crossing_human_control_historic": "0",
        "pedestrian_crossing_physical_facilities_historic": "0",
        "police_force": "13",
        "road_surface_conditions": "1",
        "road_type": "6",
        "second_road_class": "6",
        "second_road_number": "0",
        "special_conditions_at_site": "0",
        "speed_limit": 30,
        "time": "16:14",
        "trunk_road_flag": "2",
        "urban_or_rural_area": "1",
        "weather_conditions": "1",
        "geometry_source": "collision_location",
        "source_year": 2020,
        "date_iso": "2020-06-17"
      }
    },
    {
      "type": "Feature",
      "id": "20201378T2079",
      "geometry": {
        "type": "Point",
        "coordinates": [
          -1.898815,
          53.751041
        ]
      },
      "properties": {
        "carriageway_hazards": "0",
        "carriageway_hazards_historic": "0",
        "collision_adjusted_severity_serious": "1",
        "collision_adjusted_severity_slight": "0",
        "collision_index": "20201378T2079",
        "collision_injury_based": "0",
        "collision_ref_no": "1378T2079",
        "collision_severity": "2",
        "collision_year": 2020,
        "date": "29/08/2020",
        "day_of_week": "7",
        "did_police_officer_attend_scene_of_accident": "1",
        "enhanced_severity_collision": "-1",
        "first_road_class": "6",
        "first_road_number": "0",
        "junction_control": "4",
        "junction_detail": "13",
        "junction_detail_historic": "3",
        "latitude": "53.751041",
        "light_conditions": "4",
        "local_authority_district": "202",
        "local_authority_highway": "E08000033",
        "local_authority_highway_current": "E08000033",
        "local_authority_ons_district": "E08000033",
        "location_easting_osgr": "406770",
        "location_northing_osgr": "428300",
        "longitude": "-1.898815",
        "lsoa_of_accident_location": "E01010916",
        "number_of_casualties": 1,
        "number_of_vehicles": 2,
        "pedestrian_crossing": "0",
        "pedestrian_crossing_human_control_historic": "0",
        "pedestrian_crossing_physical_facilities_historic": "0",
        "police_force": "13",
        "road_surface_conditions": "1",
        "road_type": "6",
        "second_road_class": "6",
        "second_road_number": "0",
        "special_conditions_at_site": "0",
        "speed_limit": 30,
        "time": "23:10",
        "trunk_road_flag": "2",
        "urban_or_rural_area": "1",
        "weather_conditions": "1",
        "geometry_source": "collision_location",
        "source_year": 2020,
        "date_iso": "2020-08-29"
      }
    },
    {
      "type": "Feature",
      "id": "20201371V0674",
      "geometry": {
        "type": "Point",
        "coordinates": [
          -1.861498,
          53.722134
        ]
      },
      "properties": {
        "carriageway_hazards": "0",
        "carriageway_hazards_historic": "0",
        "collision_adjusted_severity_serious": "1",
        "collision_adjusted_severity_slight": "0",
        "collision_index": "20201371V0674",
        "collision_injury_based": "0",
        "collision_ref_no": "1371V0674",
        "collision_severity": "2",
        "collision_year": 2020,
        "date": "31/01/2020",
        "day_of_week": "6",
        "did_police_officer_attend_scene_of_accident": "1",
        "enhanced_severity_collision": "-1",
        "first_road_class": "6",
        "first_road_number": "0",
        "junction_control": "-1",
        "junction_detail": "0",
        "junction_detail_historic": "0",
        "latitude": "53.722134",
        "light_conditions": "1",
        "local_authority_district": "202",
        "local_authority_highway": "E08000033",
        "local_authority_highway_current": "E08000033",
        "local_authority_ons_district": "E08000033",
        "location_easting_osgr": "409237",
        "location_northing_osgr": "425088",
        "longitude": "-1.861498",
        "lsoa_of_accident_location": "E01010994",
        "number_of_casualties": 1,
        "number_of_vehicles": 1,
        "pedestrian_crossing": "0",
        "pedestrian_crossing_human_control_historic": "0",
        "pedestrian_crossing_physical_facilities_historic": "0",
        "police_force": "13",
        "road_surface_conditions": "2",
        "road_type": "2",
        "second_road_class": "0",
        "second_road_number": "-1",
        "special_conditions_at_site": "0",
        "speed_limit": 20,
        "time": "11:55",
        "trunk_road_flag": "2",
        "urban_or_rural_area": "1",
        "weather_conditions": "4",
        "geometry_source": "collision_location",
        "source_year": 2020,
        "date_iso": "2020-01-31"
      }
    },
    {
      "type": "Feature",
      "id": "20201371P0706",
      "geometry": {
        "type": "Point",
        "coordinates": [
          -1.859002,
          53.720981
        ]
      },
      "properties": {
        "carriageway_hazards": "0",
        "carriageway_hazards_historic": "0",
        "collision_adjusted_severity_serious": "0.03837",
        "collision_adjusted_severity_slight": "0.96163",
        "collision_index": "20201371P0706",
        "collision_injury_based": "0",
        "collision_ref_no": "1371P0706",
        "collision_severity": "3",
        "collision_year": 2020,
        "date": "25/01/2020",
        "day_of_week": "7",
        "did_police_officer_attend_scene_of_accident": "1",
        "enhanced_severity_collision": "-1",
        "first_road_class": "6",
        "first_road_number": "0",
        "junction_control": "-1",
        "junction_detail": "0",
        "junction_detail_historic": "0",
        "latitude": "53.720981",
        "light_conditions": "1",
        "local_authority_district": "202",
        "local_authority_highway": "E08000033",
        "local_authority_highway_current": "E08000033",
        "local_authority_ons_district": "E08000033",
        "location_easting_osgr": "409402",
        "location_northing_osgr": "424960",
        "longitude": "-1.859002",
        "lsoa_of_accident_location": "E01010994",
        "number_of_casualties": 1,
        "number_of_vehicles": 2,
        "pedestrian_crossing": "0",
        "pedestrian_crossing_human_control_historic": "0",
        "pedestrian_crossing_physical_facilities_historic": "0",
        "police_force": "13",
        "road_surface_conditions": "1",
        "road_type": "6",
        "second_road_class": "0",
        "second_road_number": "-1",
        "special_conditions_at_site": "0",
        "speed_limit": 30,
        "time": "17:20",
        "trunk_road_flag": "2",
        "urban_or_rural_area": "1",
        "weather_conditions": "1",
        "geometry_source": "collision_location",
        "source_year": 2020,
        "date_iso": "2020-01-25"
      }
    },
    {
      "type": "Feature",
      "id": "2020137BN0248",
      "geometry": {
        "type": "Point",
        "coordinates": [
          -1.844011,
          53.73022
        ]
      },
      "properties": {
        "carriageway_hazards": "0",
        "carriageway_hazards_historic": "0",
        "collision_adjusted_severity_serious": "0.01976",
        "collision_adjusted_severity_slight": "0.98024",
        "collision_index": "2020137BN0248",
        "collision_injury_based": "0",
        "collision_ref_no": "137BN0248",
        "collision_severity": "3",
        "collision_year": 2020,
        "date": "23/11/2020",
        "day_of_week": "2",
        "did_police_officer_attend_scene_of_accident": "2",
        "enhanced_severity_collision": "-1",
        "first_road_class": "3",
        "first_road_number": "58",
        "junction_control": "-1",
        "junction_detail": "0",
        "junction_detail_historic": "0",
        "latitude": "53.73022",
        "light_conditions": "1",
        "local_authority_district": "202",
        "local_authority_highway": "E08000033",
        "local_authority_highway_current": "E08000033",
        "local_authority_ons_district": "E08000033",
        "location_easting_osgr": "410389",
        "location_northing_osgr": "425990",
        "longitude": "-1.844011",
        "lsoa_of_accident_location": "E01010934",
        "number_of_casualties": 1,
        "number_of_vehicles": 2,
        "pedestrian_crossing": "0",
        "pedestrian_crossing_human_control_historic": "0",
        "pedestrian_crossing_physical_facilities_historic": "0",
        "police_force": "13",
        "road_surface_conditions": "1",
        "road_type": "6",
        "second_road_class": "0",
        "second_road_number": "-1",
        "special_conditions_at_site": "0",
        "speed_limit": 40,
        "time": "08:20",
        "trunk_road_flag": "2",
        "urban_or_rural_area": "2",
        "weather_conditions": "1",
        "geometry_source": "collision_location",
        "source_year": 2020,
        "date_iso": "2020-11-23"
      }
    },
    {
      "type": "Feature",
      "id": "2020137451499",
      "geometry": {
        "type": "Point",
        "coordinates": [
          -1.847554,
          53.688924
        ]
      },
      "properties": {
        "carriageway_hazards": "0",
        "carriageway_hazards_historic": "0",
        "collision_adjusted_severity_serious": "0.0833",
        "collision_adjusted_severity_slight": "0.9167",
        "collision_index": "2020137451499",
        "collision_injury_based": "0",
        "collision_ref_no": "137451499",
        "collision_severity": "3",
        "collision_year": 2020,
        "date": "05/04/2020",
        "day_of_week": "1",
        "did_police_officer_attend_scene_of_accident": "1",
        "enhanced_severity_collision": "-1",
        "first_road_class": "3",
        "first_road_number": "629",
        "junction_control": "-1",
        "junction_detail": "0",
        "junction_detail_historic": "0",
        "latitude": "53.688924",
        "light_conditions": "1",
        "local_authority_district": "202",
        "local_authority_highway": "E08000033",
        "local_authority_highway_current": "E08000033",
        "local_authority_ons_district": "E08000033",
        "location_easting_osgr": "410165",
        "location_northing_osgr": "421395",
        "longitude": "-1.847554",
        "lsoa_of_accident_location": "E01010889",
        "number_of_casualties": 1,
        "number_of_vehicles": 1,
        "pedestrian_crossing": "0",
        "pedestrian_crossing_human_control_historic": "0",
        "pedestrian_crossing_physical_facilities_historic": "0",
        "police_force": "13",
        "road_surface_conditions": "1",
        "road_type": "3",
        "second_road_class": "0",
        "second_road_number": "-1",
        "special_conditions_at_site": "0",
        "speed_limit": 50,
        "time": "18:10",
        "trunk_road_flag": "2",
        "urban_or_rural_area": "2",
        "weather_conditions": "1",
        "geometry_source": "collision_location",
        "source_year": 2020,
        "date_iso": "2020-04-05"
      }
    },
    {
      "type": "Feature",
      "id": "20201377L0074",
      "geometry": {
        "type": "Point",
        "coordinates": [
          -1.87279,
          53.726533
        ]
      },
      "properties": {
        "carriageway_hazards": "0",
        "carriageway_hazards_historic": "0",
        "collision_adjusted_severity_serious": "0.10274",
        "collision_adjusted_severity_slight": "0.89726",
        "collision_index": "20201377L0074",
        "collision_injury_based": "0",
        "collision_ref_no": "1377L0074",
        "collision_severity": "3",
        "collision_year": 2020,
        "date": "21/07/2020",
        "day_of_week": "3",
        "did_police_officer_attend_scene_of_accident": "2",
        "enhanced_severity_collision": "-1",
        "first_road_class": "6",
        "first_road_number": "0",
        "junction_control": "4",
        "junction_detail": "13",
        "junction_detail_historic": "3",
        "latitude": "53.726533",
        "light_conditions": "1",
        "local_authority_district": "202",
        "local_authority_highway": "E08000033",
        "local_authority_highway_current": "E08000033",
        "local_authority_ons_district": "E08000033",
        "location_easting_osgr": "408491",
        "location_northing_osgr": "425576",
        "longitude": "-1.87279",
        "lsoa_of_accident_location": "E01010965",
        "number_of_casualties": 1,
        "number_of_vehicles": 2,
        "pedestrian_crossing": "0",
        "pedestrian_crossing_human_control_historic": "0",
        "pedestrian_crossing_physical_facilities_historic": "0",
        "police_force": "13",
        "road_surface_conditions": "1",
        "road_type": "6",
        "second_road_class": "6",
        "second_road_number": "0",
        "special_conditions_at_site": "0",
        "speed_limit": 20,
        "time": "21:15",
        "trunk_road_flag": "2",
        "urban_or_rural_area": "1",
        "weather_conditions": "1",
        "geometry_source": "collision_location",
        "source_year": 2020,
        "date_iso": "2020-07-21"
      }
    },
    {
      "type": "Feature",
      "id": "20201377J0987",
      "geometry": {
        "type": "Point",
        "coordinates": [
          -1.863292,
          53.706362
        ]
      },
      "properties": {
        "carriageway_hazards": "0",
        "carriageway_hazards_historic": "0",
        "collision_adjusted_severity_serious": "0.01617",
        "collision_adjusted_severity_slight": "0.98383",
        "collision_index": "20201377J0987",
        "collision_injury_based": "0",
        "collision_ref_no": "1377J0987",
        "collision_severity": "3",
        "collision_year": 2020,
        "date": "19/07/2020",
        "day_of_week": "1",
        "did_police_officer_attend_scene_of_accident": "1",
        "enhanced_severity_collision": "-1",
        "first_road_class": "3",
        "first_road_number": "646",
        "junction_control": "2",
        "junction_detail": "16",
        "junction_detail_historic": "6",
        "latitude": "53.706362",
        "light_conditions": "1",
        "local_authority_district": "202",
        "local_authority_highway": "E08000033",
        "local_authority_highway_current": "E08000033",
        "local_authority_ons_district": "E08000033",
        "location_easting_osgr": "409122",
        "location_northing_osgr": "423333",
        "longitude": "-1.863292",
        "lsoa_of_accident_location": "E01010972",
        "number_of_casualties": 1,
        "number_of_vehicles": 2,
        "pedestrian_crossing": "0",
        "pedestrian_crossing_human_control_historic": "0",
        "pedestrian_crossing_physical_facilities_historic": "0",
        "police_force": "13",
        "road_surface_conditions": "1",
        "road_type": "6",
        "second_road_class": "6",
        "second_road_number": "0",
        "special_conditions_at_site": "0",
        "speed_limit": 30,
        "time": "13:55",
        "trunk_road_flag": "2",
        "urban_or_rural_area": "1",
        "weather_conditions": "1",
        "geometry_source": "collision_location",
        "source_year": 2020,
        "date_iso": "2020-07-19"
      }
    },
    {
      "type": "Feature",
      "id": "20201378A1750",
      "geometry": {
        "type": "Point",
        "coordinates": [
          -1.883218,
          53.737455
        ]
      },
      "properties": {
        "carriageway_hazards": "0",
        "carriageway_hazards_historic": "0",
        "collision_adjusted_severity_serious": "0.07474",
        "collision_adjusted_severity_slight": "0.92526",
        "collision_index": "20201378A1750",
        "collision_injury_based": "0",
        "collision_ref_no": "1378A1750",
        "collision_severity": "3",
        "collision_year": 2020,
        "date": "10/08/2020",
        "day_of_week": "2",
        "did_police_officer_attend_scene_of_accident": "2",
        "enhanced_severity_collision": "-1",
        "first_road_class": "6",
        "first_road_number": "0",
        "junction_control": "-1",
        "junction_detail": "0",
        "junction_detail_historic": "0",
        "latitude": "53.737455",
        "light_conditions": "1",
        "local_authority_district": "202",
        "local_authority_highway": "E08000033",
        "local_authority_highway_current": "E08000033",
        "local_authority_ons_district": "E08000033",
        "location_easting_osgr": "407801",
        "location_northing_osgr": "426790",
        "longitude": "-1.883218",
        "lsoa_of_accident_location": "E01010938",
        "number_of_casualties": 1,
        "number_of_vehicles": 2,
        "pedestrian_crossing": "0",
        "pedestrian_crossing_human_control_historic": "0",
        "pedestrian_crossing_physical_facilities_historic": "0",
        "police_force": "13",
        "road_surface_conditions": "1",
        "road_type": "6",
        "second_road_class": "0",
        "second_road_number": "-1",
        "special_conditions_at_site": "0",
        "speed_limit": 20,
        "time": "18:50",
        "trunk_road_flag": "2",
        "urban_or_rural_area": "1",
        "weather_conditions": "1",
        "geometry_source": "collision_location",
        "source_year": 2020,
        "date_iso": "2020-08-10"
      }
    },
    {
      "type": "Feature",
      "id": "2020137280230",
      "geometry": {
        "type": "Point",
        "coordinates": [
          -1.769975,
          53.700917
        ]
      },
      "properties": {
        "carriageway_hazards": "0",
        "carriageway_hazards_historic": "0",
        "collision_adjusted_severity_serious": "0.02967",
        "collision_adjusted_severity_slight": "0.97033",
        "collision_index": "2020137280230",
        "collision_injury_based": "0",
        "collision_ref_no": "137280230",
        "collision_severity": "3",
        "collision_year": 2020,
        "date": "08/02/2020",
        "day_of_week": "7",
        "did_police_officer_attend_scene_of_accident": "2",
        "enhanced_severity_collision": "-1",
        "first_road_class": "3",
        "first_road_number": "644",
        "junction_control": "-1",
        "junction_detail": "0",
        "junction_detail_historic": "0",
        "latitude": "53.700917",
        "light_conditions": "4",
        "local_authority_district": "202",
        "local_authority_highway": "E08000033",
        "local_authority_highway_current": "E08000033",
        "local_authority_ons_district": "E08000033",
        "location_easting_osgr": "415284",
        "location_northing_osgr": "422743",
        "longitude": "-1.769975",
        "lsoa_of_accident_location": "E01010878",
        "number_of_casualties": 1,
        "number_of_vehicles": 1,
        "pedestrian_crossing": "0",
        "pedestrian_crossing_human_control_historic": "0",
        "pedestrian_crossing_physical_facilities_historic": "0",
        "police_force": "13",
        "road_surface_conditions": "1",
        "road_type": "6",
        "second_road_class": "0",
        "second_road_number": "-1",
        "special_conditions_at_site": "0",
        "speed_limit": 30,
        "time": "02:00",
        "trunk_road_flag": "2",
        "urban_or_rural_area": "1",
        "weather_conditions": "1",
        "geometry_source": "collision_location",
        "source_year": 2020,
        "date_iso": "2020-02-08"
      }
    },
    {
      "type": "Feature",
      "id": "20201378T1567",
      "geometry": {
        "type": "Point",
        "coordinates": [
          -1.853949,
          53.705218
        ]
      },
      "properties": {
        "carriageway_hazards": "0",
        "carriageway_hazards_historic": "0",
        "collision_adjusted_severity_serious": "0.02223",
        "collision_adjusted_severity_slight": "0.97777",
        "collision_index": "20201378T1567",
        "collision_injury_based": "0",
        "collision_ref_no": "1378T1567",
        "collision_severity": "3",
        "collision_year": 2020,
        "date": "29/08/2020",
        "day_of_week": "7",
        "did_police_officer_attend_scene_of_accident": "1",
        "enhanced_severity_collision": "-1",
        "first_road_class": "3",
        "first_road_number": "629",
        "junction_control": "2",
        "junction_detail": "19",
        "junction_detail_historic": "9",
        "latitude": "53.705218",
        "light_conditions": "1",
        "local_authority_district": "202",
        "local_authority_highway": "E08000033",
        "local_authority_highway_current": "E08000033",
        "local_authority_ons_district": "E08000033",
        "location_easting_osgr": "409739",
        "location_northing_osgr": "423207",
        "longitude": "-1.853949",
        "lsoa_of_accident_location": "E01010992",
        "number_of_casualties": 2,
        "number_of_vehicles": 2,
        "pedestrian_crossing": "14",
        "pedestrian_crossing_human_control_historic": "0",
        "pedestrian_crossing_physical_facilities_historic": "4",
        "police_force": "13",
        "road_surface_conditions": "1",
        "road_type": "2",
        "second_road_class": "6",
        "second_road_number": "0",
        "special_conditions_at_site": "0",
        "speed_limit": 30,
        "time": "19:26",
        "trunk_road_flag": "2",
        "urban_or_rural_area": "1",
        "weather_conditions": "1",
        "geometry_source": "collision_location",
        "source_year": 2020,
        "date_iso": "2020-08-29"
      }
    },
    {
      "type": "Feature",
      "id": "2020137590684",
      "geometry": {
        "type": "Point",
        "coordinates": [
          -2.117831,
          53.726011
        ]
      },
      "properties": {
        "carriageway_hazards": "0",
        "carriageway_hazards_historic": "0",
        "collision_adjusted_severity_serious": "0",
        "collision_adjusted_severity_slight": "0",
        "collision_index": "2020137590684",
        "collision_injury_based": "0",
        "collision_ref_no": "137590684",
        "collision_severity": "1",
        "collision_year": 2020,
        "date": "09/05/2020",
        "day_of_week": "7",
        "did_police_officer_attend_scene_of_accident": "1",
        "enhanced_severity_collision": "-1",
        "first_road_class": "3",
        "first_road_number": "646",
        "junction_control": "4",
        "junction_detail": "13",
        "junction_detail_historic": "3",
        "latitude": "53.726011",
        "light_conditions": "1",
        "local_authority_district": "202",
        "local_authority_highway": "E08000033",
        "local_authority_highway_current": "E08000033",
        "local_authority_ons_district": "E08000033",
        "location_easting_osgr": "392323",
        "location_northing_osgr": "425517",
        "longitude": "-2.117831",
        "lsoa_of_accident_location": "E01010987",
        "number_of_casualties": 1,
        "number_of_vehicles": 2,
        "pedestrian_crossing": "0",
        "pedestrian_crossing_human_control_historic": "0",
        "pedestrian_crossing_physical_facilities_historic": "0",
        "police_force": "13",
        "road_surface_conditions": "1",
        "road_type": "6",
        "second_road_class": "6",
        "second_road_number": "0",
        "special_conditions_at_site": "0",
        "speed_limit": 30,
        "time": "10:30",
        "trunk_road_flag": "2",
        "urban_or_rural_area": "1",
        "weather_conditions": "1",
        "geometry_source": "collision_location",
        "source_year": 2020,
        "date_iso": "2020-05-09"
      }
    },
    {
      "type": "Feature",
      "id": "20201379E1532",
      "geometry": {
        "type": "Point",
        "coordinates": [
          -2.123855,
          53.707903
        ]
      },
      "properties": {
        "carriageway_hazards": "0",
        "carriageway_hazards_historic": "0",
        "collision_adjusted_severity_serious": "0.22437",
        "collision_adjusted_severity_slight": "0.77563",
        "collision_index": "20201379E1532",
        "collision_injury_based": "0",
        "collision_ref_no": "1379E1532",
        "collision_severity": "3",
        "collision_year": 2020,
        "date": "14/09/2020",
        "day_of_week": "2",
        "did_police_officer_attend_scene_of_accident": "1",
        "enhanced_severity_collision": "-1",
        "first_road_class": "3",
        "first_road_number": "681",
        "junction_control": "4",
        "junction_detail": "19",
        "junction_detail_historic": "9",
        "latitude": "53.707903",
        "light_conditions": "1",
        "local_authority_district": "202",
        "local_authority_highway": "E08000033",
        "local_authority_highway_current": "E08000033",
        "local_authority_ons_district": "E08000033",
        "location_easting_osgr": "391922",
        "location_northing_osgr": "423503",
        "longitude": "-2.123855",
        "lsoa_of_accident_location": "E01010985",
        "number_of_casualties": 1,
        "number_of_vehicles": 2,
        "pedestrian_crossing": "0",
        "pedestrian_crossing_human_control_historic": "0",
        "pedestrian_crossing_physical_facilities_historic": "0",
        "police_force": "13",
        "road_surface_conditions": "1",
        "road_type": "6",
        "second_road_class": "6",
        "second_road_number": "0",
        "special_conditions_at_site": "0",
        "speed_limit": 60,
        "time": "18:05",
        "trunk_road_flag": "2",
        "urban_or_rural_area": "2",
        "weather_conditions": "1",
        "geometry_source": "collision_location",
        "source_year": 2020,
        "date_iso": "2020-09-14"
      }
    },
    {
      "type": "Feature",
      "id": "2020137510663",
      "geometry": {
        "type": "Point",
        "coordinates": [
          -1.862859,
          53.718468
        ]
      },
      "properties": {
        "carriageway_hazards": "0",
        "carriageway_hazards_historic": "0",
        "collision_adjusted_severity_serious": "0.02851",
        "collision_adjusted_severity_slight": "0.97149",
        "collision_index": "2020137510663",
        "collision_injury_based": "0",
        "collision_ref_no": "137510663",
        "collision_severity": "3",
        "collision_year": 2020,
        "date": "01/05/2020",
        "day_of_week": "6",
        "did_police_officer_attend_scene_of_accident": "1",
        "enhanced_severity_collision": "-1",
        "first_road_class": "6",
        "first_road_number": "0",
        "junction_control": "4",
        "junction_detail": "13",
        "junction_detail_historic": "3",
        "latitude": "53.718468",
        "light_conditions": "1",
        "local_authority_district": "202",
        "local_authority_highway": "E08000033",
        "local_authority_highway_current": "E08000033",
        "local_authority_ons_district": "E08000033",
        "location_easting_osgr": "409148",
        "location_northing_osgr": "424680",
        "longitude": "-1.862859",
        "lsoa_of_accident_location": "E01010989",
        "number_of_casualties": 1,
        "number_of_vehicles": 2,
        "pedestrian_crossing": "0",
        "pedestrian_crossing_human_control_historic": "0",
        "pedestrian_crossing_physical_facilities_historic": "0",
        "police_force": "13",
        "road_surface_conditions": "2",
        "road_type": "6",
        "second_road_class": "6",
        "second_road_number": "0",
        "special_conditions_at_site": "0",
        "speed_limit": 30,
        "time": "12:15",
        "trunk_road_flag": "2",
        "urban_or_rural_area": "1",
        "weather_conditions": "2",
        "geometry_source": "collision_location",
        "source_year": 2020,
        "date_iso": "2020-05-01"
      }
    },
    {
      "type": "Feature",
      "id": "20201372L1362",
      "geometry": {
        "type": "Point",
        "coordinates": [
          -1.873638,
          53.726758
        ]
      },
      "properties": {
        "carriageway_hazards": "0",
        "carriageway_hazards_historic": "0",
        "collision_adjusted_severity_serious": "1",
        "collision_adjusted_severity_slight": "0",
        "collision_index": "20201372L1362",
        "collision_injury_based": "0",
        "collision_ref_no": "1372L1362",
        "collision_severity": "2",
        "collision_year": 2020,
        "date": "21/02/2020",
        "day_of_week": "6",
        "did_police_officer_attend_scene_of_accident": "1",
        "enhanced_severity_collision": "-1",
        "first_road_class": "6",
        "first_road_number": "0",
        "junction_control": "-1",
        "junction_detail": "0",
        "junction_detail_historic": "0",
        "latitude": "53.726758",
        "light_conditions": "4",
        "local_authority_district": "202",
        "local_authority_highway": "E08000033",
        "local_authority_highway_current": "E08000033",
        "local_authority_ons_district": "E08000033",
        "location_easting_osgr": "408435",
        "location_northing_osgr": "425601",
        "longitude": "-1.873638",
        "lsoa_of_accident_location": "E01010965",
        "number_of_casualties": 1,
        "number_of_vehicles": 1,
        "pedestrian_crossing": "0",
        "pedestrian_crossing_human_control_historic": "0",
        "pedestrian_crossing_physical_facilities_historic": "0",
        "police_force": "13",
        "road_surface_conditions": "2",
        "road_type": "6",
        "second_road_class": "0",
        "second_road_number": "-1",
        "special_conditions_at_site": "0",
        "speed_limit": 30,
        "time": "18:15",
        "trunk_road_flag": "2",
        "urban_or_rural_area": "1",
        "weather_conditions": "5",
        "geometry_source": "collision_location",
        "source_year": 2020,
        "date_iso": "2020-02-21"
      }
    },
    {
      "type": "Feature",
      "id": "20201376N1235",
      "geometry": {
        "type": "Point",
        "coordinates": [
          -1.799316,
          53.706919
        ]
      },
      "properties": {
        "carriageway_hazards": "0",
        "carriageway_hazards_historic": "0",
        "collision_adjusted_severity_serious": "0.06553",
        "collision_adjusted_severity_slight": "0.93447",
        "collision_index": "20201376N1235",
        "collision_injury_based": "0",
        "collision_ref_no": "1376N1235",
        "collision_severity": "3",
        "collision_year": 2020,
        "date": "23/06/2020",
        "day_of_week": "3",
        "did_police_officer_attend_scene_of_accident": "2",
        "enhanced_severity_collision": "-1",
        "first_road_class": "6",
        "first_road_number": "0",
        "junction_control": "-1",
        "junction_detail": "0",
        "junction_detail_historic": "0",
        "latitude": "53.706919",
        "light_conditions": "1",
        "local_authority_district": "202",
        "local_authority_highway": "E08000033",
        "local_authority_highway_current": "E08000033",
        "local_authority_ons_district": "E08000033",
        "location_easting_osgr": "413345",
        "location_northing_osgr": "423405",
        "longitude": "-1.799316",
        "lsoa_of_accident_location": "E01010877",
        "number_of_casualties": 1,
        "number_of_vehicles": 1,
        "pedestrian_crossing": "0",
        "pedestrian_crossing_human_control_historic": "0",
        "pedestrian_crossing_physical_facilities_historic": "0",
        "police_force": "13",
        "road_surface_conditions": "1",
        "road_type": "6",
        "second_road_class": "0",
        "second_road_number": "-1",
        "special_conditions_at_site": "0",
        "speed_limit": 20,
        "time": "15:40",
        "trunk_road_flag": "2",
        "urban_or_rural_area": "2",
        "weather_conditions": "1",
        "geometry_source": "collision_location",
        "source_year": 2020,
        "date_iso": "2020-06-23"
      }
    },
    {
      "type": "Feature",
      "id": "20201378J1127",
      "geometry": {
        "type": "Point",
        "coordinates": [
          -1.918529,
          53.703635
        ]
      },
      "properties": {
        "carriageway_hazards": "0",
        "carriageway_hazards_historic": "0",
        "collision_adjusted_severity_serious": "0.0418",
        "collision_adjusted_severity_slight": "0.9582",
        "collision_index": "20201378J1127",
        "collision_injury_based": "0",
        "collision_ref_no": "1378J1127",
        "collision_severity": "3",
        "collision_year": 2020,
        "date": "19/08/2020",
        "day_of_week": "4",
        "did_police_officer_attend_scene_of_accident": "1",
        "enhanced_severity_collision": "-1",
        "first_road_class": "3",
        "first_road_number": "58",
        "junction_control": "-1",
        "junction_detail": "0",
        "junction_detail_historic": "0",
        "latitude": "53.703635",
        "light_conditions": "1",
        "local_authority_district": "202",
        "local_authority_highway": "E08000033",
        "local_authority_highway_current": "E08000033",
        "local_authority_ons_district": "E08000033",
        "location_easting_osgr": "405476",
        "location_northing_osgr": "423024",
        "longitude": "-1.918529",
        "lsoa_of_accident_location": "E01010959",
        "number_of_casualties": 2,
        "number_of_vehicles": 2,
        "pedestrian_crossing": "0",
        "pedestrian_crossing_human_control_historic": "0",
        "pedestrian_crossing_physical_facilities_historic": "0",
        "police_force": "13",
        "road_surface_conditions": "2",
        "road_type": "6",
        "second_road_class": "0",
        "second_road_number": "-1",
        "special_conditions_at_site": "0",
        "speed_limit": 30,
        "time": "16:20",
        "trunk_road_flag": "2",
        "urban_or_rural_area": "1",
        "weather_conditions": "2",
        "geometry_source": "collision_location",
        "source_year": 2020,
        "date_iso": "2020-08-19"
      }
    },
    {
      "type": "Feature",
      "id": "20201371U0506",
      "geometry": {
        "type": "Point",
        "coordinates": [
          -1.75231,
          53.69645
        ]
      },
      "properties": {
        "carriageway_hazards": "0",
        "carriageway_hazards_historic": "0",
        "collision_adjusted_severity_serious": "0.01305",
        "collision_adjusted_severity_slight": "0.98695",
        "collision_index": "20201371U0506",
        "collision_injury_based": "0",
        "collision_ref_no": "1371U0506",
        "collision_severity": "3",
        "collision_year": 2020,
        "date": "30/01/2020",
        "day_of_week": "5",
        "did_police_officer_attend_scene_of_accident": "2",
        "enhanced_severity_collision": "-1",
        "first_road_class": "1",
        "first_road_number": "62",
        "junction_control": "4",
        "junction_detail": "0",
        "junction_detail_historic": "5",
        "latitude": "53.69645",
        "light_conditions": "1",
        "local_authority_district": "202",
        "local_authority_highway": "E08000033",
        "local_authority_highway_current": "E08000033",
        "local_authority_ons_district": "E08000033",
        "location_easting_osgr": "416452",
        "location_northing_osgr": "422250",
        "longitude": "-1.75231",
        "lsoa_of_accident_location": "E01010879",
        "number_of_casualties": 1,
        "number_of_vehicles": 3,
        "pedestrian_crossing": "0",
        "pedestrian_crossing_human_control_historic": "0",
        "pedestrian_crossing_physical_facilities_historic": "0",
        "police_force": "13",
        "road_surface_conditions": "2",
        "road_type": "7",
        "second_road_class": "3",
        "second_road_number": "644",
        "special_conditions_at_site": "0",
        "speed_limit": 70,
        "time": "15:10",
        "trunk_road_flag": "1",
        "urban_or_rural_area": "2",
        "weather_conditions": "1",
        "geometry_source": "collision_location",
        "source_year": 2020,
        "date_iso": "2020-01-30"
      }
    },
    {
      "type": "Feature",
      "id": "20201375C0454",
      "geometry": {
        "type": "Point",
        "coordinates": [
          -1.895444,
          53.709801
        ]
      },
      "properties": {
        "carriageway_hazards": "0",
        "carriageway_hazards_historic": "0",
        "collision_adjusted_severity_serious": "0.07713",
        "collision_adjusted_severity_slight": "0.92287",
        "collision_index": "20201375C0454",
        "collision_injury_based": "0",
        "collision_ref_no": "1375C0454",
        "collision_severity": "3",
        "collision_year": 2020,
        "date": "12/05/2020",
        "day_of_week": "3",
        "did_police_officer_attend_scene_of_accident": "1",
        "enhanced_severity_collision": "-1",
        "first_road_class": "6",
        "first_road_number": "0",
        "junction_control": "-1",
        "junction_detail": "0",
        "junction_detail_historic": "0",
        "latitude": "53.709801",
        "light_conditions": "1",
        "local_authority_district": "202",
        "local_authority_highway": "E08000033",
        "local_authority_highway_current": "E08000033",
        "local_authority_ons_district": "E08000033",
        "location_easting_osgr": "406999",
        "location_northing_osgr": "423712",
        "longitude": "-1.895444",
        "lsoa_of_accident_location": "E01010981",
        "number_of_casualties": 1,
        "number_of_vehicles": 1,
        "pedestrian_crossing": "0",
        "pedestrian_crossing_human_control_historic": "0",
        "pedestrian_crossing_physical_facilities_historic": "0",
        "police_force": "13",
        "road_surface_conditions": "1",
        "road_type": "6",
        "second_road_class": "0",
        "second_road_number": "-1",
        "special_conditions_at_site": "0",
        "speed_limit": 30,
        "time": "11:00",
        "trunk_road_flag": "2",
        "urban_or_rural_area": "1",
        "weather_conditions": "1",
        "geometry_source": "collision_location",
        "source_year": 2020,
        "date_iso": "2020-05-12"
      }
    },
    {
      "type": "Feature",
      "id": "2020137CV0276",
      "geometry": {
        "type": "Point",
        "coordinates": [
          -1.785312,
          53.702257
        ]
      },
      "properties": {
        "carriageway_hazards": "0",
        "carriageway_hazards_historic": "0",
        "collision_adjusted_severity_serious": "1",
        "collision_adjusted_severity_slight": "0",
        "collision_index": "2020137CV0276",
        "collision_injury_based": "0",
        "collision_ref_no": "137CV0276",
        "collision_severity": "2",
        "collision_year": 2020,
        "date": "31/12/2020",
        "day_of_week": "5",
        "did_police_officer_attend_scene_of_accident": "1",
        "enhanced_severity_collision": "-1",
        "first_road_class": "3",
        "first_road_number": "6025",
        "junction_control": "4",
        "junction_detail": "0",
        "junction_detail_historic": "1",
        "latitude": "53.702257",
        "light_conditions": "1",
        "local_authority_district": "202",
        "local_authority_highway": "E08000033",
        "local_authority_highway_current": "E08000033",
        "local_authority_ons_district": "E08000033",
        "location_easting_osgr": "414271",
        "location_northing_osgr": "422889",
        "longitude": "-1.785312",
        "lsoa_of_accident_location": "E01010949",
        "number_of_casualties": 1,
        "number_of_vehicles": 2,
        "pedestrian_crossing": "0",
        "pedestrian_crossing_human_control_historic": "0",
        "pedestrian_crossing_physical_facilities_historic": "0",
        "police_force": "13",
        "road_surface_conditions": "4",
        "road_type": "1",
        "second_road_class": "3",
        "second_road_number": "643",
        "special_conditions_at_site": "0",
        "speed_limit": 30,
        "time": "06:56",
        "trunk_road_flag": "2",
        "urban_or_rural_area": "1",
        "weather_conditions": "1",
        "geometry_source": "collision_location",
        "source_year": 2020,
        "date_iso": "2020-12-31"
      }
    },
    {
      "type": "Feature",
      "id": "20201371R0464",
      "geometry": {
        "type": "Point",
        "coordinates": [
          -1.853504,
          53.711429
        ]
      },
      "properties": {
        "carriageway_hazards": "0",
        "carriageway_hazards_historic": "0",
        "collision_adjusted_severity_serious": "0.01264",
        "collision_adjusted_severity_slight": "0.98736",
        "collision_index": "20201371R0464",
        "collision_injury_based": "0",
        "collision_ref_no": "1371R0464",
        "collision_severity": "3",
        "collision_year": 2020,
        "date": "27/01/2020",
        "day_of_week": "2",
        "did_police_officer_attend_scene_of_accident": "2",
        "enhanced_severity_collision": "-1",
        "first_road_class": "6",
        "first_road_number": "0",
        "junction_control": "-1",
        "junction_detail": "0",
        "junction_detail_historic": "0",
        "latitude": "53.711429",
        "light_conditions": "1",
        "local_authority_district": "202",
        "local_authority_highway": "E08000033",
        "local_authority_highway_current": "E08000033",
        "local_authority_ons_district": "E08000033",
        "location_easting_osgr": "409767",
        "location_northing_osgr": "423898",
        "longitude": "-1.853504",
        "lsoa_of_accident_location": "E01010989",
        "number_of_casualties": 1,
        "number_of_vehicles": 2,
        "pedestrian_crossing": "0",
        "pedestrian_crossing_human_control_historic": "0",
        "pedestrian_crossing_physical_facilities_historic": "0",
        "police_force": "13",
        "road_surface_conditions": "1",
        "road_type": "6",
        "second_road_class": "0",
        "second_road_number": "-1",
        "special_conditions_at_site": "0",
        "speed_limit": 30,
        "time": "09:15",
        "trunk_road_flag": "2",
        "urban_or_rural_area": "1",
        "weather_conditions": "1",
        "geometry_source": "collision_location",
        "source_year": 2020,
        "date_iso": "2020-01-27"
      }
    },
    {
      "type": "Feature",
      "id": "20201379A0895",
      "geometry": {
        "type": "Point",
        "coordinates": [
          -2.154924,
          53.732314
        ]
      },
      "properties": {
        "carriageway_hazards": "0",
        "carriageway_hazards_historic": "0",
        "collision_adjusted_severity_serious": "0.04483",
        "collision_adjusted_severity_slight": "0.95517",
        "collision_index": "20201379A0895",
        "collision_injury_based": "0",
        "collision_ref_no": "1379A0895",
        "collision_severity": "3",
        "collision_year": 2020,
        "date": "10/09/2020",
        "day_of_week": "5",
        "did_police_officer_attend_scene_of_accident": "1",
        "enhanced_severity_collision": "-1",
        "first_road_class": "6",
        "first_road_number": "0",
        "junction_control": "-1",
        "junction_detail": "0",
        "junction_detail_historic": "0",
        "latitude": "53.732314",
        "light_conditions": "1",
        "local_authority_district": "202",
        "local_authority_highway": "E08000033",
        "local_authority_highway_current": "E08000033",
        "local_authority_ons_district": "E08000033",
        "location_easting_osgr": "389877",
        "location_northing_osgr": "426223",
        "longitude": "-2.154924",
        "lsoa_of_accident_location": "E01010986",
        "number_of_casualties": 1,
        "number_of_vehicles": 2,
        "pedestrian_crossing": "0",
        "pedestrian_crossing_human_control_historic": "0",
        "pedestrian_crossing_physical_facilities_historic": "0",
        "police_force": "13",
        "road_surface_conditions": "1",
        "road_type": "6",
        "second_road_class": "0",
        "second_road_number": "-1",
        "special_conditions_at_site": "0",
        "speed_limit": 30,
        "time": "14:25",
        "trunk_road_flag": "2",
        "urban_or_rural_area": "2",
        "weather_conditions": "1",
        "geometry_source": "collision_location",
        "source_year": 2020,
        "date_iso": "2020-09-10"
      }
    },
    {
      "type": "Feature",
      "id": "20201371M1939",
      "geometry": {
        "type": "Point",
        "coordinates": [
          -1.895689,
          53.764286
        ]
      },
      "properties": {
        "carriageway_hazards": "0",
        "carriageway_hazards_historic": "0",
        "collision_adjusted_severity_serious": "0.14975",
        "collision_adjusted_severity_slight": "0.85025",
        "collision_index": "20201371M1939",
        "collision_injury_based": "0",
        "collision_ref_no": "1371M1939",
        "collision_severity": "3",
        "collision_year": 2020,
        "date": "22/01/2020",
        "day_of_week": "4",
        "did_police_officer_attend_scene_of_accident": "1",
        "enhanced_severity_collision": "-1",
        "first_road_class": "3",
        "first_road_number": "629",
        "junction_control": "4",
        "junction_detail": "16",
        "junction_detail_historic": "6",
        "latitude": "53.764286",
        "light_conditions": "4",
        "local_authority_district": "202",
        "local_authority_highway": "E08000033",
        "local_authority_highway_current": "E08000033",
        "local_authority_ons_district": "E08000033",
        "location_easting_osgr": "406974",
        "location_northing_osgr": "429774",
        "longitude": "-1.895689",
        "lsoa_of_accident_location": "E01010925",
        "number_of_casualties": 2,
        "number_of_vehicles": 2,
        "pedestrian_crossing": "0",
        "pedestrian_crossing_human_control_historic": "0",
        "pedestrian_crossing_physical_facilities_historic": "0",
        "police_force": "13",
        "road_surface_conditions": "1",
        "road_type": "6",
        "second_road_class": "6",
        "second_road_number": "0",
        "special_conditions_at_site": "0",
        "speed_limit": 50,
        "time": "21:05",
        "trunk_road_flag": "2",
        "urban_or_rural_area": "2",
        "weather_conditions": "1",
        "geometry_source": "collision_location",
        "source_year": 2020,
        "date_iso": "2020-01-22"
      }
    },
    {
      "type": "Feature",
      "id": "2020137831721",
      "geometry": {
        "type": "Point",
        "coordinates": [
          -1.84934,
          53.727683
        ]
      },
      "properties": {
        "carriageway_hazards": "0",
        "carriageway_hazards_historic": "0",
        "collision_adjusted_severity_serious": "0.10231",
        "collision_adjusted_severity_slight": "0.89769",
        "collision_index": "2020137831721",
        "collision_injury_based": "0",
        "collision_ref_no": "137831721",
        "collision_severity": "3",
        "collision_year": 2020,
        "date": "03/08/2020",
        "day_of_week": "2",
        "did_police_officer_attend_scene_of_accident": "1",
        "enhanced_severity_collision": "-1",
        "first_road_class": "3",
        "first_road_number": "58",
        "junction_control": "-1",
        "junction_detail": "0",
        "junction_detail_historic": "0",
        "latitude": "53.727683",
        "light_conditions": "1",
        "local_authority_district": "202",
        "local_authority_highway": "E08000033",
        "local_authority_highway_current": "E08000033",
        "local_authority_ons_district": "E08000033",
        "location_easting_osgr": "410038",
        "location_northing_osgr": "425707",
        "longitude": "-1.84934",
        "lsoa_of_accident_location": "E01010934",
        "number_of_casualties": 2,
        "number_of_vehicles": 2,
        "pedestrian_crossing": "0",
        "pedestrian_crossing_human_control_historic": "0",
        "pedestrian_crossing_physical_facilities_historic": "0",
        "police_force": "13",
        "road_surface_conditions": "1",
        "road_type": "6",
        "second_road_class": "0",
        "second_road_number": "-1",
        "special_conditions_at_site": "0",
        "speed_limit": 40,
        "time": "19:51",
        "trunk_road_flag": "2",
        "urban_or_rural_area": "1",
        "weather_conditions": "1",
        "geometry_source": "collision_location",
        "source_year": 2020,
        "date_iso": "2020-08-03"
      }
    },
    {
      "type": "Feature",
      "id": "2020137731870",
      "geometry": {
        "type": "Point",
        "coordinates": [
          -1.881582,
          53.720556
        ]
      },
      "properties": {
        "carriageway_hazards": "0",
        "carriageway_hazards_historic": "0",
        "collision_adjusted_severity_serious": "0.27329",
        "collision_adjusted_severity_slight": "0.72671",
        "collision_index": "2020137731870",
        "collision_injury_based": "0",
        "collision_ref_no": "137731870",
        "collision_severity": "3",
        "collision_year": 2020,
        "date": "03/07/2020",
        "day_of_week": "6",
        "did_police_officer_attend_scene_of_accident": "1",
        "enhanced_severity_collision": "-1",
        "first_road_class": "6",
        "first_road_number": "0",
        "junction_control": "2",
        "junction_detail": "16",
        "junction_detail_historic": "6",
        "latitude": "53.720556",
        "light_conditions": "1",
        "local_authority_district": "202",
        "local_authority_highway": "E08000033",
        "local_authority_highway_current": "E08000033",
        "local_authority_ons_district": "E08000033",
        "location_easting_osgr": "407912",
        "location_northing_osgr": "424910",
        "longitude": "-1.881582",
        "lsoa_of_accident_location": "E01011001",
        "number_of_casualties": 2,
        "number_of_vehicles": 1,
        "pedestrian_crossing": "14",
        "pedestrian_crossing_human_control_historic": "0",
        "pedestrian_crossing_physical_facilities_historic": "4",
        "police_force": "13",
        "road_surface_conditions": "2",
        "road_type": "6",
        "second_road_class": "6",
        "second_road_number": "0",
        "special_conditions_at_site": "0",
        "speed_limit": 20,
        "time": "21:55",
        "trunk_road_flag": "2",
        "urban_or_rural_area": "1",
        "weather_conditions": "2",
        "geometry_source": "collision_location",
        "source_year": 2020,
        "date_iso": "2020-07-03"
      }
    },
    {
      "type": "Feature",
      "id": "20201372A0091",
      "geometry": {
        "type": "Point",
        "coordinates": [
          -1.942706,
          53.645477
        ]
      },
      "properties": {
        "carriageway_hazards": "0",
        "carriageway_hazards_historic": "0",
        "collision_adjusted_severity_serious": "0.10074",
        "collision_adjusted_severity_slight": "0.89926",
        "collision_index": "20201372A0091",
        "collision_injury_based": "0",
        "collision_ref_no": "1372A0091",
        "collision_severity": "3",
        "collision_year": 2020,
        "date": "10/02/2020",
        "day_of_week": "2",
        "did_police_officer_attend_scene_of_accident": "1",
        "enhanced_severity_collision": "-1",
        "first_road_class": "1",
        "first_road_number": "62",
        "junction_control": "-1",
        "junction_detail": "0",
        "junction_detail_historic": "0",
        "latitude": "53.645477",
        "light_conditions": "4",
        "local_authority_district": "202",
        "local_authority_highway": "E08000033",
        "local_authority_highway_current": "E08000033",
        "local_authority_ons_district": "E08000033",
        "location_easting_osgr": "403885",
        "location_northing_osgr": "416552",
        "longitude": "-1.942706",
        "lsoa_of_accident_location": "E01010955",
        "number_of_casualties": 1,
        "number_of_vehicles": 1,
        "pedestrian_crossing": "0",
        "pedestrian_crossing_human_control_historic": "0",
        "pedestrian_crossing_physical_facilities_historic": "0",
        "police_force": "13",
        "road_surface_conditions": "2",
        "road_type": "3",
        "second_road_class": "0",
        "second_road_number": "-1",
        "special_conditions_at_site": "0",
        "speed_limit": 70,
        "time": "02:59",
        "trunk_road_flag": "1",
        "urban_or_rural_area": "2",
        "weather_conditions": "5",
        "geometry_source": "collision_location",
        "source_year": 2020,
        "date_iso": "2020-02-10"
      }
    },
    {
      "type": "Feature",
      "id": "20201371K0212",
      "geometry": {
        "type": "Point",
        "coordinates": [
          -1.797965,
          53.682083
        ]
      },
      "properties": {
        "carriageway_hazards": "0",
        "carriageway_hazards_historic": "0",
        "collision_adjusted_severity_serious": "0.0411",
        "collision_adjusted_severity_slight": "0.9589",
        "collision_index": "20201371K0212",
        "collision_injury_based": "0",
        "collision_ref_no": "1371K0212",
        "collision_severity": "3",
        "collision_year": 2020,
        "date": "20/01/2020",
        "day_of_week": "2",
        "did_police_officer_attend_scene_of_accident": "1",
        "enhanced_severity_collision": "-1",
        "first_road_class": "3",
        "first_road_number": "6107",
        "junction_control": "4",
        "junction_detail": "13",
        "junction_detail_historic": "3",
        "latitude": "53.682083",
        "light_conditions": "1",
        "local_authority_district": "202",
        "local_authority_highway": "E08000033",
        "local_authority_highway_current": "E08000033",
        "local_authority_ons_district": "E08000033",
        "location_easting_osgr": "413442",
        "location_northing_osgr": "420642",
        "longitude": "-1.797965",
        "lsoa_of_accident_location": "E01010948",
        "number_of_casualties": 1,
        "number_of_vehicles": 2,
        "pedestrian_crossing": "0",
        "pedestrian_crossing_human_control_historic": "0",
        "pedestrian_crossing_physical_facilities_historic": "0",
        "police_force": "13",
        "road_surface_conditions": "2",
        "road_type": "6",
        "second_road_class": "6",
        "second_road_number": "0",
        "special_conditions_at_site": "0",
        "speed_limit": 30,
        "time": "07:35",
        "trunk_road_flag": "2",
        "urban_or_rural_area": "2",
        "weather_conditions": "1",
        "geometry_source": "collision_location",
        "source_year": 2020,
        "date_iso": "2020-01-20"
      }
    },
    {
      "type": "Feature",
      "id": "2020137360354",
      "geometry": {
        "type": "Point",
        "coordinates": [
          -1.837741,
          53.732683
        ]
      },
      "properties": {
        "carriageway_hazards": "0",
        "carriageway_hazards_historic": "0",
        "collision_adjusted_severity_serious": "1",
        "collision_adjusted_severity_slight": "0",
        "collision_index": "2020137360354",
        "collision_injury_based": "0",
        "collision_ref_no": "137360354",
        "collision_severity": "2",
        "collision_year": 2020,
        "date": "06/03/2020",
        "day_of_week": "6",
        "did_police_officer_attend_scene_of_accident": "1",
        "enhanced_severity_collision": "-1",
        "first_road_class": "3",
        "first_road_number": "6036",
        "junction_control": "2",
        "junction_detail": "16",
        "junction_detail_historic": "6",
        "latitude": "53.732683",
        "light_conditions": "1",
        "local_authority_district": "202",
        "local_authority_highway": "E08000033",
        "local_authority_highway_current": "E08000033",
        "local_authority_ons_district": "E08000033",
        "location_easting_osgr": "410802",
        "location_northing_osgr": "426265",
        "longitude": "-1.837741",
        "lsoa_of_accident_location": "E01010937",
        "number_of_casualties": 1,
        "number_of_vehicles": 2,
        "pedestrian_crossing": "0",
        "pedestrian_crossing_human_control_historic": "0",
        "pedestrian_crossing_physical_facilities_historic": "0",
        "police_force": "13",
        "road_surface_conditions": "1",
        "road_type": "6",
        "second_road_class": "3",
        "second_road_number": "58",
        "special_conditions_at_site": "0",
        "speed_limit": 30,
        "time": "09:10",
        "trunk_road_flag": "2",
        "urban_or_rural_area": "1",
        "weather_conditions": "1",
        "geometry_source": "collision_location",
        "source_year": 2020,
        "date_iso": "2020-03-06"
      }
    },
    {
      "type": "Feature",
      "id": "2020137292178",
      "geometry": {
        "type": "Point",
        "coordinates": [
          -1.75333,
          53.695536
        ]
      },
      "properties": {
        "carriageway_hazards": "0",
        "carriageway_hazards_historic": "0",
        "collision_adjusted_severity_serious": "0.08451",
        "collision_adjusted_severity_slight": "0.91549",
        "collision_index": "2020137292178",
        "collision_injury_based": "0",
        "collision_ref_no": "137292178",
        "collision_severity": "3",
        "collision_year": 2020,
        "date": "09/02/2020",
        "day_of_week": "1",
        "did_police_officer_attend_scene_of_accident": "1",
        "enhanced_severity_collision": "-1",
        "first_road_class": "1",
        "first_road_number": "62",
        "junction_control": "-1",
        "junction_detail": "0",
        "junction_detail_historic": "0",
        "latitude": "53.695536",
        "light_conditions": "4",
        "local_authority_district": "202",
        "local_authority_highway": "E08000033",
        "local_authority_highway_current": "E08000033",
        "local_authority_ons_district": "E08000033",
        "location_easting_osgr": "416385",
        "location_northing_osgr": "422148",
        "longitude": "-1.75333",
        "lsoa_of_accident_location": "E01010879",
        "number_of_casualties": 1,
        "number_of_vehicles": 1,
        "pedestrian_crossing": "0",
        "pedestrian_crossing_human_control_historic": "0",
        "pedestrian_crossing_physical_facilities_historic": "0",
        "police_force": "13",
        "road_surface_conditions": "2",
        "road_type": "3",
        "second_road_class": "0",
        "second_road_number": "-1",
        "special_conditions_at_site": "0",
        "speed_limit": 70,
        "time": "23:51",
        "trunk_road_flag": "1",
        "urban_or_rural_area": "2",
        "weather_conditions": "5",
        "geometry_source": "collision_location",
        "source_year": 2020,
        "date_iso": "2020-02-09"
      }
    },
    {
      "type": "Feature",
      "id": "2020137711423",
      "geometry": {
        "type": "Point",
        "coordinates": [
          -1.877887,
          53.725073
        ]
      },
      "properties": {
        "carriageway_hazards": "0",
        "carriageway_hazards_historic": "0",
        "collision_adjusted_severity_serious": "1",
        "collision_adjusted_severity_slight": "0",
        "collision_index": "2020137711423",
        "collision_injury_based": "0",
        "collision_ref_no": "137711423",
        "collision_severity": "2",
        "collision_year": 2020,
        "date": "01/07/2020",
        "day_of_week": "4",
        "did_police_officer_attend_scene_of_accident": "1",
        "enhanced_severity_collision": "-1",
        "first_road_class": "6",
        "first_road_number": "0",
        "junction_control": "-1",
        "junction_detail": "0",
        "junction_detail_historic": "0",
        "latitude": "53.725073",
        "light_conditions": "1",
        "local_authority_district": "202",
        "local_authority_highway": "E08000033",
        "local_authority_highway_current": "E08000033",
        "local_authority_ons_district": "E08000033",
        "location_easting_osgr": "408155",
        "location_northing_osgr": "425413",
        "longitude": "-1.877887",
        "lsoa_of_accident_location": "E01010966",
        "number_of_casualties": 1,
        "number_of_vehicles": 1,
        "pedestrian_crossing": "0",
        "pedestrian_crossing_human_control_historic": "0",
        "pedestrian_crossing_physical_facilities_historic": "0",
        "police_force": "13",
        "road_surface_conditions": "1",
        "road_type": "6",
        "second_road_class": "0",
        "second_road_number": "-1",
        "special_conditions_at_site": "0",
        "speed_limit": 20,
        "time": "18:50",
        "trunk_road_flag": "2",
        "urban_or_rural_area": "1",
        "weather_conditions": "1",
        "geometry_source": "collision_location",
        "source_year": 2020,
        "date_iso": "2020-07-01"
      }
    },
    {
      "type": "Feature",
      "id": "20201376A1039",
      "geometry": {
        "type": "Point",
        "coordinates": [
          -1.871836,
          53.716294
        ]
      },
      "properties": {
        "carriageway_hazards": "0",
        "carriageway_hazards_historic": "0",
        "collision_adjusted_severity_serious": "0.02074",
        "collision_adjusted_severity_slight": "0.97926",
        "collision_index": "20201376A1039",
        "collision_injury_based": "0",
        "collision_ref_no": "1376A1039",
        "collision_severity": "3",
        "collision_year": 2020,
        "date": "10/06/2020",
        "day_of_week": "4",
        "did_police_officer_attend_scene_of_accident": "1",
        "enhanced_severity_collision": "-1",
        "first_road_class": "6",
        "first_road_number": "0",
        "junction_control": "4",
        "junction_detail": "0",
        "junction_detail_historic": "1",
        "latitude": "53.716294",
        "light_conditions": "1",
        "local_authority_district": "202",
        "local_authority_highway": "E08000033",
        "local_authority_highway_current": "E08000033",
        "local_authority_ons_district": "E08000033",
        "location_easting_osgr": "408556",
        "location_northing_osgr": "424437",
        "longitude": "-1.871836",
        "lsoa_of_accident_location": "E01010974",
        "number_of_casualties": 1,
        "number_of_vehicles": 2,
        "pedestrian_crossing": "0",
        "pedestrian_crossing_human_control_historic": "0",
        "pedestrian_crossing_physical_facilities_historic": "0",
        "police_force": "13",
        "road_surface_conditions": "2",
        "road_type": "1",
        "second_road_class": "6",
        "second_road_number": "0",
        "special_conditions_at_site": "0",
        "speed_limit": 30,
        "time": "16:12",
        "trunk_road_flag": "2",
        "urban_or_rural_area": "1",
        "weather_conditions": "2",
        "geometry_source": "collision_location",
        "source_year": 2020,
        "date_iso": "2020-06-10"
      }
    },
    {
      "type": "Feature",
      "id": "2020137370968",
      "geometry": {
        "type": "Point",
        "coordinates": [
          -1.80791,
          53.679088
        ]
      },
      "properties": {
        "carriageway_hazards": "13",
        "carriageway_hazards_historic": "0",
        "collision_adjusted_severity_serious": "0.19693",
        "collision_adjusted_severity_slight": "0.80307",
        "collision_index": "2020137370968",
        "collision_injury_based": "0",
        "collision_ref_no": "137370968",
        "collision_severity": "3",
        "collision_year": 2020,
        "date": "07/03/2020",
        "day_of_week": "7",
        "did_police_officer_attend_scene_of_accident": "1",
        "enhanced_severity_collision": "-1",
        "first_road_class": "1",
        "first_road_number": "62",
        "junction_control": "-1",
        "junction_detail": "0",
        "junction_detail_historic": "0",
        "latitude": "53.679088",
        "light_conditions": "1",
        "local_authority_district": "202",
        "local_authority_highway": "E08000033",
        "local_authority_highway_current": "E08000033",
        "local_authority_ons_district": "E08000033",
        "location_easting_osgr": "412786",
        "location_northing_osgr": "420307",
        "longitude": "-1.80791",
        "lsoa_of_accident_location": "E01010892",
        "number_of_casualties": 4,
        "number_of_vehicles": 4,
        "pedestrian_crossing": "0",
        "pedestrian_crossing_human_control_historic": "0",
        "pedestrian_crossing_physical_facilities_historic": "0",
        "police_force": "13",
        "road_surface_conditions": "1",
        "road_type": "3",
        "second_road_class": "0",
        "second_road_number": "-1",
        "special_conditions_at_site": "4",
        "speed_limit": 70,
        "time": "14:20",
        "trunk_road_flag": "1",
        "urban_or_rural_area": "2",
        "weather_conditions": "1",
        "geometry_source": "collision_location",
        "source_year": 2020,
        "date_iso": "2020-03-07"
      }
    },
    {
      "type": "Feature",
      "id": "20201378A0657",
      "geometry": {
        "type": "Point",
        "coordinates": [
          -1.880696,
          53.728545
        ]
      },
      "properties": {
        "carriageway_hazards": "0",
        "carriageway_hazards_historic": "0",
        "collision_adjusted_severity_serious": "0.0761",
        "collision_adjusted_severity_slight": "0.9239",
        "collision_index": "20201378A0657",
        "collision_injury_based": "0",
        "collision_ref_no": "1378A0657",
        "collision_severity": "3",
        "collision_year": 2020,
        "date": "10/08/2020",
        "day_of_week": "2",
        "did_police_officer_attend_scene_of_accident": "2",
        "enhanced_severity_collision": "-1",
        "first_road_class": "6",
        "first_road_number": "0",
        "junction_control": "-1",
        "junction_detail": "0",
        "junction_detail_historic": "0",
        "latitude": "53.728545",
        "light_conditions": "1",
        "local_authority_district": "202",
        "local_authority_highway": "E08000033",
        "local_authority_highway_current": "E08000033",
        "local_authority_ons_district": "E08000033",
        "location_easting_osgr": "407969",
        "location_northing_osgr": "425799",
        "longitude": "-1.880696",
        "lsoa_of_accident_location": "E01010960",
        "number_of_casualties": 1,
        "number_of_vehicles": 2,
        "pedestrian_crossing": "14",
        "pedestrian_crossing_human_control_historic": "0",
        "pedestrian_crossing_physical_facilities_historic": "4",
        "police_force": "13",
        "road_surface_conditions": "1",
        "road_type": "6",
        "second_road_class": "0",
        "second_road_number": "-1",
        "special_conditions_at_site": "0",
        "speed_limit": 30,
        "time": "11:25",
        "trunk_road_flag": "2",
        "urban_or_rural_area": "1",
        "weather_conditions": "1",
        "geometry_source": "collision_location",
        "source_year": 2020,
        "date_iso": "2020-08-10"
      }
    },
    {
      "type": "Feature",
      "id": "2020137880536",
      "geometry": {
        "type": "Point",
        "coordinates": [
          -1.870634,
          53.708006
        ]
      },
      "properties": {
        "carriageway_hazards": "0",
        "carriageway_hazards_historic": "0",
        "collision_adjusted_severity_serious": "0.191",
        "collision_adjusted_severity_slight": "0.809",
        "collision_index": "2020137880536",
        "collision_injury_based": "0",
        "collision_ref_no": "137880536",
        "collision_severity": "3",
        "collision_year": 2020,
        "date": "08/08/2020",
        "day_of_week": "7",
        "did_police_officer_attend_scene_of_accident": "1",
        "enhanced_severity_collision": "-1",
        "first_road_class": "3",
        "first_road_number": "646",
        "junction_control": "2",
        "junction_detail": "16",
        "junction_detail_historic": "6",
        "latitude": "53.708006",
        "light_conditions": "1",
        "local_authority_district": "202",
        "local_authority_highway": "E08000033",
        "local_authority_highway_current": "E08000033",
        "local_authority_ons_district": "E08000033",
        "location_easting_osgr": "408637",
        "location_northing_osgr": "423515",
        "longitude": "-1.870634",
        "lsoa_of_accident_location": "E01010970",
        "number_of_casualties": 1,
        "number_of_vehicles": 1,
        "pedestrian_crossing": "0",
        "pedestrian_crossing_human_control_historic": "0",
        "pedestrian_crossing_physical_facilities_historic": "0",
        "police_force": "13",
        "road_surface_conditions": "1",
        "road_type": "6",
        "second_road_class": "6",
        "second_road_number": "0",
        "special_conditions_at_site": "0",
        "speed_limit": 30,
        "time": "06:24",
        "trunk_road_flag": "2",
        "urban_or_rural_area": "1",
        "weather_conditions": "1",
        "geometry_source": "collision_location",
        "source_year": 2020,
        "date_iso": "2020-08-08"
      }
    },
    {
      "type": "Feature",
      "id": "20201377O0733",
      "geometry": {
        "type": "Point",
        "coordinates": [
          -1.852742,
          53.690611
        ]
      },
      "properties": {
        "carriageway_hazards": "0",
        "carriageway_hazards_historic": "0",
        "collision_adjusted_severity_serious": "0.03301",
        "collision_adjusted_severity_slight": "0.96699",
        "collision_index": "20201377O0733",
        "collision_injury_based": "0",
        "collision_ref_no": "1377O0733",
        "collision_severity": "3",
        "collision_year": 2020,
        "date": "18/03/2020",
        "day_of_week": "4",
        "did_police_officer_attend_scene_of_accident": "2",
        "enhanced_severity_collision": "-1",
        "first_road_class": "6",
        "first_road_number": "0",
        "junction_control": "-1",
        "junction_detail": "0",
        "junction_detail_historic": "0",
        "latitude": "53.690611",
        "light_conditions": "1",
        "local_authority_district": "202",
        "local_authority_highway": "E08000033",
        "local_authority_highway_current": "E08000033",
        "local_authority_ons_district": "E08000033",
        "location_easting_osgr": "409822",
        "location_northing_osgr": "421582",
        "longitude": "-1.852742",
        "lsoa_of_accident_location": "E01010898",
        "number_of_casualties": 2,
        "number_of_vehicles": 2,
        "pedestrian_crossing": "0",
        "pedestrian_crossing_human_control_historic": "0",
        "pedestrian_crossing_physical_facilities_historic": "0",
        "police_force": "13",
        "road_surface_conditions": "1",
        "road_type": "6",
        "second_road_class": "0",
        "second_road_number": "-1",
        "special_conditions_at_site": "0",
        "speed_limit": 30,
        "time": "07:42",
        "trunk_road_flag": "2",
        "urban_or_rural_area": "2",
        "weather_conditions": "1",
        "geometry_source": "collision_location",
        "source_year": 2020,
        "date_iso": "2020-03-18"
      }
    },
    {
      "type": "Feature",
      "id": "20201377M1418",
      "geometry": {
        "type": "Point",
        "coordinates": [
          -1.798922,
          53.729362
        ]
      },
      "properties": {
        "carriageway_hazards": "13",
        "carriageway_hazards_historic": "0",
        "collision_adjusted_severity_serious": "0.05359",
        "collision_adjusted_severity_slight": "0.94641",
        "collision_index": "20201377M1418",
        "collision_injury_based": "0",
        "collision_ref_no": "1377M1418",
        "collision_severity": "3",
        "collision_year": 2020,
        "date": "22/07/2020",
        "day_of_week": "4",
        "did_police_officer_attend_scene_of_accident": "2",
        "enhanced_severity_collision": "-1",
        "first_road_class": "3",
        "first_road_number": "58",
        "junction_control": "-1",
        "junction_detail": "0",
        "junction_detail_historic": "0",
        "latitude": "53.729362",
        "light_conditions": "1",
        "local_authority_district": "202",
        "local_authority_highway": "E08000033",
        "local_authority_highway_current": "E08000033",
        "local_authority_ons_district": "E08000033",
        "location_easting_osgr": "413364",
        "location_northing_osgr": "425902",
        "longitude": "-1.798922",
        "lsoa_of_accident_location": "E01010906",
        "number_of_casualties": 2,
        "number_of_vehicles": 2,
        "pedestrian_crossing": "0",
        "pedestrian_crossing_human_control_historic": "0",
        "pedestrian_crossing_physical_facilities_historic": "0",
        "police_force": "13",
        "road_surface_conditions": "1",
        "road_type": "6",
        "second_road_class": "0",
        "second_road_number": "-1",
        "special_conditions_at_site": "4",
        "speed_limit": 50,
        "time": "17:45",
        "trunk_road_flag": "2",
        "urban_or_rural_area": "1",
        "weather_conditions": "1",
        "geometry_source": "collision_location",
        "source_year": 2020,
        "date_iso": "2020-07-22"
      }
    },
    {
      "type": "Feature",
      "id": "20201378J0441",
      "geometry": {
        "type": "Point",
        "coordinates": [
          -1.80475,
          53.757279
        ]
      },
      "properties": {
        "carriageway_hazards": "0",
        "carriageway_hazards_historic": "0",
        "collision_adjusted_severity_serious": "0.08126",
        "collision_adjusted_severity_slight": "0.91874",
        "collision_index": "20201378J0441",
        "collision_injury_based": "0",
        "collision_ref_no": "1378J0441",
        "collision_severity": "3",
        "collision_year": 2020,
        "date": "19/08/2020",
        "day_of_week": "4",
        "did_police_officer_attend_scene_of_accident": "2",
        "enhanced_severity_collision": "-1",
        "first_road_class": "3",
        "first_road_number": "6036",
        "junction_control": "4",
        "junction_detail": "13",
        "junction_detail_historic": "3",
        "latitude": "53.757279",
        "light_conditions": "1",
        "local_authority_district": "202",
        "local_authority_highway": "E08000033",
        "local_authority_highway_current": "E08000033",
        "local_authority_ons_district": "E08000033",
        "location_easting_osgr": "412971",
        "location_northing_osgr": "429007",
        "longitude": "-1.80475",
        "lsoa_of_accident_location": "E01010932",
        "number_of_casualties": 1,
        "number_of_vehicles": 2,
        "pedestrian_crossing": "0",
        "pedestrian_crossing_human_control_historic": "0",
        "pedestrian_crossing_physical_facilities_historic": "0",
        "police_force": "13",
        "road_surface_conditions": "1",
        "road_type": "6",
        "second_road_class": "6",
        "second_road_number": "0",
        "special_conditions_at_site": "0",
        "speed_limit": 30,
        "time": "08:41",
        "trunk_road_flag": "2",
        "urban_or_rural_area": "1",
        "weather_conditions": "1",
        "geometry_source": "collision_location",
        "source_year": 2020,
        "date_iso": "2020-08-19"
      }
    },
    {
      "type": "Feature",
      "id": "20201378Q0762",
      "geometry": {
        "type": "Point",
        "coordinates": [
          -1.879459,
          53.7371
        ]
      },
      "properties": {
        "carriageway_hazards": "0",
        "carriageway_hazards_historic": "0",
        "collision_adjusted_severity_serious": "0.05385",
        "collision_adjusted_severity_slight": "0.94615",
        "collision_index": "20201378Q0762",
        "collision_injury_based": "0",
        "collision_ref_no": "1378Q0762",
        "collision_severity": "3",
        "collision_year": 2020,
        "date": "26/08/2020",
        "day_of_week": "4",
        "did_police_officer_attend_scene_of_accident": "1",
        "enhanced_severity_collision": "-1",
        "first_road_class": "6",
        "first_road_number": "0",
        "junction_control": "-1",
        "junction_detail": "0",
        "junction_detail_historic": "0",
        "latitude": "53.7371",
        "light_conditions": "1",
        "local_authority_district": "202",
        "local_authority_highway": "E08000033",
        "local_authority_highway_current": "E08000033",
        "local_authority_ons_district": "E08000033",
        "location_easting_osgr": "408049",
        "location_northing_osgr": "426751",
        "longitude": "-1.879459",
        "lsoa_of_accident_location": "E01010943",
        "number_of_casualties": 1,
        "number_of_vehicles": 1,
        "pedestrian_crossing": "0",
        "pedestrian_crossing_human_control_historic": "0",
        "pedestrian_crossing_physical_facilities_historic": "0",
        "police_force": "13",
        "road_surface_conditions": "1",
        "road_type": "6",
        "second_road_class": "0",
        "second_road_number": "-1",
        "special_conditions_at_site": "0",
        "speed_limit": 30,
        "time": "13:30",
        "trunk_road_flag": "2",
        "urban_or_rural_area": "1",
        "weather_conditions": "1",
        "geometry_source": "collision_location",
        "source_year": 2020,
        "date_iso": "2020-08-26"
      }
    },
    {
      "type": "Feature",
      "id": "20201377V1945",
      "geometry": {
        "type": "Point",
        "coordinates": [
          -1.883946,
          53.726157
        ]
      },
      "properties": {
        "carriageway_hazards": "0",
        "carriageway_hazards_historic": "0",
        "collision_adjusted_severity_serious": "1",
        "collision_adjusted_severity_slight": "0",
        "collision_index": "20201377V1945",
        "collision_injury_based": "0",
        "collision_ref_no": "1377V1945",
        "collision_severity": "2",
        "collision_year": 2020,
        "date": "31/07/2020",
        "day_of_week": "6",
        "did_police_officer_attend_scene_of_accident": "1",
        "enhanced_severity_collision": "-1",
        "first_road_class": "6",
        "first_road_number": "0",
        "junction_control": "4",
        "junction_detail": "13",
        "junction_detail_historic": "3",
        "latitude": "53.726157",
        "light_conditions": "1",
        "local_authority_district": "202",
        "local_authority_highway": "E08000033",
        "local_authority_highway_current": "E08000033",
        "local_authority_ons_district": "E08000033",
        "location_easting_osgr": "407755",
        "location_northing_osgr": "425533",
        "longitude": "-1.883946",
        "lsoa_of_accident_location": "E01010964",
        "number_of_casualties": 2,
        "number_of_vehicles": 2,
        "pedestrian_crossing": "0",
        "pedestrian_crossing_human_control_historic": "0",
        "pedestrian_crossing_physical_facilities_historic": "0",
        "police_force": "13",
        "road_surface_conditions": "1",
        "road_type": "6",
        "second_road_class": "6",
        "second_road_number": "0",
        "special_conditions_at_site": "0",
        "speed_limit": 20,
        "time": "20:14",
        "trunk_road_flag": "2",
        "urban_or_rural_area": "1",
        "weather_conditions": "1",
        "geometry_source": "collision_location",
        "source_year": 2020,
        "date_iso": "2020-07-31"
      }
    },
    {
      "type": "Feature",
      "id": "2020137750758",
      "geometry": {
        "type": "Point",
        "coordinates": [
          -1.747759,
          53.695182
        ]
      },
      "properties": {
        "carriageway_hazards": "17",
        "carriageway_hazards_historic": "2",
        "collision_adjusted_severity_serious": "1",
        "collision_adjusted_severity_slight": "0",
        "collision_index": "2020137750758",
        "collision_injury_based": "0",
        "collision_ref_no": "137750758",
        "collision_severity": "2",
        "collision_year": 2020,
        "date": "05/07/2020",
        "day_of_week": "1",
        "did_police_officer_attend_scene_of_accident": "1",
        "enhanced_severity_collision": "-1",
        "first_road_class": "3",
        "first_road_number": "644",
        "junction_control": "-1",
        "junction_detail": "0",
        "junction_detail_historic": "0",
        "latitude": "53.695182",
        "light_conditions": "1",
        "local_authority_district": "202",
        "local_authority_highway": "E08000033",
        "local_authority_highway_current": "E08000033",
        "local_authority_ons_district": "E08000033",
        "location_easting_osgr": "416753",
        "location_northing_osgr": "422110",
        "longitude": "-1.747759",
        "lsoa_of_accident_location": "E01010879",
        "number_of_casualties": 1,
        "number_of_vehicles": 3,
        "pedestrian_crossing": "0",
        "pedestrian_crossing_human_control_historic": "0",
        "pedestrian_crossing_physical_facilities_historic": "0",
        "police_force": "13",
        "road_surface_conditions": "1",
        "road_type": "6",
        "second_road_class": "0",
        "second_road_number": "-1",
        "special_conditions_at_site": "0",
        "speed_limit": 40,
        "time": "10:30",
        "trunk_road_flag": "2",
        "urban_or_rural_area": "2",
        "weather_conditions": "1",
        "geometry_source": "collision_location",
        "source_year": 2020,
        "date_iso": "2020-07-05"
      }
    },
    {
      "type": "Feature",
      "id": "20201371D1392",
      "geometry": {
        "type": "Point",
        "coordinates": [
          -1.858007,
          53.723936
        ]
      },
      "properties": {
        "carriageway_hazards": "0",
        "carriageway_hazards_historic": "0",
        "collision_adjusted_severity_serious": "1",
        "collision_adjusted_severity_slight": "0",
        "collision_index": "20201371D1392",
        "collision_injury_based": "0",
        "collision_ref_no": "1371D1392",
        "collision_severity": "2",
        "collision_year": 2020,
        "date": "13/01/2020",
        "day_of_week": "2",
        "did_police_officer_attend_scene_of_accident": "1",
        "enhanced_severity_collision": "-1",
        "first_road_class": "6",
        "first_road_number": "0",
        "junction_control": "-1",
        "junction_detail": "0",
        "junction_detail_historic": "0",
        "latitude": "53.723936",
        "light_conditions": "4",
        "local_authority_district": "202",
        "local_authority_highway": "E08000033",
        "local_authority_highway_current": "E08000033",
        "local_authority_ons_district": "E08000033",
        "location_easting_osgr": "409467",
        "location_northing_osgr": "425289",
        "longitude": "-1.858007",
        "lsoa_of_accident_location": "E01010994",
        "number_of_casualties": 1,
        "number_of_vehicles": 1,
        "pedestrian_crossing": "0",
        "pedestrian_crossing_human_control_historic": "0",
        "pedestrian_crossing_physical_facilities_historic": "0",
        "police_force": "13",
        "road_surface_conditions": "2",
        "road_type": "6",
        "second_road_class": "0",
        "second_road_number": "-1",
        "special_conditions_at_site": "0",
        "speed_limit": 30,
        "time": "17:43",
        "trunk_road_flag": "2",
        "urban_or_rural_area": "1",
        "weather_conditions": "4",
        "geometry_source": "collision_location",
        "source_year": 2020,
        "date_iso": "2020-01-13"
      }
    },
    {
      "type": "Feature",
      "id": "20201371I1576",
      "geometry": {
        "type": "Point",
        "coordinates": [
          -1.858929,
          53.706321
        ]
      },
      "properties": {
        "carriageway_hazards": "0",
        "carriageway_hazards_historic": "0",
        "collision_adjusted_severity_serious": "1",
        "collision_adjusted_severity_slight": "0",
        "collision_index": "20201371I1576",
        "collision_injury_based": "0",
        "collision_ref_no": "1371I1576",
        "collision_severity": "2",
        "collision_year": 2020,
        "date": "18/01/2020",
        "day_of_week": "7",
        "did_police_officer_attend_scene_of_accident": "1",
        "enhanced_severity_collision": "-1",
        "first_road_class": "3",
        "first_road_number": "646",
        "junction_control": "-1",
        "junction_detail": "0",
        "junction_detail_historic": "0",
        "latitude": "53.706321",
        "light_conditions": "4",
        "local_authority_district": "202",
        "local_authority_highway": "E08000033",
        "local_authority_highway_current": "E08000033",
        "local_authority_ons_district": "E08000033",
        "location_easting_osgr": "409410",
        "location_northing_osgr": "423329",
        "longitude": "-1.858929",
        "lsoa_of_accident_location": "E01010972",
        "number_of_casualties": 2,
        "number_of_vehicles": 2,
        "pedestrian_crossing": "0",
        "pedestrian_crossing_human_control_historic": "0",
        "pedestrian_crossing_physical_facilities_historic": "0",
        "police_force": "13",
        "road_surface_conditions": "1",
        "road_type": "6",
        "second_road_class": "0",
        "second_road_number": "-1",
        "special_conditions_at_site": "0",
        "speed_limit": 30,
        "time": "19:43",
        "trunk_road_flag": "2",
        "urban_or_rural_area": "1",
        "weather_conditions": "1",
        "geometry_source": "collision_location",
        "source_year": 2020,
        "date_iso": "2020-01-18"
      }
    },
    {
      "type": "Feature",
      "id": "20201379A1818",
      "geometry": {
        "type": "Point",
        "coordinates": [
          -1.912993,
          53.70728
        ]
      },
      "properties": {
        "carriageway_hazards": "0",
        "carriageway_hazards_historic": "0",
        "collision_adjusted_severity_serious": "0.17146",
        "collision_adjusted_severity_slight": "0.82854",
        "collision_index": "20201379A1818",
        "collision_injury_based": "0",
        "collision_ref_no": "1379A1818",
        "collision_severity": "3",
        "collision_year": 2020,
        "date": "10/09/2020",
        "day_of_week": "5",
        "did_police_officer_attend_scene_of_accident": "1",
        "enhanced_severity_collision": "-1",
        "first_road_class": "3",
        "first_road_number": "58",
        "junction_control": "4",
        "junction_detail": "13",
        "junction_detail_historic": "3",
        "latitude": "53.70728",
        "light_conditions": "4",
        "local_authority_district": "202",
        "local_authority_highway": "E08000033",
        "local_authority_highway_current": "E08000033",
        "local_authority_ons_district": "E08000033",
        "location_easting_osgr": "405841",
        "location_northing_osgr": "423430",
        "longitude": "-1.912993",
        "lsoa_of_accident_location": "E01010979",
        "number_of_casualties": 1,
        "number_of_vehicles": 2,
        "pedestrian_crossing": "14",
        "pedestrian_crossing_human_control_historic": "0",
        "pedestrian_crossing_physical_facilities_historic": "4",
        "police_force": "13",
        "road_surface_conditions": "1",
        "road_type": "6",
        "second_road_class": "6",
        "second_road_number": "0",
        "special_conditions_at_site": "0",
        "speed_limit": 30,
        "time": "21:39",
        "trunk_road_flag": "2",
        "urban_or_rural_area": "1",
        "weather_conditions": "1",
        "geometry_source": "collision_location",
        "source_year": 2020,
        "date_iso": "2020-09-10"
      }
    },
    {
      "type": "Feature",
      "id": "20201375Q1232",
      "geometry": {
        "type": "Point",
        "coordinates": [
          -2.047914,
          53.76265
        ]
      },
      "properties": {
        "carriageway_hazards": "0",
        "carriageway_hazards_historic": "0",
        "collision_adjusted_severity_serious": "0.04484",
        "collision_adjusted_severity_slight": "0.95516",
        "collision_index": "20201375Q1232",
        "collision_injury_based": "0",
        "collision_ref_no": "1375Q1232",
        "collision_severity": "3",
        "collision_year": 2020,
        "date": "25/05/2020",
        "day_of_week": "2",
        "did_police_officer_attend_scene_of_accident": "2",
        "enhanced_severity_collision": "-1",
        "first_road_class": "6",
        "first_road_number": "0",
        "junction_control": "-1",
        "junction_detail": "0",
        "junction_detail_historic": "0",
        "latitude": "53.76265",
        "light_conditions": "1",
        "local_authority_district": "202",
        "local_authority_highway": "E08000033",
        "local_authority_highway_current": "E08000033",
        "local_authority_ons_district": "E08000033",
        "location_easting_osgr": "396939",
        "location_northing_osgr": "429588",
        "longitude": "-2.047914",
        "lsoa_of_accident_location": "E01010887",
        "number_of_casualties": 2,
        "number_of_vehicles": 2,
        "pedestrian_crossing": "0",
        "pedestrian_crossing_human_control_historic": "0",
        "pedestrian_crossing_physical_facilities_historic": "0",
        "police_force": "13",
        "road_surface_conditions": "1",
        "road_type": "6",
        "second_road_class": "0",
        "second_road_number": "-1",
        "special_conditions_at_site": "0",
        "speed_limit": 30,
        "time": "19:30",
        "trunk_road_flag": "2",
        "urban_or_rural_area": "2",
        "weather_conditions": "1",
        "geometry_source": "collision_location",
        "source_year": 2020,
        "date_iso": "2020-05-25"
      }
    },
    {
      "type": "Feature",
      "id": "2020137CV0566",
      "geometry": {
        "type": "Point",
        "coordinates": [
          -1.775557,
          53.702293
        ]
      },
      "properties": {
        "carriageway_hazards": "0",
        "carriageway_hazards_historic": "0",
        "collision_adjusted_severity_serious": "0.09933",
        "collision_adjusted_severity_slight": "0.90067",
        "collision_index": "2020137CV0566",
        "collision_injury_based": "0",
        "collision_ref_no": "137CV0566",
        "collision_severity": "3",
        "collision_year": 2020,
        "date": "31/12/2020",
        "day_of_week": "5",
        "did_police_officer_attend_scene_of_accident": "1",
        "enhanced_severity_collision": "-1",
        "first_road_class": "6",
        "first_road_number": "0",
        "junction_control": "4",
        "junction_detail": "0",
        "junction_detail_historic": "1",
        "latitude": "53.702293",
        "light_conditions": "1",
        "local_authority_district": "202",
        "local_authority_highway": "E08000033",
        "local_authority_highway_current": "E08000033",
        "local_authority_ons_district": "E08000033",
        "location_easting_osgr": "414915",
        "location_northing_osgr": "422895",
        "longitude": "-1.775557",
        "lsoa_of_accident_location": "E01010878",
        "number_of_casualties": 1,
        "number_of_vehicles": 2,
        "pedestrian_crossing": "0",
        "pedestrian_crossing_human_control_historic": "0",
        "pedestrian_crossing_physical_facilities_historic": "0",
        "police_force": "13",
        "road_surface_conditions": "1",
        "road_type": "1",
        "second_road_class": "6",
        "second_road_number": "0",
        "special_conditions_at_site": "0",
        "speed_limit": 30,
        "time": "12:00",
        "trunk_road_flag": "2",
        "urban_or_rural_area": "1",
        "weather_conditions": "1",
        "geometry_source": "collision_location",
        "source_year": 2020,
        "date_iso": "2020-12-31"
      }
    },
    {
      "type": "Feature",
      "id": "20201372H1437",
      "geometry": {
        "type": "Point",
        "coordinates": [
          -1.889302,
          53.729686
        ]
      },
      "properties": {
        "carriageway_hazards": "0",
        "carriageway_hazards_historic": "0",
        "collision_adjusted_severity_serious": "0.03801",
        "collision_adjusted_severity_slight": "0.96199",
        "collision_index": "20201372H1437",
        "collision_injury_based": "0",
        "collision_ref_no": "1372H1437",
        "collision_severity": "3",
        "collision_year": 2020,
        "date": "17/02/2020",
        "day_of_week": "2",
        "did_police_officer_attend_scene_of_accident": "1",
        "enhanced_severity_collision": "-1",
        "first_road_class": "6",
        "first_road_number": "0",
        "junction_control": "4",
        "junction_detail": "13",
        "junction_detail_historic": "3",
        "latitude": "53.729686",
        "light_conditions": "4",
        "local_authority_district": "202",
        "local_authority_highway": "E08000033",
        "local_authority_highway_current": "E08000033",
        "local_authority_ons_district": "E08000033",
        "location_easting_osgr": "407401",
        "location_northing_osgr": "425925",
        "longitude": "-1.889302",
        "lsoa_of_accident_location": "E01010929",
        "number_of_casualties": 1,
        "number_of_vehicles": 2,
        "pedestrian_crossing": "0",
        "pedestrian_crossing_human_control_historic": "0",
        "pedestrian_crossing_physical_facilities_historic": "0",
        "police_force": "13",
        "road_surface_conditions": "2",
        "road_type": "6",
        "second_road_class": "6",
        "second_road_number": "0",
        "special_conditions_at_site": "0",
        "speed_limit": 30,
        "time": "18:49",
        "trunk_road_flag": "2",
        "urban_or_rural_area": "1",
        "weather_conditions": "1",
        "geometry_source": "collision_location",
        "source_year": 2020,
        "date_iso": "2020-02-17"
      }
    },
    {
      "type": "Feature",
      "id": "2020137171206",
      "geometry": {
        "type": "Point",
        "coordinates": [
          -1.83064,
          53.681522
        ]
      },
      "properties": {
        "carriageway_hazards": "0",
        "carriageway_hazards_historic": "0",
        "collision_adjusted_severity_serious": "1",
        "collision_adjusted_severity_slight": "0",
        "collision_index": "2020137171206",
        "collision_injury_based": "0",
        "collision_ref_no": "137171206",
        "collision_severity": "2",
        "collision_year": 2020,
        "date": "07/01/2020",
        "day_of_week": "3",
        "did_police_officer_attend_scene_of_accident": "1",
        "enhanced_severity_collision": "-1",
        "first_road_class": "4",
        "first_road_number": "6114",
        "junction_control": "4",
        "junction_detail": "13",
        "junction_detail_historic": "3",
        "latitude": "53.681522",
        "light_conditions": "4",
        "local_authority_district": "202",
        "local_authority_highway": "E08000033",
        "local_authority_highway_current": "E08000033",
        "local_authority_ons_district": "E08000033",
        "location_easting_osgr": "411284",
        "location_northing_osgr": "420574",
        "longitude": "-1.83064",
        "lsoa_of_accident_location": "E01010894",
        "number_of_casualties": 1,
        "number_of_vehicles": 1,
        "pedestrian_crossing": "0",
        "pedestrian_crossing_human_control_historic": "0",
        "pedestrian_crossing_physical_facilities_historic": "0",
        "police_force": "13",
        "road_surface_conditions": "1",
        "road_type": "6",
        "second_road_class": "6",
        "second_road_number": "0",
        "special_conditions_at_site": "0",
        "speed_limit": 30,
        "time": "17:06",
        "trunk_road_flag": "2",
        "urban_or_rural_area": "1",
        "weather_conditions": "4",
        "geometry_source": "collision_location",
        "source_year": 2020,
        "date_iso": "2020-01-07"
      }
    },
    {
      "type": "Feature",
      "id": "20201373U0958",
      "geometry": {
        "type": "Point",
        "coordinates": [
          -1.89383,
          53.731101
        ]
      },
      "properties": {
        "carriageway_hazards": "0",
        "carriageway_hazards_historic": "0",
        "collision_adjusted_severity_serious": "1",
        "collision_adjusted_severity_slight": "0",
        "collision_index": "20201373U0958",
        "collision_injury_based": "0",
        "collision_ref_no": "1373U0958",
        "collision_severity": "2",
        "collision_year": 2020,
        "date": "30/03/2020",
        "day_of_week": "2",
        "did_police_officer_attend_scene_of_accident": "1",
        "enhanced_severity_collision": "-1",
        "first_road_class": "6",
        "first_road_number": "0",
        "junction_control": "4",
        "junction_detail": "16",
        "junction_detail_historic": "6",
        "latitude": "53.731101",
        "light_conditions": "1",
        "local_authority_district": "202",
        "local_authority_highway": "E08000033",
        "local_authority_highway_current": "E08000033",
        "local_authority_ons_district": "E08000033",
        "location_easting_osgr": "407102",
        "location_northing_osgr": "426082",
        "longitude": "-1.89383",
        "lsoa_of_accident_location": "E01010930",
        "number_of_casualties": 1,
        "number_of_vehicles": 5,
        "pedestrian_crossing": "0",
        "pedestrian_crossing_human_control_historic": "0",
        "pedestrian_crossing_physical_facilities_historic": "0",
        "police_force": "13",
        "road_surface_conditions": "1",
        "road_type": "6",
        "second_road_class": "6",
        "second_road_number": "0",
        "special_conditions_at_site": "0",
        "speed_limit": 30,
        "time": "16:00",
        "trunk_road_flag": "2",
        "urban_or_rural_area": "1",
        "weather_conditions": "1",
        "geometry_source": "collision_location",
        "source_year": 2020,
        "date_iso": "2020-03-30"
      }
    },
    {
      "type": "Feature",
      "id": "20201378H0794",
      "geometry": {
        "type": "Point",
        "coordinates": [
          -1.752108,
          53.694778
        ]
      },
      "properties": {
        "carriageway_hazards": "0",
        "carriageway_hazards_historic": "0",
        "collision_adjusted_severity_serious": "0.03783",
        "collision_adjusted_severity_slight": "0.96217",
        "collision_index": "20201378H0794",
        "collision_injury_based": "0",
        "collision_ref_no": "1378H0794",
        "collision_severity": "3",
        "collision_year": 2020,
        "date": "17/08/2020",
        "day_of_week": "2",
        "did_police_officer_attend_scene_of_accident": "1",
        "enhanced_severity_collision": "-1",
        "first_road_class": "3",
        "first_road_number": "644",
        "junction_control": "4",
        "junction_detail": "0",
        "junction_detail_historic": "1",
        "latitude": "53.694778",
        "light_conditions": "1",
        "local_authority_district": "202",
        "local_authority_highway": "E08000033",
        "local_authority_highway_current": "E08000033",
        "local_authority_ons_district": "E08000033",
        "location_easting_osgr": "416466",
        "location_northing_osgr": "422064",
        "longitude": "-1.752108",
        "lsoa_of_accident_location": "E01010879",
        "number_of_casualties": 2,
        "number_of_vehicles": 2,
        "pedestrian_crossing": "0",
        "pedestrian_crossing_human_control_historic": "0",
        "pedestrian_crossing_physical_facilities_historic": "0",
        "police_force": "13",
        "road_surface_conditions": "1",
        "road_type": "1",
        "second_road_class": "3",
        "second_road_number": "644",
        "special_conditions_at_site": "0",
        "speed_limit": 50,
        "time": "13:00",
        "trunk_road_flag": "2",
        "urban_or_rural_area": "2",
        "weather_conditions": "1",
        "geometry_source": "collision_location",
        "source_year": 2020,
        "date_iso": "2020-08-17"
      }
    },
    {
      "type": "Feature",
      "id": "2020137961555",
      "geometry": {
        "type": "Point",
        "coordinates": [
          -1.897832,
          53.731042
        ]
      },
      "properties": {
        "carriageway_hazards": "0",
        "carriageway_hazards_historic": "0",
        "collision_adjusted_severity_serious": "0.14304",
        "collision_adjusted_severity_slight": "0.85696",
        "collision_index": "2020137961555",
        "collision_injury_based": "0",
        "collision_ref_no": "137961555",
        "collision_severity": "3",
        "collision_year": 2020,
        "date": "06/09/2020",
        "day_of_week": "1",
        "did_police_officer_attend_scene_of_accident": "1",
        "enhanced_severity_collision": "-1",
        "first_road_class": "6",
        "first_road_number": "0",
        "junction_control": "-1",
        "junction_detail": "0",
        "junction_detail_historic": "0",
        "latitude": "53.731042",
        "light_conditions": "1",
        "local_authority_district": "202",
        "local_authority_highway": "E08000033",
        "local_authority_highway_current": "E08000033",
        "local_authority_ons_district": "E08000033",
        "location_easting_osgr": "406838",
        "location_northing_osgr": "426075",
        "longitude": "-1.897832",
        "lsoa_of_accident_location": "E01010928",
        "number_of_casualties": 1,
        "number_of_vehicles": 1,
        "pedestrian_crossing": "0",
        "pedestrian_crossing_human_control_historic": "0",
        "pedestrian_crossing_physical_facilities_historic": "0",
        "police_force": "13",
        "road_surface_conditions": "1",
        "road_type": "6",
        "second_road_class": "0",
        "second_road_number": "-1",
        "special_conditions_at_site": "0",
        "speed_limit": 20,
        "time": "18:50",
        "trunk_road_flag": "2",
        "urban_or_rural_area": "1",
        "weather_conditions": "1",
        "geometry_source": "collision_location",
        "source_year": 2020,
        "date_iso": "2020-09-06"
      }
    },
    {
      "type": "Feature",
      "id": "20201379A1819",
      "geometry": {
        "type": "Point",
        "coordinates": [
          -1.915615,
          53.70659
        ]
      },
      "properties": {
        "carriageway_hazards": "0",
        "carriageway_hazards_historic": "0",
        "collision_adjusted_severity_serious": "0.19733",
        "collision_adjusted_severity_slight": "0.80267",
        "collision_index": "20201379A1819",
        "collision_injury_based": "0",
        "collision_ref_no": "1379A1819",
        "collision_severity": "3",
        "collision_year": 2020,
        "date": "10/09/2020",
        "day_of_week": "5",
        "did_police_officer_attend_scene_of_accident": "1",
        "enhanced_severity_collision": "-1",
        "first_road_class": "6",
        "first_road_number": "0",
        "junction_control": "-1",
        "junction_detail": "0",
        "junction_detail_historic": "0",
        "latitude": "53.70659",
        "light_conditions": "1",
        "local_authority_district": "202",
        "local_authority_highway": "E08000033",
        "local_authority_highway_current": "E08000033",
        "local_authority_ons_district": "E08000033",
        "location_easting_osgr": "405668",
        "location_northing_osgr": "423353",
        "longitude": "-1.915615",
        "lsoa_of_accident_location": "E01010979",
        "number_of_casualties": 1,
        "number_of_vehicles": 1,
        "pedestrian_crossing": "0",
        "pedestrian_crossing_human_control_historic": "0",
        "pedestrian_crossing_physical_facilities_historic": "0",
        "police_force": "13",
        "road_surface_conditions": "1",
        "road_type": "6",
        "second_road_class": "0",
        "second_road_number": "-1",
        "special_conditions_at_site": "0",
        "speed_limit": 30,
        "time": "21:38",
        "trunk_road_flag": "2",
        "urban_or_rural_area": "1",
        "weather_conditions": "1",
        "geometry_source": "collision_location",
        "source_year": 2020,
        "date_iso": "2020-09-10"
      }
    },
    {
      "type": "Feature",
      "id": "2020137890362",
      "geometry": {
        "type": "Point",
        "coordinates": [
          -1.873683,
          53.726929
        ]
      },
      "properties": {
        "carriageway_hazards": "0",
        "carriageway_hazards_historic": "0",
        "collision_adjusted_severity_serious": "1",
        "collision_adjusted_severity_slight": "0",
        "collision_index": "2020137890362",
        "collision_injury_based": "0",
        "collision_ref_no": "137890362",
        "collision_severity": "2",
        "collision_year": 2020,
        "date": "09/08/2020",
        "day_of_week": "1",
        "did_police_officer_attend_scene_of_accident": "1",
        "enhanced_severity_collision": "-1",
        "first_road_class": "6",
        "first_road_number": "0",
        "junction_control": "-1",
        "junction_detail": "0",
        "junction_detail_historic": "0",
        "latitude": "53.726929",
        "light_conditions": "4",
        "local_authority_district": "202",
        "local_authority_highway": "E08000033",
        "local_authority_highway_current": "E08000033",
        "local_authority_ons_district": "E08000033",
        "location_easting_osgr": "408432",
        "location_northing_osgr": "425620",
        "longitude": "-1.873683",
        "lsoa_of_accident_location": "E01010960",
        "number_of_casualties": 1,
        "number_of_vehicles": 1,
        "pedestrian_crossing": "0",
        "pedestrian_crossing_human_control_historic": "0",
        "pedestrian_crossing_physical_facilities_historic": "0",
        "police_force": "13",
        "road_surface_conditions": "1",
        "road_type": "6",
        "second_road_class": "0",
        "second_road_number": "-1",
        "special_conditions_at_site": "0",
        "speed_limit": 30,
        "time": "02:50",
        "trunk_road_flag": "2",
        "urban_or_rural_area": "1",
        "weather_conditions": "1",
        "geometry_source": "collision_location",
        "source_year": 2020,
        "date_iso": "2020-08-09"
      }
    },
    {
      "type": "Feature",
      "id": "2020137841382",
      "geometry": {
        "type": "Point",
        "coordinates": [
          -2.101805,
          53.711106
        ]
      },
      "properties": {
        "carriageway_hazards": "0",
        "carriageway_hazards_historic": "0",
        "collision_adjusted_severity_serious": "0.04709",
        "collision_adjusted_severity_slight": "0.95291",
        "collision_index": "2020137841382",
        "collision_injury_based": "0",
        "collision_ref_no": "137841382",
        "collision_severity": "3",
        "collision_year": 2020,
        "date": "04/08/2020",
        "day_of_week": "3",
        "did_police_officer_attend_scene_of_accident": "1",
        "enhanced_severity_collision": "-1",
        "first_road_class": "3",
        "first_road_number": "6033",
        "junction_control": "4",
        "junction_detail": "13",
        "junction_detail_historic": "3",
        "latitude": "53.711106",
        "light_conditions": "1",
        "local_authority_district": "202",
        "local_authority_highway": "E08000033",
        "local_authority_highway_current": "E08000033",
        "local_authority_ons_district": "E08000033",
        "location_easting_osgr": "393378",
        "location_northing_osgr": "423857",
        "longitude": "-2.101805",
        "lsoa_of_accident_location": "E01010983",
        "number_of_casualties": 1,
        "number_of_vehicles": 2,
        "pedestrian_crossing": "0",
        "pedestrian_crossing_human_control_historic": "0",
        "pedestrian_crossing_physical_facilities_historic": "0",
        "police_force": "13",
        "road_surface_conditions": "1",
        "road_type": "6",
        "second_road_class": "6",
        "second_road_number": "0",
        "special_conditions_at_site": "0",
        "speed_limit": 30,
        "time": "17:56",
        "trunk_road_flag": "2",
        "urban_or_rural_area": "1",
        "weather_conditions": "1",
        "geometry_source": "collision_location",
        "source_year": 2020,
        "date_iso": "2020-08-04"
      }
    },
    {
      "type": "Feature",
      "id": "20201379F0595",
      "geometry": {
        "type": "Point",
        "coordinates": [
          -1.916168,
          53.748762
        ]
      },
      "properties": {
        "carriageway_hazards": "0",
        "carriageway_hazards_historic": "0",
        "collision_adjusted_severity_serious": "0.06483",
        "collision_adjusted_severity_slight": "0.93517",
        "collision_index": "20201379F0595",
        "collision_injury_based": "0",
        "collision_ref_no": "1379F0595",
        "collision_severity": "3",
        "collision_year": 2020,
        "date": "15/09/2020",
        "day_of_week": "3",
        "did_police_officer_attend_scene_of_accident": "1",
        "enhanced_severity_collision": "-1",
        "first_road_class": "6",
        "first_road_number": "0",
        "junction_control": "-1",
        "junction_detail": "0",
        "junction_detail_historic": "0",
        "latitude": "53.748762",
        "light_conditions": "1",
        "local_authority_district": "202",
        "local_authority_highway": "E08000033",
        "local_authority_highway_current": "E08000033",
        "local_authority_ons_district": "E08000033",
        "location_easting_osgr": "405626",
        "location_northing_osgr": "428045",
        "longitude": "-1.916168",
        "lsoa_of_accident_location": "E01010927",
        "number_of_casualties": 1,
        "number_of_vehicles": 2,
        "pedestrian_crossing": "0",
        "pedestrian_crossing_human_control_historic": "0",
        "pedestrian_crossing_physical_facilities_historic": "0",
        "police_force": "13",
        "road_surface_conditions": "1",
        "road_type": "6",
        "second_road_class": "0",
        "second_road_number": "-1",
        "special_conditions_at_site": "0",
        "speed_limit": 30,
        "time": "10:26",
        "trunk_road_flag": "2",
        "urban_or_rural_area": "2",
        "weather_conditions": "1",
        "geometry_source": "collision_location",
        "source_year": 2020,
        "date_iso": "2020-09-15"
      }
    },
    {
      "type": "Feature",
      "id": "20201376I0869",
      "geometry": {
        "type": "Point",
        "coordinates": [
          -1.884528,
          53.729466
        ]
      },
      "properties": {
        "carriageway_hazards": "0",
        "carriageway_hazards_historic": "0",
        "collision_adjusted_severity_serious": "0.02116",
        "collision_adjusted_severity_slight": "0.97884",
        "collision_index": "20201376I0869",
        "collision_injury_based": "0",
        "collision_ref_no": "1376I0869",
        "collision_severity": "3",
        "collision_year": 2020,
        "date": "18/06/2020",
        "day_of_week": "5",
        "did_police_officer_attend_scene_of_accident": "1",
        "enhanced_severity_collision": "-1",
        "first_road_class": "6",
        "first_road_number": "0",
        "junction_control": "-1",
        "junction_detail": "0",
        "junction_detail_historic": "0",
        "latitude": "53.729466",
        "light_conditions": "1",
        "local_authority_district": "202",
        "local_authority_highway": "E08000033",
        "local_authority_highway_current": "E08000033",
        "local_authority_ons_district": "E08000033",
        "location_easting_osgr": "407716",
        "location_northing_osgr": "425901",
        "longitude": "-1.884528",
        "lsoa_of_accident_location": "E01010929",
        "number_of_casualties": 1,
        "number_of_vehicles": 2,
        "pedestrian_crossing": "0",
        "pedestrian_crossing_human_control_historic": "0",
        "pedestrian_crossing_physical_facilities_historic": "0",
        "police_force": "13",
        "road_surface_conditions": "2",
        "road_type": "2",
        "second_road_class": "0",
        "second_road_number": "-1",
        "special_conditions_at_site": "0",
        "speed_limit": 30,
        "time": "14:28",
        "trunk_road_flag": "2",
        "urban_or_rural_area": "1",
        "weather_conditions": "2",
        "geometry_source": "collision_location",
        "source_year": 2020,
        "date_iso": "2020-06-18"
      }
    },
    {
      "type": "Feature",
      "id": "20201378Q1301",
      "geometry": {
        "type": "Point",
        "coordinates": [
          -1.834522,
          53.683819
        ]
      },
      "properties": {
        "carriageway_hazards": "0",
        "carriageway_hazards_historic": "0",
        "collision_adjusted_severity_serious": "0.0926",
        "collision_adjusted_severity_slight": "0.9074",
        "collision_index": "20201378Q1301",
        "collision_injury_based": "0",
        "collision_ref_no": "1378Q1301",
        "collision_severity": "3",
        "collision_year": 2020,
        "date": "26/08/2020",
        "day_of_week": "4",
        "did_police_officer_attend_scene_of_accident": "1",
        "enhanced_severity_collision": "-1",
        "first_road_class": "6",
        "first_road_number": "0",
        "junction_control": "1",
        "junction_detail": "0",
        "junction_detail_historic": "1",
        "latitude": "53.683819",
        "light_conditions": "1",
        "local_authority_district": "202",
        "local_authority_highway": "E08000033",
        "local_authority_highway_current": "E08000033",
        "local_authority_ons_district": "E08000033",
        "location_easting_osgr": "411027",
        "location_northing_osgr": "420829",
        "longitude": "-1.834522",
        "lsoa_of_accident_location": "E01010890",
        "number_of_casualties": 1,
        "number_of_vehicles": 2,
        "pedestrian_crossing": "0",
        "pedestrian_crossing_human_control_historic": "0",
        "pedestrian_crossing_physical_facilities_historic": "0",
        "police_force": "13",
        "road_surface_conditions": "1",
        "road_type": "1",
        "second_road_class": "6",
        "second_road_number": "0",
        "special_conditions_at_site": "0",
        "speed_limit": 30,
        "time": "17:26",
        "trunk_road_flag": "2",
        "urban_or_rural_area": "1",
        "weather_conditions": "1",
        "geometry_source": "collision_location",
        "source_year": 2020,
        "date_iso": "2020-08-26"
      }
    },
    {
      "type": "Feature",
      "id": "2020137BF0017",
      "geometry": {
        "type": "Point",
        "coordinates": [
          -1.855166,
          53.708159
        ]
      },
      "properties": {
        "carriageway_hazards": "0",
        "carriageway_hazards_historic": "0",
        "collision_adjusted_severity_serious": "0.20959",
        "collision_adjusted_severity_slight": "0.79041",
        "collision_index": "2020137BF0017",
        "collision_injury_based": "0",
        "collision_ref_no": "137BF0017",
        "collision_severity": "3",
        "collision_year": 2020,
        "date": "15/11/2020",
        "day_of_week": "1",
        "did_police_officer_attend_scene_of_accident": "1",
        "enhanced_severity_collision": "-1",
        "first_road_class": "6",
        "first_road_number": "0",
        "junction_control": "-1",
        "junction_detail": "0",
        "junction_detail_historic": "0",
        "latitude": "53.708159",
        "light_conditions": "4",
        "local_authority_district": "202",
        "local_authority_highway": "E08000033",
        "local_authority_highway_current": "E08000033",
        "local_authority_ons_district": "E08000033",
        "location_easting_osgr": "409658",
        "location_northing_osgr": "423534",
        "longitude": "-1.855166",
        "lsoa_of_accident_location": "E01010972",
        "number_of_casualties": 3,
        "number_of_vehicles": 2,
        "pedestrian_crossing": "0",
        "pedestrian_crossing_human_control_historic": "0",
        "pedestrian_crossing_physical_facilities_historic": "0",
        "police_force": "13",
        "road_surface_conditions": "2",
        "road_type": "6",
        "second_road_class": "0",
        "second_road_number": "-1",
        "special_conditions_at_site": "0",
        "speed_limit": 30,
        "time": "00:12",
        "trunk_road_flag": "2",
        "urban_or_rural_area": "1",
        "weather_conditions": "1",
        "geometry_source": "collision_location",
        "source_year": 2020,
        "date_iso": "2020-11-15"
      }
    },
    {
      "type": "Feature",
      "id": "20201373I0318",
      "geometry": {
        "type": "Point",
        "coordinates": [
          -1.866783,
          53.718572
        ]
      },
      "properties": {
        "carriageway_hazards": "0",
        "carriageway_hazards_historic": "0",
        "collision_adjusted_severity_serious": "0.12019",
        "collision_adjusted_severity_slight": "0.87981",
        "collision_index": "20201373I0318",
        "collision_injury_based": "0",
        "collision_ref_no": "1373I0318",
        "collision_severity": "3",
        "collision_year": 2020,
        "date": "18/03/2020",
        "day_of_week": "4",
        "did_police_officer_attend_scene_of_accident": "2",
        "enhanced_severity_collision": "-1",
        "first_road_class": "6",
        "first_road_number": "0",
        "junction_control": "-1",
        "junction_detail": "0",
        "junction_detail_historic": "0",
        "latitude": "53.718572",
        "light_conditions": "1",
        "local_authority_district": "202",
        "local_authority_highway": "E08000033",
        "local_authority_highway_current": "E08000033",
        "local_authority_ons_district": "E08000033",
        "location_easting_osgr": "408889",
        "location_northing_osgr": "424691",
        "longitude": "-1.866783",
        "lsoa_of_accident_location": "E01010994",
        "number_of_casualties": 1,
        "number_of_vehicles": 1,
        "pedestrian_crossing": "0",
        "pedestrian_crossing_human_control_historic": "0",
        "pedestrian_crossing_physical_facilities_historic": "0",
        "police_force": "13",
        "road_surface_conditions": "2",
        "road_type": "6",
        "second_road_class": "0",
        "second_road_number": "-1",
        "special_conditions_at_site": "0",
        "speed_limit": 30,
        "time": "08:55",
        "trunk_road_flag": "2",
        "urban_or_rural_area": "1",
        "weather_conditions": "1",
        "geometry_source": "collision_location",
        "source_year": 2020,
        "date_iso": "2020-03-18"
      }
    },
    {
      "type": "Feature",
      "id": "20201373F0617",
      "geometry": {
        "type": "Point",
        "coordinates": [
          -1.852175,
          53.727543
        ]
      },
      "properties": {
        "carriageway_hazards": "0",
        "carriageway_hazards_historic": "0",
        "collision_adjusted_severity_serious": "0.08686",
        "collision_adjusted_severity_slight": "0.91314",
        "collision_index": "20201373F0617",
        "collision_injury_based": "0",
        "collision_ref_no": "1373F0617",
        "collision_severity": "3",
        "collision_year": 2020,
        "date": "15/03/2020",
        "day_of_week": "1",
        "did_police_officer_attend_scene_of_accident": "1",
        "enhanced_severity_collision": "-1",
        "first_road_class": "3",
        "first_road_number": "58",
        "junction_control": "-1",
        "junction_detail": "0",
        "junction_detail_historic": "0",
        "latitude": "53.727543",
        "light_conditions": "1",
        "local_authority_district": "202",
        "local_authority_highway": "E08000033",
        "local_authority_highway_current": "E08000033",
        "local_authority_ons_district": "E08000033",
        "location_easting_osgr": "409851",
        "location_northing_osgr": "425691",
        "longitude": "-1.852175",
        "lsoa_of_accident_location": "E01010934",
        "number_of_casualties": 1,
        "number_of_vehicles": 1,
        "pedestrian_crossing": "0",
        "pedestrian_crossing_human_control_historic": "0",
        "pedestrian_crossing_physical_facilities_historic": "0",
        "police_force": "13",
        "road_surface_conditions": "1",
        "road_type": "3",
        "second_road_class": "0",
        "second_road_number": "-1",
        "special_conditions_at_site": "0",
        "speed_limit": 30,
        "time": "11:41",
        "trunk_road_flag": "2",
        "urban_or_rural_area": "1",
        "weather_conditions": "1",
        "geometry_source": "collision_location",
        "source_year": 2020,
        "date_iso": "2020-03-15"
      }
    },
    {
      "type": "Feature",
      "id": "2020137AF2048",
      "geometry": {
        "type": "Point",
        "coordinates": [
          -2.093654,
          53.684086
        ]
      },
      "properties": {
        "carriageway_hazards": "0",
        "carriageway_hazards_historic": "0",
        "collision_adjusted_severity_serious": "1",
        "collision_adjusted_severity_slight": "0",
        "collision_index": "2020137AF2048",
        "collision_injury_based": "0",
        "collision_ref_no": "137AF2048",
        "collision_severity": "2",
        "collision_year": 2020,
        "date": "15/10/2020",
        "day_of_week": "5",
        "did_police_officer_attend_scene_of_accident": "1",
        "enhanced_severity_collision": "-1",
        "first_road_class": "3",
        "first_road_number": "6033",
        "junction_control": "-1",
        "junction_detail": "0",
        "junction_detail_historic": "0",
        "latitude": "53.684086",
        "light_conditions": "4",
        "local_authority_district": "202",
        "local_authority_highway": "E08000033",
        "local_authority_highway_current": "E08000033",
        "local_authority_ons_district": "E08000033",
        "location_easting_osgr": "393912",
        "location_northing_osgr": "420850",
        "longitude": "-2.093654",
        "lsoa_of_accident_location": "E01010886",
        "number_of_casualties": 2,
        "number_of_vehicles": 1,
        "pedestrian_crossing": "0",
        "pedestrian_crossing_human_control_historic": "0",
        "pedestrian_crossing_physical_facilities_historic": "0",
        "police_force": "13",
        "road_surface_conditions": "2",
        "road_type": "6",
        "second_road_class": "0",
        "second_road_number": "-1",
        "special_conditions_at_site": "0",
        "speed_limit": 30,
        "time": "23:55",
        "trunk_road_flag": "2",
        "urban_or_rural_area": "2",
        "weather_conditions": "1",
        "geometry_source": "collision_location",
        "source_year": 2020,
        "date_iso": "2020-10-15"
      }
    },
    {
      "type": "Feature",
      "id": "20201376E1810",
      "geometry": {
        "type": "Point",
        "coordinates": [
          -1.896089,
          53.774479
        ]
      },
      "properties": {
        "carriageway_hazards": "0",
        "carriageway_hazards_historic": "0",
        "collision_adjusted_severity_serious": "1",
        "collision_adjusted_severity_slight": "0",
        "collision_index": "20201376E1810",
        "collision_injury_based": "0",
        "collision_ref_no": "1376E1810",
        "collision_severity": "2",
        "collision_year": 2020,
        "date": "14/06/2020",
        "day_of_week": "1",
        "did_police_officer_attend_scene_of_accident": "1",
        "enhanced_severity_collision": "-1",
        "first_road_class": "3",
        "first_road_number": "629",
        "junction_control": "4",
        "junction_detail": "13",
        "junction_detail_historic": "3",
        "latitude": "53.774479",
        "light_conditions": "1",
        "local_authority_district": "202",
        "local_authority_highway": "E08000033",
        "local_authority_highway_current": "E08000033",
        "local_authority_ons_district": "E08000033",
        "location_easting_osgr": "406946",
        "location_northing_osgr": "430908",
        "longitude": "-1.896089",
        "lsoa_of_accident_location": "E01010911",
        "number_of_casualties": 1,
        "number_of_vehicles": 2,
        "pedestrian_crossing": "0",
        "pedestrian_crossing_human_control_historic": "0",
        "pedestrian_crossing_physical_facilities_historic": "0",
        "police_force": "13",
        "road_surface_conditions": "1",
        "road_type": "6",
        "second_road_class": "6",
        "second_road_number": "0",
        "special_conditions_at_site": "0",
        "speed_limit": 50,
        "time": "18:15",
        "trunk_road_flag": "2",
        "urban_or_rural_area": "2",
        "weather_conditions": "1",
        "geometry_source": "collision_location",
        "source_year": 2020,
        "date_iso": "2020-06-14"
      }
    },
    {
      "type": "Feature",
      "id": "2020137C51866",
      "geometry": {
        "type": "Point",
        "coordinates": [
          -1.745309,
          53.717171
        ]
      },
      "properties": {
        "carriageway_hazards": "0",
        "carriageway_hazards_historic": "0",
        "collision_adjusted_severity_serious": "0.28029",
        "collision_adjusted_severity_slight": "0.71971",
        "collision_index": "2020137C51866",
        "collision_injury_based": "0",
        "collision_ref_no": "137C51866",
        "collision_severity": "3",
        "collision_year": 2020,
        "date": "05/12/2020",
        "day_of_week": "7",
        "did_police_officer_attend_scene_of_accident": "1",
        "enhanced_severity_collision": "-1",
        "first_road_class": "1",
        "first_road_number": "62",
        "junction_control": "-1",
        "junction_detail": "0",
        "junction_detail_historic": "0",
        "latitude": "53.717171",
        "light_conditions": "4",
        "local_authority_district": "203",
        "local_authority_highway": "E08000033",
        "local_authority_highway_current": "E08000033",
        "local_authority_ons_district": "E08000033",
        "location_easting_osgr": "416906",
        "location_northing_osgr": "424557",
        "longitude": "-1.745309",
        "lsoa_of_accident_location": "E01010908",
        "number_of_casualties": 3,
        "number_of_vehicles": 1,
        "pedestrian_crossing": "0",
        "pedestrian_crossing_human_control_historic": "0",
        "pedestrian_crossing_physical_facilities_historic": "0",
        "police_force": "13",
        "road_surface_conditions": "2",
        "road_type": "3",
        "second_road_class": "0",
        "second_road_number": "-1",
        "special_conditions_at_site": "0",
        "speed_limit": 70,
        "time": "22:51",
        "trunk_road_flag": "1",
        "urban_or_rural_area": "2",
        "weather_conditions": "2",
        "geometry_source": "collision_location",
        "source_year": 2020,
        "date_iso": "2020-12-05"
      }
    },
    {
      "type": "Feature",
      "id": "2020137911916",
      "geometry": {
        "type": "Point",
        "coordinates": [
          -1.803839,
          53.724705
        ]
      },
      "properties": {
        "carriageway_hazards": "0",
        "carriageway_hazards_historic": "0",
        "collision_adjusted_severity_serious": "0.04742",
        "collision_adjusted_severity_slight": "0.95258",
        "collision_index": "2020137911916",
        "collision_injury_based": "0",
        "collision_ref_no": "137911916",
        "collision_severity": "3",
        "collision_year": 2020,
        "date": "01/09/2020",
        "day_of_week": "3",
        "did_police_officer_attend_scene_of_accident": "1",
        "enhanced_severity_collision": "-1",
        "first_road_class": "6",
        "first_road_number": "0",
        "junction_control": "-1",
        "junction_detail": "0",
        "junction_detail_historic": "0",
        "latitude": "53.724705",
        "light_conditions": "4",
        "local_authority_district": "202",
        "local_authority_highway": "E08000033",
        "local_authority_highway_current": "E08000033",
        "local_authority_ons_district": "E08000033",
        "location_easting_osgr": "413041",
        "location_northing_osgr": "425383",
        "longitude": "-1.803839",
        "lsoa_of_accident_location": "E01010906",
        "number_of_casualties": 1,
        "number_of_vehicles": 2,
        "pedestrian_crossing": "0",
        "pedestrian_crossing_human_control_historic": "0",
        "pedestrian_crossing_physical_facilities_historic": "0",
        "police_force": "13",
        "road_surface_conditions": "1",
        "road_type": "6",
        "second_road_class": "0",
        "second_road_number": "-1",
        "special_conditions_at_site": "0",
        "speed_limit": 30,
        "time": "22:13",
        "trunk_road_flag": "2",
        "urban_or_rural_area": "1",
        "weather_conditions": "1",
        "geometry_source": "collision_location",
        "source_year": 2020,
        "date_iso": "2020-09-01"
      }
    },
    {
      "type": "Feature",
      "id": "20201378K0139",
      "geometry": {
        "type": "Point",
        "coordinates": [
          -1.871981,
          53.733479
        ]
      },
      "properties": {
        "carriageway_hazards": "0",
        "carriageway_hazards_historic": "0",
        "collision_adjusted_severity_serious": "1",
        "collision_adjusted_severity_slight": "0",
        "collision_index": "20201378K0139",
        "collision_injury_based": "0",
        "collision_ref_no": "1378K0139",
        "collision_severity": "2",
        "collision_year": 2020,
        "date": "20/08/2020",
        "day_of_week": "5",
        "did_police_officer_attend_scene_of_accident": "1",
        "enhanced_severity_collision": "-1",
        "first_road_class": "3",
        "first_road_number": "629",
        "junction_control": "-1",
        "junction_detail": "0",
        "junction_detail_historic": "0",
        "latitude": "53.733479",
        "light_conditions": "4",
        "local_authority_district": "202",
        "local_authority_highway": "E08000033",
        "local_authority_highway_current": "E08000033",
        "local_authority_ons_district": "E08000033",
        "location_easting_osgr": "408543",
        "location_northing_osgr": "426349",
        "longitude": "-1.871981",
        "lsoa_of_accident_location": "E01010961",
        "number_of_casualties": 5,
        "number_of_vehicles": 1,
        "pedestrian_crossing": "0",
        "pedestrian_crossing_human_control_historic": "0",
        "pedestrian_crossing_physical_facilities_historic": "0",
        "police_force": "13",
        "road_surface_conditions": "2",
        "road_type": "3",
        "second_road_class": "0",
        "second_road_number": "-1",
        "special_conditions_at_site": "0",
        "speed_limit": 40,
        "time": "02:17",
        "trunk_road_flag": "2",
        "urban_or_rural_area": "1",
        "weather_conditions": "2",
        "geometry_source": "collision_location",
        "source_year": 2020,
        "date_iso": "2020-08-20"
      }
    },
    {
      "type": "Feature",
      "id": "2020137CG0261",
      "geometry": {
        "type": "Point",
        "coordinates": [
          -1.791457,
          53.69097
        ]
      },
      "properties": {
        "carriageway_hazards": "0",
        "carriageway_hazards_historic": "0",
        "collision_adjusted_severity_serious": "0.0989",
        "collision_adjusted_severity_slight": "0.9011",
        "collision_index": "2020137CG0261",
        "collision_injury_based": "0",
        "collision_ref_no": "137CG0261",
        "collision_severity": "3",
        "collision_year": 2020,
        "date": "16/12/2020",
        "day_of_week": "4",
        "did_police_officer_attend_scene_of_accident": "1",
        "enhanced_severity_collision": "-1",
        "first_road_class": "3",
        "first_road_number": "643",
        "junction_control": "-1",
        "junction_detail": "0",
        "junction_detail_historic": "0",
        "latitude": "53.69097",
        "light_conditions": "1",
        "local_authority_district": "202",
        "local_authority_highway": "E08000033",
        "local_authority_highway_current": "E08000033",
        "local_authority_ons_district": "E08000033",
        "location_easting_osgr": "413869",
        "location_northing_osgr": "421632",
        "longitude": "-1.791457",
        "lsoa_of_accident_location": "E01010945",
        "number_of_casualties": 1,
        "number_of_vehicles": 1,
        "pedestrian_crossing": "0",
        "pedestrian_crossing_human_control_historic": "0",
        "pedestrian_crossing_physical_facilities_historic": "0",
        "police_force": "13",
        "road_surface_conditions": "2",
        "road_type": "6",
        "second_road_class": "0",
        "second_road_number": "-1",
        "special_conditions_at_site": "0",
        "speed_limit": 20,
        "time": "08:24",
        "trunk_road_flag": "2",
        "urban_or_rural_area": "1",
        "weather_conditions": "2",
        "geometry_source": "collision_location",
        "source_year": 2020,
        "date_iso": "2020-12-16"
      }
    },
    {
      "type": "Feature",
      "id": "2020137A81653",
      "geometry": {
        "type": "Point",
        "coordinates": [
          -1.902287,
          53.757892
        ]
      },
      "properties": {
        "carriageway_hazards": "0",
        "carriageway_hazards_historic": "0",
        "collision_adjusted_severity_serious": "0.07305",
        "collision_adjusted_severity_slight": "0.92695",
        "collision_index": "2020137A81653",
        "collision_injury_based": "0",
        "collision_ref_no": "137A81653",
        "collision_severity": "3",
        "collision_year": 2020,
        "date": "08/10/2020",
        "day_of_week": "5",
        "did_police_officer_attend_scene_of_accident": "2",
        "enhanced_severity_collision": "-1",
        "first_road_class": "6",
        "first_road_number": "0",
        "junction_control": "-1",
        "junction_detail": "0",
        "junction_detail_historic": "0",
        "latitude": "53.757892",
        "light_conditions": "1",
        "local_authority_district": "202",
        "local_authority_highway": "E08000033",
        "local_authority_highway_current": "E08000033",
        "local_authority_ons_district": "E08000033",
        "location_easting_osgr": "406540",
        "location_northing_osgr": "429062",
        "longitude": "-1.902287",
        "lsoa_of_accident_location": "E01010925",
        "number_of_casualties": 1,
        "number_of_vehicles": 1,
        "pedestrian_crossing": "0",
        "pedestrian_crossing_human_control_historic": "0",
        "pedestrian_crossing_physical_facilities_historic": "0",
        "police_force": "13",
        "road_surface_conditions": "2",
        "road_type": "6",
        "second_road_class": "0",
        "second_road_number": "-1",
        "special_conditions_at_site": "0",
        "speed_limit": 30,
        "time": "20:27",
        "trunk_road_flag": "2",
        "urban_or_rural_area": "2",
        "weather_conditions": "2",
        "geometry_source": "collision_location",
        "source_year": 2020,
        "date_iso": "2020-10-08"
      }
    },
    {
      "type": "Feature",
      "id": "20201371D1428",
      "geometry": {
        "type": "Point",
        "coordinates": [
          -1.899099,
          53.746313
        ]
      },
      "properties": {
        "carriageway_hazards": "0",
        "carriageway_hazards_historic": "0",
        "collision_adjusted_severity_serious": "0.01214",
        "collision_adjusted_severity_slight": "0.98786",
        "collision_index": "20201371D1428",
        "collision_injury_based": "0",
        "collision_ref_no": "1371D1428",
        "collision_severity": "3",
        "collision_year": 2020,
        "date": "13/01/2020",
        "day_of_week": "2",
        "did_police_officer_attend_scene_of_accident": "1",
        "enhanced_severity_collision": "-1",
        "first_road_class": "6",
        "first_road_number": "0",
        "junction_control": "-1",
        "junction_detail": "0",
        "junction_detail_historic": "0",
        "latitude": "53.746313",
        "light_conditions": "4",
        "local_authority_district": "202",
        "local_authority_highway": "E08000033",
        "local_authority_highway_current": "E08000033",
        "local_authority_ons_district": "E08000033",
        "location_easting_osgr": "406752",
        "location_northing_osgr": "427774",
        "longitude": "-1.899099",
        "lsoa_of_accident_location": "E01010941",
        "number_of_casualties": 1,
        "number_of_vehicles": 2,
        "pedestrian_crossing": "0",
        "pedestrian_crossing_human_control_historic": "0",
        "pedestrian_crossing_physical_facilities_historic": "0",
        "police_force": "13",
        "road_surface_conditions": "2",
        "road_type": "6",
        "second_road_class": "0",
        "second_road_number": "-1",
        "special_conditions_at_site": "0",
        "speed_limit": 20,
        "time": "17:55",
        "trunk_road_flag": "2",
        "urban_or_rural_area": "1",
        "weather_conditions": "5",
        "geometry_source": "collision_location",
        "source_year": 2020,
        "date_iso": "2020-01-13"
      }
    },
    {
      "type": "Feature",
      "id": "2020137AU1579",
      "geometry": {
        "type": "Point",
        "coordinates": [
          -1.852269,
          53.709081
        ]
      },
      "properties": {
        "carriageway_hazards": "0",
        "carriageway_hazards_historic": "0",
        "collision_adjusted_severity_serious": "0.15246",
        "collision_adjusted_severity_slight": "0.84754",
        "collision_index": "2020137AU1579",
        "collision_injury_based": "0",
        "collision_ref_no": "137AU1579",
        "collision_severity": "3",
        "collision_year": 2020,
        "date": "31/10/2020",
        "day_of_week": "7",
        "did_police_officer_attend_scene_of_accident": "1",
        "enhanced_severity_collision": "-1",
        "first_road_class": "6",
        "first_road_number": "0",
        "junction_control": "4",
        "junction_detail": "13",
        "junction_detail_historic": "3",
        "latitude": "53.709081",
        "light_conditions": "4",
        "local_authority_district": "202",
        "local_authority_highway": "E08000033",
        "local_authority_highway_current": "E08000033",
        "local_authority_ons_district": "E08000033",
        "location_easting_osgr": "409849",
        "location_northing_osgr": "423637",
        "longitude": "-1.852269",
        "lsoa_of_accident_location": "E01010992",
        "number_of_casualties": 1,
        "number_of_vehicles": 2,
        "pedestrian_crossing": "0",
        "pedestrian_crossing_human_control_historic": "0",
        "pedestrian_crossing_physical_facilities_historic": "0",
        "police_force": "13",
        "road_surface_conditions": "2",
        "road_type": "6",
        "second_road_class": "6",
        "second_road_number": "0",
        "special_conditions_at_site": "0",
        "speed_limit": 20,
        "time": "19:13",
        "trunk_road_flag": "2",
        "urban_or_rural_area": "1",
        "weather_conditions": "1",
        "geometry_source": "collision_location",
        "source_year": 2020,
        "date_iso": "2020-10-31"
      }
    },
    {
      "type": "Feature",
      "id": "20201371S0275",
      "geometry": {
        "type": "Point",
        "coordinates": [
          -2.020903,
          53.628618
        ]
      },
      "properties": {
        "carriageway_hazards": "0",
        "carriageway_hazards_historic": "0",
        "collision_adjusted_severity_serious": "0.10203",
        "collision_adjusted_severity_slight": "0.89797",
        "collision_index": "20201371S0275",
        "collision_injury_based": "0",
        "collision_ref_no": "1371S0275",
        "collision_severity": "3",
        "collision_year": 2020,
        "date": "28/01/2020",
        "day_of_week": "3",
        "did_police_officer_attend_scene_of_accident": "1",
        "enhanced_severity_collision": "-1",
        "first_road_class": "3",
        "first_road_number": "672",
        "junction_control": "4",
        "junction_detail": "13",
        "junction_detail_historic": "3",
        "latitude": "53.628618",
        "light_conditions": "4",
        "local_authority_district": "202",
        "local_authority_highway": "E08000033",
        "local_authority_highway_current": "E08000033",
        "local_authority_ons_district": "E08000033",
        "location_easting_osgr": "398715",
        "location_northing_osgr": "414675",
        "longitude": "-2.020903",
        "lsoa_of_accident_location": "E01010955",
        "number_of_casualties": 1,
        "number_of_vehicles": 2,
        "pedestrian_crossing": "0",
        "pedestrian_crossing_human_control_historic": "0",
        "pedestrian_crossing_physical_facilities_historic": "0",
        "police_force": "13",
        "road_surface_conditions": "4",
        "road_type": "7",
        "second_road_class": "1",
        "second_road_number": "62",
        "special_conditions_at_site": "0",
        "speed_limit": 30,
        "time": "07:53",
        "trunk_road_flag": "2",
        "urban_or_rural_area": "2",
        "weather_conditions": "7",
        "geometry_source": "collision_location",
        "source_year": 2020,
        "date_iso": "2020-01-28"
      }
    },
    {
      "type": "Feature",
      "id": "20201375H2003",
      "geometry": {
        "type": "Point",
        "coordinates": [
          -1.881313,
          53.71918
        ]
      },
      "properties": {
        "carriageway_hazards": "0",
        "carriageway_hazards_historic": "0",
        "collision_adjusted_severity_serious": "1",
        "collision_adjusted_severity_slight": "0",
        "collision_index": "20201375H2003",
        "collision_injury_based": "0",
        "collision_ref_no": "1375H2003",
        "collision_severity": "2",
        "collision_year": 2020,
        "date": "17/05/2020",
        "day_of_week": "1",
        "did_police_officer_attend_scene_of_accident": "1",
        "enhanced_severity_collision": "-1",
        "first_road_class": "6",
        "first_road_number": "0",
        "junction_control": "-1",
        "junction_detail": "0",
        "junction_detail_historic": "0",
        "latitude": "53.71918",
        "light_conditions": "4",
        "local_authority_district": "202",
        "local_authority_highway": "E08000033",
        "local_authority_highway_current": "E08000033",
        "local_authority_ons_district": "E08000033",
        "location_easting_osgr": "407930",
        "location_northing_osgr": "424757",
        "longitude": "-1.881313",
        "lsoa_of_accident_location": "E01011003",
        "number_of_casualties": 1,
        "number_of_vehicles": 1,
        "pedestrian_crossing": "0",
        "pedestrian_crossing_human_control_historic": "0",
        "pedestrian_crossing_physical_facilities_historic": "0",
        "police_force": "13",
        "road_surface_conditions": "1",
        "road_type": "6",
        "second_road_class": "0",
        "second_road_number": "-1",
        "special_conditions_at_site": "0",
        "speed_limit": 30,
        "time": "23:00",
        "trunk_road_flag": "2",
        "urban_or_rural_area": "1",
        "weather_conditions": "1",
        "geometry_source": "collision_location",
        "source_year": 2020,
        "date_iso": "2020-05-17"
      }
    },
    {
      "type": "Feature",
      "id": "20201376D0966",
      "geometry": {
        "type": "Point",
        "coordinates": [
          -1.940487,
          53.675272
        ]
      },
      "properties": {
        "carriageway_hazards": "0",
        "carriageway_hazards_historic": "0",
        "collision_adjusted_severity_serious": "0.08216",
        "collision_adjusted_severity_slight": "0.91784",
        "collision_index": "20201376D0966",
        "collision_injury_based": "0",
        "collision_ref_no": "1376D0966",
        "collision_severity": "3",
        "collision_year": 2020,
        "date": "13/06/2020",
        "day_of_week": "7",
        "did_police_officer_attend_scene_of_accident": "1",
        "enhanced_severity_collision": "-1",
        "first_road_class": "3",
        "first_road_number": "58",
        "junction_control": "4",
        "junction_detail": "13",
        "junction_detail_historic": "3",
        "latitude": "53.675272",
        "light_conditions": "1",
        "local_authority_district": "202",
        "local_authority_highway": "E08000033",
        "local_authority_highway_current": "E08000033",
        "local_authority_ons_district": "E08000033",
        "location_easting_osgr": "404029",
        "location_northing_osgr": "419867",
        "longitude": "-1.940487",
        "lsoa_of_accident_location": "E01010952",
        "number_of_casualties": 3,
        "number_of_vehicles": 2,
        "pedestrian_crossing": "0",
        "pedestrian_crossing_human_control_historic": "0",
        "pedestrian_crossing_physical_facilities_historic": "0",
        "police_force": "13",
        "road_surface_conditions": "1",
        "road_type": "6",
        "second_road_class": "6",
        "second_road_number": "0",
        "special_conditions_at_site": "0",
        "speed_limit": 30,
        "time": "15:19",
        "trunk_road_flag": "2",
        "urban_or_rural_area": "2",
        "weather_conditions": "1",
        "geometry_source": "collision_location",
        "source_year": 2020,
        "date_iso": "2020-06-13"
      }
    },
    {
      "type": "Feature",
      "id": "2020137781315",
      "geometry": {
        "type": "Point",
        "coordinates": [
          -1.811521,
          53.755789
        ]
      },
      "properties": {
        "carriageway_hazards": "0",
        "carriageway_hazards_historic": "0",
        "collision_adjusted_severity_serious": "0.05832",
        "collision_adjusted_severity_slight": "0.94168",
        "collision_index": "2020137781315",
        "collision_injury_based": "0",
        "collision_ref_no": "137781315",
        "collision_severity": "3",
        "collision_year": 2020,
        "date": "08/07/2020",
        "day_of_week": "4",
        "did_police_officer_attend_scene_of_accident": "1",
        "enhanced_severity_collision": "-1",
        "first_road_class": "3",
        "first_road_number": "6036",
        "junction_control": "4",
        "junction_detail": "13",
        "junction_detail_historic": "3",
        "latitude": "53.755789",
        "light_conditions": "1",
        "local_authority_district": "202",
        "local_authority_highway": "E08000033",
        "local_authority_highway_current": "E08000033",
        "local_authority_ons_district": "E08000033",
        "location_easting_osgr": "412525",
        "location_northing_osgr": "428840",
        "longitude": "-1.811521",
        "lsoa_of_accident_location": "E01010932",
        "number_of_casualties": 2,
        "number_of_vehicles": 2,
        "pedestrian_crossing": "0",
        "pedestrian_crossing_human_control_historic": "0",
        "pedestrian_crossing_physical_facilities_historic": "0",
        "police_force": "13",
        "road_surface_conditions": "2",
        "road_type": "6",
        "second_road_class": "6",
        "second_road_number": "0",
        "special_conditions_at_site": "0",
        "speed_limit": 30,
        "time": "18:28",
        "trunk_road_flag": "2",
        "urban_or_rural_area": "1",
        "weather_conditions": "2",
        "geometry_source": "collision_location",
        "source_year": 2020,
        "date_iso": "2020-07-08"
      }
    },
    {
      "type": "Feature",
      "id": "20201377G0583",
      "geometry": {
        "type": "Point",
        "coordinates": [
          -1.859302,
          53.712541
        ]
      },
      "properties": {
        "carriageway_hazards": "0",
        "carriageway_hazards_historic": "0",
        "collision_adjusted_severity_serious": "0.15512",
        "collision_adjusted_severity_slight": "0.84488",
        "collision_index": "20201377G0583",
        "collision_injury_based": "0",
        "collision_ref_no": "1377G0583",
        "collision_severity": "3",
        "collision_year": 2020,
        "date": "16/07/2020",
        "day_of_week": "5",
        "did_police_officer_attend_scene_of_accident": "1",
        "enhanced_severity_collision": "-1",
        "first_road_class": "3",
        "first_road_number": "629",
        "junction_control": "4",
        "junction_detail": "13",
        "junction_detail_historic": "3",
        "latitude": "53.712541",
        "light_conditions": "1",
        "local_authority_district": "202",
        "local_authority_highway": "E08000033",
        "local_authority_highway_current": "E08000033",
        "local_authority_ons_district": "E08000033",
        "location_easting_osgr": "409384",
        "location_northing_osgr": "424021",
        "longitude": "-1.859302",
        "lsoa_of_accident_location": "E01010968",
        "number_of_casualties": 1,
        "number_of_vehicles": 2,
        "pedestrian_crossing": "0",
        "pedestrian_crossing_human_control_historic": "0",
        "pedestrian_crossing_physical_facilities_historic": "0",
        "police_force": "13",
        "road_surface_conditions": "1",
        "road_type": "6",
        "second_road_class": "6",
        "second_road_number": "0",
        "special_conditions_at_site": "0",
        "speed_limit": 30,
        "time": "11:47",
        "trunk_road_flag": "2",
        "urban_or_rural_area": "1",
        "weather_conditions": "1",
        "geometry_source": "collision_location",
        "source_year": 2020,
        "date_iso": "2020-07-16"
      }
    },
    {
      "type": "Feature",
      "id": "20201376O1664",
      "geometry": {
        "type": "Point",
        "coordinates": [
          -1.784948,
          53.702382
        ]
      },
      "properties": {
        "carriageway_hazards": "0",
        "carriageway_hazards_historic": "0",
        "collision_adjusted_severity_serious": "0.09152",
        "collision_adjusted_severity_slight": "0.90848",
        "collision_index": "20201376O1664",
        "collision_injury_based": "0",
        "collision_ref_no": "1376O1664",
        "collision_severity": "3",
        "collision_year": 2020,
        "date": "24/06/2020",
        "day_of_week": "4",
        "did_police_officer_attend_scene_of_accident": "1",
        "enhanced_severity_collision": "-1",
        "first_road_class": "3",
        "first_road_number": "644",
        "junction_control": "4",
        "junction_detail": "0",
        "junction_detail_historic": "1",
        "latitude": "53.702382",
        "light_conditions": "1",
        "local_authority_district": "202",
        "local_authority_highway": "E08000033",
        "local_authority_highway_current": "E08000033",
        "local_authority_ons_district": "E08000033",
        "location_easting_osgr": "414295",
        "location_northing_osgr": "422903",
        "longitude": "-1.784948",
        "lsoa_of_accident_location": "E01010949",
        "number_of_casualties": 1,
        "number_of_vehicles": 2,
        "pedestrian_crossing": "0",
        "pedestrian_crossing_human_control_historic": "0",
        "pedestrian_crossing_physical_facilities_historic": "0",
        "police_force": "13",
        "road_surface_conditions": "1",
        "road_type": "1",
        "second_road_class": "3",
        "second_road_number": "643",
        "special_conditions_at_site": "0",
        "speed_limit": 30,
        "time": "18:14",
        "trunk_road_flag": "2",
        "urban_or_rural_area": "1",
        "weather_conditions": "1",
        "geometry_source": "collision_location",
        "source_year": 2020,
        "date_iso": "2020-06-24"
      }
    },
    {
      "type": "Feature",
      "id": "2020137360373",
      "geometry": {
        "type": "Point",
        "coordinates": [
          -1.835844,
          53.682347
        ]
      },
      "properties": {
        "carriageway_hazards": "0",
        "carriageway_hazards_historic": "0",
        "collision_adjusted_severity_serious": "0.02669",
        "collision_adjusted_severity_slight": "0.97331",
        "collision_index": "2020137360373",
        "collision_injury_based": "0",
        "collision_ref_no": "137360373",
        "collision_severity": "3",
        "collision_year": 2020,
        "date": "06/03/2020",
        "day_of_week": "6",
        "did_police_officer_attend_scene_of_accident": "1",
        "enhanced_severity_collision": "-1",
        "first_road_class": "6",
        "first_road_number": "0",
        "junction_control": "4",
        "junction_detail": "16",
        "junction_detail_historic": "6",
        "latitude": "53.682347",
        "light_conditions": "1",
        "local_authority_district": "202",
        "local_authority_highway": "E08000033",
        "local_authority_highway_current": "E08000033",
        "local_authority_ons_district": "E08000033",
        "location_easting_osgr": "410940",
        "location_northing_osgr": "420665",
        "longitude": "-1.835844",
        "lsoa_of_accident_location": "E01010894",
        "number_of_casualties": 1,
        "number_of_vehicles": 2,
        "pedestrian_crossing": "0",
        "pedestrian_crossing_human_control_historic": "0",
        "pedestrian_crossing_physical_facilities_historic": "0",
        "police_force": "13",
        "road_surface_conditions": "1",
        "road_type": "6",
        "second_road_class": "6",
        "second_road_number": "0",
        "special_conditions_at_site": "0",
        "speed_limit": 20,
        "time": "09:30",
        "trunk_road_flag": "2",
        "urban_or_rural_area": "1",
        "weather_conditions": "1",
        "geometry_source": "collision_location",
        "source_year": 2020,
        "date_iso": "2020-03-06"
      }
    },
    {
      "type": "Feature",
      "id": "20201372P0106",
      "geometry": {
        "type": "Point",
        "coordinates": [
          -1.840983,
          53.688951
        ]
      },
      "properties": {
        "carriageway_hazards": "0",
        "carriageway_hazards_historic": "0",
        "collision_adjusted_severity_serious": "0",
        "collision_adjusted_severity_slight": "0",
        "collision_index": "20201372P0106",
        "collision_injury_based": "0",
        "collision_ref_no": "1372P0106",
        "collision_severity": "1",
        "collision_year": 2020,
        "date": "25/02/2020",
        "day_of_week": "3",
        "did_police_officer_attend_scene_of_accident": "1",
        "enhanced_severity_collision": "-1",
        "first_road_class": "6",
        "first_road_number": "0",
        "junction_control": "4",
        "junction_detail": "19",
        "junction_detail_historic": "9",
        "latitude": "53.688951",
        "light_conditions": "4",
        "local_authority_district": "202",
        "local_authority_highway": "E08000033",
        "local_authority_highway_current": "E08000033",
        "local_authority_ons_district": "E08000033",
        "location_easting_osgr": "410599",
        "location_northing_osgr": "421399",
        "longitude": "-1.840983",
        "lsoa_of_accident_location": "E01010889",
        "number_of_casualties": 1,
        "number_of_vehicles": 1,
        "pedestrian_crossing": "0",
        "pedestrian_crossing_human_control_historic": "0",
        "pedestrian_crossing_physical_facilities_historic": "0",
        "police_force": "13",
        "road_surface_conditions": "2",
        "road_type": "6",
        "second_road_class": "3",
        "second_road_number": "6025",
        "special_conditions_at_site": "0",
        "speed_limit": 30,
        "time": "04:50",
        "trunk_road_flag": "2",
        "urban_or_rural_area": "1",
        "weather_conditions": "2",
        "geometry_source": "collision_location",
        "source_year": 2020,
        "date_iso": "2020-02-25"
      }
    },
    {
      "type": "Feature",
      "id": "2020137B40972",
      "geometry": {
        "type": "Point",
        "coordinates": [
          -1.881692,
          53.724807
        ]
      },
      "properties": {
        "carriageway_hazards": "0",
        "carriageway_hazards_historic": "0",
        "collision_adjusted_severity_serious": "0",
        "collision_adjusted_severity_slight": "0",
        "collision_index": "2020137B40972",
        "collision_injury_based": "0",
        "collision_ref_no": "137B40972",
        "collision_severity": "1",
        "collision_year": 2020,
        "date": "04/11/2020",
        "day_of_week": "4",
        "did_police_officer_attend_scene_of_accident": "1",
        "enhanced_severity_collision": "-1",
        "first_road_class": "6",
        "first_road_number": "0",
        "junction_control": "4",
        "junction_detail": "13",
        "junction_detail_historic": "3",
        "latitude": "53.724807",
        "light_conditions": "1",
        "local_authority_district": "202",
        "local_authority_highway": "E08000033",
        "local_authority_highway_current": "E08000033",
        "local_authority_ons_district": "E08000033",
        "location_easting_osgr": "407904",
        "location_northing_osgr": "425383",
        "longitude": "-1.881692",
        "lsoa_of_accident_location": "E01010964",
        "number_of_casualties": 1,
        "number_of_vehicles": 1,
        "pedestrian_crossing": "0",
        "pedestrian_crossing_human_control_historic": "0",
        "pedestrian_crossing_physical_facilities_historic": "0",
        "police_force": "13",
        "road_surface_conditions": "1",
        "road_type": "6",
        "second_road_class": "6",
        "second_road_number": "0",
        "special_conditions_at_site": "0",
        "speed_limit": 30,
        "time": "14:49",
        "trunk_road_flag": "2",
        "urban_or_rural_area": "1",
        "weather_conditions": "1",
        "geometry_source": "collision_location",
        "source_year": 2020,
        "date_iso": "2020-11-04"
      }
    },
    {
      "type": "Feature",
      "id": "20201372I0434",
      "geometry": {
        "type": "Point",
        "coordinates": [
          -1.781329,
          53.702178
        ]
      },
      "properties": {
        "carriageway_hazards": "0",
        "carriageway_hazards_historic": "0",
        "collision_adjusted_severity_serious": "1",
        "collision_adjusted_severity_slight": "0",
        "collision_index": "20201372I0434",
        "collision_injury_based": "0",
        "collision_ref_no": "1372I0434",
        "collision_severity": "2",
        "collision_year": 2020,
        "date": "18/02/2020",
        "day_of_week": "3",
        "did_police_officer_attend_scene_of_accident": "1",
        "enhanced_severity_collision": "-1",
        "first_road_class": "6",
        "first_road_number": "0",
        "junction_control": "4",
        "junction_detail": "13",
        "junction_detail_historic": "3",
        "latitude": "53.702178",
        "light_conditions": "1",
        "local_authority_district": "202",
        "local_authority_highway": "E08000033",
        "local_authority_highway_current": "E08000033",
        "local_authority_ons_district": "E08000033",
        "location_easting_osgr": "414534",
        "location_northing_osgr": "422881",
        "longitude": "-1.781329",
        "lsoa_of_accident_location": "E01010949",
        "number_of_casualties": 1,
        "number_of_vehicles": 1,
        "pedestrian_crossing": "13",
        "pedestrian_crossing_human_control_historic": "0",
        "pedestrian_crossing_physical_facilities_historic": "1",
        "police_force": "13",
        "road_surface_conditions": "2",
        "road_type": "2",
        "second_road_class": "6",
        "second_road_number": "0",
        "special_conditions_at_site": "0",
        "speed_limit": 20,
        "time": "09:50",
        "trunk_road_flag": "2",
        "urban_or_rural_area": "1",
        "weather_conditions": "1",
        "geometry_source": "collision_location",
        "source_year": 2020,
        "date_iso": "2020-02-18"
      }
    },
    {
      "type": "Feature",
      "id": "2020137230659",
      "geometry": {
        "type": "Point",
        "coordinates": [
          -1.930204,
          53.770747
        ]
      },
      "properties": {
        "carriageway_hazards": "0",
        "carriageway_hazards_historic": "0",
        "collision_adjusted_severity_serious": "1",
        "collision_adjusted_severity_slight": "0",
        "collision_index": "2020137230659",
        "collision_injury_based": "0",
        "collision_ref_no": "137230659",
        "collision_severity": "2",
        "collision_year": 2020,
        "date": "03/02/2020",
        "day_of_week": "2",
        "did_police_officer_attend_scene_of_accident": "1",
        "enhanced_severity_collision": "-1",
        "first_road_class": "6",
        "first_road_number": "0",
        "junction_control": "-1",
        "junction_detail": "0",
        "junction_detail_historic": "0",
        "latitude": "53.770747",
        "light_conditions": "1",
        "local_authority_district": "202",
        "local_authority_highway": "E08000033",
        "local_authority_highway_current": "E08000033",
        "local_authority_ons_district": "E08000033",
        "location_easting_osgr": "404698",
        "location_northing_osgr": "430490",
        "longitude": "-1.930204",
        "lsoa_of_accident_location": "E01010925",
        "number_of_casualties": 2,
        "number_of_vehicles": 1,
        "pedestrian_crossing": "0",
        "pedestrian_crossing_human_control_historic": "0",
        "pedestrian_crossing_physical_facilities_historic": "0",
        "police_force": "13",
        "road_surface_conditions": "2",
        "road_type": "6",
        "second_road_class": "0",
        "second_road_number": "-1",
        "special_conditions_at_site": "0",
        "speed_limit": 60,
        "time": "12:19",
        "trunk_road_flag": "2",
        "urban_or_rural_area": "2",
        "weather_conditions": "4",
        "geometry_source": "collision_location",
        "source_year": 2020,
        "date_iso": "2020-02-03"
      }
    },
    {
      "type": "Feature",
      "id": "20201379S0260",
      "geometry": {
        "type": "Point",
        "coordinates": [
          -1.845897,
          53.715904
        ]
      },
      "properties": {
        "carriageway_hazards": "0",
        "carriageway_hazards_historic": "0",
        "collision_adjusted_severity_serious": "0",
        "collision_adjusted_severity_slight": "0",
        "collision_index": "20201379S0260",
        "collision_injury_based": "0",
        "collision_ref_no": "1379S0260",
        "collision_severity": "1",
        "collision_year": 2020,
        "date": "28/09/2020",
        "day_of_week": "2",
        "did_police_officer_attend_scene_of_accident": "1",
        "enhanced_severity_collision": "-1",
        "first_road_class": "6",
        "first_road_number": "0",
        "junction_control": "-1",
        "junction_detail": "0",
        "junction_detail_historic": "0",
        "latitude": "53.715904",
        "light_conditions": "1",
        "local_authority_district": "202",
        "local_authority_highway": "E08000033",
        "local_authority_highway_current": "E08000033",
        "local_authority_ons_district": "E08000033",
        "location_easting_osgr": "410268",
        "location_northing_osgr": "424397",
        "longitude": "-1.845897",
        "lsoa_of_accident_location": "E01010989",
        "number_of_casualties": 1,
        "number_of_vehicles": 1,
        "pedestrian_crossing": "0",
        "pedestrian_crossing_human_control_historic": "0",
        "pedestrian_crossing_physical_facilities_historic": "0",
        "police_force": "13",
        "road_surface_conditions": "1",
        "road_type": "6",
        "second_road_class": "0",
        "second_road_number": "-1",
        "special_conditions_at_site": "0",
        "speed_limit": 30,
        "time": "08:31",
        "trunk_road_flag": "2",
        "urban_or_rural_area": "1",
        "weather_conditions": "1",
        "geometry_source": "collision_location",
        "source_year": 2020,
        "date_iso": "2020-09-28"
      }
    },
    {
      "type": "Feature",
      "id": "2020137821036",
      "geometry": {
        "type": "Point",
        "coordinates": [
          -1.895312,
          53.744881
        ]
      },
      "properties": {
        "carriageway_hazards": "0",
        "carriageway_hazards_historic": "0",
        "collision_adjusted_severity_serious": "0.07161",
        "collision_adjusted_severity_slight": "0.92839",
        "collision_index": "2020137821036",
        "collision_injury_based": "0",
        "collision_ref_no": "137821036",
        "collision_severity": "3",
        "collision_year": 2020,
        "date": "02/08/2020",
        "day_of_week": "1",
        "did_police_officer_attend_scene_of_accident": "2",
        "enhanced_severity_collision": "-1",
        "first_road_class": "6",
        "first_road_number": "0",
        "junction_control": "4",
        "junction_detail": "13",
        "junction_detail_historic": "3",
        "latitude": "53.744881",
        "light_conditions": "1",
        "local_authority_district": "202",
        "local_authority_highway": "E08000033",
        "local_authority_highway_current": "E08000033",
        "local_authority_ons_district": "E08000033",
        "location_easting_osgr": "407002",
        "location_northing_osgr": "427615",
        "longitude": "-1.895312",
        "lsoa_of_accident_location": "E01010941",
        "number_of_casualties": 1,
        "number_of_vehicles": 2,
        "pedestrian_crossing": "0",
        "pedestrian_crossing_human_control_historic": "0",
        "pedestrian_crossing_physical_facilities_historic": "0",
        "police_force": "13",
        "road_surface_conditions": "1",
        "road_type": "6",
        "second_road_class": "6",
        "second_road_number": "0",
        "special_conditions_at_site": "0",
        "speed_limit": 20,
        "time": "12:45",
        "trunk_road_flag": "2",
        "urban_or_rural_area": "1",
        "weather_conditions": "1",
        "geometry_source": "collision_location",
        "source_year": 2020,
        "date_iso": "2020-08-02"
      }
    },
    {
      "type": "Feature",
      "id": "2020137C80495",
      "geometry": {
        "type": "Point",
        "coordinates": [
          -1.856082,
          53.697069
        ]
      },
      "properties": {
        "carriageway_hazards": "0",
        "carriageway_hazards_historic": "0",
        "collision_adjusted_severity_serious": "0.03536",
        "collision_adjusted_severity_slight": "0.96464",
        "collision_index": "2020137C80495",
        "collision_injury_based": "0",
        "collision_ref_no": "137C80495",
        "collision_severity": "3",
        "collision_year": 2020,
        "date": "08/12/2020",
        "day_of_week": "3",
        "did_police_officer_attend_scene_of_accident": "1",
        "enhanced_severity_collision": "-1",
        "first_road_class": "6",
        "first_road_number": "0",
        "junction_control": "-1",
        "junction_detail": "0",
        "junction_detail_historic": "0",
        "latitude": "53.697069",
        "light_conditions": "1",
        "local_authority_district": "203",
        "local_authority_highway": "E08000033",
        "local_authority_highway_current": "E08000033",
        "local_authority_ons_district": "E08000033",
        "location_easting_osgr": "409600",
        "location_northing_osgr": "422300",
        "longitude": "-1.856082",
        "lsoa_of_accident_location": "E01010993",
        "number_of_casualties": 2,
        "number_of_vehicles": 2,
        "pedestrian_crossing": "0",
        "pedestrian_crossing_human_control_historic": "0",
        "pedestrian_crossing_physical_facilities_historic": "0",
        "police_force": "13",
        "road_surface_conditions": "1",
        "road_type": "1",
        "second_road_class": "0",
        "second_road_number": "-1",
        "special_conditions_at_site": "0",
        "speed_limit": 30,
        "time": "10:40",
        "trunk_road_flag": "2",
        "urban_or_rural_area": "2",
        "weather_conditions": "1",
        "geometry_source": "collision_location",
        "source_year": 2020,
        "date_iso": "2020-12-08"
      }
    },
    {
      "type": "Feature",
      "id": "20201378C0893",
      "geometry": {
        "type": "Point",
        "coordinates": [
          -1.826016,
          53.760377
        ]
      },
      "properties": {
        "carriageway_hazards": "0",
        "carriageway_hazards_historic": "0",
        "collision_adjusted_severity_serious": "0.07536",
        "collision_adjusted_severity_slight": "0.92464",
        "collision_index": "20201378C0893",
        "collision_injury_based": "0",
        "collision_ref_no": "1378C0893",
        "collision_severity": "3",
        "collision_year": 2020,
        "date": "12/08/2020",
        "day_of_week": "4",
        "did_police_officer_attend_scene_of_accident": "2",
        "enhanced_severity_collision": "-1",
        "first_road_class": "6",
        "first_road_number": "0",
        "junction_control": "-1",
        "junction_detail": "0",
        "junction_detail_historic": "0",
        "latitude": "53.760377",
        "light_conditions": "1",
        "local_authority_district": "202",
        "local_authority_highway": "E08000033",
        "local_authority_highway_current": "E08000033",
        "local_authority_ons_district": "E08000033",
        "location_easting_osgr": "411568",
        "location_northing_osgr": "429348",
        "longitude": "-1.826016",
        "lsoa_of_accident_location": "E01010936",
        "number_of_casualties": 1,
        "number_of_vehicles": 2,
        "pedestrian_crossing": "0",
        "pedestrian_crossing_human_control_historic": "0",
        "pedestrian_crossing_physical_facilities_historic": "0",
        "police_force": "13",
        "road_surface_conditions": "2",
        "road_type": "6",
        "second_road_class": "0",
        "second_road_number": "-1",
        "special_conditions_at_site": "0",
        "speed_limit": 30,
        "time": "12:30",
        "trunk_road_flag": "2",
        "urban_or_rural_area": "2",
        "weather_conditions": "1",
        "geometry_source": "collision_location",
        "source_year": 2020,
        "date_iso": "2020-08-12"
      }
    },
    {
      "type": "Feature",
      "id": "20201372S0929",
      "geometry": {
        "type": "Point",
        "coordinates": [
          -1.78,
          53.701358
        ]
      },
      "properties": {
        "carriageway_hazards": "0",
        "carriageway_hazards_historic": "0",
        "collision_adjusted_severity_serious": "1",
        "collision_adjusted_severity_slight": "0",
        "collision_index": "20201372S0929",
        "collision_injury_based": "0",
        "collision_ref_no": "1372S0929",
        "collision_severity": "2",
        "collision_year": 2020,
        "date": "28/02/2020",
        "day_of_week": "6",
        "did_police_officer_attend_scene_of_accident": "1",
        "enhanced_severity_collision": "-1",
        "first_road_class": "6",
        "first_road_number": "0",
        "junction_control": "-1",
        "junction_detail": "0",
        "junction_detail_historic": "0",
        "latitude": "53.701358",
        "light_conditions": "1",
        "local_authority_district": "202",
        "local_authority_highway": "E08000033",
        "local_authority_highway_current": "E08000033",
        "local_authority_ons_district": "E08000033",
        "location_easting_osgr": "414622",
        "location_northing_osgr": "422790",
        "longitude": "-1.78",
        "lsoa_of_accident_location": "E01010949",
        "number_of_casualties": 1,
        "number_of_vehicles": 1,
        "pedestrian_crossing": "0",
        "pedestrian_crossing_human_control_historic": "0",
        "pedestrian_crossing_physical_facilities_historic": "0",
        "police_force": "13",
        "road_surface_conditions": "2",
        "road_type": "6",
        "second_road_class": "0",
        "second_road_number": "-1",
        "special_conditions_at_site": "0",
        "speed_limit": 30,
        "time": "14:30",
        "trunk_road_flag": "2",
        "urban_or_rural_area": "1",
        "weather_conditions": "2",
        "geometry_source": "collision_location",
        "source_year": 2020,
        "date_iso": "2020-02-28"
      }
    },
    {
      "type": "Feature",
      "id": "2020137441946",
      "geometry": {
        "type": "Point",
        "coordinates": [
          -1.873343,
          53.754594
        ]
      },
      "properties": {
        "carriageway_hazards": "0",
        "carriageway_hazards_historic": "0",
        "collision_adjusted_severity_serious": "0.10996",
        "collision_adjusted_severity_slight": "0.89004",
        "collision_index": "2020137441946",
        "collision_injury_based": "0",
        "collision_ref_no": "137441946",
        "collision_severity": "3",
        "collision_year": 2020,
        "date": "04/04/2020",
        "day_of_week": "7",
        "did_police_officer_attend_scene_of_accident": "1",
        "enhanced_severity_collision": "-1",
        "first_road_class": "6",
        "first_road_number": "0",
        "junction_control": "-1",
        "junction_detail": "0",
        "junction_detail_historic": "0",
        "latitude": "53.754594",
        "light_conditions": "4",
        "local_authority_district": "202",
        "local_authority_highway": "E08000033",
        "local_authority_highway_current": "E08000033",
        "local_authority_ons_district": "E08000033",
        "location_easting_osgr": "408449",
        "location_northing_osgr": "428698",
        "longitude": "-1.873343",
        "lsoa_of_accident_location": "E01010915",
        "number_of_casualties": 1,
        "number_of_vehicles": 1,
        "pedestrian_crossing": "0",
        "pedestrian_crossing_human_control_historic": "0",
        "pedestrian_crossing_physical_facilities_historic": "0",
        "police_force": "13",
        "road_surface_conditions": "1",
        "road_type": "6",
        "second_road_class": "0",
        "second_road_number": "-1",
        "special_conditions_at_site": "0",
        "speed_limit": 30,
        "time": "23:30",
        "trunk_road_flag": "2",
        "urban_or_rural_area": "1",
        "weather_conditions": "1",
        "geometry_source": "collision_location",
        "source_year": 2020,
        "date_iso": "2020-04-04"
      }
    },
    {
      "type": "Feature",
      "id": "2020137171140",
      "geometry": {
        "type": "Point",
        "coordinates": [
          -1.866078,
          53.735675
        ]
      },
      "properties": {
        "carriageway_hazards": "0",
        "carriageway_hazards_historic": "0",
        "collision_adjusted_severity_serious": "1",
        "collision_adjusted_severity_slight": "0",
        "collision_index": "2020137171140",
        "collision_injury_based": "0",
        "collision_ref_no": "137171140",
        "collision_severity": "2",
        "collision_year": 2020,
        "date": "07/01/2020",
        "day_of_week": "3",
        "did_police_officer_attend_scene_of_accident": "1",
        "enhanced_severity_collision": "-1",
        "first_road_class": "3",
        "first_road_number": "647",
        "junction_control": "-1",
        "junction_detail": "0",
        "junction_detail_historic": "0",
        "latitude": "53.735675",
        "light_conditions": "4",
        "local_authority_district": "202",
        "local_authority_highway": "E08000033",
        "local_authority_highway_current": "E08000033",
        "local_authority_ons_district": "E08000033",
        "location_easting_osgr": "408932",
        "location_northing_osgr": "426594",
        "longitude": "-1.866078",
        "lsoa_of_accident_location": "E01010967",
        "number_of_casualties": 1,
        "number_of_vehicles": 1,
        "pedestrian_crossing": "0",
        "pedestrian_crossing_human_control_historic": "0",
        "pedestrian_crossing_physical_facilities_historic": "0",
        "police_force": "13",
        "road_surface_conditions": "1",
        "road_type": "6",
        "second_road_class": "0",
        "second_road_number": "-1",
        "special_conditions_at_site": "0",
        "speed_limit": 30,
        "time": "16:40",
        "trunk_road_flag": "2",
        "urban_or_rural_area": "1",
        "weather_conditions": "4",
        "geometry_source": "collision_location",
        "source_year": 2020,
        "date_iso": "2020-01-07"
      }
    },
    {
      "type": "Feature",
      "id": "20201379S0220",
      "geometry": {
        "type": "Point",
        "coordinates": [
          -1.824662,
          53.673523
        ]
      },
      "properties": {
        "carriageway_hazards": "0",
        "carriageway_hazards_historic": "0",
        "collision_adjusted_severity_serious": "0.03923",
        "collision_adjusted_severity_slight": "0.96077",
        "collision_index": "20201379S0220",
        "collision_injury_based": "0",
        "collision_ref_no": "1379S0220",
        "collision_severity": "3",
        "collision_year": 2020,
        "date": "28/09/2020",
        "day_of_week": "2",
        "did_police_officer_attend_scene_of_accident": "1",
        "enhanced_severity_collision": "-1",
        "first_road_class": "1",
        "first_road_number": "62",
        "junction_control": "4",
        "junction_detail": "0",
        "junction_detail_historic": "5",
        "latitude": "53.673523",
        "light_conditions": "1",
        "local_authority_district": "200",
        "local_authority_highway": "E08000033",
        "local_authority_highway_current": "E08000033",
        "local_authority_ons_district": "E08000033",
        "location_easting_osgr": "411681",
        "location_northing_osgr": "419685",
        "longitude": "-1.824662",
        "lsoa_of_accident_location": "E01010901",
        "number_of_casualties": 1,
        "number_of_vehicles": 4,
        "pedestrian_crossing": "0",
        "pedestrian_crossing_human_control_historic": "0",
        "pedestrian_crossing_physical_facilities_historic": "0",
        "police_force": "13",
        "road_surface_conditions": "1",
        "road_type": "3",
        "second_road_class": "1",
        "second_road_number": "25",
        "special_conditions_at_site": "0",
        "speed_limit": 70,
        "time": "07:45",
        "trunk_road_flag": "1",
        "urban_or_rural_area": "2",
        "weather_conditions": "1",
        "geometry_source": "collision_location",
        "source_year": 2020,
        "date_iso": "2020-09-28"
      }
    },
    {
      "type": "Feature",
      "id": "2020137BO0989",
      "geometry": {
        "type": "Point",
        "coordinates": [
          -2.097433,
          53.713635
        ]
      },
      "properties": {
        "carriageway_hazards": "0",
        "carriageway_hazards_historic": "0",
        "collision_adjusted_severity_serious": "0.06167",
        "collision_adjusted_severity_slight": "0.93833",
        "collision_index": "2020137BO0989",
        "collision_injury_based": "0",
        "collision_ref_no": "137BO0989",
        "collision_severity": "3",
        "collision_year": 2020,
        "date": "24/11/2020",
        "day_of_week": "3",
        "did_police_officer_attend_scene_of_accident": "2",
        "enhanced_severity_collision": "-1",
        "first_road_class": "6",
        "first_road_number": "0",
        "junction_control": "-1",
        "junction_detail": "0",
        "junction_detail_historic": "0",
        "latitude": "53.713635",
        "light_conditions": "1",
        "local_authority_district": "202",
        "local_authority_highway": "E08000033",
        "local_authority_highway_current": "E08000033",
        "local_authority_ons_district": "E08000033",
        "location_easting_osgr": "393667",
        "location_northing_osgr": "424138",
        "longitude": "-2.097433",
        "lsoa_of_accident_location": "E01010983",
        "number_of_casualties": 1,
        "number_of_vehicles": 1,
        "pedestrian_crossing": "0",
        "pedestrian_crossing_human_control_historic": "0",
        "pedestrian_crossing_physical_facilities_historic": "0",
        "police_force": "13",
        "road_surface_conditions": "1",
        "road_type": "6",
        "second_road_class": "0",
        "second_road_number": "-1",
        "special_conditions_at_site": "0",
        "speed_limit": 30,
        "time": "15:22",
        "trunk_road_flag": "2",
        "urban_or_rural_area": "1",
        "weather_conditions": "1",
        "geometry_source": "collision_location",
        "source_year": 2020,
        "date_iso": "2020-11-24"
      }
    },
    {
      "type": "Feature",
      "id": "2020137821735",
      "geometry": {
        "type": "Point",
        "coordinates": [
          -1.98317,
          53.728873
        ]
      },
      "properties": {
        "carriageway_hazards": "0",
        "carriageway_hazards_historic": "0",
        "collision_adjusted_severity_serious": "0.08742",
        "collision_adjusted_severity_slight": "0.91258",
        "collision_index": "2020137821735",
        "collision_injury_based": "0",
        "collision_ref_no": "137821735",
        "collision_severity": "3",
        "collision_year": 2020,
        "date": "02/08/2020",
        "day_of_week": "1",
        "did_police_officer_attend_scene_of_accident": "2",
        "enhanced_severity_collision": "-1",
        "first_road_class": "4",
        "first_road_number": "6138",
        "junction_control": "-1",
        "junction_detail": "0",
        "junction_detail_historic": "0",
        "latitude": "53.728873",
        "light_conditions": "1",
        "local_authority_district": "202",
        "local_authority_highway": "E08000033",
        "local_authority_highway_current": "E08000033",
        "local_authority_ons_district": "E08000033",
        "location_easting_osgr": "401208",
        "location_northing_osgr": "425829",
        "longitude": "-1.98317",
        "lsoa_of_accident_location": "E01010917",
        "number_of_casualties": 1,
        "number_of_vehicles": 2,
        "pedestrian_crossing": "0",
        "pedestrian_crossing_human_control_historic": "0",
        "pedestrian_crossing_physical_facilities_historic": "0",
        "police_force": "13",
        "road_surface_conditions": "2",
        "road_type": "6",
        "second_road_class": "0",
        "second_road_number": "-1",
        "special_conditions_at_site": "0",
        "speed_limit": 30,
        "time": "17:35",
        "trunk_road_flag": "2",
        "urban_or_rural_area": "2",
        "weather_conditions": "1",
        "geometry_source": "collision_location",
        "source_year": 2020,
        "date_iso": "2020-08-02"
      }
    },
    {
      "type": "Feature",
      "id": "2020137A91401",
      "geometry": {
        "type": "Point",
        "coordinates": [
          -1.778618,
          53.7165
        ]
      },
      "properties": {
        "carriageway_hazards": "0",
        "carriageway_hazards_historic": "0",
        "collision_adjusted_severity_serious": "0.03171",
        "collision_adjusted_severity_slight": "0.96829",
        "collision_index": "2020137A91401",
        "collision_injury_based": "0",
        "collision_ref_no": "137A91401",
        "collision_severity": "3",
        "collision_year": 2020,
        "date": "09/10/2020",
        "day_of_week": "6",
        "did_police_officer_attend_scene_of_accident": "2",
        "enhanced_severity_collision": "-1",
        "first_road_class": "6",
        "first_road_number": "0",
        "junction_control": "-1",
        "junction_detail": "0",
        "junction_detail_historic": "0",
        "latitude": "53.7165",
        "light_conditions": "4",
        "local_authority_district": "202",
        "local_authority_highway": "E08000033",
        "local_authority_highway_current": "E08000033",
        "local_authority_ons_district": "E08000033",
        "location_easting_osgr": "414708",
        "location_northing_osgr": "424475",
        "longitude": "-1.778618",
        "lsoa_of_accident_location": "E01010880",
        "number_of_casualties": 2,
        "number_of_vehicles": 2,
        "pedestrian_crossing": "0",
        "pedestrian_crossing_human_control_historic": "0",
        "pedestrian_crossing_physical_facilities_historic": "0",
        "police_force": "13",
        "road_surface_conditions": "1",
        "road_type": "6",
        "second_road_class": "0",
        "second_road_number": "-1",
        "special_conditions_at_site": "0",
        "speed_limit": 20,
        "time": "18:00",
        "trunk_road_flag": "2",
        "urban_or_rural_area": "1",
        "weather_conditions": "1",
        "geometry_source": "collision_location",
        "source_year": 2020,
        "date_iso": "2020-10-09"
      }
    },
    {
      "type": "Feature",
      "id": "20201379B0983",
      "geometry": {
        "type": "Point",
        "coordinates": [
          -1.745657,
          53.699636
        ]
      },
      "properties": {
        "carriageway_hazards": "0",
        "carriageway_hazards_historic": "0",
        "collision_adjusted_severity_serious": "0.15185",
        "collision_adjusted_severity_slight": "0.84815",
        "collision_index": "20201379B0983",
        "collision_injury_based": "0",
        "collision_ref_no": "1379B0983",
        "collision_severity": "3",
        "collision_year": 2020,
        "date": "11/09/2020",
        "day_of_week": "6",
        "did_police_officer_attend_scene_of_accident": "1",
        "enhanced_severity_collision": "-1",
        "first_road_class": "1",
        "first_road_number": "62",
        "junction_control": "-1",
        "junction_detail": "0",
        "junction_detail_historic": "0",
        "latitude": "53.699636",
        "light_conditions": "1",
        "local_authority_district": "202",
        "local_authority_highway": "E08000033",
        "local_authority_highway_current": "E08000033",
        "local_authority_ons_district": "E08000033",
        "location_easting_osgr": "416890",
        "location_northing_osgr": "422606",
        "longitude": "-1.745657",
        "lsoa_of_accident_location": "E01010879",
        "number_of_casualties": 1,
        "number_of_vehicles": 3,
        "pedestrian_crossing": "0",
        "pedestrian_crossing_human_control_historic": "0",
        "pedestrian_crossing_physical_facilities_historic": "0",
        "police_force": "13",
        "road_surface_conditions": "1",
        "road_type": "3",
        "second_road_class": "0",
        "second_road_number": "-1",
        "special_conditions_at_site": "0",
        "speed_limit": 70,
        "time": "14:45",
        "trunk_road_flag": "1",
        "urban_or_rural_area": "2",
        "weather_conditions": "1",
        "geometry_source": "collision_location",
        "source_year": 2020,
        "date_iso": "2020-09-11"
      }
    },
    {
      "type": "Feature",
      "id": "20201375B1470",
      "geometry": {
        "type": "Point",
        "coordinates": [
          -1.788761,
          53.694075
        ]
      },
      "properties": {
        "carriageway_hazards": "0",
        "carriageway_hazards_historic": "0",
        "collision_adjusted_severity_serious": "0.05351",
        "collision_adjusted_severity_slight": "0.94649",
        "collision_index": "20201375B1470",
        "collision_injury_based": "0",
        "collision_ref_no": "1375B1470",
        "collision_severity": "3",
        "collision_year": 2020,
        "date": "11/05/2020",
        "day_of_week": "2",
        "did_police_officer_attend_scene_of_accident": "1",
        "enhanced_severity_collision": "-1",
        "first_road_class": "3",
        "first_road_number": "643",
        "junction_control": "4",
        "junction_detail": "13",
        "junction_detail_historic": "3",
        "latitude": "53.694075",
        "light_conditions": "1",
        "local_authority_district": "202",
        "local_authority_highway": "E08000033",
        "local_authority_highway_current": "E08000033",
        "local_authority_ons_district": "E08000033",
        "location_easting_osgr": "414046",
        "location_northing_osgr": "421978",
        "longitude": "-1.788761",
        "lsoa_of_accident_location": "E01010951",
        "number_of_casualties": 1,
        "number_of_vehicles": 2,
        "pedestrian_crossing": "0",
        "pedestrian_crossing_human_control_historic": "0",
        "pedestrian_crossing_physical_facilities_historic": "0",
        "police_force": "13",
        "road_surface_conditions": "1",
        "road_type": "6",
        "second_road_class": "6",
        "second_road_number": "0",
        "special_conditions_at_site": "0",
        "speed_limit": 30,
        "time": "19:58",
        "trunk_road_flag": "2",
        "urban_or_rural_area": "1",
        "weather_conditions": "1",
        "geometry_source": "collision_location",
        "source_year": 2020,
        "date_iso": "2020-05-11"
      }
    }
  ]
}