{
  "type": "FeatureCollection",
  "features": [
    {
      "type": "Feature",
      "id": "2025131627268",
      "geometry": {
        "type": "Point",
        "coordinates": [
          -2.13897,
          53.71066
        ]
      },
      "properties": {
        "carriageway_hazards": "0",
        "carriageway_hazards_historic": "-1",
        "collision_adjusted_severity_serious": "0",
        "collision_adjusted_severity_slight": "1",
        "collision_index": "2025131627268",
        "collision_injury_based": "1",
        "collision_ref_no": "131627268",
        "collision_severity": "3",
        "collision_year": 2025,
        "date": "10/08/2025",
        "day_of_week": "1",
        "did_police_officer_attend_scene_of_accident": "1",
        "enhanced_severity_collision": "3",
        "first_road_class": "3",
        "first_road_number": "681",
        "junction_control": "4",
        "junction_detail": "13",
        "junction_detail_historic": "-1",
        "latitude": "53.71066",
        "light_conditions": "1",
        "local_authority_district": "-1",
        "local_authority_highway": "E08000033",
        "local_authority_highway_current": "E08000033",
        "local_authority_ons_district": "E08000033",
        "location_easting_osgr": "390925",
        "location_northing_osgr": "423813",
        "longitude": "-2.13897",
        "lsoa_of_accident_location": "E01010985",
        "number_of_casualties": 1,
        "number_of_vehicles": 2,
        "pedestrian_crossing": "0",
        "pedestrian_crossing_human_control_historic": "-1",
        "pedestrian_crossing_physical_facilities_historic": "-1",
        "police_force": "13",
        "road_surface_conditions": "1",
        "road_type": "6",
        "second_road_class": "6",
        "second_road_number": "0",
        "special_conditions_at_site": "-1",
        "speed_limit": 30,
        "time": "12:48",
        "trunk_road_flag": "2",
        "urban_or_rural_area": "2",
        "weather_conditions": "1",
        "geometry_source": "collision_location",
        "source_year": 2025,
        "date_iso": "2025-08-10"
      }
    },
    {
      "type": "Feature",
      "id": "2025131590171",
      "geometry": {
        "type": "Point",
        "coordinates": [
          -1.90998,
          53.71131
        ]
      },
      "properties": {
        "carriageway_hazards": "0",
        "carriageway_hazards_historic": "-1",
        "collision_adjusted_severity_serious": "0",
        "collision_adjusted_severity_slight": "1",
        "collision_index": "2025131590171",
        "collision_injury_based": "1",
        "collision_ref_no": "131590171",
        "collision_severity": "3",
        "collision_year": 2025,
        "date": "02/05/2025",
        "day_of_week": "6",
        "did_police_officer_attend_scene_of_accident": "1",
        "enhanced_severity_collision": "3",
        "first_road_class": "6",
        "first_road_number": "0",
        "junction_control": "-1",
        "junction_detail": "0",
        "junction_detail_historic": "-1",
        "latitude": "53.71131",
        "light_conditions": "1",
        "local_authority_district": "-1",
        "local_authority_highway": "E08000033",
        "local_authority_highway_current": "E08000033",
        "local_authority_ons_district": "E08000033",
        "location_easting_osgr": "406039",
        "location_northing_osgr": "423880",
        "longitude": "-1.90998",
        "lsoa_of_accident_location": "E01010980",
        "number_of_casualties": 1,
        "number_of_vehicles": 2,
        "pedestrian_crossing": "0",
        "pedestrian_crossing_human_control_historic": "-1",
        "pedestrian_crossing_physical_facilities_historic": "-1",
        "police_force": "13",
        "road_surface_conditions": "1",
        "road_type": "9",
        "second_road_class": "6",
        "second_road_number": "0",
        "special_conditions_at_site": "-1",
        "speed_limit": 30,
        "time": "14:00",
        "trunk_road_flag": "2",
        "urban_or_rural_area": "1",
        "weather_conditions": "1",
        "geometry_source": "collision_location",
        "source_year": 2025,
        "date_iso": "2025-05-02"
      }
    },
    {
      "type": "Feature",
      "id": "2025131594581",
      "geometry": {
        "type": "Point",
        "coordinates": [
          -1.79061,
          53.70348
        ]
      },
      "properties": {
        "carriageway_hazards": "13",
        "carriageway_hazards_historic": "-1",
        "collision_adjusted_severity_serious": "0",
        "collision_adjusted_severity_slight": "1",
        "collision_index": "2025131594581",
        "collision_injury_based": "1",
        "collision_ref_no": "131594581",
        "collision_severity": "3",
        "collision_year": 2025,
        "date": "25/05/2025",
        "day_of_week": "1",
        "did_police_officer_attend_scene_of_accident": "2",
        "enhanced_severity_collision": "3",
        "first_road_class": "3",
        "first_road_number": "6025",
        "junction_control": "-1",
        "junction_detail": "0",
        "junction_detail_historic": "-1",
        "latitude": "53.70348",
        "light_conditions": "1",
        "local_authority_district": "-1",
        "local_authority_highway": "E08000033",
        "local_authority_highway_current": "E08000033",
        "local_authority_ons_district": "E08000033",
        "location_easting_osgr": "413921",
        "location_northing_osgr": "423026",
        "longitude": "-1.79061",
        "lsoa_of_accident_location": "E01010949",
        "number_of_casualties": 1,
        "number_of_vehicles": 2,
        "pedestrian_crossing": "0",
        "pedestrian_crossing_human_control_historic": "-1",
        "pedestrian_crossing_physical_facilities_historic": "-1",
        "police_force": "13",
        "road_surface_conditions": "1",
        "road_type": "6",
        "second_road_class": "6",
        "second_road_number": "0",
        "special_conditions_at_site": "-1",
        "speed_limit": 20,
        "time": "10:45",
        "trunk_road_flag": "2",
        "urban_or_rural_area": "1",
        "weather_conditions": "1",
        "geometry_source": "collision_location",
        "source_year": 2025,
        "date_iso": "2025-05-25"
      }
    },
    {
      "type": "Feature",
      "id": "2025131559837",
      "geometry": {
        "type": "Point",
        "coordinates": [
          -1.85881,
          53.72259
        ]
      },
      "properties": {
        "carriageway_hazards": "0",
        "carriageway_hazards_historic": "-1",
        "collision_adjusted_severity_serious": "0",
        "collision_adjusted_severity_slight": "1",
        "collision_index": "2025131559837",
        "collision_injury_based": "1",
        "collision_ref_no": "131559837",
        "collision_severity": "3",
        "collision_year": 2025,
        "date": "28/02/2025",
        "day_of_week": "6",
        "did_police_officer_attend_scene_of_accident": "2",
        "enhanced_severity_collision": "3",
        "first_road_class": "6",
        "first_road_number": "0",
        "junction_control": "-1",
        "junction_detail": "0",
        "junction_detail_historic": "-1",
        "latitude": "53.72259",
        "light_conditions": "1",
        "local_authority_district": "-1",
        "local_authority_highway": "E08000033",
        "local_authority_highway_current": "E08000033",
        "local_authority_ons_district": "E08000033",
        "location_easting_osgr": "409414",
        "location_northing_osgr": "425141",
        "longitude": "-1.85881",
        "lsoa_of_accident_location": "E01034582",
        "number_of_casualties": 2,
        "number_of_vehicles": 1,
        "pedestrian_crossing": "0",
        "pedestrian_crossing_human_control_historic": "-1",
        "pedestrian_crossing_physical_facilities_historic": "-1",
        "police_force": "13",
        "road_surface_conditions": "1",
        "road_type": "6",
        "second_road_class": "6",
        "second_road_number": "0",
        "special_conditions_at_site": "-1",
        "speed_limit": 20,
        "time": "15:11",
        "trunk_road_flag": "2",
        "urban_or_rural_area": "1",
        "weather_conditions": "1",
        "geometry_source": "collision_location",
        "source_year": 2025,
        "date_iso": "2025-02-28"
      }
    },
    {
      "type": "Feature",
      "id": "2025131578031",
      "geometry": {
        "type": "Point",
        "coordinates": [
          -1.89728,
          53.74346
        ]
      },
      "properties": {
        "carriageway_hazards": "0",
        "carriageway_hazards_historic": "-1",
        "collision_adjusted_severity_serious": "0",
        "collision_adjusted_severity_slight": "0",
        "collision_index": "2025131578031",
        "collision_injury_based": "1",
        "collision_ref_no": "131578031",
        "collision_severity": "1",
        "collision_year": 2025,
        "date": "15/04/2025",
        "day_of_week": "3",
        "did_police_officer_attend_scene_of_accident": "1",
        "enhanced_severity_collision": "1",
        "first_road_class": "6",
        "first_road_number": "0",
        "junction_control": "-1",
        "junction_detail": "0",
        "junction_detail_historic": "-1",
        "latitude": "53.74346",
        "light_conditions": "4",
        "local_authority_district": "-1",
        "local_authority_highway": "E08000033",
        "local_authority_highway_current": "E08000033",
        "local_authority_ons_district": "E08000033",
        "location_easting_osgr": "406872",
        "location_northing_osgr": "427458",
        "longitude": "-1.89728",
        "lsoa_of_accident_location": "E01010941",
        "number_of_casualties": 1,
        "number_of_vehicles": 1,
        "pedestrian_crossing": "0",
        "pedestrian_crossing_human_control_historic": "-1",
        "pedestrian_crossing_physical_facilities_historic": "-1",
        "police_force": "13",
        "road_surface_conditions": "2",
        "road_type": "6",
        "second_road_class": "6",
        "second_road_number": "0",
        "special_conditions_at_site": "-1",
        "speed_limit": 30,
        "time": "01:10",
        "trunk_road_flag": "2",
        "urban_or_rural_area": "2",
        "weather_conditions": "2",
        "geometry_source": "collision_location",
        "source_year": 2025,
        "date_iso": "2025-04-15"
      }
    },
    {
      "type": "Feature",
      "id": "2025131655960",
      "geometry": {
        "type": "Point",
        "coordinates": [
          -1.86228,
          53.72925
        ]
      },
      "properties": {
        "carriageway_hazards": "0",
        "carriageway_hazards_historic": "-1",
        "collision_adjusted_severity_serious": "0",
        "collision_adjusted_severity_slight": "1",
        "collision_index": "2025131655960",
        "collision_injury_based": "1",
        "collision_ref_no": "131655960",
        "collision_severity": "3",
        "collision_year": 2025,
        "date": "17/10/2025",
        "day_of_week": "6",
        "did_police_officer_attend_scene_of_accident": "2",
        "enhanced_severity_collision": "3",
        "first_road_class": "3",
        "first_road_number": "647",
        "junction_control": "-1",
        "junction_detail": "0",
        "junction_detail_historic": "-1",
        "latitude": "53.72925",
        "light_conditions": "1",
        "local_authority_district": "-1",
        "local_authority_highway": "E08000033",
        "local_authority_highway_current": "E08000033",
        "local_authority_ons_district": "E08000033",
        "location_easting_osgr": "409184",
        "location_northing_osgr": "425881",
        "longitude": "-1.86228",
        "lsoa_of_accident_location": "E01032923",
        "number_of_casualties": 1,
        "number_of_vehicles": 1,
        "pedestrian_crossing": "0",
        "pedestrian_crossing_human_control_historic": "-1",
        "pedestrian_crossing_physical_facilities_historic": "-1",
        "police_force": "13",
        "road_surface_conditions": "1",
        "road_type": "6",
        "second_road_class": "0",
        "second_road_number": "-1",
        "special_conditions_at_site": "-1",
        "speed_limit": 20,
        "time": "15:30",
        "trunk_road_flag": "2",
        "urban_or_rural_area": "1",
        "weather_conditions": "1",
        "geometry_source": "collision_location",
        "source_year": 2025,
        "date_iso": "2025-10-17"
      }
    },
    {
      "type": "Feature",
      "id": "2025131541023",
      "geometry": {
        "type": "Point",
        "coordinates": [
          -1.95894,
          53.70894
        ]
      },
      "properties": {
        "carriageway_hazards": "0",
        "carriageway_hazards_historic": "-1",
        "collision_adjusted_severity_serious": "0",
        "collision_adjusted_severity_slight": "1",
        "collision_index": "2025131541023",
        "collision_injury_based": "1",
        "collision_ref_no": "131541023",
        "collision_severity": "3",
        "collision_year": 2025,
        "date": "13/01/2025",
        "day_of_week": "2",
        "did_police_officer_attend_scene_of_accident": "1",
        "enhanced_severity_collision": "3",
        "first_road_class": "6",
        "first_road_number": "0",
        "junction_control": "4",
        "junction_detail": "16",
        "junction_detail_historic": "-1",
        "latitude": "53.70894",
        "light_conditions": "4",
        "local_authority_district": "-1",
        "local_authority_highway": "E08000033",
        "local_authority_highway_current": "E08000033",
        "local_authority_ons_district": "E08000033",
        "location_easting_osgr": "402808",
        "location_northing_osgr": "423614",
        "longitude": "-1.95894",
        "lsoa_of_accident_location": "E01010956",
        "number_of_casualties": 1,
        "number_of_vehicles": 2,
        "pedestrian_crossing": "0",
        "pedestrian_crossing_human_control_historic": "-1",
        "pedestrian_crossing_physical_facilities_historic": "-1",
        "police_force": "13",
        "road_surface_conditions": "2",
        "road_type": "6",
        "second_road_class": "6",
        "second_road_number": "0",
        "special_conditions_at_site": "-1",
        "speed_limit": 30,
        "time": "18:08",
        "trunk_road_flag": "2",
        "urban_or_rural_area": "2",
        "weather_conditions": "4",
        "geometry_source": "collision_location",
        "source_year": 2025,
        "date_iso": "2025-01-13"
      }
    },
    {
      "type": "Feature",
      "id": "2025131672254",
      "geometry": {
        "type": "Point",
        "coordinates": [
          -1.8711,
          53.72352
        ]
      },
      "properties": {
        "carriageway_hazards": "0",
        "carriageway_hazards_historic": "-1",
        "collision_adjusted_severity_serious": "0",
        "collision_adjusted_severity_slight": "1",
        "collision_index": "2025131672254",
        "collision_injury_based": "1",
        "collision_ref_no": "131672254",
        "collision_severity": "3",
        "collision_year": 2025,
        "date": "22/11/2025",
        "day_of_week": "7",
        "did_police_officer_attend_scene_of_accident": "1",
        "enhanced_severity_collision": "3",
        "first_road_class": "6",
        "first_road_number": "0",
        "junction_control": "4",
        "junction_detail": "19",
        "junction_detail_historic": "-1",
        "latitude": "53.72352",
        "light_conditions": "4",
        "local_authority_district": "-1",
        "local_authority_highway": "E08000033",
        "local_authority_highway_current": "E08000033",
        "local_authority_ons_district": "E08000033",
        "location_easting_osgr": "408603",
        "location_northing_osgr": "425243",
        "longitude": "-1.8711",
        "lsoa_of_accident_location": "E01010965",
        "number_of_casualties": 1,
        "number_of_vehicles": 1,
        "pedestrian_crossing": "14",
        "pedestrian_crossing_human_control_historic": "-1",
        "pedestrian_crossing_physical_facilities_historic": "-1",
        "police_force": "13",
        "road_surface_conditions": "2",
        "road_type": "6",
        "second_road_class": "6",
        "second_road_number": "0",
        "special_conditions_at_site": "-1",
        "speed_limit": 20,
        "time": "16:30",
        "trunk_road_flag": "2",
        "urban_or_rural_area": "1",
        "weather_conditions": "1",
        "geometry_source": "collision_location",
        "source_year": 2025,
        "date_iso": "2025-11-22"
      }
    },
    {
      "type": "Feature",
      "id": "2025131605170",
      "geometry": {
        "type": "Point",
        "coordinates": [
          -1.75414,
          53.69609
        ]
      },
      "properties": {
        "carriageway_hazards": "0",
        "carriageway_hazards_historic": "-1",
        "collision_adjusted_severity_serious": "1",
        "collision_adjusted_severity_slight": "0",
        "collision_index": "2025131605170",
        "collision_injury_based": "1",
        "collision_ref_no": "131605170",
        "collision_severity": "2",
        "collision_year": 2025,
        "date": "19/06/2025",
        "day_of_week": "5",
        "did_police_officer_attend_scene_of_accident": "1",
        "enhanced_severity_collision": "7",
        "first_road_class": "3",
        "first_road_number": "644",
        "junction_control": "-1",
        "junction_detail": "0",
        "junction_detail_historic": "-1",
        "latitude": "53.69609",
        "light_conditions": "1",
        "local_authority_district": "-1",
        "local_authority_highway": "E08000033",
        "local_authority_highway_current": "E08000033",
        "local_authority_ons_district": "E08000033",
        "location_easting_osgr": "416331",
        "location_northing_osgr": "422211",
        "longitude": "-1.75414",
        "lsoa_of_accident_location": "E01010879",
        "number_of_casualties": 1,
        "number_of_vehicles": 2,
        "pedestrian_crossing": "0",
        "pedestrian_crossing_human_control_historic": "-1",
        "pedestrian_crossing_physical_facilities_historic": "-1",
        "police_force": "13",
        "road_surface_conditions": "1",
        "road_type": "1",
        "second_road_class": "1",
        "second_road_number": "62",
        "special_conditions_at_site": "-1",
        "speed_limit": 30,
        "time": "16:27",
        "trunk_road_flag": "2",
        "urban_or_rural_area": "2",
        "weather_conditions": "1",
        "geometry_source": "collision_location",
        "source_year": 2025,
        "date_iso": "2025-06-19"
      }
    },
    {
      "type": "Feature",
      "id": "2025131621287",
      "geometry": {
        "type": "Point",
        "coordinates": [
          -1.73164,
          53.68553
        ]
      },
      "properties": {
        "carriageway_hazards": "0",
        "carriageway_hazards_historic": "-1",
        "collision_adjusted_severity_serious": "1",
        "collision_adjusted_severity_slight": "0",
        "collision_index": "2025131621287",
        "collision_injury_based": "1",
        "collision_ref_no": "131621287",
        "collision_severity": "2",
        "collision_year": 2025,
        "date": "26/07/2025",
        "day_of_week": "7",
        "did_police_officer_attend_scene_of_accident": "2",
        "enhanced_severity_collision": "6",
        "first_road_class": "3",
        "first_road_number": "62",
        "junction_control": "2",
        "junction_detail": "-1",
        "junction_detail_historic": "-1",
        "latitude": "53.68553",
        "light_conditions": "4",
        "local_authority_district": "-1",
        "local_authority_highway": "E08000033",
        "local_authority_highway_current": "E08000033",
        "local_authority_ons_district": "E08000033",
        "location_easting_osgr": "417821",
        "location_northing_osgr": "421042",
        "longitude": "-1.73164",
        "lsoa_of_accident_location": "E01010879",
        "number_of_casualties": 1,
        "number_of_vehicles": 1,
        "pedestrian_crossing": "0",
        "pedestrian_crossing_human_control_historic": "-1",
        "pedestrian_crossing_physical_facilities_historic": "-1",
        "police_force": "13",
        "road_surface_conditions": "1",
        "road_type": "1",
        "second_road_class": "3",
        "second_road_number": "62",
        "special_conditions_at_site": "-1",
        "speed_limit": 40,
        "time": "02:10",
        "trunk_road_flag": "2",
        "urban_or_rural_area": "1",
        "weather_conditions": "1",
        "geometry_source": "collision_location",
        "source_year": 2025,
        "date_iso": "2025-07-26"
      }
    },
    {
      "type": "Feature",
      "id": "2025131575902",
      "geometry": {
        "type": "Point",
        "coordinates": [
          -1.88261,
          53.70611
        ]
      },
      "properties": {
        "carriageway_hazards": "0",
        "carriageway_hazards_historic": "-1",
        "collision_adjusted_severity_serious": "0",
        "collision_adjusted_severity_slight": "1",
        "collision_index": "2025131575902",
        "collision_injury_based": "1",
        "collision_ref_no": "131575902",
        "collision_severity": "3",
        "collision_year": 2025,
        "date": "09/04/2025",
        "day_of_week": "4",
        "did_police_officer_attend_scene_of_accident": "1",
        "enhanced_severity_collision": "3",
        "first_road_class": "3",
        "first_road_number": "6026",
        "junction_control": "-1",
        "junction_detail": "0",
        "junction_detail_historic": "-1",
        "latitude": "53.70611",
        "light_conditions": "1",
        "local_authority_district": "-1",
        "local_authority_highway": "E08000033",
        "local_authority_highway_current": "E08000033",
        "local_authority_ons_district": "E08000033",
        "location_easting_osgr": "407847",
        "location_northing_osgr": "423304",
        "longitude": "-1.88261",
        "lsoa_of_accident_location": "E01010977",
        "number_of_casualties": 1,
        "number_of_vehicles": 4,
        "pedestrian_crossing": "17",
        "pedestrian_crossing_human_control_historic": "-1",
        "pedestrian_crossing_physical_facilities_historic": "-1",
        "police_force": "13",
        "road_surface_conditions": "1",
        "road_type": "6",
        "second_road_class": "6",
        "second_road_number": "0",
        "special_conditions_at_site": "-1",
        "speed_limit": 30,
        "time": "13:20",
        "trunk_road_flag": "2",
        "urban_or_rural_area": "2",
        "weather_conditions": "1",
        "geometry_source": "collision_location",
        "source_year": 2025,
        "date_iso": "2025-04-09"
      }
    },
    {
      "type": "Feature",
      "id": "2025131598438",
      "geometry": {
        "type": "Point",
        "coordinates": [
          -1.89956,
          53.76065
        ]
      },
      "properties": {
        "carriageway_hazards": "0",
        "carriageway_hazards_historic": "-1",
        "collision_adjusted_severity_serious": "0",
        "collision_adjusted_severity_slight": "1",
        "collision_index": "2025131598438",
        "collision_injury_based": "1",
        "collision_ref_no": "131598438",
        "collision_severity": "3",
        "collision_year": 2025,
        "date": "04/06/2025",
        "day_of_week": "4",
        "did_police_officer_attend_scene_of_accident": "1",
        "enhanced_severity_collision": "3",
        "first_road_class": "6",
        "first_road_number": "0",
        "junction_control": "4",
        "junction_detail": "16",
        "junction_detail_historic": "-1",
        "latitude": "53.76065",
        "light_conditions": "1",
        "local_authority_district": "-1",
        "local_authority_highway": "E08000033",
        "local_authority_highway_current": "E08000033",
        "local_authority_ons_district": "E08000033",
        "location_easting_osgr": "406719",
        "location_northing_osgr": "429371",
        "longitude": "-1.89956",
        "lsoa_of_accident_location": "E01010925",
        "number_of_casualties": 1,
        "number_of_vehicles": 2,
        "pedestrian_crossing": "0",
        "pedestrian_crossing_human_control_historic": "-1",
        "pedestrian_crossing_physical_facilities_historic": "-1",
        "police_force": "13",
        "road_surface_conditions": "1",
        "road_type": "6",
        "second_road_class": "6",
        "second_road_number": "0",
        "special_conditions_at_site": "-1",
        "speed_limit": 40,
        "time": "10:34",
        "trunk_road_flag": "2",
        "urban_or_rural_area": "2",
        "weather_conditions": "2",
        "geometry_source": "collision_location",
        "source_year": 2025,
        "date_iso": "2025-06-04"
      }
    },
    {
      "type": "Feature",
      "id": "2025131630973",
      "geometry": {
        "type": "Point",
        "coordinates": [
          -1.88865,
          53.72728
        ]
      },
      "properties": {
        "carriageway_hazards": "0",
        "carriageway_hazards_historic": "-1",
        "collision_adjusted_severity_serious": "0",
        "collision_adjusted_severity_slight": "1",
        "collision_index": "2025131630973",
        "collision_injury_based": "1",
        "collision_ref_no": "131630973",
        "collision_severity": "3",
        "collision_year": 2025,
        "date": "19/08/2025",
        "day_of_week": "3",
        "did_police_officer_attend_scene_of_accident": "1",
        "enhanced_severity_collision": "3",
        "first_road_class": "6",
        "first_road_number": "0",
        "junction_control": "4",
        "junction_detail": "13",
        "junction_detail_historic": "-1",
        "latitude": "53.72728",
        "light_conditions": "1",
        "local_authority_district": "-1",
        "local_authority_highway": "E08000033",
        "local_authority_highway_current": "E08000033",
        "local_authority_ons_district": "E08000033",
        "location_easting_osgr": "407444",
        "location_northing_osgr": "425659",
        "longitude": "-1.88865",
        "lsoa_of_accident_location": "E01010929",
        "number_of_casualties": 2,
        "number_of_vehicles": 2,
        "pedestrian_crossing": "0",
        "pedestrian_crossing_human_control_historic": "-1",
        "pedestrian_crossing_physical_facilities_historic": "-1",
        "police_force": "13",
        "road_surface_conditions": "1",
        "road_type": "6",
        "second_road_class": "6",
        "second_road_number": "0",
        "special_conditions_at_site": "-1",
        "speed_limit": 30,
        "time": "17:15",
        "trunk_road_flag": "2",
        "urban_or_rural_area": "1",
        "weather_conditions": "1",
        "geometry_source": "collision_location",
        "source_year": 2025,
        "date_iso": "2025-08-19"
      }
    },
    {
      "type": "Feature",
      "id": "2025131676686",
      "geometry": {
        "type": "Point",
        "coordinates": [
          -2.02795,
          53.67343
        ]
      },
      "properties": {
        "carriageway_hazards": "0",
        "carriageway_hazards_historic": "-1",
        "collision_adjusted_severity_serious": "0",
        "collision_adjusted_severity_slight": "1",
        "collision_index": "2025131676686",
        "collision_injury_based": "1",
        "collision_ref_no": "131676686",
        "collision_severity": "3",
        "collision_year": 2025,
        "date": "27/11/2025",
        "day_of_week": "5",
        "did_police_officer_attend_scene_of_accident": "2",
        "enhanced_severity_collision": "3",
        "first_road_class": "4",
        "first_road_number": "6138",
        "junction_control": "-1",
        "junction_detail": "0",
        "junction_detail_historic": "-1",
        "latitude": "53.67343",
        "light_conditions": "6",
        "local_authority_district": "-1",
        "local_authority_highway": "E08000033",
        "local_authority_highway_current": "E08000033",
        "local_authority_ons_district": "E08000033",
        "location_easting_osgr": "398251",
        "location_northing_osgr": "419662",
        "longitude": "-2.02795",
        "lsoa_of_accident_location": "E01010955",
        "number_of_casualties": 1,
        "number_of_vehicles": 2,
        "pedestrian_crossing": "0",
        "pedestrian_crossing_human_control_historic": "-1",
        "pedestrian_crossing_physical_facilities_historic": "-1",
        "police_force": "13",
        "road_surface_conditions": "2",
        "road_type": "6",
        "second_road_class": "0",
        "second_road_number": "-1",
        "special_conditions_at_site": "-1",
        "speed_limit": 50,
        "time": "15:42",
        "trunk_road_flag": "2",
        "urban_or_rural_area": "2",
        "weather_conditions": "2",
        "geometry_source": "collision_location",
        "source_year": 2025,
        "date_iso": "2025-11-27"
      }
    },
    {
      "type": "Feature",
      "id": "2025131558520",
      "geometry": {
        "type": "Point",
        "coordinates": [
          -1.81942,
          53.6879
        ]
      },
      "properties": {
        "carriageway_hazards": "0",
        "carriageway_hazards_historic": "-1",
        "collision_adjusted_severity_serious": "0",
        "collision_adjusted_severity_slight": "1",
        "collision_index": "2025131558520",
        "collision_injury_based": "1",
        "collision_ref_no": "131558520",
        "collision_severity": "3",
        "collision_year": 2025,
        "date": "25/02/2025",
        "day_of_week": "3",
        "did_police_officer_attend_scene_of_accident": "2",
        "enhanced_severity_collision": "3",
        "first_road_class": "6",
        "first_road_number": "0",
        "junction_control": "-1",
        "junction_detail": "0",
        "junction_detail_historic": "-1",
        "latitude": "53.6879",
        "light_conditions": "1",
        "local_authority_district": "-1",
        "local_authority_highway": "E08000033",
        "local_authority_highway_current": "E08000033",
        "local_authority_ons_district": "E08000033",
        "location_easting_osgr": "412023",
        "location_northing_osgr": "421287",
        "longitude": "-1.81942",
        "lsoa_of_accident_location": "E01010892",
        "number_of_casualties": 1,
        "number_of_vehicles": 1,
        "pedestrian_crossing": "0",
        "pedestrian_crossing_human_control_historic": "-1",
        "pedestrian_crossing_physical_facilities_historic": "-1",
        "police_force": "13",
        "road_surface_conditions": "1",
        "road_type": "6",
        "second_road_class": "6",
        "second_road_number": "0",
        "special_conditions_at_site": "-1",
        "speed_limit": 20,
        "time": "16:42",
        "trunk_road_flag": "2",
        "urban_or_rural_area": "1",
        "weather_conditions": "1",
        "geometry_source": "collision_location",
        "source_year": 2025,
        "date_iso": "2025-02-25"
      }
    },
    {
      "type": "Feature",
      "id": "2025131558866",
      "geometry": {
        "type": "Point",
        "coordinates": [
          -1.93887,
          53.74448
        ]
      },
      "properties": {
        "carriageway_hazards": "0",
        "carriageway_hazards_historic": "-1",
        "collision_adjusted_severity_serious": "0",
        "collision_adjusted_severity_slight": "1",
        "collision_index": "2025131558866",
        "collision_injury_based": "1",
        "collision_ref_no": "131558866",
        "collision_severity": "3",
        "collision_year": 2025,
        "date": "26/02/2025",
        "day_of_week": "4",
        "did_police_officer_attend_scene_of_accident": "1",
        "enhanced_severity_collision": "3",
        "first_road_class": "6",
        "first_road_number": "0",
        "junction_control": "-1",
        "junction_detail": "0",
        "junction_detail_historic": "-1",
        "latitude": "53.74448",
        "light_conditions": "6",
        "local_authority_district": "-1",
        "local_authority_highway": "E08000033",
        "local_authority_highway_current": "E08000033",
        "local_authority_ons_district": "E08000033",
        "location_easting_osgr": "404129",
        "location_northing_osgr": "427569",
        "longitude": "-1.93887",
        "lsoa_of_accident_location": "E01010920",
        "number_of_casualties": 1,
        "number_of_vehicles": 1,
        "pedestrian_crossing": "0",
        "pedestrian_crossing_human_control_historic": "-1",
        "pedestrian_crossing_physical_facilities_historic": "-1",
        "police_force": "13",
        "road_surface_conditions": "1",
        "road_type": "6",
        "second_road_class": "6",
        "second_road_number": "0",
        "special_conditions_at_site": "-1",
        "speed_limit": 30,
        "time": "20:50",
        "trunk_road_flag": "2",
        "urban_or_rural_area": "2",
        "weather_conditions": "8",
        "geometry_source": "collision_location",
        "source_year": 2025,
        "date_iso": "2025-02-26"
      }
    },
    {
      "type": "Feature",
      "id": "2025131587922",
      "geometry": {
        "type": "Point",
        "coordinates": [
          -1.85147,
          53.69892
        ]
      },
      "properties": {
        "carriageway_hazards": "0",
        "carriageway_hazards_historic": "-1",
        "collision_adjusted_severity_serious": "0",
        "collision_adjusted_severity_slight": "1",
        "collision_index": "2025131587922",
        "collision_injury_based": "1",
        "collision_ref_no": "131587922",
        "collision_severity": "3",
        "collision_year": 2025,
        "date": "07/05/2025",
        "day_of_week": "4",
        "did_police_officer_attend_scene_of_accident": "2",
        "enhanced_severity_collision": "3",
        "first_road_class": "6",
        "first_road_number": "0",
        "junction_control": "-1",
        "junction_detail": "0",
        "junction_detail_historic": "-1",
        "latitude": "53.69892",
        "light_conditions": "1",
        "local_authority_district": "-1",
        "local_authority_highway": "E08000033",
        "local_authority_highway_current": "E08000033",
        "local_authority_ons_district": "E08000033",
        "location_easting_osgr": "409904",
        "location_northing_osgr": "422508",
        "longitude": "-1.85147",
        "lsoa_of_accident_location": "E01010993",
        "number_of_casualties": 2,
        "number_of_vehicles": 2,
        "pedestrian_crossing": "0",
        "pedestrian_crossing_human_control_historic": "-1",
        "pedestrian_crossing_physical_facilities_historic": "-1",
        "police_force": "13",
        "road_surface_conditions": "1",
        "road_type": "6",
        "second_road_class": "6",
        "second_road_number": "0",
        "special_conditions_at_site": "-1",
        "speed_limit": 20,
        "time": "17:20",
        "trunk_road_flag": "2",
        "urban_or_rural_area": "1",
        "weather_conditions": "1",
        "geometry_source": "collision_location",
        "source_year": 2025,
        "date_iso": "2025-05-07"
      }
    },
    {
      "type": "Feature",
      "id": "2025131604005",
      "geometry": {
        "type": "Point",
        "coordinates": [
          -1.82442,
          53.67346
        ]
      },
      "properties": {
        "carriageway_hazards": "0",
        "carriageway_hazards_historic": "-1",
        "collision_adjusted_severity_serious": "0",
        "collision_adjusted_severity_slight": "1",
        "collision_index": "2025131604005",
        "collision_injury_based": "1",
        "collision_ref_no": "131604005",
        "collision_severity": "3",
        "collision_year": 2025,
        "date": "16/06/2025",
        "day_of_week": "2",
        "did_police_officer_attend_scene_of_accident": "1",
        "enhanced_severity_collision": "3",
        "first_road_class": "1",
        "first_road_number": "62",
        "junction_control": "-1",
        "junction_detail": "0",
        "junction_detail_historic": "-1",
        "latitude": "53.67346",
        "light_conditions": "1",
        "local_authority_district": "-1",
        "local_authority_highway": "E08000033",
        "local_authority_highway_current": "E08000033",
        "local_authority_ons_district": "E08000033",
        "location_easting_osgr": "411697",
        "location_northing_osgr": "419680",
        "longitude": "-1.82442",
        "lsoa_of_accident_location": "E01010901",
        "number_of_casualties": 1,
        "number_of_vehicles": 2,
        "pedestrian_crossing": "0",
        "pedestrian_crossing_human_control_historic": "-1",
        "pedestrian_crossing_physical_facilities_historic": "-1",
        "police_force": "13",
        "road_surface_conditions": "1",
        "road_type": "3",
        "second_road_class": "0",
        "second_road_number": "-1",
        "special_conditions_at_site": "-1",
        "speed_limit": 70,
        "time": "16:02",
        "trunk_road_flag": "1",
        "urban_or_rural_area": "2",
        "weather_conditions": "1",
        "geometry_source": "collision_location",
        "source_year": 2025,
        "date_iso": "2025-06-16"
      }
    },
    {
      "type": "Feature",
      "id": "2025131602782",
      "geometry": {
        "type": "Point",
        "coordinates": [
          -1.88302,
          53.71405
        ]
      },
      "properties": {
        "carriageway_hazards": "0",
        "carriageway_hazards_historic": "-1",
        "collision_adjusted_severity_serious": "0",
        "collision_adjusted_severity_slight": "1",
        "collision_index": "2025131602782",
        "collision_injury_based": "1",
        "collision_ref_no": "131602782",
        "collision_severity": "3",
        "collision_year": 2025,
        "date": "14/06/2025",
        "day_of_week": "7",
        "did_police_officer_attend_scene_of_accident": "1",
        "enhanced_severity_collision": "3",
        "first_road_class": "3",
        "first_road_number": "58",
        "junction_control": "2",
        "junction_detail": "16",
        "junction_detail_historic": "-1",
        "latitude": "53.71405",
        "light_conditions": "1",
        "local_authority_district": "-1",
        "local_authority_highway": "E08000033",
        "local_authority_highway_current": "E08000033",
        "local_authority_ons_district": "E08000033",
        "location_easting_osgr": "407818",
        "location_northing_osgr": "424188",
        "longitude": "-1.88302",
        "lsoa_of_accident_location": "E01010970",
        "number_of_casualties": 1,
        "number_of_vehicles": 2,
        "pedestrian_crossing": "15",
        "pedestrian_crossing_human_control_historic": "-1",
        "pedestrian_crossing_physical_facilities_historic": "-1",
        "police_force": "13",
        "road_surface_conditions": "1",
        "road_type": "3",
        "second_road_class": "3",
        "second_road_number": "646",
        "special_conditions_at_site": "-1",
        "speed_limit": 30,
        "time": "12:51",
        "trunk_road_flag": "2",
        "urban_or_rural_area": "1",
        "weather_conditions": "1",
        "geometry_source": "collision_location",
        "source_year": 2025,
        "date_iso": "2025-06-14"
      }
    },
    {
      "type": "Feature",
      "id": "2025131599450",
      "geometry": {
        "type": "Point",
        "coordinates": [
          -1.84438,
          53.67984
        ]
      },
      "properties": {
        "carriageway_hazards": "0",
        "carriageway_hazards_historic": "-1",
        "collision_adjusted_severity_serious": "0",
        "collision_adjusted_severity_slight": "1",
        "collision_index": "2025131599450",
        "collision_injury_based": "1",
        "collision_ref_no": "131599450",
        "collision_severity": "3",
        "collision_year": 2025,
        "date": "05/06/2025",
        "day_of_week": "5",
        "did_police_officer_attend_scene_of_accident": "2",
        "enhanced_severity_collision": "3",
        "first_road_class": "6",
        "first_road_number": "0",
        "junction_control": "4",
        "junction_detail": "13",
        "junction_detail_historic": "-1",
        "latitude": "53.67984",
        "light_conditions": "1",
        "local_authority_district": "-1",
        "local_authority_highway": "E08000033",
        "local_authority_highway_current": "E08000033",
        "local_authority_ons_district": "E08000033",
        "location_easting_osgr": "410377",
        "location_northing_osgr": "420386",
        "longitude": "-1.84438",
        "lsoa_of_accident_location": "E01010901",
        "number_of_casualties": 1,
        "number_of_vehicles": 1,
        "pedestrian_crossing": "0",
        "pedestrian_crossing_human_control_historic": "-1",
        "pedestrian_crossing_physical_facilities_historic": "-1",
        "police_force": "13",
        "road_surface_conditions": "1",
        "road_type": "6",
        "second_road_class": "6",
        "second_road_number": "0",
        "special_conditions_at_site": "-1",
        "speed_limit": 20,
        "time": "15:30",
        "trunk_road_flag": "2",
        "urban_or_rural_area": "1",
        "weather_conditions": "9",
        "geometry_source": "collision_location",
        "source_year": 2025,
        "date_iso": "2025-06-05"
      }
    },
    {
      "type": "Feature",
      "id": "2025131592680",
      "geometry": {
        "type": "Point",
        "coordinates": [
          -1.89597,
          53.76474
        ]
      },
      "properties": {
        "carriageway_hazards": "0",
        "carriageway_hazards_historic": "-1",
        "collision_adjusted_severity_serious": "1",
        "collision_adjusted_severity_slight": "0",
        "collision_index": "2025131592680",
        "collision_injury_based": "1",
        "collision_ref_no": "131592680",
        "collision_severity": "2",
        "collision_year": 2025,
        "date": "20/05/2025",
        "day_of_week": "3",
        "did_police_officer_attend_scene_of_accident": "1",
        "enhanced_severity_collision": "7",
        "first_road_class": "3",
        "first_road_number": "629",
        "junction_control": "-1",
        "junction_detail": "0",
        "junction_detail_historic": "-1",
        "latitude": "53.76474",
        "light_conditions": "4",
        "local_authority_district": "-1",
        "local_authority_highway": "E08000033",
        "local_authority_highway_current": "E08000033",
        "local_authority_ons_district": "E08000033",
        "location_easting_osgr": "406955",
        "location_northing_osgr": "429826",
        "longitude": "-1.89597",
        "lsoa_of_accident_location": "E01010925",
        "number_of_casualties": 2,
        "number_of_vehicles": 2,
        "pedestrian_crossing": "0",
        "pedestrian_crossing_human_control_historic": "-1",
        "pedestrian_crossing_physical_facilities_historic": "-1",
        "police_force": "13",
        "road_surface_conditions": "1",
        "road_type": "6",
        "second_road_class": "6",
        "second_road_number": "0",
        "special_conditions_at_site": "-1",
        "speed_limit": 50,
        "time": "22:50",
        "trunk_road_flag": "2",
        "urban_or_rural_area": "2",
        "weather_conditions": "1",
        "geometry_source": "collision_location",
        "source_year": 2025,
        "date_iso": "2025-05-20"
      }
    },
    {
      "type": "Feature",
      "id": "2025131643109",
      "geometry": {
        "type": "Point",
        "coordinates": [
          -1.8656,
          53.73712
        ]
      },
      "properties": {
        "carriageway_hazards": "0",
        "carriageway_hazards_historic": "-1",
        "collision_adjusted_severity_serious": "0",
        "collision_adjusted_severity_slight": "1",
        "collision_index": "2025131643109",
        "collision_injury_based": "1",
        "collision_ref_no": "131643109",
        "collision_severity": "3",
        "collision_year": 2025,
        "date": "17/09/2025",
        "day_of_week": "4",
        "did_police_officer_attend_scene_of_accident": "1",
        "enhanced_severity_collision": "3",
        "first_road_class": "6",
        "first_road_number": "0",
        "junction_control": "4",
        "junction_detail": "13",
        "junction_detail_historic": "-1",
        "latitude": "53.73712",
        "light_conditions": "4",
        "local_authority_district": "-1",
        "local_authority_highway": "E08000033",
        "local_authority_highway_current": "E08000033",
        "local_authority_ons_district": "E08000033",
        "location_easting_osgr": "408963",
        "location_northing_osgr": "426756",
        "longitude": "-1.8656",
        "lsoa_of_accident_location": "E01010967",
        "number_of_casualties": 1,
        "number_of_vehicles": 2,
        "pedestrian_crossing": "0",
        "pedestrian_crossing_human_control_historic": "-1",
        "pedestrian_crossing_physical_facilities_historic": "-1",
        "police_force": "13",
        "road_surface_conditions": "2",
        "road_type": "6",
        "second_road_class": "6",
        "second_road_number": "0",
        "special_conditions_at_site": "-1",
        "speed_limit": 20,
        "time": "20:05",
        "trunk_road_flag": "2",
        "urban_or_rural_area": "1",
        "weather_conditions": "1",
        "geometry_source": "collision_location",
        "source_year": 2025,
        "date_iso": "2025-09-17"
      }
    },
    {
      "type": "Feature",
      "id": "2025131644243",
      "geometry": {
        "type": "Point",
        "coordinates": [
          -1.86521,
          53.70669
        ]
      },
      "properties": {
        "carriageway_hazards": "0",
        "carriageway_hazards_historic": "-1",
        "collision_adjusted_severity_serious": "0",
        "collision_adjusted_severity_slight": "1",
        "collision_index": "2025131644243",
        "collision_injury_based": "1",
        "collision_ref_no": "131644243",
        "collision_severity": "3",
        "collision_year": 2025,
        "date": "20/09/2025",
        "day_of_week": "7",
        "did_police_officer_attend_scene_of_accident": "2",
        "enhanced_severity_collision": "3",
        "first_road_class": "3",
        "first_road_number": "646",
        "junction_control": "4",
        "junction_detail": "13",
        "junction_detail_historic": "-1",
        "latitude": "53.70669",
        "light_conditions": "1",
        "local_authority_district": "-1",
        "local_authority_highway": "E08000033",
        "local_authority_highway_current": "E08000033",
        "local_authority_ons_district": "E08000033",
        "location_easting_osgr": "408995",
        "location_northing_osgr": "423371",
        "longitude": "-1.86521",
        "lsoa_of_accident_location": "E01010972",
        "number_of_casualties": 1,
        "number_of_vehicles": 2,
        "pedestrian_crossing": "0",
        "pedestrian_crossing_human_control_historic": "-1",
        "pedestrian_crossing_physical_facilities_historic": "-1",
        "police_force": "13",
        "road_surface_conditions": "2",
        "road_type": "3",
        "second_road_class": "6",
        "second_road_number": "0",
        "special_conditions_at_site": "-1",
        "speed_limit": 30,
        "time": "12:15",
        "trunk_road_flag": "2",
        "urban_or_rural_area": "1",
        "weather_conditions": "2",
        "geometry_source": "collision_location",
        "source_year": 2025,
        "date_iso": "2025-09-20"
      }
    },
    {
      "type": "Feature",
      "id": "2025131547504",
      "geometry": {
        "type": "Point",
        "coordinates": [
          -1.78005,
          53.69183
        ]
      },
      "properties": {
        "carriageway_hazards": "0",
        "carriageway_hazards_historic": "-1",
        "collision_adjusted_severity_serious": "0",
        "collision_adjusted_severity_slight": "1",
        "collision_index": "2025131547504",
        "collision_injury_based": "1",
        "collision_ref_no": "131547504",
        "collision_severity": "3",
        "collision_year": 2025,
        "date": "28/01/2025",
        "day_of_week": "3",
        "did_police_officer_attend_scene_of_accident": "1",
        "enhanced_severity_collision": "3",
        "first_road_class": "3",
        "first_road_number": "641",
        "junction_control": "-1",
        "junction_detail": "0",
        "junction_detail_historic": "-1",
        "latitude": "53.69183",
        "light_conditions": "4",
        "local_authority_district": "-1",
        "local_authority_highway": "E08000033",
        "local_authority_highway_current": "E08000033",
        "local_authority_ons_district": "E08000033",
        "location_easting_osgr": "414622",
        "location_northing_osgr": "421732",
        "longitude": "-1.78005",
        "lsoa_of_accident_location": "E01010946",
        "number_of_casualties": 2,
        "number_of_vehicles": 3,
        "pedestrian_crossing": "0",
        "pedestrian_crossing_human_control_historic": "-1",
        "pedestrian_crossing_physical_facilities_historic": "-1",
        "police_force": "13",
        "road_surface_conditions": "2",
        "road_type": "6",
        "second_road_class": "6",
        "second_road_number": "0",
        "special_conditions_at_site": "-1",
        "speed_limit": 30,
        "time": "18:05",
        "trunk_road_flag": "2",
        "urban_or_rural_area": "1",
        "weather_conditions": "1",
        "geometry_source": "collision_location",
        "source_year": 2025,
        "date_iso": "2025-01-28"
      }
    },
    {
      "type": "Feature",
      "id": "2025131568299",
      "geometry": {
        "type": "Point",
        "coordinates": [
          -1.91973,
          53.71419
        ]
      },
      "properties": {
        "carriageway_hazards": "0",
        "carriageway_hazards_historic": "-1",
        "collision_adjusted_severity_serious": "0",
        "collision_adjusted_severity_slight": "1",
        "collision_index": "2025131568299",
        "collision_injury_based": "1",
        "collision_ref_no": "131568299",
        "collision_severity": "3",
        "collision_year": 2025,
        "date": "23/03/2025",
        "day_of_week": "1",
        "did_police_officer_attend_scene_of_accident": "1",
        "enhanced_severity_collision": "3",
        "first_road_class": "3",
        "first_road_number": "646",
        "junction_control": "-1",
        "junction_detail": "0",
        "junction_detail_historic": "-1",
        "latitude": "53.71419",
        "light_conditions": "1",
        "local_authority_district": "-1",
        "local_authority_highway": "E08000033",
        "local_authority_highway_current": "E08000033",
        "local_authority_ons_district": "E08000033",
        "location_easting_osgr": "405395",
        "location_northing_osgr": "424200",
        "longitude": "-1.91973",
        "lsoa_of_accident_location": "E01010978",
        "number_of_casualties": 1,
        "number_of_vehicles": 5,
        "pedestrian_crossing": "0",
        "pedestrian_crossing_human_control_historic": "-1",
        "pedestrian_crossing_physical_facilities_historic": "-1",
        "police_force": "13",
        "road_surface_conditions": "1",
        "road_type": "6",
        "second_road_class": "6",
        "second_road_number": "0",
        "special_conditions_at_site": "-1",
        "speed_limit": 30,
        "time": "12:55",
        "trunk_road_flag": "2",
        "urban_or_rural_area": "1",
        "weather_conditions": "1",
        "geometry_source": "collision_location",
        "source_year": 2025,
        "date_iso": "2025-03-23"
      }
    },
    {
      "type": "Feature",
      "id": "2025131561065",
      "geometry": {
        "type": "Point",
        "coordinates": [
          -1.88571,
          53.71757
        ]
      },
      "properties": {
        "carriageway_hazards": "0",
        "carriageway_hazards_historic": "-1",
        "collision_adjusted_severity_serious": "0",
        "collision_adjusted_severity_slight": "1",
        "collision_index": "2025131561065",
        "collision_injury_based": "1",
        "collision_ref_no": "131561065",
        "collision_severity": "3",
        "collision_year": 2025,
        "date": "04/03/2025",
        "day_of_week": "3",
        "did_police_officer_attend_scene_of_accident": "1",
        "enhanced_severity_collision": "3",
        "first_road_class": "6",
        "first_road_number": "0",
        "junction_control": "4",
        "junction_detail": "19",
        "junction_detail_historic": "-1",
        "latitude": "53.71757",
        "light_conditions": "1",
        "local_authority_district": "-1",
        "local_authority_highway": "E08000033",
        "local_authority_highway_current": "E08000033",
        "local_authority_ons_district": "E08000033",
        "location_easting_osgr": "407640",
        "location_northing_osgr": "424579",
        "longitude": "-1.88571",
        "lsoa_of_accident_location": "E01011002",
        "number_of_casualties": 1,
        "number_of_vehicles": 1,
        "pedestrian_crossing": "0",
        "pedestrian_crossing_human_control_historic": "-1",
        "pedestrian_crossing_physical_facilities_historic": "-1",
        "police_force": "13",
        "road_surface_conditions": "1",
        "road_type": "6",
        "second_road_class": "6",
        "second_road_number": "0",
        "special_conditions_at_site": "-1",
        "speed_limit": 20,
        "time": "17:05",
        "trunk_road_flag": "2",
        "urban_or_rural_area": "1",
        "weather_conditions": "1",
        "geometry_source": "collision_location",
        "source_year": 2025,
        "date_iso": "2025-03-04"
      }
    },
    {
      "type": "Feature",
      "id": "2025131547008",
      "geometry": {
        "type": "Point",
        "coordinates": [
          -1.98432,
          53.73147
        ]
      },
      "properties": {
        "carriageway_hazards": "0",
        "carriageway_hazards_historic": "-1",
        "collision_adjusted_severity_serious": "0",
        "collision_adjusted_severity_slight": "1",
        "collision_index": "2025131547008",
        "collision_injury_based": "1",
        "collision_ref_no": "131547008",
        "collision_severity": "3",
        "collision_year": 2025,
        "date": "22/01/2025",
        "day_of_week": "4",
        "did_police_officer_attend_scene_of_accident": "2",
        "enhanced_severity_collision": "3",
        "first_road_class": "6",
        "first_road_number": "0",
        "junction_control": "4",
        "junction_detail": "13",
        "junction_detail_historic": "-1",
        "latitude": "53.73147",
        "light_conditions": "1",
        "local_authority_district": "-1",
        "local_authority_highway": "E08000033",
        "local_authority_highway_current": "E08000033",
        "local_authority_ons_district": "E08000033",
        "location_easting_osgr": "401132",
        "location_northing_osgr": "426120",
        "longitude": "-1.98432",
        "lsoa_of_accident_location": "E01010919",
        "number_of_casualties": 1,
        "number_of_vehicles": 1,
        "pedestrian_crossing": "0",
        "pedestrian_crossing_human_control_historic": "-1",
        "pedestrian_crossing_physical_facilities_historic": "-1",
        "police_force": "13",
        "road_surface_conditions": "1",
        "road_type": "6",
        "second_road_class": "3",
        "second_road_number": "646",
        "special_conditions_at_site": "-1",
        "speed_limit": 30,
        "time": "15:25",
        "trunk_road_flag": "2",
        "urban_or_rural_area": "2",
        "weather_conditions": "1",
        "geometry_source": "collision_location",
        "source_year": 2025,
        "date_iso": "2025-01-22"
      }
    },
    {
      "type": "Feature",
      "id": "2025131560074",
      "geometry": {
        "type": "Point",
        "coordinates": [
          -1.87314,
          53.70096
        ]
      },
      "properties": {
        "carriageway_hazards": "0",
        "carriageway_hazards_historic": "-1",
        "collision_adjusted_severity_serious": "0",
        "collision_adjusted_severity_slight": "1",
        "collision_index": "2025131560074",
        "collision_injury_based": "1",
        "collision_ref_no": "131560074",
        "collision_severity": "3",
        "collision_year": 2025,
        "date": "02/03/2025",
        "day_of_week": "1",
        "did_police_officer_attend_scene_of_accident": "1",
        "enhanced_severity_collision": "3",
        "first_road_class": "3",
        "first_road_number": "6026",
        "junction_control": "-1",
        "junction_detail": "0",
        "junction_detail_historic": "-1",
        "latitude": "53.70096",
        "light_conditions": "1",
        "local_authority_district": "-1",
        "local_authority_highway": "E08000033",
        "local_authority_highway_current": "E08000033",
        "local_authority_ons_district": "E08000033",
        "location_easting_osgr": "408473",
        "location_northing_osgr": "422732",
        "longitude": "-1.87314",
        "lsoa_of_accident_location": "E01010973",
        "number_of_casualties": 1,
        "number_of_vehicles": 1,
        "pedestrian_crossing": "0",
        "pedestrian_crossing_human_control_historic": "-1",
        "pedestrian_crossing_physical_facilities_historic": "-1",
        "police_force": "13",
        "road_surface_conditions": "1",
        "road_type": "6",
        "second_road_class": "6",
        "second_road_number": "0",
        "special_conditions_at_site": "-1",
        "speed_limit": 30,
        "time": "08:50",
        "trunk_road_flag": "2",
        "urban_or_rural_area": "1",
        "weather_conditions": "8",
        "geometry_source": "collision_location",
        "source_year": 2025,
        "date_iso": "2025-03-02"
      }
    },
    {
      "type": "Feature",
      "id": "2025131672919",
      "geometry": {
        "type": "Point",
        "coordinates": [
          -1.87465,
          53.73757
        ]
      },
      "properties": {
        "carriageway_hazards": "0",
        "carriageway_hazards_historic": "-1",
        "collision_adjusted_severity_serious": "0",
        "collision_adjusted_severity_slight": "1",
        "collision_index": "2025131672919",
        "collision_injury_based": "1",
        "collision_ref_no": "131672919",
        "collision_severity": "3",
        "collision_year": 2025,
        "date": "24/11/2025",
        "day_of_week": "2",
        "did_police_officer_attend_scene_of_accident": "1",
        "enhanced_severity_collision": "3",
        "first_road_class": "3",
        "first_road_number": "629",
        "junction_control": "4",
        "junction_detail": "13",
        "junction_detail_historic": "-1",
        "latitude": "53.73757",
        "light_conditions": "1",
        "local_authority_district": "-1",
        "local_authority_highway": "E08000033",
        "local_authority_highway_current": "E08000033",
        "local_authority_ons_district": "E08000033",
        "location_easting_osgr": "408366",
        "location_northing_osgr": "426805",
        "longitude": "-1.87465",
        "lsoa_of_accident_location": "E01010940",
        "number_of_casualties": 1,
        "number_of_vehicles": 2,
        "pedestrian_crossing": "0",
        "pedestrian_crossing_human_control_historic": "-1",
        "pedestrian_crossing_physical_facilities_historic": "-1",
        "police_force": "13",
        "road_surface_conditions": "2",
        "road_type": "6",
        "second_road_class": "6",
        "second_road_number": "0",
        "special_conditions_at_site": "-1",
        "speed_limit": 30,
        "time": "08:33",
        "trunk_road_flag": "2",
        "urban_or_rural_area": "1",
        "weather_conditions": "2",
        "geometry_source": "collision_location",
        "source_year": 2025,
        "date_iso": "2025-11-24"
      }
    },
    {
      "type": "Feature",
      "id": "2025131573406",
      "geometry": {
        "type": "Point",
        "coordinates": [
          -1.75664,
          53.70172
        ]
      },
      "properties": {
        "carriageway_hazards": "0",
        "carriageway_hazards_historic": "-1",
        "collision_adjusted_severity_serious": "0",
        "collision_adjusted_severity_slight": "1",
        "collision_index": "2025131573406",
        "collision_injury_based": "1",
        "collision_ref_no": "131573406",
        "collision_severity": "3",
        "collision_year": 2025,
        "date": "02/04/2025",
        "day_of_week": "4",
        "did_police_officer_attend_scene_of_accident": "1",
        "enhanced_severity_collision": "3",
        "first_road_class": "6",
        "first_road_number": "0",
        "junction_control": "-1",
        "junction_detail": "0",
        "junction_detail_historic": "-1",
        "latitude": "53.70172",
        "light_conditions": "1",
        "local_authority_district": "-1",
        "local_authority_highway": "E08000033",
        "local_authority_highway_current": "E08000033",
        "local_authority_ons_district": "E08000033",
        "location_easting_osgr": "416164",
        "location_northing_osgr": "422837",
        "longitude": "-1.75664",
        "lsoa_of_accident_location": "E01010879",
        "number_of_casualties": 1,
        "number_of_vehicles": 1,
        "pedestrian_crossing": "0",
        "pedestrian_crossing_human_control_historic": "-1",
        "pedestrian_crossing_physical_facilities_historic": "-1",
        "police_force": "13",
        "road_surface_conditions": "1",
        "road_type": "6",
        "second_road_class": "6",
        "second_road_number": "0",
        "special_conditions_at_site": "-1",
        "speed_limit": 20,
        "time": "15:30",
        "trunk_road_flag": "2",
        "urban_or_rural_area": "1",
        "weather_conditions": "2",
        "geometry_source": "collision_location",
        "source_year": 2025,
        "date_iso": "2025-04-02"
      }
    },
    {
      "type": "Feature",
      "id": "2025131657341",
      "geometry": {
        "type": "Point",
        "coordinates": [
          -1.80482,
          53.75728
        ]
      },
      "properties": {
        "carriageway_hazards": "0",
        "carriageway_hazards_historic": "-1",
        "collision_adjusted_severity_serious": "0",
        "collision_adjusted_severity_slight": "1",
        "collision_index": "2025131657341",
        "collision_injury_based": "1",
        "collision_ref_no": "131657341",
        "collision_severity": "3",
        "collision_year": 2025,
        "date": "16/10/2025",
        "day_of_week": "5",
        "did_police_officer_attend_scene_of_accident": "2",
        "enhanced_severity_collision": "3",
        "first_road_class": "4",
        "first_road_number": "6147",
        "junction_control": "4",
        "junction_detail": "19",
        "junction_detail_historic": "-1",
        "latitude": "53.75728",
        "light_conditions": "7",
        "local_authority_district": "-1",
        "local_authority_highway": "E08000033",
        "local_authority_highway_current": "E08000033",
        "local_authority_ons_district": "E08000033",
        "location_easting_osgr": "412966",
        "location_northing_osgr": "429009",
        "longitude": "-1.80482",
        "lsoa_of_accident_location": "E01010932",
        "number_of_casualties": 1,
        "number_of_vehicles": 2,
        "pedestrian_crossing": "0",
        "pedestrian_crossing_human_control_historic": "-1",
        "pedestrian_crossing_physical_facilities_historic": "-1",
        "police_force": "13",
        "road_surface_conditions": "2",
        "road_type": "6",
        "second_road_class": "3",
        "second_road_number": "6036",
        "special_conditions_at_site": "-1",
        "speed_limit": 30,
        "time": "07:55",
        "trunk_road_flag": "2",
        "urban_or_rural_area": "1",
        "weather_conditions": "9",
        "geometry_source": "collision_location",
        "source_year": 2025,
        "date_iso": "2025-10-16"
      }
    },
    {
      "type": "Feature",
      "id": "2025131621468",
      "geometry": {
        "type": "Point",
        "coordinates": [
          -1.88261,
          53.72569
        ]
      },
      "properties": {
        "carriageway_hazards": "0",
        "carriageway_hazards_historic": "-1",
        "collision_adjusted_severity_serious": "0",
        "collision_adjusted_severity_slight": "1",
        "collision_index": "2025131621468",
        "collision_injury_based": "1",
        "collision_ref_no": "131621468",
        "collision_severity": "3",
        "collision_year": 2025,
        "date": "27/07/2025",
        "day_of_week": "1",
        "did_police_officer_attend_scene_of_accident": "1",
        "enhanced_severity_collision": "3",
        "first_road_class": "6",
        "first_road_number": "0",
        "junction_control": "-1",
        "junction_detail": "0",
        "junction_detail_historic": "-1",
        "latitude": "53.72569",
        "light_conditions": "1",
        "local_authority_district": "-1",
        "local_authority_highway": "E08000033",
        "local_authority_highway_current": "E08000033",
        "local_authority_ons_district": "E08000033",
        "location_easting_osgr": "407843",
        "location_northing_osgr": "425483",
        "longitude": "-1.88261",
        "lsoa_of_accident_location": "E01010964",
        "number_of_casualties": 1,
        "number_of_vehicles": 1,
        "pedestrian_crossing": "0",
        "pedestrian_crossing_human_control_historic": "-1",
        "pedestrian_crossing_physical_facilities_historic": "-1",
        "police_force": "13",
        "road_surface_conditions": "1",
        "road_type": "9",
        "second_road_class": "6",
        "second_road_number": "0",
        "special_conditions_at_site": "-1",
        "speed_limit": 30,
        "time": "19:47",
        "trunk_road_flag": "2",
        "urban_or_rural_area": "1",
        "weather_conditions": "1",
        "geometry_source": "collision_location",
        "source_year": 2025,
        "date_iso": "2025-07-27"
      }
    },
    {
      "type": "Feature",
      "id": "2025131632396",
      "geometry": {
        "type": "Point",
        "coordinates": [
          -1.90127,
          53.75039
        ]
      },
      "properties": {
        "carriageway_hazards": "0",
        "carriageway_hazards_historic": "-1",
        "collision_adjusted_severity_serious": "0",
        "collision_adjusted_severity_slight": "1",
        "collision_index": "2025131632396",
        "collision_injury_based": "1",
        "collision_ref_no": "131632396",
        "collision_severity": "3",
        "collision_year": 2025,
        "date": "22/08/2025",
        "day_of_week": "6",
        "did_police_officer_attend_scene_of_accident": "2",
        "enhanced_severity_collision": "3",
        "first_road_class": "6",
        "first_road_number": "0",
        "junction_control": "-1",
        "junction_detail": "0",
        "junction_detail_historic": "-1",
        "latitude": "53.75039",
        "light_conditions": "1",
        "local_authority_district": "-1",
        "local_authority_highway": "E08000033",
        "local_authority_highway_current": "E08000033",
        "local_authority_ons_district": "E08000033",
        "location_easting_osgr": "406608",
        "location_northing_osgr": "428229",
        "longitude": "-1.90127",
        "lsoa_of_accident_location": "E01010924",
        "number_of_casualties": 1,
        "number_of_vehicles": 1,
        "pedestrian_crossing": "0",
        "pedestrian_crossing_human_control_historic": "-1",
        "pedestrian_crossing_physical_facilities_historic": "-1",
        "police_force": "13",
        "road_surface_conditions": "1",
        "road_type": "6",
        "second_road_class": "6",
        "second_road_number": "0",
        "special_conditions_at_site": "-1",
        "speed_limit": 30,
        "time": "15:00",
        "trunk_road_flag": "2",
        "urban_or_rural_area": "2",
        "weather_conditions": "1",
        "geometry_source": "collision_location",
        "source_year": 2025,
        "date_iso": "2025-08-22"
      }
    },
    {
      "type": "Feature",
      "id": "2025131688362",
      "geometry": {
        "type": "Point",
        "coordinates": [
          -1.86139,
          53.73475
        ]
      },
      "properties": {
        "carriageway_hazards": "0",
        "carriageway_hazards_historic": "-1",
        "collision_adjusted_severity_serious": "0",
        "collision_adjusted_severity_slight": "1",
        "collision_index": "2025131688362",
        "collision_injury_based": "1",
        "collision_ref_no": "131688362",
        "collision_severity": "3",
        "collision_year": 2025,
        "date": "26/12/2025",
        "day_of_week": "6",
        "did_police_officer_attend_scene_of_accident": "1",
        "enhanced_severity_collision": "3",
        "first_road_class": "6",
        "first_road_number": "0",
        "junction_control": "4",
        "junction_detail": "13",
        "junction_detail_historic": "-1",
        "latitude": "53.73475",
        "light_conditions": "4",
        "local_authority_district": "-1",
        "local_authority_highway": "E08000033",
        "local_authority_highway_current": "E08000033",
        "local_authority_ons_district": "E08000033",
        "location_easting_osgr": "409241",
        "location_northing_osgr": "426493",
        "longitude": "-1.86139",
        "lsoa_of_accident_location": "E01032923",
        "number_of_casualties": 3,
        "number_of_vehicles": 2,
        "pedestrian_crossing": "0",
        "pedestrian_crossing_human_control_historic": "-1",
        "pedestrian_crossing_physical_facilities_historic": "-1",
        "police_force": "13",
        "road_surface_conditions": "1",
        "road_type": "6",
        "second_road_class": "6",
        "second_road_number": "0",
        "special_conditions_at_site": "-1",
        "speed_limit": 20,
        "time": "19:50",
        "trunk_road_flag": "2",
        "urban_or_rural_area": "1",
        "weather_conditions": "1",
        "geometry_source": "collision_location",
        "source_year": 2025,
        "date_iso": "2025-12-26"
      }
    },
    {
      "type": "Feature",
      "id": "2025131559153",
      "geometry": {
        "type": "Point",
        "coordinates": [
          -1.8355,
          53.68048
        ]
      },
      "properties": {
        "carriageway_hazards": "0",
        "carriageway_hazards_historic": "-1",
        "collision_adjusted_severity_serious": "1",
        "collision_adjusted_severity_slight": "0",
        "collision_index": "2025131559153",
        "collision_injury_based": "1",
        "collision_ref_no": "131559153",
        "collision_severity": "2",
        "collision_year": 2025,
        "date": "27/02/2025",
        "day_of_week": "5",
        "did_police_officer_attend_scene_of_accident": "1",
        "enhanced_severity_collision": "7",
        "first_road_class": "6",
        "first_road_number": "0",
        "junction_control": "4",
        "junction_detail": "16",
        "junction_detail_historic": "-1",
        "latitude": "53.68048",
        "light_conditions": "1",
        "local_authority_district": "-1",
        "local_authority_highway": "E08000033",
        "local_authority_highway_current": "E08000033",
        "local_authority_ons_district": "E08000033",
        "location_easting_osgr": "410963",
        "location_northing_osgr": "420459",
        "longitude": "-1.8355",
        "lsoa_of_accident_location": "E01010894",
        "number_of_casualties": 1,
        "number_of_vehicles": 1,
        "pedestrian_crossing": "0",
        "pedestrian_crossing_human_control_historic": "-1",
        "pedestrian_crossing_physical_facilities_historic": "-1",
        "police_force": "13",
        "road_surface_conditions": "1",
        "road_type": "6",
        "second_road_class": "6",
        "second_road_number": "0",
        "special_conditions_at_site": "-1",
        "speed_limit": 30,
        "time": "16:51",
        "trunk_road_flag": "2",
        "urban_or_rural_area": "1",
        "weather_conditions": "1",
        "geometry_source": "collision_location",
        "source_year": 2025,
        "date_iso": "2025-02-27"
      }
    },
    {
      "type": "Feature",
      "id": "2025131583127",
      "geometry": {
        "type": "Point",
        "coordinates": [
          -1.9391,
          53.77458
        ]
      },
      "properties": {
        "carriageway_hazards": "0",
        "carriageway_hazards_historic": "-1",
        "collision_adjusted_severity_serious": "1",
        "collision_adjusted_severity_slight": "0",
        "collision_index": "2025131583127",
        "collision_injury_based": "1",
        "collision_ref_no": "131583127",
        "collision_severity": "2",
        "collision_year": 2025,
        "date": "28/04/2025",
        "day_of_week": "2",
        "did_police_officer_attend_scene_of_accident": "1",
        "enhanced_severity_collision": "7",
        "first_road_class": "6",
        "first_road_number": "0",
        "junction_control": "-1",
        "junction_detail": "0",
        "junction_detail_historic": "-1",
        "latitude": "53.77458",
        "light_conditions": "1",
        "local_authority_district": "-1",
        "local_authority_highway": "E08000033",
        "local_authority_highway_current": "E08000033",
        "local_authority_ons_district": "E08000033",
        "location_easting_osgr": "404111",
        "location_northing_osgr": "430918",
        "longitude": "-1.9391",
        "lsoa_of_accident_location": "E01010911",
        "number_of_casualties": 3,
        "number_of_vehicles": 2,
        "pedestrian_crossing": "0",
        "pedestrian_crossing_human_control_historic": "-1",
        "pedestrian_crossing_physical_facilities_historic": "-1",
        "police_force": "13",
        "road_surface_conditions": "1",
        "road_type": "6",
        "second_road_class": "6",
        "second_road_number": "0",
        "special_conditions_at_site": "-1",
        "speed_limit": 60,
        "time": "19:00",
        "trunk_road_flag": "2",
        "urban_or_rural_area": "2",
        "weather_conditions": "1",
        "geometry_source": "collision_location",
        "source_year": 2025,
        "date_iso": "2025-04-28"
      }
    },
    {
      "type": "Feature",
      "id": "2025131593517",
      "geometry": {
        "type": "Point",
        "coordinates": [
          -1.7447,
          53.70946
        ]
      },
      "properties": {
        "carriageway_hazards": "0",
        "carriageway_hazards_historic": "-1",
        "collision_adjusted_severity_serious": "0",
        "collision_adjusted_severity_slight": "1",
        "collision_index": "2025131593517",
        "collision_injury_based": "1",
        "collision_ref_no": "131593517",
        "collision_severity": "3",
        "collision_year": 2025,
        "date": "22/05/2025",
        "day_of_week": "5",
        "did_police_officer_attend_scene_of_accident": "1",
        "enhanced_severity_collision": "3",
        "first_road_class": "1",
        "first_road_number": "62",
        "junction_control": "-1",
        "junction_detail": "0",
        "junction_detail_historic": "-1",
        "latitude": "53.70946",
        "light_conditions": "1",
        "local_authority_district": "-1",
        "local_authority_highway": "E08000033",
        "local_authority_highway_current": "E08000033",
        "local_authority_ons_district": "E08000033",
        "location_easting_osgr": "416949",
        "location_northing_osgr": "423701",
        "longitude": "-1.7447",
        "lsoa_of_accident_location": "E01010879",
        "number_of_casualties": 1,
        "number_of_vehicles": 2,
        "pedestrian_crossing": "0",
        "pedestrian_crossing_human_control_historic": "-1",
        "pedestrian_crossing_physical_facilities_historic": "-1",
        "police_force": "13",
        "road_surface_conditions": "1",
        "road_type": "3",
        "second_road_class": "0",
        "second_road_number": "-1",
        "special_conditions_at_site": "-1",
        "speed_limit": 70,
        "time": "16:06",
        "trunk_road_flag": "1",
        "urban_or_rural_area": "2",
        "weather_conditions": "1",
        "geometry_source": "collision_location",
        "source_year": 2025,
        "date_iso": "2025-05-22"
      }
    },
    {
      "type": "Feature",
      "id": "2025131559038",
      "geometry": {
        "type": "Point",
        "coordinates": [
          -1.85366,
          53.70201
        ]
      },
      "properties": {
        "carriageway_hazards": "0",
        "carriageway_hazards_historic": "-1",
        "collision_adjusted_severity_serious": "0",
        "collision_adjusted_severity_slight": "1",
        "collision_index": "2025131559038",
        "collision_injury_based": "1",
        "collision_ref_no": "131559038",
        "collision_severity": "3",
        "collision_year": 2025,
        "date": "27/02/2025",
        "day_of_week": "5",
        "did_police_officer_attend_scene_of_accident": "1",
        "enhanced_severity_collision": "3",
        "first_road_class": "3",
        "first_road_number": "629",
        "junction_control": "-1",
        "junction_detail": "0",
        "junction_detail_historic": "-1",
        "latitude": "53.70201",
        "light_conditions": "1",
        "local_authority_district": "-1",
        "local_authority_highway": "E08000033",
        "local_authority_highway_current": "E08000033",
        "local_authority_ons_district": "E08000033",
        "location_easting_osgr": "409759",
        "location_northing_osgr": "422852",
        "longitude": "-1.85366",
        "lsoa_of_accident_location": "E01010971",
        "number_of_casualties": 1,
        "number_of_vehicles": 2,
        "pedestrian_crossing": "0",
        "pedestrian_crossing_human_control_historic": "-1",
        "pedestrian_crossing_physical_facilities_historic": "-1",
        "police_force": "13",
        "road_surface_conditions": "1",
        "road_type": "3",
        "second_road_class": "6",
        "second_road_number": "0",
        "special_conditions_at_site": "-1",
        "speed_limit": 30,
        "time": "11:30",
        "trunk_road_flag": "2",
        "urban_or_rural_area": "1",
        "weather_conditions": "1",
        "geometry_source": "collision_location",
        "source_year": 2025,
        "date_iso": "2025-02-27"
      }
    },
    {
      "type": "Feature",
      "id": "2025131657696",
      "geometry": {
        "type": "Point",
        "coordinates": [
          -1.98243,
          53.73066
        ]
      },
      "properties": {
        "carriageway_hazards": "0",
        "carriageway_hazards_historic": "-1",
        "collision_adjusted_severity_serious": "0",
        "collision_adjusted_severity_slight": "1",
        "collision_index": "2025131657696",
        "collision_injury_based": "1",
        "collision_ref_no": "131657696",
        "collision_severity": "3",
        "collision_year": 2025,
        "date": "21/10/2025",
        "day_of_week": "3",
        "did_police_officer_attend_scene_of_accident": "2",
        "enhanced_severity_collision": "3",
        "first_road_class": "3",
        "first_road_number": "646",
        "junction_control": "4",
        "junction_detail": "13",
        "junction_detail_historic": "-1",
        "latitude": "53.73066",
        "light_conditions": "1",
        "local_authority_district": "-1",
        "local_authority_highway": "E08000033",
        "local_authority_highway_current": "E08000033",
        "local_authority_ons_district": "E08000033",
        "location_easting_osgr": "401257",
        "location_northing_osgr": "426030",
        "longitude": "-1.98243",
        "lsoa_of_accident_location": "E01010917",
        "number_of_casualties": 1,
        "number_of_vehicles": 2,
        "pedestrian_crossing": "14",
        "pedestrian_crossing_human_control_historic": "-1",
        "pedestrian_crossing_physical_facilities_historic": "-1",
        "police_force": "13",
        "road_surface_conditions": "1",
        "road_type": "6",
        "second_road_class": "4",
        "second_road_number": "6138",
        "special_conditions_at_site": "-1",
        "speed_limit": 30,
        "time": "16:00",
        "trunk_road_flag": "2",
        "urban_or_rural_area": "2",
        "weather_conditions": "1",
        "geometry_source": "collision_location",
        "source_year": 2025,
        "date_iso": "2025-10-21"
      }
    },
    {
      "type": "Feature",
      "id": "2025131681432",
      "geometry": {
        "type": "Point",
        "coordinates": [
          -1.77974,
          53.70132
        ]
      },
      "properties": {
        "carriageway_hazards": "0",
        "carriageway_hazards_historic": "-1",
        "collision_adjusted_severity_serious": "0",
        "collision_adjusted_severity_slight": "1",
        "collision_index": "2025131681432",
        "collision_injury_based": "1",
        "collision_ref_no": "131681432",
        "collision_severity": "3",
        "collision_year": 2025,
        "date": "10/12/2025",
        "day_of_week": "4",
        "did_police_officer_attend_scene_of_accident": "2",
        "enhanced_severity_collision": "3",
        "first_road_class": "6",
        "first_road_number": "0",
        "junction_control": "4",
        "junction_detail": "13",
        "junction_detail_historic": "-1",
        "latitude": "53.70132",
        "light_conditions": "1",
        "local_authority_district": "-1",
        "local_authority_highway": "E08000033",
        "local_authority_highway_current": "E08000033",
        "local_authority_ons_district": "E08000033",
        "location_easting_osgr": "414639",
        "location_northing_osgr": "422787",
        "longitude": "-1.77974",
        "lsoa_of_accident_location": "E01010949",
        "number_of_casualties": 1,
        "number_of_vehicles": 1,
        "pedestrian_crossing": "0",
        "pedestrian_crossing_human_control_historic": "-1",
        "pedestrian_crossing_physical_facilities_historic": "-1",
        "police_force": "13",
        "road_surface_conditions": "1",
        "road_type": "2",
        "second_road_class": "6",
        "second_road_number": "0",
        "special_conditions_at_site": "-1",
        "speed_limit": 20,
        "time": "11:55",
        "trunk_road_flag": "2",
        "urban_or_rural_area": "1",
        "weather_conditions": "1",
        "geometry_source": "collision_location",
        "source_year": 2025,
        "date_iso": "2025-12-10"
      }
    },
    {
      "type": "Feature",
      "id": "2025131558106",
      "geometry": {
        "type": "Point",
        "coordinates": [
          -1.78222,
          53.71042
        ]
      },
      "properties": {
        "carriageway_hazards": "0",
        "carriageway_hazards_historic": "-1",
        "collision_adjusted_severity_serious": "0",
        "collision_adjusted_severity_slight": "1",
        "collision_index": "2025131558106",
        "collision_injury_based": "1",
        "collision_ref_no": "131558106",
        "collision_severity": "3",
        "collision_year": 2025,
        "date": "22/02/2025",
        "day_of_week": "7",
        "did_police_officer_attend_scene_of_accident": "2",
        "enhanced_severity_collision": "3",
        "first_road_class": "6",
        "first_road_number": "0",
        "junction_control": "-1",
        "junction_detail": "0",
        "junction_detail_historic": "-1",
        "latitude": "53.71042",
        "light_conditions": "4",
        "local_authority_district": "-1",
        "local_authority_highway": "E08000033",
        "local_authority_highway_current": "E08000033",
        "local_authority_ons_district": "E08000033",
        "location_easting_osgr": "414472",
        "location_northing_osgr": "423799",
        "longitude": "-1.78222",
        "lsoa_of_accident_location": "E01010876",
        "number_of_casualties": 1,
        "number_of_vehicles": 1,
        "pedestrian_crossing": "0",
        "pedestrian_crossing_human_control_historic": "-1",
        "pedestrian_crossing_physical_facilities_historic": "-1",
        "police_force": "13",
        "road_surface_conditions": "1",
        "road_type": "6",
        "second_road_class": "6",
        "second_road_number": "0",
        "special_conditions_at_site": "-1",
        "speed_limit": 30,
        "time": "21:25",
        "trunk_road_flag": "2",
        "urban_or_rural_area": "1",
        "weather_conditions": "9",
        "geometry_source": "collision_location",
        "source_year": 2025,
        "date_iso": "2025-02-22"
      }
    },
    {
      "type": "Feature",
      "id": "2025131573952",
      "geometry": {
        "type": "Point",
        "coordinates": [
          -1.78808,
          53.70486
        ]
      },
      "properties": {
        "carriageway_hazards": "0",
        "carriageway_hazards_historic": "-1",
        "collision_adjusted_severity_serious": "1",
        "collision_adjusted_severity_slight": "0",
        "collision_index": "2025131573952",
        "collision_injury_based": "1",
        "collision_ref_no": "131573952",
        "collision_severity": "2",
        "collision_year": 2025,
        "date": "04/04/2025",
        "day_of_week": "6",
        "did_police_officer_attend_scene_of_accident": "1",
        "enhanced_severity_collision": "7",
        "first_road_class": "3",
        "first_road_number": "644",
        "junction_control": "4",
        "junction_detail": "16",
        "junction_detail_historic": "-1",
        "latitude": "53.70486",
        "light_conditions": "1",
        "local_authority_district": "-1",
        "local_authority_highway": "E08000033",
        "local_authority_highway_current": "E08000033",
        "local_authority_ons_district": "E08000033",
        "location_easting_osgr": "414087",
        "location_northing_osgr": "423180",
        "longitude": "-1.78808",
        "lsoa_of_accident_location": "E01010949",
        "number_of_casualties": 1,
        "number_of_vehicles": 2,
        "pedestrian_crossing": "0",
        "pedestrian_crossing_human_control_historic": "-1",
        "pedestrian_crossing_physical_facilities_historic": "-1",
        "police_force": "13",
        "road_surface_conditions": "1",
        "road_type": "6",
        "second_road_class": "6",
        "second_road_number": "0",
        "special_conditions_at_site": "-1",
        "speed_limit": 30,
        "time": "08:53",
        "trunk_road_flag": "2",
        "urban_or_rural_area": "1",
        "weather_conditions": "1",
        "geometry_source": "collision_location",
        "source_year": 2025,
        "date_iso": "2025-04-04"
      }
    },
    {
      "type": "Feature",
      "id": "2025131647049",
      "geometry": {
        "type": "Point",
        "coordinates": [
          -1.92085,
          53.73629
        ]
      },
      "properties": {
        "carriageway_hazards": "0",
        "carriageway_hazards_historic": "-1",
        "collision_adjusted_severity_serious": "0",
        "collision_adjusted_severity_slight": "1",
        "collision_index": "2025131647049",
        "collision_injury_based": "1",
        "collision_ref_no": "131647049",
        "collision_severity": "3",
        "collision_year": 2025,
        "date": "06/09/2025",
        "day_of_week": "7",
        "did_police_officer_attend_scene_of_accident": "1",
        "enhanced_severity_collision": "3",
        "first_road_class": "6",
        "first_road_number": "0",
        "junction_control": "-1",
        "junction_detail": "0",
        "junction_detail_historic": "-1",
        "latitude": "53.73629",
        "light_conditions": "1",
        "local_authority_district": "-1",
        "local_authority_highway": "E08000033",
        "local_authority_highway_current": "E08000033",
        "local_authority_ons_district": "E08000033",
        "location_easting_osgr": "405319",
        "location_northing_osgr": "426659",
        "longitude": "-1.92085",
        "lsoa_of_accident_location": "E01010927",
        "number_of_casualties": 2,
        "number_of_vehicles": 1,
        "pedestrian_crossing": "0",
        "pedestrian_crossing_human_control_historic": "-1",
        "pedestrian_crossing_physical_facilities_historic": "-1",
        "police_force": "13",
        "road_surface_conditions": "1",
        "road_type": "6",
        "second_road_class": "0",
        "second_road_number": "-1",
        "special_conditions_at_site": "-1",
        "speed_limit": 60,
        "time": "15:40",
        "trunk_road_flag": "2",
        "urban_or_rural_area": "2",
        "weather_conditions": "1",
        "geometry_source": "collision_location",
        "source_year": 2025,
        "date_iso": "2025-09-06"
      }
    },
    {
      "type": "Feature",
      "id": "2025131537758",
      "geometry": {
        "type": "Point",
        "coordinates": [
          -1.82491,
          53.69778
        ]
      },
      "properties": {
        "carriageway_hazards": "0",
        "carriageway_hazards_historic": "-1",
        "collision_adjusted_severity_serious": "0",
        "collision_adjusted_severity_slight": "1",
        "collision_index": "2025131537758",
        "collision_injury_based": "1",
        "collision_ref_no": "131537758",
        "collision_severity": "3",
        "collision_year": 2025,
        "date": "05/01/2025",
        "day_of_week": "1",
        "did_police_officer_attend_scene_of_accident": "1",
        "enhanced_severity_collision": "3",
        "first_road_class": "3",
        "first_road_number": "6025",
        "junction_control": "-1",
        "junction_detail": "0",
        "junction_detail_historic": "-1",
        "latitude": "53.69778",
        "light_conditions": "4",
        "local_authority_district": "-1",
        "local_authority_highway": "E08000033",
        "local_authority_highway_current": "E08000033",
        "local_authority_ons_district": "E08000033",
        "location_easting_osgr": "411658",
        "location_northing_osgr": "422385",
        "longitude": "-1.82491",
        "lsoa_of_accident_location": "E01010877",
        "number_of_casualties": 3,
        "number_of_vehicles": 2,
        "pedestrian_crossing": "0",
        "pedestrian_crossing_human_control_historic": "-1",
        "pedestrian_crossing_physical_facilities_historic": "-1",
        "police_force": "13",
        "road_surface_conditions": "2",
        "road_type": "6",
        "second_road_class": "0",
        "second_road_number": "-1",
        "special_conditions_at_site": "-1",
        "speed_limit": 40,
        "time": "00:47",
        "trunk_road_flag": "2",
        "urban_or_rural_area": "2",
        "weather_conditions": "3",
        "geometry_source": "collision_location",
        "source_year": 2025,
        "date_iso": "2025-01-05"
      }
    },
    {
      "type": "Feature",
      "id": "2025131577352",
      "geometry": {
        "type": "Point",
        "coordinates": [
          -1.87832,
          53.7366
        ]
      },
      "properties": {
        "carriageway_hazards": "0",
        "carriageway_hazards_historic": "-1",
        "collision_adjusted_severity_serious": "0",
        "collision_adjusted_severity_slight": "1",
        "collision_index": "2025131577352",
        "collision_injury_based": "1",
        "collision_ref_no": "131577352",
        "collision_severity": "3",
        "collision_year": 2025,
        "date": "11/04/2025",
        "day_of_week": "6",
        "did_police_officer_attend_scene_of_accident": "1",
        "enhanced_severity_collision": "3",
        "first_road_class": "6",
        "first_road_number": "0",
        "junction_control": "-1",
        "junction_detail": "0",
        "junction_detail_historic": "-1",
        "latitude": "53.7366",
        "light_conditions": "1",
        "local_authority_district": "-1",
        "local_authority_highway": "E08000033",
        "local_authority_highway_current": "E08000033",
        "local_authority_ons_district": "E08000033",
        "location_easting_osgr": "408124",
        "location_northing_osgr": "426697",
        "longitude": "-1.87832",
        "lsoa_of_accident_location": "E01010938",
        "number_of_casualties": 1,
        "number_of_vehicles": 1,
        "pedestrian_crossing": "0",
        "pedestrian_crossing_human_control_historic": "-1",
        "pedestrian_crossing_physical_facilities_historic": "-1",
        "police_force": "13",
        "road_surface_conditions": "1",
        "road_type": "6",
        "second_road_class": "6",
        "second_road_number": "0",
        "special_conditions_at_site": "-1",
        "speed_limit": 30,
        "time": "16:03",
        "trunk_road_flag": "2",
        "urban_or_rural_area": "1",
        "weather_conditions": "1",
        "geometry_source": "collision_location",
        "source_year": 2025,
        "date_iso": "2025-04-11"
      }
    },
    {
      "type": "Feature",
      "id": "2025131637065",
      "geometry": {
        "type": "Point",
        "coordinates": [
          -1.85589,
          53.72275
        ]
      },
      "properties": {
        "carriageway_hazards": "0",
        "carriageway_hazards_historic": "-1",
        "collision_adjusted_severity_serious": "0",
        "collision_adjusted_severity_slight": "1",
        "collision_index": "2025131637065",
        "collision_injury_based": "1",
        "collision_ref_no": "131637065",
        "collision_severity": "3",
        "collision_year": 2025,
        "date": "03/09/2025",
        "day_of_week": "4",
        "did_police_officer_attend_scene_of_accident": "1",
        "enhanced_severity_collision": "3",
        "first_road_class": "6",
        "first_road_number": "0",
        "junction_control": "4",
        "junction_detail": "13",
        "junction_detail_historic": "-1",
        "latitude": "53.72275",
        "light_conditions": "4",
        "local_authority_district": "-1",
        "local_authority_highway": "E08000033",
        "local_authority_highway_current": "E08000033",
        "local_authority_ons_district": "E08000033",
        "location_easting_osgr": "409607",
        "location_northing_osgr": "425159",
        "longitude": "-1.85589",
        "lsoa_of_accident_location": "E01034582",
        "number_of_casualties": 3,
        "number_of_vehicles": 3,
        "pedestrian_crossing": "0",
        "pedestrian_crossing_human_control_historic": "-1",
        "pedestrian_crossing_physical_facilities_historic": "-1",
        "police_force": "13",
        "road_surface_conditions": "2",
        "road_type": "6",
        "second_road_class": "6",
        "second_road_number": "0",
        "special_conditions_at_site": "-1",
        "speed_limit": 30,
        "time": "20:32",
        "trunk_road_flag": "2",
        "urban_or_rural_area": "1",
        "weather_conditions": "2",
        "geometry_source": "collision_location",
        "source_year": 2025,
        "date_iso": "2025-09-03"
      }
    },
    {
      "type": "Feature",
      "id": "2025131644800",
      "geometry": {
        "type": "Point",
        "coordinates": [
          -1.87426,
          53.72469
        ]
      },
      "properties": {
        "carriageway_hazards": "0",
        "carriageway_hazards_historic": "-1",
        "collision_adjusted_severity_serious": "0",
        "collision_adjusted_severity_slight": "1",
        "collision_index": "2025131644800",
        "collision_injury_based": "1",
        "collision_ref_no": "131644800",
        "collision_severity": "3",
        "collision_year": 2025,
        "date": "22/09/2025",
        "day_of_week": "2",
        "did_police_officer_attend_scene_of_accident": "1",
        "enhanced_severity_collision": "3",
        "first_road_class": "6",
        "first_road_number": "0",
        "junction_control": "4",
        "junction_detail": "13",
        "junction_detail_historic": "-1",
        "latitude": "53.72469",
        "light_conditions": "1",
        "local_authority_district": "-1",
        "local_authority_highway": "E08000033",
        "local_authority_highway_current": "E08000033",
        "local_authority_ons_district": "E08000033",
        "location_easting_osgr": "408394",
        "location_northing_osgr": "425372",
        "longitude": "-1.87426",
        "lsoa_of_accident_location": "E01010965",
        "number_of_casualties": 1,
        "number_of_vehicles": 2,
        "pedestrian_crossing": "0",
        "pedestrian_crossing_human_control_historic": "-1",
        "pedestrian_crossing_physical_facilities_historic": "-1",
        "police_force": "13",
        "road_surface_conditions": "1",
        "road_type": "6",
        "second_road_class": "6",
        "second_road_number": "0",
        "special_conditions_at_site": "-1",
        "speed_limit": 20,
        "time": "08:00",
        "trunk_road_flag": "2",
        "urban_or_rural_area": "1",
        "weather_conditions": "1",
        "geometry_source": "collision_location",
        "source_year": 2025,
        "date_iso": "2025-09-22"
      }
    },
    {
      "type": "Feature",
      "id": "2025131674332",
      "geometry": {
        "type": "Point",
        "coordinates": [
          -1.81536,
          53.73024
        ]
      },
      "properties": {
        "carriageway_hazards": "0",
        "carriageway_hazards_historic": "-1",
        "collision_adjusted_severity_serious": "1",
        "collision_adjusted_severity_slight": "0",
        "collision_index": "2025131674332",
        "collision_injury_based": "1",
        "collision_ref_no": "131674332",
        "collision_severity": "2",
        "collision_year": 2025,
        "date": "25/11/2025",
        "day_of_week": "3",
        "did_police_officer_attend_scene_of_accident": "1",
        "enhanced_severity_collision": "5",
        "first_road_class": "3",
        "first_road_number": "644",
        "junction_control": "4",
        "junction_detail": "19",
        "junction_detail_historic": "-1",
        "latitude": "53.73024",
        "light_conditions": "4",
        "local_authority_district": "-1",
        "local_authority_highway": "E08000033",
        "local_authority_highway_current": "E08000033",
        "local_authority_ons_district": "E08000033",
        "location_easting_osgr": "412279",
        "location_northing_osgr": "425999",
        "longitude": "-1.81536",
        "lsoa_of_accident_location": "E01010907",
        "number_of_casualties": 1,
        "number_of_vehicles": 2,
        "pedestrian_crossing": "0",
        "pedestrian_crossing_human_control_historic": "-1",
        "pedestrian_crossing_physical_facilities_historic": "-1",
        "police_force": "13",
        "road_surface_conditions": "2",
        "road_type": "6",
        "second_road_class": "6",
        "second_road_number": "0",
        "special_conditions_at_site": "-1",
        "speed_limit": 30,
        "time": "17:15",
        "trunk_road_flag": "2",
        "urban_or_rural_area": "1",
        "weather_conditions": "1",
        "geometry_source": "collision_location",
        "source_year": 2025,
        "date_iso": "2025-11-25"
      }
    },
    {
      "type": "Feature",
      "id": "2025131652707",
      "geometry": {
        "type": "Point",
        "coordinates": [
          -1.82345,
          53.69268
        ]
      },
      "properties": {
        "carriageway_hazards": "0",
        "carriageway_hazards_historic": "-1",
        "collision_adjusted_severity_serious": "0",
        "collision_adjusted_severity_slight": "1",
        "collision_index": "2025131652707",
        "collision_injury_based": "1",
        "collision_ref_no": "131652707",
        "collision_severity": "3",
        "collision_year": 2025,
        "date": "10/10/2025",
        "day_of_week": "6",
        "did_police_officer_attend_scene_of_accident": "1",
        "enhanced_severity_collision": "3",
        "first_road_class": "6",
        "first_road_number": "0",
        "junction_control": "-1",
        "junction_detail": "0",
        "junction_detail_historic": "-1",
        "latitude": "53.69268",
        "light_conditions": "1",
        "local_authority_district": "-1",
        "local_authority_highway": "E08000033",
        "local_authority_highway_current": "E08000033",
        "local_authority_ons_district": "E08000033",
        "location_easting_osgr": "411756",
        "location_northing_osgr": "421818",
        "longitude": "-1.82345",
        "lsoa_of_accident_location": "E01010890",
        "number_of_casualties": 1,
        "number_of_vehicles": 2,
        "pedestrian_crossing": "0",
        "pedestrian_crossing_human_control_historic": "-1",
        "pedestrian_crossing_physical_facilities_historic": "-1",
        "police_force": "13",
        "road_surface_conditions": "1",
        "road_type": "6",
        "second_road_class": "6",
        "second_road_number": "0",
        "special_conditions_at_site": "-1",
        "speed_limit": 30,
        "time": "08:35",
        "trunk_road_flag": "2",
        "urban_or_rural_area": "1",
        "weather_conditions": "1",
        "geometry_source": "collision_location",
        "source_year": 2025,
        "date_iso": "2025-10-10"
      }
    },
    {
      "type": "Feature",
      "id": "2025131562118",
      "geometry": {
        "type": "Point",
        "coordinates": [
          -1.97072,
          53.70804
        ]
      },
      "properties": {
        "carriageway_hazards": "0",
        "carriageway_hazards_historic": "-1",
        "collision_adjusted_severity_serious": "1",
        "collision_adjusted_severity_slight": "0",
        "collision_index": "2025131562118",
        "collision_injury_based": "1",
        "collision_ref_no": "131562118",
        "collision_severity": "2",
        "collision_year": 2025,
        "date": "06/03/2025",
        "day_of_week": "5",
        "did_police_officer_attend_scene_of_accident": "1",
        "enhanced_severity_collision": "7",
        "first_road_class": "6",
        "first_road_number": "0",
        "junction_control": "4",
        "junction_detail": "19",
        "junction_detail_historic": "-1",
        "latitude": "53.70804",
        "light_conditions": "6",
        "local_authority_district": "-1",
        "local_authority_highway": "E08000033",
        "local_authority_highway_current": "E08000033",
        "local_authority_ons_district": "E08000033",
        "location_easting_osgr": "402030",
        "location_northing_osgr": "423513",
        "longitude": "-1.97072",
        "lsoa_of_accident_location": "E01010918",
        "number_of_casualties": 1,
        "number_of_vehicles": 1,
        "pedestrian_crossing": "0",
        "pedestrian_crossing_human_control_historic": "-1",
        "pedestrian_crossing_physical_facilities_historic": "-1",
        "police_force": "13",
        "road_surface_conditions": "1",
        "road_type": "6",
        "second_road_class": "6",
        "second_road_number": "0",
        "special_conditions_at_site": "-1",
        "speed_limit": 30,
        "time": "04:52",
        "trunk_road_flag": "2",
        "urban_or_rural_area": "2",
        "weather_conditions": "1",
        "geometry_source": "collision_location",
        "source_year": 2025,
        "date_iso": "2025-03-06"
      }
    },
    {
      "type": "Feature",
      "id": "2025131605583",
      "geometry": {
        "type": "Point",
        "coordinates": [
          -1.86096,
          53.72403
        ]
      },
      "properties": {
        "carriageway_hazards": "0",
        "carriageway_hazards_historic": "-1",
        "collision_adjusted_severity_serious": "1",
        "collision_adjusted_severity_slight": "0",
        "collision_index": "2025131605583",
        "collision_injury_based": "1",
        "collision_ref_no": "131605583",
        "collision_severity": "2",
        "collision_year": 2025,
        "date": "19/06/2025",
        "day_of_week": "5",
        "did_police_officer_attend_scene_of_accident": "1",
        "enhanced_severity_collision": "7",
        "first_road_class": "6",
        "first_road_number": "0",
        "junction_control": "4",
        "junction_detail": "13",
        "junction_detail_historic": "-1",
        "latitude": "53.72403",
        "light_conditions": "1",
        "local_authority_district": "-1",
        "local_authority_highway": "E08000033",
        "local_authority_highway_current": "E08000033",
        "local_authority_ons_district": "E08000033",
        "location_easting_osgr": "409272",
        "location_northing_osgr": "425301",
        "longitude": "-1.86096",
        "lsoa_of_accident_location": "E01034582",
        "number_of_casualties": 1,
        "number_of_vehicles": 1,
        "pedestrian_crossing": "0",
        "pedestrian_crossing_human_control_historic": "-1",
        "pedestrian_crossing_physical_facilities_historic": "-1",
        "police_force": "13",
        "road_surface_conditions": "1",
        "road_type": "6",
        "second_road_class": "6",
        "second_road_number": "0",
        "special_conditions_at_site": "-1",
        "speed_limit": 20,
        "time": "13:10",
        "trunk_road_flag": "2",
        "urban_or_rural_area": "1",
        "weather_conditions": "1",
        "geometry_source": "collision_location",
        "source_year": 2025,
        "date_iso": "2025-06-19"
      }
    },
    {
      "type": "Feature",
      "id": "2025131610884",
      "geometry": {
        "type": "Point",
        "coordinates": [
          -1.82843,
          53.67282
        ]
      },
      "properties": {
        "carriageway_hazards": "0",
        "carriageway_hazards_historic": "-1",
        "collision_adjusted_severity_serious": "0",
        "collision_adjusted_severity_slight": "1",
        "collision_index": "2025131610884",
        "collision_injury_based": "1",
        "collision_ref_no": "131610884",
        "collision_severity": "3",
        "collision_year": 2025,
        "date": "03/07/2025",
        "day_of_week": "5",
        "did_police_officer_attend_scene_of_accident": "1",
        "enhanced_severity_collision": "3",
        "first_road_class": "1",
        "first_road_number": "62",
        "junction_control": "-1",
        "junction_detail": "0",
        "junction_detail_historic": "-1",
        "latitude": "53.67282",
        "light_conditions": "1",
        "local_authority_district": "-1",
        "local_authority_highway": "E08000033",
        "local_authority_highway_current": "E08000033",
        "local_authority_ons_district": "E08000033",
        "location_easting_osgr": "411432",
        "location_northing_osgr": "419608",
        "longitude": "-1.82843",
        "lsoa_of_accident_location": "E01010901",
        "number_of_casualties": 1,
        "number_of_vehicles": 2,
        "pedestrian_crossing": "0",
        "pedestrian_crossing_human_control_historic": "-1",
        "pedestrian_crossing_physical_facilities_historic": "-1",
        "police_force": "13",
        "road_surface_conditions": "1",
        "road_type": "3",
        "second_road_class": "1",
        "second_road_number": "62",
        "special_conditions_at_site": "-1",
        "speed_limit": 50,
        "time": "07:20",
        "trunk_road_flag": "1",
        "urban_or_rural_area": "1",
        "weather_conditions": "1",
        "geometry_source": "collision_location",
        "source_year": 2025,
        "date_iso": "2025-07-03"
      }
    },
    {
      "type": "Feature",
      "id": "2025131614478",
      "geometry": {
        "type": "Point",
        "coordinates": [
          -2.01861,
          53.63094
        ]
      },
      "properties": {
        "carriageway_hazards": "11",
        "carriageway_hazards_historic": "-1",
        "collision_adjusted_severity_serious": "0",
        "collision_adjusted_severity_slight": "1",
        "collision_index": "2025131614478",
        "collision_injury_based": "1",
        "collision_ref_no": "131614478",
        "collision_severity": "3",
        "collision_year": 2025,
        "date": "10/07/2025",
        "day_of_week": "5",
        "did_police_officer_attend_scene_of_accident": "1",
        "enhanced_severity_collision": "3",
        "first_road_class": "3",
        "first_road_number": "672",
        "junction_control": "4",
        "junction_detail": "16",
        "junction_detail_historic": "-1",
        "latitude": "53.63094",
        "light_conditions": "4",
        "local_authority_district": "-1",
        "local_authority_highway": "E08000033",
        "local_authority_highway_current": "E08000033",
        "local_authority_ons_district": "E08000033",
        "location_easting_osgr": "398867",
        "location_northing_osgr": "414935",
        "longitude": "-2.01861",
        "lsoa_of_accident_location": "E01010955",
        "number_of_casualties": 1,
        "number_of_vehicles": 2,
        "pedestrian_crossing": "0",
        "pedestrian_crossing_human_control_historic": "-1",
        "pedestrian_crossing_physical_facilities_historic": "-1",
        "police_force": "13",
        "road_surface_conditions": "1",
        "road_type": "3",
        "second_road_class": "3",
        "second_road_number": "672",
        "special_conditions_at_site": "-1",
        "speed_limit": 50,
        "time": "22:47",
        "trunk_road_flag": "2",
        "urban_or_rural_area": "2",
        "weather_conditions": "1",
        "geometry_source": "collision_location",
        "source_year": 2025,
        "date_iso": "2025-07-10"
      }
    },
    {
      "type": "Feature",
      "id": "2025131647364",
      "geometry": {
        "type": "Point",
        "coordinates": [
          -1.86066,
          53.72687
        ]
      },
      "properties": {
        "carriageway_hazards": "0",
        "carriageway_hazards_historic": "-1",
        "collision_adjusted_severity_serious": "0",
        "collision_adjusted_severity_slight": "1",
        "collision_index": "2025131647364",
        "collision_injury_based": "1",
        "collision_ref_no": "131647364",
        "collision_severity": "3",
        "collision_year": 2025,
        "date": "27/09/2025",
        "day_of_week": "7",
        "did_police_officer_attend_scene_of_accident": "1",
        "enhanced_severity_collision": "3",
        "first_road_class": "3",
        "first_road_number": "58",
        "junction_control": "-1",
        "junction_detail": "0",
        "junction_detail_historic": "-1",
        "latitude": "53.72687",
        "light_conditions": "4",
        "local_authority_district": "-1",
        "local_authority_highway": "E08000033",
        "local_authority_highway_current": "E08000033",
        "local_authority_ons_district": "E08000033",
        "location_easting_osgr": "409291",
        "location_northing_osgr": "425617",
        "longitude": "-1.86066",
        "lsoa_of_accident_location": "E01034582",
        "number_of_casualties": 1,
        "number_of_vehicles": 2,
        "pedestrian_crossing": "0",
        "pedestrian_crossing_human_control_historic": "-1",
        "pedestrian_crossing_physical_facilities_historic": "-1",
        "police_force": "13",
        "road_surface_conditions": "2",
        "road_type": "3",
        "second_road_class": "0",
        "second_road_number": "-1",
        "special_conditions_at_site": "-1",
        "speed_limit": 40,
        "time": "20:18",
        "trunk_road_flag": "2",
        "urban_or_rural_area": "1",
        "weather_conditions": "2",
        "geometry_source": "collision_location",
        "source_year": 2025,
        "date_iso": "2025-09-27"
      }
    },
    {
      "type": "Feature",
      "id": "2025131597696",
      "geometry": {
        "type": "Point",
        "coordinates": [
          -2.03956,
          53.7566
        ]
      },
      "properties": {
        "carriageway_hazards": "0",
        "carriageway_hazards_historic": "-1",
        "collision_adjusted_severity_serious": "0",
        "collision_adjusted_severity_slight": "1",
        "collision_index": "2025131597696",
        "collision_injury_based": "1",
        "collision_ref_no": "131597696",
        "collision_severity": "3",
        "collision_year": 2025,
        "date": "02/06/2025",
        "day_of_week": "2",
        "did_police_officer_attend_scene_of_accident": "1",
        "enhanced_severity_collision": "3",
        "first_road_class": "6",
        "first_road_number": "0",
        "junction_control": "-1",
        "junction_detail": "0",
        "junction_detail_historic": "-1",
        "latitude": "53.7566",
        "light_conditions": "1",
        "local_authority_district": "-1",
        "local_authority_highway": "E08000033",
        "local_authority_highway_current": "E08000033",
        "local_authority_ons_district": "E08000033",
        "location_easting_osgr": "397489",
        "location_northing_osgr": "428916",
        "longitude": "-2.03956",
        "lsoa_of_accident_location": "E01010887",
        "number_of_casualties": 1,
        "number_of_vehicles": 2,
        "pedestrian_crossing": "0",
        "pedestrian_crossing_human_control_historic": "-1",
        "pedestrian_crossing_physical_facilities_historic": "-1",
        "police_force": "13",
        "road_surface_conditions": "1",
        "road_type": "6",
        "second_road_class": "6",
        "second_road_number": "0",
        "special_conditions_at_site": "-1",
        "speed_limit": 50,
        "time": "16:52",
        "trunk_road_flag": "2",
        "urban_or_rural_area": "2",
        "weather_conditions": "1",
        "geometry_source": "collision_location",
        "source_year": 2025,
        "date_iso": "2025-06-02"
      }
    },
    {
      "type": "Feature",
      "id": "2025131601915",
      "geometry": {
        "type": "Point",
        "coordinates": [
          -1.77632,
          53.69243
        ]
      },
      "properties": {
        "carriageway_hazards": "0",
        "carriageway_hazards_historic": "-1",
        "collision_adjusted_severity_serious": "0",
        "collision_adjusted_severity_slight": "1",
        "collision_index": "2025131601915",
        "collision_injury_based": "1",
        "collision_ref_no": "131601915",
        "collision_severity": "3",
        "collision_year": 2025,
        "date": "11/06/2025",
        "day_of_week": "4",
        "did_police_officer_attend_scene_of_accident": "2",
        "enhanced_severity_collision": "3",
        "first_road_class": "6",
        "first_road_number": "0",
        "junction_control": "-1",
        "junction_detail": "0",
        "junction_detail_historic": "-1",
        "latitude": "53.69243",
        "light_conditions": "1",
        "local_authority_district": "-1",
        "local_authority_highway": "E08000033",
        "local_authority_highway_current": "E08000033",
        "local_authority_ons_district": "E08000033",
        "location_easting_osgr": "414868",
        "location_northing_osgr": "421799",
        "longitude": "-1.77632",
        "lsoa_of_accident_location": "E01010947",
        "number_of_casualties": 1,
        "number_of_vehicles": 2,
        "pedestrian_crossing": "0",
        "pedestrian_crossing_human_control_historic": "-1",
        "pedestrian_crossing_physical_facilities_historic": "-1",
        "police_force": "13",
        "road_surface_conditions": "1",
        "road_type": "6",
        "second_road_class": "6",
        "second_road_number": "0",
        "special_conditions_at_site": "-1",
        "speed_limit": 30,
        "time": "08:45",
        "trunk_road_flag": "2",
        "urban_or_rural_area": "1",
        "weather_conditions": "1",
        "geometry_source": "collision_location",
        "source_year": 2025,
        "date_iso": "2025-06-11"
      }
    },
    {
      "type": "Feature",
      "id": "2025131627008",
      "geometry": {
        "type": "Point",
        "coordinates": [
          -1.84398,
          53.73025
        ]
      },
      "properties": {
        "carriageway_hazards": "0",
        "carriageway_hazards_historic": "-1",
        "collision_adjusted_severity_serious": "0",
        "collision_adjusted_severity_slight": "1",
        "collision_index": "2025131627008",
        "collision_injury_based": "1",
        "collision_ref_no": "131627008",
        "collision_severity": "3",
        "collision_year": 2025,
        "date": "09/08/2025",
        "day_of_week": "7",
        "did_police_officer_attend_scene_of_accident": "2",
        "enhanced_severity_collision": "3",
        "first_road_class": "3",
        "first_road_number": "58",
        "junction_control": "-1",
        "junction_detail": "0",
        "junction_detail_historic": "-1",
        "latitude": "53.73025",
        "light_conditions": "4",
        "local_authority_district": "-1",
        "local_authority_highway": "E08000033",
        "local_authority_highway_current": "E08000033",
        "local_authority_ons_district": "E08000033",
        "location_easting_osgr": "410391",
        "location_northing_osgr": "425995",
        "longitude": "-1.84398",
        "lsoa_of_accident_location": "E01010934",
        "number_of_casualties": 3,
        "number_of_vehicles": 2,
        "pedestrian_crossing": "0",
        "pedestrian_crossing_human_control_historic": "-1",
        "pedestrian_crossing_physical_facilities_historic": "-1",
        "police_force": "13",
        "road_surface_conditions": "1",
        "road_type": "6",
        "second_road_class": "6",
        "second_road_number": "0",
        "special_conditions_at_site": "-1",
        "speed_limit": 40,
        "time": "22:20",
        "trunk_road_flag": "2",
        "urban_or_rural_area": "2",
        "weather_conditions": "1",
        "geometry_source": "collision_location",
        "source_year": 2025,
        "date_iso": "2025-08-09"
      }
    },
    {
      "type": "Feature",
      "id": "2025131537823",
      "geometry": {
        "type": "Point",
        "coordinates": [
          -1.996,
          53.63372
        ]
      },
      "properties": {
        "carriageway_hazards": "0",
        "carriageway_hazards_historic": "-1",
        "collision_adjusted_severity_serious": "1",
        "collision_adjusted_severity_slight": "0",
        "collision_index": "2025131537823",
        "collision_injury_based": "1",
        "collision_ref_no": "131537823",
        "collision_severity": "2",
        "collision_year": 2025,
        "date": "05/01/2025",
        "day_of_week": "1",
        "did_police_officer_attend_scene_of_accident": "1",
        "enhanced_severity_collision": "6",
        "first_road_class": "1",
        "first_road_number": "62",
        "junction_control": "-1",
        "junction_detail": "0",
        "junction_detail_historic": "-1",
        "latitude": "53.63372",
        "light_conditions": "1",
        "local_authority_district": "-1",
        "local_authority_highway": "E08000033",
        "local_authority_highway_current": "E08000033",
        "local_authority_ons_district": "E08000033",
        "location_easting_osgr": "400362",
        "location_northing_osgr": "415244",
        "longitude": "-1.996",
        "lsoa_of_accident_location": "E01010955",
        "number_of_casualties": 1,
        "number_of_vehicles": 2,
        "pedestrian_crossing": "0",
        "pedestrian_crossing_human_control_historic": "-1",
        "pedestrian_crossing_physical_facilities_historic": "-1",
        "police_force": "13",
        "road_surface_conditions": "3",
        "road_type": "3",
        "second_road_class": "0",
        "second_road_number": "-1",
        "special_conditions_at_site": "-1",
        "speed_limit": 70,
        "time": "09:44",
        "trunk_road_flag": "1",
        "urban_or_rural_area": "2",
        "weather_conditions": "3",
        "geometry_source": "collision_location",
        "source_year": 2025,
        "date_iso": "2025-01-05"
      }
    },
    {
      "type": "Feature",
      "id": "2025131573407",
      "geometry": {
        "type": "Point",
        "coordinates": [
          -1.79961,
          53.6915
        ]
      },
      "properties": {
        "carriageway_hazards": "0",
        "carriageway_hazards_historic": "-1",
        "collision_adjusted_severity_serious": "1",
        "collision_adjusted_severity_slight": "0",
        "collision_index": "2025131573407",
        "collision_injury_based": "1",
        "collision_ref_no": "131573407",
        "collision_severity": "2",
        "collision_year": 2025,
        "date": "02/04/2025",
        "day_of_week": "4",
        "did_police_officer_attend_scene_of_accident": "1",
        "enhanced_severity_collision": "7",
        "first_road_class": "6",
        "first_road_number": "0",
        "junction_control": "4",
        "junction_detail": "19",
        "junction_detail_historic": "-1",
        "latitude": "53.6915",
        "light_conditions": "1",
        "local_authority_district": "-1",
        "local_authority_highway": "E08000033",
        "local_authority_highway_current": "E08000033",
        "local_authority_ons_district": "E08000033",
        "location_easting_osgr": "413330",
        "location_northing_osgr": "421691",
        "longitude": "-1.79961",
        "lsoa_of_accident_location": "E01010891",
        "number_of_casualties": 1,
        "number_of_vehicles": 2,
        "pedestrian_crossing": "0",
        "pedestrian_crossing_human_control_historic": "-1",
        "pedestrian_crossing_physical_facilities_historic": "-1",
        "police_force": "13",
        "road_surface_conditions": "1",
        "road_type": "6",
        "second_road_class": "6",
        "second_road_number": "0",
        "special_conditions_at_site": "-1",
        "speed_limit": 30,
        "time": "19:00",
        "trunk_road_flag": "2",
        "urban_or_rural_area": "1",
        "weather_conditions": "1",
        "geometry_source": "collision_location",
        "source_year": 2025,
        "date_iso": "2025-04-02"
      }
    },
    {
      "type": "Feature",
      "id": "2025131580799",
      "geometry": {
        "type": "Point",
        "coordinates": [
          -1.87785,
          53.72293
        ]
      },
      "properties": {
        "carriageway_hazards": "0",
        "carriageway_hazards_historic": "-1",
        "collision_adjusted_severity_serious": "0",
        "collision_adjusted_severity_slight": "1",
        "collision_index": "2025131580799",
        "collision_injury_based": "1",
        "collision_ref_no": "131580799",
        "collision_severity": "3",
        "collision_year": 2025,
        "date": "22/04/2025",
        "day_of_week": "3",
        "did_police_officer_attend_scene_of_accident": "1",
        "enhanced_severity_collision": "3",
        "first_road_class": "6",
        "first_road_number": "0",
        "junction_control": "-1",
        "junction_detail": "0",
        "junction_detail_historic": "-1",
        "latitude": "53.72293",
        "light_conditions": "1",
        "local_authority_district": "-1",
        "local_authority_highway": "E08000033",
        "local_authority_highway_current": "E08000033",
        "local_authority_ons_district": "E08000033",
        "location_easting_osgr": "408158",
        "location_northing_osgr": "425176",
        "longitude": "-1.87785",
        "lsoa_of_accident_location": "E01010966",
        "number_of_casualties": 1,
        "number_of_vehicles": 2,
        "pedestrian_crossing": "17",
        "pedestrian_crossing_human_control_historic": "-1",
        "pedestrian_crossing_physical_facilities_historic": "-1",
        "police_force": "13",
        "road_surface_conditions": "1",
        "road_type": "6",
        "second_road_class": "6",
        "second_road_number": "0",
        "special_conditions_at_site": "-1",
        "speed_limit": 30,
        "time": "16:05",
        "trunk_road_flag": "2",
        "urban_or_rural_area": "1",
        "weather_conditions": "1",
        "geometry_source": "collision_location",
        "source_year": 2025,
        "date_iso": "2025-04-22"
      }
    },
    {
      "type": "Feature",
      "id": "2025131611201",
      "geometry": {
        "type": "Point",
        "coordinates": [
          -1.94338,
          53.72061
        ]
      },
      "properties": {
        "carriageway_hazards": "11",
        "carriageway_hazards_historic": "-1",
        "collision_adjusted_severity_serious": "0",
        "collision_adjusted_severity_slight": "1",
        "collision_index": "2025131611201",
        "collision_injury_based": "1",
        "collision_ref_no": "131611201",
        "collision_severity": "3",
        "collision_year": 2025,
        "date": "03/07/2025",
        "day_of_week": "5",
        "did_police_officer_attend_scene_of_accident": "1",
        "enhanced_severity_collision": "3",
        "first_road_class": "3",
        "first_road_number": "646",
        "junction_control": "-1",
        "junction_detail": "0",
        "junction_detail_historic": "-1",
        "latitude": "53.72061",
        "light_conditions": "1",
        "local_authority_district": "-1",
        "local_authority_highway": "E08000033",
        "local_authority_highway_current": "E08000033",
        "local_authority_ons_district": "E08000033",
        "location_easting_osgr": "403834",
        "location_northing_osgr": "424913",
        "longitude": "-1.94338",
        "lsoa_of_accident_location": "E01010922",
        "number_of_casualties": 1,
        "number_of_vehicles": 3,
        "pedestrian_crossing": "0",
        "pedestrian_crossing_human_control_historic": "-1",
        "pedestrian_crossing_physical_facilities_historic": "-1",
        "police_force": "13",
        "road_surface_conditions": "1",
        "road_type": "6",
        "second_road_class": "6",
        "second_road_number": "0",
        "special_conditions_at_site": "-1",
        "speed_limit": 30,
        "time": "13:35",
        "trunk_road_flag": "2",
        "urban_or_rural_area": "2",
        "weather_conditions": "1",
        "geometry_source": "collision_location",
        "source_year": 2025,
        "date_iso": "2025-07-03"
      }
    },
    {
      "type": "Feature",
      "id": "2025131672578",
      "geometry": {
        "type": "Point",
        "coordinates": [
          -1.83271,
          53.67098
        ]
      },
      "properties": {
        "carriageway_hazards": "0",
        "carriageway_hazards_historic": "-1",
        "collision_adjusted_severity_serious": "0",
        "collision_adjusted_severity_slight": "1",
        "collision_index": "2025131672578",
        "collision_injury_based": "1",
        "collision_ref_no": "131672578",
        "collision_severity": "3",
        "collision_year": 2025,
        "date": "22/11/2025",
        "day_of_week": "7",
        "did_police_officer_attend_scene_of_accident": "1",
        "enhanced_severity_collision": "3",
        "first_road_class": "3",
        "first_road_number": "629",
        "junction_control": "4",
        "junction_detail": "-1",
        "junction_detail_historic": "-1",
        "latitude": "53.67098",
        "light_conditions": "4",
        "local_authority_district": "-1",
        "local_authority_highway": "E08000033",
        "local_authority_highway_current": "E08000033",
        "local_authority_ons_district": "E08000033",
        "location_easting_osgr": "411150",
        "location_northing_osgr": "419402",
        "longitude": "-1.83271",
        "lsoa_of_accident_location": "E01010901",
        "number_of_casualties": 1,
        "number_of_vehicles": 1,
        "pedestrian_crossing": "0",
        "pedestrian_crossing_human_control_historic": "-1",
        "pedestrian_crossing_physical_facilities_historic": "-1",
        "police_force": "13",
        "road_surface_conditions": "1",
        "road_type": "7",
        "second_road_class": "1",
        "second_road_number": "62",
        "special_conditions_at_site": "-1",
        "speed_limit": 70,
        "time": "19:01",
        "trunk_road_flag": "2",
        "urban_or_rural_area": "1",
        "weather_conditions": "1",
        "geometry_source": "collision_location",
        "source_year": 2025,
        "date_iso": "2025-11-22"
      }
    },
    {
      "type": "Feature",
      "id": "2025131565200",
      "geometry": {
        "type": "Point",
        "coordinates": [
          -1.96287,
          53.68383
        ]
      },
      "properties": {
        "carriageway_hazards": "0",
        "carriageway_hazards_historic": "-1",
        "collision_adjusted_severity_serious": "1",
        "collision_adjusted_severity_slight": "0",
        "collision_index": "2025131565200",
        "collision_injury_based": "1",
        "collision_ref_no": "131565200",
        "collision_severity": "2",
        "collision_year": 2025,
        "date": "14/03/2025",
        "day_of_week": "6",
        "did_police_officer_attend_scene_of_accident": "1",
        "enhanced_severity_collision": "7",
        "first_road_class": "6",
        "first_road_number": "0",
        "junction_control": "-1",
        "junction_detail": "0",
        "junction_detail_historic": "-1",
        "latitude": "53.68383",
        "light_conditions": "4",
        "local_authority_district": "-1",
        "local_authority_highway": "E08000033",
        "local_authority_highway_current": "E08000033",
        "local_authority_ons_district": "E08000033",
        "location_easting_osgr": "402550",
        "location_northing_osgr": "420820",
        "longitude": "-1.96287",
        "lsoa_of_accident_location": "E01010952",
        "number_of_casualties": 1,
        "number_of_vehicles": 1,
        "pedestrian_crossing": "0",
        "pedestrian_crossing_human_control_historic": "-1",
        "pedestrian_crossing_physical_facilities_historic": "-1",
        "police_force": "13",
        "road_surface_conditions": "1",
        "road_type": "6",
        "second_road_class": "6",
        "second_road_number": "0",
        "special_conditions_at_site": "-1",
        "speed_limit": 60,
        "time": "21:21",
        "trunk_road_flag": "2",
        "urban_or_rural_area": "2",
        "weather_conditions": "1",
        "geometry_source": "collision_location",
        "source_year": 2025,
        "date_iso": "2025-03-14"
      }
    },
    {
      "type": "Feature",
      "id": "2025131578512",
      "geometry": {
        "type": "Point",
        "coordinates": [
          -1.87276,
          53.71473
        ]
      },
      "properties": {
        "carriageway_hazards": "0",
        "carriageway_hazards_historic": "-1",
        "collision_adjusted_severity_serious": "0",
        "collision_adjusted_severity_slight": "1",
        "collision_index": "2025131578512",
        "collision_injury_based": "1",
        "collision_ref_no": "131578512",
        "collision_severity": "3",
        "collision_year": 2025,
        "date": "16/04/2025",
        "day_of_week": "4",
        "did_police_officer_attend_scene_of_accident": "1",
        "enhanced_severity_collision": "3",
        "first_road_class": "6",
        "first_road_number": "0",
        "junction_control": "4",
        "junction_detail": "13",
        "junction_detail_historic": "-1",
        "latitude": "53.71473",
        "light_conditions": "1",
        "local_authority_district": "-1",
        "local_authority_highway": "E08000033",
        "local_authority_highway_current": "E08000033",
        "local_authority_ons_district": "E08000033",
        "location_easting_osgr": "408495",
        "location_northing_osgr": "424264",
        "longitude": "-1.87276",
        "lsoa_of_accident_location": "E01010974",
        "number_of_casualties": 1,
        "number_of_vehicles": 1,
        "pedestrian_crossing": "0",
        "pedestrian_crossing_human_control_historic": "-1",
        "pedestrian_crossing_physical_facilities_historic": "-1",
        "police_force": "13",
        "road_surface_conditions": "2",
        "road_type": "3",
        "second_road_class": "6",
        "second_road_number": "0",
        "special_conditions_at_site": "-1",
        "speed_limit": 20,
        "time": "07:49",
        "trunk_road_flag": "2",
        "urban_or_rural_area": "1",
        "weather_conditions": "1",
        "geometry_source": "collision_location",
        "source_year": 2025,
        "date_iso": "2025-04-16"
      }
    },
    {
      "type": "Feature",
      "id": "2025131626841",
      "geometry": {
        "type": "Point",
        "coordinates": [
          -1.84046,
          53.68954
        ]
      },
      "properties": {
        "carriageway_hazards": "0",
        "carriageway_hazards_historic": "-1",
        "collision_adjusted_severity_serious": "0",
        "collision_adjusted_severity_slight": "1",
        "collision_index": "2025131626841",
        "collision_injury_based": "1",
        "collision_ref_no": "131626841",
        "collision_severity": "3",
        "collision_year": 2025,
        "date": "09/08/2025",
        "day_of_week": "7",
        "did_police_officer_attend_scene_of_accident": "1",
        "enhanced_severity_collision": "3",
        "first_road_class": "3",
        "first_road_number": "629",
        "junction_control": "-1",
        "junction_detail": "0",
        "junction_detail_historic": "-1",
        "latitude": "53.68954",
        "light_conditions": "1",
        "local_authority_district": "-1",
        "local_authority_highway": "E08000033",
        "local_authority_highway_current": "E08000033",
        "local_authority_ons_district": "E08000033",
        "location_easting_osgr": "410633",
        "location_northing_osgr": "421466",
        "longitude": "-1.84046",
        "lsoa_of_accident_location": "E01010889",
        "number_of_casualties": 1,
        "number_of_vehicles": 1,
        "pedestrian_crossing": "0",
        "pedestrian_crossing_human_control_historic": "-1",
        "pedestrian_crossing_physical_facilities_historic": "-1",
        "police_force": "13",
        "road_surface_conditions": "1",
        "road_type": "3",
        "second_road_class": "0",
        "second_road_number": "-1",
        "special_conditions_at_site": "-1",
        "speed_limit": 50,
        "time": "20:00",
        "trunk_road_flag": "2",
        "urban_or_rural_area": "1",
        "weather_conditions": "1",
        "geometry_source": "collision_location",
        "source_year": 2025,
        "date_iso": "2025-08-09"
      }
    },
    {
      "type": "Feature",
      "id": "2025131539576",
      "geometry": {
        "type": "Point",
        "coordinates": [
          -1.78134,
          53.70284
        ]
      },
      "properties": {
        "carriageway_hazards": "0",
        "carriageway_hazards_historic": "-1",
        "collision_adjusted_severity_serious": "1",
        "collision_adjusted_severity_slight": "0",
        "collision_index": "2025131539576",
        "collision_injury_based": "1",
        "collision_ref_no": "131539576",
        "collision_severity": "2",
        "collision_year": 2025,
        "date": "05/01/2025",
        "day_of_week": "1",
        "did_police_officer_attend_scene_of_accident": "2",
        "enhanced_severity_collision": "5",
        "first_road_class": "3",
        "first_road_number": "643",
        "junction_control": "-1",
        "junction_detail": "0",
        "junction_detail_historic": "-1",
        "latitude": "53.70284",
        "light_conditions": "1",
        "local_authority_district": "-1",
        "local_authority_highway": "E08000033",
        "local_authority_highway_current": "E08000033",
        "local_authority_ons_district": "E08000033",
        "location_easting_osgr": "414533",
        "location_northing_osgr": "422956",
        "longitude": "-1.78134",
        "lsoa_of_accident_location": "E01010949",
        "number_of_casualties": 1,
        "number_of_vehicles": 2,
        "pedestrian_crossing": "0",
        "pedestrian_crossing_human_control_historic": "-1",
        "pedestrian_crossing_physical_facilities_historic": "-1",
        "police_force": "13",
        "road_surface_conditions": "3",
        "road_type": "1",
        "second_road_class": "6",
        "second_road_number": "0",
        "special_conditions_at_site": "-1",
        "speed_limit": 30,
        "time": "11:30",
        "trunk_road_flag": "2",
        "urban_or_rural_area": "1",
        "weather_conditions": "3",
        "geometry_source": "collision_location",
        "source_year": 2025,
        "date_iso": "2025-01-05"
      }
    },
    {
      "type": "Feature",
      "id": "2025131674974",
      "geometry": {
        "type": "Point",
        "coordinates": [
          -1.77865,
          53.70382
        ]
      },
      "properties": {
        "carriageway_hazards": "0",
        "carriageway_hazards_historic": "-1",
        "collision_adjusted_severity_serious": "0",
        "collision_adjusted_severity_slight": "1",
        "collision_index": "2025131674974",
        "collision_injury_based": "1",
        "collision_ref_no": "131674974",
        "collision_severity": "3",
        "collision_year": 2025,
        "date": "28/11/2025",
        "day_of_week": "6",
        "did_police_officer_attend_scene_of_accident": "1",
        "enhanced_severity_collision": "3",
        "first_road_class": "3",
        "first_road_number": "641",
        "junction_control": "-1",
        "junction_detail": "0",
        "junction_detail_historic": "-1",
        "latitude": "53.70382",
        "light_conditions": "4",
        "local_authority_district": "-1",
        "local_authority_highway": "E08000033",
        "local_authority_highway_current": "E08000033",
        "local_authority_ons_district": "E08000033",
        "location_easting_osgr": "414710",
        "location_northing_osgr": "423066",
        "longitude": "-1.77865",
        "lsoa_of_accident_location": "E01010878",
        "number_of_casualties": 1,
        "number_of_vehicles": 2,
        "pedestrian_crossing": "0",
        "pedestrian_crossing_human_control_historic": "-1",
        "pedestrian_crossing_physical_facilities_historic": "-1",
        "police_force": "13",
        "road_surface_conditions": "1",
        "road_type": "6",
        "second_road_class": "6",
        "second_road_number": "0",
        "special_conditions_at_site": "-1",
        "speed_limit": 30,
        "time": "03:06",
        "trunk_road_flag": "2",
        "urban_or_rural_area": "1",
        "weather_conditions": "1",
        "geometry_source": "collision_location",
        "source_year": 2025,
        "date_iso": "2025-11-28"
      }
    },
    {
      "type": "Feature",
      "id": "2025131568336",
      "geometry": {
        "type": "Point",
        "coordinates": [
          -1.91504,
          53.75101
        ]
      },
      "properties": {
        "carriageway_hazards": "0",
        "carriageway_hazards_historic": "-1",
        "collision_adjusted_severity_serious": "0",
        "collision_adjusted_severity_slight": "1",
        "collision_index": "2025131568336",
        "collision_injury_based": "1",
        "collision_ref_no": "131568336",
        "collision_severity": "3",
        "collision_year": 2025,
        "date": "23/03/2025",
        "day_of_week": "1",
        "did_police_officer_attend_scene_of_accident": "1",
        "enhanced_severity_collision": "3",
        "first_road_class": "6",
        "first_road_number": "0",
        "junction_control": "4",
        "junction_detail": "-1",
        "junction_detail_historic": "-1",
        "latitude": "53.75101",
        "light_conditions": "1",
        "local_authority_district": "-1",
        "local_authority_highway": "E08000033",
        "local_authority_highway_current": "E08000033",
        "local_authority_ons_district": "E08000033",
        "location_easting_osgr": "405700",
        "location_northing_osgr": "428297",
        "longitude": "-1.91504",
        "lsoa_of_accident_location": "E01010926",
        "number_of_casualties": 1,
        "number_of_vehicles": 2,
        "pedestrian_crossing": "0",
        "pedestrian_crossing_human_control_historic": "-1",
        "pedestrian_crossing_physical_facilities_historic": "-1",
        "police_force": "13",
        "road_surface_conditions": "1",
        "road_type": "6",
        "second_road_class": "6",
        "second_road_number": "0",
        "special_conditions_at_site": "-1",
        "speed_limit": 20,
        "time": "12:30",
        "trunk_road_flag": "2",
        "urban_or_rural_area": "1",
        "weather_conditions": "1",
        "geometry_source": "collision_location",
        "source_year": 2025,
        "date_iso": "2025-03-23"
      }
    },
    {
      "type": "Feature",
      "id": "2025131624467",
      "geometry": {
        "type": "Point",
        "coordinates": [
          -1.91409,
          53.72539
        ]
      },
      "properties": {
        "carriageway_hazards": "0",
        "carriageway_hazards_historic": "-1",
        "collision_adjusted_severity_serious": "0",
        "collision_adjusted_severity_slight": "1",
        "collision_index": "2025131624467",
        "collision_injury_based": "1",
        "collision_ref_no": "131624467",
        "collision_severity": "3",
        "collision_year": 2025,
        "date": "28/07/2025",
        "day_of_week": "2",
        "did_police_officer_attend_scene_of_accident": "1",
        "enhanced_severity_collision": "3",
        "first_road_class": "6",
        "first_road_number": "0",
        "junction_control": "4",
        "junction_detail": "13",
        "junction_detail_historic": "-1",
        "latitude": "53.72539",
        "light_conditions": "1",
        "local_authority_district": "-1",
        "local_authority_highway": "E08000033",
        "local_authority_highway_current": "E08000033",
        "local_authority_ons_district": "E08000033",
        "location_easting_osgr": "405766",
        "location_northing_osgr": "425446",
        "longitude": "-1.91409",
        "lsoa_of_accident_location": "E01010997",
        "number_of_casualties": 1,
        "number_of_vehicles": 2,
        "pedestrian_crossing": "0",
        "pedestrian_crossing_human_control_historic": "-1",
        "pedestrian_crossing_physical_facilities_historic": "-1",
        "police_force": "13",
        "road_surface_conditions": "1",
        "road_type": "6",
        "second_road_class": "6",
        "second_road_number": "0",
        "special_conditions_at_site": "-1",
        "speed_limit": 20,
        "time": "16:15",
        "trunk_road_flag": "2",
        "urban_or_rural_area": "1",
        "weather_conditions": "1",
        "geometry_source": "collision_location",
        "source_year": 2025,
        "date_iso": "2025-07-28"
      }
    },
    {
      "type": "Feature",
      "id": "2025131629897",
      "geometry": {
        "type": "Point",
        "coordinates": [
          -1.85827,
          53.72173
        ]
      },
      "properties": {
        "carriageway_hazards": "0",
        "carriageway_hazards_historic": "-1",
        "collision_adjusted_severity_serious": "0",
        "collision_adjusted_severity_slight": "1",
        "collision_index": "2025131629897",
        "collision_injury_based": "1",
        "collision_ref_no": "131629897",
        "collision_severity": "3",
        "collision_year": 2025,
        "date": "16/08/2025",
        "day_of_week": "7",
        "did_police_officer_attend_scene_of_accident": "1",
        "enhanced_severity_collision": "3",
        "first_road_class": "6",
        "first_road_number": "0",
        "junction_control": "4",
        "junction_detail": "19",
        "junction_detail_historic": "-1",
        "latitude": "53.72173",
        "light_conditions": "1",
        "local_authority_district": "-1",
        "local_authority_highway": "E08000033",
        "local_authority_highway_current": "E08000033",
        "local_authority_ons_district": "E08000033",
        "location_easting_osgr": "409450",
        "location_northing_osgr": "425045",
        "longitude": "-1.85827",
        "lsoa_of_accident_location": "E01034582",
        "number_of_casualties": 1,
        "number_of_vehicles": 1,
        "pedestrian_crossing": "0",
        "pedestrian_crossing_human_control_historic": "-1",
        "pedestrian_crossing_physical_facilities_historic": "-1",
        "police_force": "13",
        "road_surface_conditions": "1",
        "road_type": "2",
        "second_road_class": "6",
        "second_road_number": "0",
        "special_conditions_at_site": "-1",
        "speed_limit": 20,
        "time": "11:50",
        "trunk_road_flag": "2",
        "urban_or_rural_area": "1",
        "weather_conditions": "1",
        "geometry_source": "collision_location",
        "source_year": 2025,
        "date_iso": "2025-08-16"
      }
    },
    {
      "type": "Feature",
      "id": "2025131658539",
      "geometry": {
        "type": "Point",
        "coordinates": [
          -2.06447,
          53.71887
        ]
      },
      "properties": {
        "carriageway_hazards": "0",
        "carriageway_hazards_historic": "-1",
        "collision_adjusted_severity_serious": "0",
        "collision_adjusted_severity_slight": "1",
        "collision_index": "2025131658539",
        "collision_injury_based": "1",
        "collision_ref_no": "131658539",
        "collision_severity": "3",
        "collision_year": 2025,
        "date": "24/10/2025",
        "day_of_week": "6",
        "did_police_officer_attend_scene_of_accident": "1",
        "enhanced_severity_collision": "3",
        "first_road_class": "3",
        "first_road_number": "646",
        "junction_control": "-1",
        "junction_detail": "0",
        "junction_detail_historic": "-1",
        "latitude": "53.71887",
        "light_conditions": "1",
        "local_authority_district": "-1",
        "local_authority_highway": "E08000033",
        "local_authority_highway_current": "E08000033",
        "local_authority_ons_district": "E08000033",
        "location_easting_osgr": "395843",
        "location_northing_osgr": "424720",
        "longitude": "-2.06447",
        "lsoa_of_accident_location": "E01010884",
        "number_of_casualties": 1,
        "number_of_vehicles": 2,
        "pedestrian_crossing": "0",
        "pedestrian_crossing_human_control_historic": "-1",
        "pedestrian_crossing_physical_facilities_historic": "-1",
        "police_force": "13",
        "road_surface_conditions": "2",
        "road_type": "6",
        "second_road_class": "6",
        "second_road_number": "0",
        "special_conditions_at_site": "-1",
        "speed_limit": 40,
        "time": "08:30",
        "trunk_road_flag": "2",
        "urban_or_rural_area": "2",
        "weather_conditions": "2",
        "geometry_source": "collision_location",
        "source_year": 2025,
        "date_iso": "2025-10-24"
      }
    },
    {
      "type": "Feature",
      "id": "2025131559993",
      "geometry": {
        "type": "Point",
        "coordinates": [
          -1.88261,
          53.71409
        ]
      },
      "properties": {
        "carriageway_hazards": "0",
        "carriageway_hazards_historic": "-1",
        "collision_adjusted_severity_serious": "0",
        "collision_adjusted_severity_slight": "1",
        "collision_index": "2025131559993",
        "collision_injury_based": "1",
        "collision_ref_no": "131559993",
        "collision_severity": "3",
        "collision_year": 2025,
        "date": "01/03/2025",
        "day_of_week": "7",
        "did_police_officer_attend_scene_of_accident": "1",
        "enhanced_severity_collision": "3",
        "first_road_class": "3",
        "first_road_number": "58",
        "junction_control": "2",
        "junction_detail": "16",
        "junction_detail_historic": "-1",
        "latitude": "53.71409",
        "light_conditions": "1",
        "local_authority_district": "-1",
        "local_authority_highway": "E08000033",
        "local_authority_highway_current": "E08000033",
        "local_authority_ons_district": "E08000033",
        "location_easting_osgr": "407845",
        "location_northing_osgr": "424192",
        "longitude": "-1.88261",
        "lsoa_of_accident_location": "E01010970",
        "number_of_casualties": 1,
        "number_of_vehicles": 3,
        "pedestrian_crossing": "0",
        "pedestrian_crossing_human_control_historic": "-1",
        "pedestrian_crossing_physical_facilities_historic": "-1",
        "police_force": "13",
        "road_surface_conditions": "1",
        "road_type": "6",
        "second_road_class": "3",
        "second_road_number": "646",
        "special_conditions_at_site": "-1",
        "speed_limit": 30,
        "time": "18:54",
        "trunk_road_flag": "2",
        "urban_or_rural_area": "1",
        "weather_conditions": "1",
        "geometry_source": "collision_location",
        "source_year": 2025,
        "date_iso": "2025-03-01"
      }
    },
    {
      "type": "Feature",
      "id": "2025131673620",
      "geometry": {
        "type": "Point",
        "coordinates": [
          -1.83851,
          53.73276
        ]
      },
      "properties": {
        "carriageway_hazards": "0",
        "carriageway_hazards_historic": "-1",
        "collision_adjusted_severity_serious": "1",
        "collision_adjusted_severity_slight": "0",
        "collision_index": "2025131673620",
        "collision_injury_based": "1",
        "collision_ref_no": "131673620",
        "collision_severity": "2",
        "collision_year": 2025,
        "date": "25/11/2025",
        "day_of_week": "3",
        "did_police_officer_attend_scene_of_accident": "1",
        "enhanced_severity_collision": "6",
        "first_road_class": "3",
        "first_road_number": "58",
        "junction_control": "4",
        "junction_detail": "13",
        "junction_detail_historic": "-1",
        "latitude": "53.73276",
        "light_conditions": "1",
        "local_authority_district": "-1",
        "local_authority_highway": "E08000033",
        "local_authority_highway_current": "E08000033",
        "local_authority_ons_district": "E08000033",
        "location_easting_osgr": "410751",
        "location_northing_osgr": "426275",
        "longitude": "-1.83851",
        "lsoa_of_accident_location": "E01010937",
        "number_of_casualties": 1,
        "number_of_vehicles": 1,
        "pedestrian_crossing": "0",
        "pedestrian_crossing_human_control_historic": "-1",
        "pedestrian_crossing_physical_facilities_historic": "-1",
        "police_force": "13",
        "road_surface_conditions": "1",
        "road_type": "6",
        "second_road_class": "6",
        "second_road_number": "0",
        "special_conditions_at_site": "-1",
        "speed_limit": 40,
        "time": "14:48",
        "trunk_road_flag": "2",
        "urban_or_rural_area": "1",
        "weather_conditions": "1",
        "geometry_source": "collision_location",
        "source_year": 2025,
        "date_iso": "2025-11-25"
      }
    },
    {
      "type": "Feature",
      "id": "2025131611811",
      "geometry": {
        "type": "Point",
        "coordinates": [
          -1.83083,
          53.73583
        ]
      },
      "properties": {
        "carriageway_hazards": "0",
        "carriageway_hazards_historic": "-1",
        "collision_adjusted_severity_serious": "0",
        "collision_adjusted_severity_slight": "1",
        "collision_index": "2025131611811",
        "collision_injury_based": "1",
        "collision_ref_no": "131611811",
        "collision_severity": "3",
        "collision_year": 2025,
        "date": "04/07/2025",
        "day_of_week": "6",
        "did_police_officer_attend_scene_of_accident": "1",
        "enhanced_severity_collision": "3",
        "first_road_class": "6",
        "first_road_number": "0",
        "junction_control": "-1",
        "junction_detail": "0",
        "junction_detail_historic": "-1",
        "latitude": "53.73583",
        "light_conditions": "1",
        "local_authority_district": "-1",
        "local_authority_highway": "E08000033",
        "local_authority_highway_current": "E08000033",
        "local_authority_ons_district": "E08000033",
        "location_easting_osgr": "411257",
        "location_northing_osgr": "426618",
        "longitude": "-1.83083",
        "lsoa_of_accident_location": "E01010935",
        "number_of_casualties": 1,
        "number_of_vehicles": 3,
        "pedestrian_crossing": "0",
        "pedestrian_crossing_human_control_historic": "-1",
        "pedestrian_crossing_physical_facilities_historic": "-1",
        "police_force": "13",
        "road_surface_conditions": "1",
        "road_type": "6",
        "second_road_class": "6",
        "second_road_number": "0",
        "special_conditions_at_site": "-1",
        "speed_limit": 20,
        "time": "17:15",
        "trunk_road_flag": "2",
        "urban_or_rural_area": "1",
        "weather_conditions": "1",
        "geometry_source": "collision_location",
        "source_year": 2025,
        "date_iso": "2025-07-04"
      }
    },
    {
      "type": "Feature",
      "id": "2025131609171",
      "geometry": {
        "type": "Point",
        "coordinates": [
          -1.97137,
          53.67251
        ]
      },
      "properties": {
        "carriageway_hazards": "0",
        "carriageway_hazards_historic": "-1",
        "collision_adjusted_severity_serious": "0",
        "collision_adjusted_severity_slight": "1",
        "collision_index": "2025131609171",
        "collision_injury_based": "1",
        "collision_ref_no": "131609171",
        "collision_severity": "3",
        "collision_year": 2025,
        "date": "29/06/2025",
        "day_of_week": "1",
        "did_police_officer_attend_scene_of_accident": "1",
        "enhanced_severity_collision": "3",
        "first_road_class": "6",
        "first_road_number": "0",
        "junction_control": "-1",
        "junction_detail": "0",
        "junction_detail_historic": "-1",
        "latitude": "53.67251",
        "light_conditions": "1",
        "local_authority_district": "-1",
        "local_authority_highway": "E08000033",
        "local_authority_highway_current": "E08000033",
        "local_authority_ons_district": "E08000033",
        "location_easting_osgr": "401989",
        "location_northing_osgr": "419560",
        "longitude": "-1.97137",
        "lsoa_of_accident_location": "E01010955",
        "number_of_casualties": 1,
        "number_of_vehicles": 1,
        "pedestrian_crossing": "0",
        "pedestrian_crossing_human_control_historic": "-1",
        "pedestrian_crossing_physical_facilities_historic": "-1",
        "police_force": "13",
        "road_surface_conditions": "1",
        "road_type": "6",
        "second_road_class": "6",
        "second_road_number": "0",
        "special_conditions_at_site": "-1",
        "speed_limit": 40,
        "time": "07:13",
        "trunk_road_flag": "2",
        "urban_or_rural_area": "2",
        "weather_conditions": "1",
        "geometry_source": "collision_location",
        "source_year": 2025,
        "date_iso": "2025-06-29"
      }
    },
    {
      "type": "Feature",
      "id": "2025131687417",
      "geometry": {
        "type": "Point",
        "coordinates": [
          -1.86877,
          53.74062
        ]
      },
      "properties": {
        "carriageway_hazards": "17",
        "carriageway_hazards_historic": "-1",
        "collision_adjusted_severity_serious": "0",
        "collision_adjusted_severity_slight": "1",
        "collision_index": "2025131687417",
        "collision_injury_based": "1",
        "collision_ref_no": "131687417",
        "collision_severity": "3",
        "collision_year": 2025,
        "date": "23/12/2025",
        "day_of_week": "3",
        "did_police_officer_attend_scene_of_accident": "1",
        "enhanced_severity_collision": "3",
        "first_road_class": "3",
        "first_road_number": "647",
        "junction_control": "4",
        "junction_detail": "19",
        "junction_detail_historic": "-1",
        "latitude": "53.74062",
        "light_conditions": "4",
        "local_authority_district": "-1",
        "local_authority_highway": "E08000033",
        "local_authority_highway_current": "E08000033",
        "local_authority_ons_district": "E08000033",
        "location_easting_osgr": "408753",
        "location_northing_osgr": "427146",
        "longitude": "-1.86877",
        "lsoa_of_accident_location": "E01010934",
        "number_of_casualties": 1,
        "number_of_vehicles": 1,
        "pedestrian_crossing": "11",
        "pedestrian_crossing_human_control_historic": "-1",
        "pedestrian_crossing_physical_facilities_historic": "-1",
        "police_force": "13",
        "road_surface_conditions": "2",
        "road_type": "6",
        "second_road_class": "6",
        "second_road_number": "0",
        "special_conditions_at_site": "-1",
        "speed_limit": 40,
        "time": "22:02",
        "trunk_road_flag": "2",
        "urban_or_rural_area": "2",
        "weather_conditions": "1",
        "geometry_source": "collision_location",
        "source_year": 2025,
        "date_iso": "2025-12-23"
      }
    },
    {
      "type": "Feature",
      "id": "2025131571831",
      "geometry": {
        "type": "Point",
        "coordinates": [
          -1.8924,
          53.74849
        ]
      },
      "properties": {
        "carriageway_hazards": "0",
        "carriageway_hazards_historic": "-1",
        "collision_adjusted_severity_serious": "0",
        "collision_adjusted_severity_slight": "1",
        "collision_index": "2025131571831",
        "collision_injury_based": "1",
        "collision_ref_no": "131571831",
        "collision_severity": "3",
        "collision_year": 2025,
        "date": "31/03/2025",
        "day_of_week": "2",
        "did_police_officer_attend_scene_of_accident": "1",
        "enhanced_severity_collision": "3",
        "first_road_class": "6",
        "first_road_number": "0",
        "junction_control": "4",
        "junction_detail": "13",
        "junction_detail_historic": "-1",
        "latitude": "53.74849",
        "light_conditions": "1",
        "local_authority_district": "-1",
        "local_authority_highway": "E08000033",
        "local_authority_highway_current": "E08000033",
        "local_authority_ons_district": "E08000033",
        "location_easting_osgr": "407193",
        "location_northing_osgr": "428018",
        "longitude": "-1.8924",
        "lsoa_of_accident_location": "E01010916",
        "number_of_casualties": 1,
        "number_of_vehicles": 1,
        "pedestrian_crossing": "0",
        "pedestrian_crossing_human_control_historic": "-1",
        "pedestrian_crossing_physical_facilities_historic": "-1",
        "police_force": "13",
        "road_surface_conditions": "1",
        "road_type": "6",
        "second_road_class": "6",
        "second_road_number": "0",
        "special_conditions_at_site": "-1",
        "speed_limit": 20,
        "time": "15:40",
        "trunk_road_flag": "2",
        "urban_or_rural_area": "1",
        "weather_conditions": "1",
        "geometry_source": "collision_location",
        "source_year": 2025,
        "date_iso": "2025-03-31"
      }
    },
    {
      "type": "Feature",
      "id": "2025131550021",
      "geometry": {
        "type": "Point",
        "coordinates": [
          -1.99577,
          53.63943
        ]
      },
      "properties": {
        "carriageway_hazards": "0",
        "carriageway_hazards_historic": "-1",
        "collision_adjusted_severity_serious": "0",
        "collision_adjusted_severity_slight": "0",
        "collision_index": "2025131550021",
        "collision_injury_based": "1",
        "collision_ref_no": "131550021",
        "collision_severity": "1",
        "collision_year": 2025,
        "date": "04/02/2025",
        "day_of_week": "3",
        "did_police_officer_attend_scene_of_accident": "1",
        "enhanced_severity_collision": "1",
        "first_road_class": "3",
        "first_road_number": "672",
        "junction_control": "-1",
        "junction_detail": "0",
        "junction_detail_historic": "-1",
        "latitude": "53.63943",
        "light_conditions": "6",
        "local_authority_district": "-1",
        "local_authority_highway": "E08000033",
        "local_authority_highway_current": "E08000033",
        "local_authority_ons_district": "E08000033",
        "location_easting_osgr": "400377",
        "location_northing_osgr": "415879",
        "longitude": "-1.99577",
        "lsoa_of_accident_location": "E01010955",
        "number_of_casualties": 6,
        "number_of_vehicles": 1,
        "pedestrian_crossing": "0",
        "pedestrian_crossing_human_control_historic": "-1",
        "pedestrian_crossing_physical_facilities_historic": "-1",
        "police_force": "13",
        "road_surface_conditions": "1",
        "road_type": "6",
        "second_road_class": "0",
        "second_road_number": "-1",
        "special_conditions_at_site": "-1",
        "speed_limit": 60,
        "time": "00:55",
        "trunk_road_flag": "2",
        "urban_or_rural_area": "2",
        "weather_conditions": "4",
        "geometry_source": "collision_location",
        "source_year": 2025,
        "date_iso": "2025-02-04"
      }
    },
    {
      "type": "Feature",
      "id": "2025131652549",
      "geometry": {
        "type": "Point",
        "coordinates": [
          -1.85999,
          53.72786
        ]
      },
      "properties": {
        "carriageway_hazards": "0",
        "carriageway_hazards_historic": "-1",
        "collision_adjusted_severity_serious": "0",
        "collision_adjusted_severity_slight": "1",
        "collision_index": "2025131652549",
        "collision_injury_based": "1",
        "collision_ref_no": "131652549",
        "collision_severity": "3",
        "collision_year": 2025,
        "date": "09/10/2025",
        "day_of_week": "5",
        "did_police_officer_attend_scene_of_accident": "1",
        "enhanced_severity_collision": "3",
        "first_road_class": "3",
        "first_road_number": "647",
        "junction_control": "-1",
        "junction_detail": "0",
        "junction_detail_historic": "-1",
        "latitude": "53.72786",
        "light_conditions": "4",
        "local_authority_district": "-1",
        "local_authority_highway": "E08000033",
        "local_authority_highway_current": "E08000033",
        "local_authority_ons_district": "E08000033",
        "location_easting_osgr": "409335",
        "location_northing_osgr": "425727",
        "longitude": "-1.85999",
        "lsoa_of_accident_location": "E01032923",
        "number_of_casualties": 1,
        "number_of_vehicles": 2,
        "pedestrian_crossing": "0",
        "pedestrian_crossing_human_control_historic": "-1",
        "pedestrian_crossing_physical_facilities_historic": "-1",
        "police_force": "13",
        "road_surface_conditions": "1",
        "road_type": "3",
        "second_road_class": "0",
        "second_road_number": "-1",
        "special_conditions_at_site": "-1",
        "speed_limit": 40,
        "time": "20:22",
        "trunk_road_flag": "2",
        "urban_or_rural_area": "1",
        "weather_conditions": "1",
        "geometry_source": "collision_location",
        "source_year": 2025,
        "date_iso": "2025-10-09"
      }
    },
    {
      "type": "Feature",
      "id": "2025131668663",
      "geometry": {
        "type": "Point",
        "coordinates": [
          -1.85725,
          53.71724
        ]
      },
      "properties": {
        "carriageway_hazards": "0",
        "carriageway_hazards_historic": "-1",
        "collision_adjusted_severity_serious": "0",
        "collision_adjusted_severity_slight": "1",
        "collision_index": "2025131668663",
        "collision_injury_based": "1",
        "collision_ref_no": "131668663",
        "collision_severity": "3",
        "collision_year": 2025,
        "date": "14/11/2025",
        "day_of_week": "6",
        "did_police_officer_attend_scene_of_accident": "1",
        "enhanced_severity_collision": "3",
        "first_road_class": "6",
        "first_road_number": "0",
        "junction_control": "4",
        "junction_detail": "-1",
        "junction_detail_historic": "-1",
        "latitude": "53.71724",
        "light_conditions": "4",
        "local_authority_district": "-1",
        "local_authority_highway": "E08000033",
        "local_authority_highway_current": "E08000033",
        "local_authority_ons_district": "E08000033",
        "location_easting_osgr": "409518",
        "location_northing_osgr": "424546",
        "longitude": "-1.85725",
        "lsoa_of_accident_location": "E01010989",
        "number_of_casualties": 1,
        "number_of_vehicles": 2,
        "pedestrian_crossing": "0",
        "pedestrian_crossing_human_control_historic": "-1",
        "pedestrian_crossing_physical_facilities_historic": "-1",
        "police_force": "13",
        "road_surface_conditions": "2",
        "road_type": "1",
        "second_road_class": "6",
        "second_road_number": "0",
        "special_conditions_at_site": "-1",
        "speed_limit": 30,
        "time": "17:49",
        "trunk_road_flag": "2",
        "urban_or_rural_area": "1",
        "weather_conditions": "5",
        "geometry_source": "collision_location",
        "source_year": 2025,
        "date_iso": "2025-11-14"
      }
    },
    {
      "type": "Feature",
      "id": "2025131551790",
      "geometry": {
        "type": "Point",
        "coordinates": [
          -1.83189,
          53.71041
        ]
      },
      "properties": {
        "carriageway_hazards": "0",
        "carriageway_hazards_historic": "-1",
        "collision_adjusted_severity_serious": "0",
        "collision_adjusted_severity_slight": "1",
        "collision_index": "2025131551790",
        "collision_injury_based": "1",
        "collision_ref_no": "131551790",
        "collision_severity": "3",
        "collision_year": 2025,
        "date": "07/02/2025",
        "day_of_week": "6",
        "did_police_officer_attend_scene_of_accident": "2",
        "enhanced_severity_collision": "3",
        "first_road_class": "6",
        "first_road_number": "0",
        "junction_control": "-1",
        "junction_detail": "0",
        "junction_detail_historic": "-1",
        "latitude": "53.71041",
        "light_conditions": "1",
        "local_authority_district": "-1",
        "local_authority_highway": "E08000033",
        "local_authority_highway_current": "E08000033",
        "local_authority_ons_district": "E08000033",
        "location_easting_osgr": "411194",
        "location_northing_osgr": "423789",
        "longitude": "-1.83189",
        "lsoa_of_accident_location": "E01010990",
        "number_of_casualties": 1,
        "number_of_vehicles": 1,
        "pedestrian_crossing": "0",
        "pedestrian_crossing_human_control_historic": "-1",
        "pedestrian_crossing_physical_facilities_historic": "-1",
        "police_force": "13",
        "road_surface_conditions": "1",
        "road_type": "6",
        "second_road_class": "6",
        "second_road_number": "0",
        "special_conditions_at_site": "-1",
        "speed_limit": 30,
        "time": "15:15",
        "trunk_road_flag": "2",
        "urban_or_rural_area": "1",
        "weather_conditions": "1",
        "geometry_source": "collision_location",
        "source_year": 2025,
        "date_iso": "2025-02-07"
      }
    },
    {
      "type": "Feature",
      "id": "2025131591605",
      "geometry": {
        "type": "Point",
        "coordinates": [
          -1.851,
          53.72406
        ]
      },
      "properties": {
        "carriageway_hazards": "0",
        "carriageway_hazards_historic": "-1",
        "collision_adjusted_severity_serious": "0",
        "collision_adjusted_severity_slight": "1",
        "collision_index": "2025131591605",
        "collision_injury_based": "1",
        "collision_ref_no": "131591605",
        "collision_severity": "3",
        "collision_year": 2025,
        "date": "17/05/2025",
        "day_of_week": "7",
        "did_police_officer_attend_scene_of_accident": "1",
        "enhanced_severity_collision": "3",
        "first_road_class": "6",
        "first_road_number": "0",
        "junction_control": "4",
        "junction_detail": "13",
        "junction_detail_historic": "-1",
        "latitude": "53.72406",
        "light_conditions": "1",
        "local_authority_district": "-1",
        "local_authority_highway": "E08000033",
        "local_authority_highway_current": "E08000033",
        "local_authority_ons_district": "E08000033",
        "location_easting_osgr": "409929",
        "location_northing_osgr": "425305",
        "longitude": "-1.851",
        "lsoa_of_accident_location": "E01034582",
        "number_of_casualties": 1,
        "number_of_vehicles": 3,
        "pedestrian_crossing": "0",
        "pedestrian_crossing_human_control_historic": "-1",
        "pedestrian_crossing_physical_facilities_historic": "-1",
        "police_force": "13",
        "road_surface_conditions": "1",
        "road_type": "6",
        "second_road_class": "6",
        "second_road_number": "0",
        "special_conditions_at_site": "-1",
        "speed_limit": 30,
        "time": "14:45",
        "trunk_road_flag": "2",
        "urban_or_rural_area": "2",
        "weather_conditions": "2",
        "geometry_source": "collision_location",
        "source_year": 2025,
        "date_iso": "2025-05-17"
      }
    },
    {
      "type": "Feature",
      "id": "2025131612988",
      "geometry": {
        "type": "Point",
        "coordinates": [
          -1.78005,
          53.70296
        ]
      },
      "properties": {
        "carriageway_hazards": "0",
        "carriageway_hazards_historic": "-1",
        "collision_adjusted_severity_serious": "0",
        "collision_adjusted_severity_slight": "1",
        "collision_index": "2025131612988",
        "collision_injury_based": "1",
        "collision_ref_no": "131612988",
        "collision_severity": "3",
        "collision_year": 2025,
        "date": "08/07/2025",
        "day_of_week": "3",
        "did_police_officer_attend_scene_of_accident": "1",
        "enhanced_severity_collision": "3",
        "first_road_class": "3",
        "first_road_number": "643",
        "junction_control": "2",
        "junction_detail": "13",
        "junction_detail_historic": "-1",
        "latitude": "53.70296",
        "light_conditions": "1",
        "local_authority_district": "-1",
        "local_authority_highway": "E08000033",
        "local_authority_highway_current": "E08000033",
        "local_authority_ons_district": "E08000033",
        "location_easting_osgr": "414618",
        "location_northing_osgr": "422970",
        "longitude": "-1.78005",
        "lsoa_of_accident_location": "E01010949",
        "number_of_casualties": 1,
        "number_of_vehicles": 1,
        "pedestrian_crossing": "0",
        "pedestrian_crossing_human_control_historic": "-1",
        "pedestrian_crossing_physical_facilities_historic": "-1",
        "police_force": "13",
        "road_surface_conditions": "1",
        "road_type": "3",
        "second_road_class": "6",
        "second_road_number": "0",
        "special_conditions_at_site": "-1",
        "speed_limit": 30,
        "time": "11:00",
        "trunk_road_flag": "2",
        "urban_or_rural_area": "1",
        "weather_conditions": "1",
        "geometry_source": "collision_location",
        "source_year": 2025,
        "date_iso": "2025-07-08"
      }
    },
    {
      "type": "Feature",
      "id": "2025131641352",
      "geometry": {
        "type": "Point",
        "coordinates": [
          -1.75188,
          53.69526
        ]
      },
      "properties": {
        "carriageway_hazards": "0",
        "carriageway_hazards_historic": "-1",
        "collision_adjusted_severity_serious": "0",
        "collision_adjusted_severity_slight": "1",
        "collision_index": "2025131641352",
        "collision_injury_based": "1",
        "collision_ref_no": "131641352",
        "collision_severity": "3",
        "collision_year": 2025,
        "date": "13/09/2025",
        "day_of_week": "7",
        "did_police_officer_attend_scene_of_accident": "1",
        "enhanced_severity_collision": "3",
        "first_road_class": "3",
        "first_road_number": "644",
        "junction_control": "4",
        "junction_detail": "-1",
        "junction_detail_historic": "-1",
        "latitude": "53.69526",
        "light_conditions": "4",
        "local_authority_district": "-1",
        "local_authority_highway": "E08000033",
        "local_authority_highway_current": "E08000033",
        "local_authority_ons_district": "E08000033",
        "location_easting_osgr": "416481",
        "location_northing_osgr": "422119",
        "longitude": "-1.75188",
        "lsoa_of_accident_location": "E01010879",
        "number_of_casualties": 1,
        "number_of_vehicles": 2,
        "pedestrian_crossing": "0",
        "pedestrian_crossing_human_control_historic": "-1",
        "pedestrian_crossing_physical_facilities_historic": "-1",
        "police_force": "13",
        "road_surface_conditions": "1",
        "road_type": "7",
        "second_road_class": "1",
        "second_road_number": "62",
        "special_conditions_at_site": "-1",
        "speed_limit": 50,
        "time": "20:53",
        "trunk_road_flag": "2",
        "urban_or_rural_area": "2",
        "weather_conditions": "1",
        "geometry_source": "collision_location",
        "source_year": 2025,
        "date_iso": "2025-09-13"
      }
    },
    {
      "type": "Feature",
      "id": "2025131609642",
      "geometry": {
        "type": "Point",
        "coordinates": [
          -1.84474,
          53.72982
        ]
      },
      "properties": {
        "carriageway_hazards": "0",
        "carriageway_hazards_historic": "-1",
        "collision_adjusted_severity_serious": "1",
        "collision_adjusted_severity_slight": "0",
        "collision_index": "2025131609642",
        "collision_injury_based": "1",
        "collision_ref_no": "131609642",
        "collision_severity": "2",
        "collision_year": 2025,
        "date": "30/06/2025",
        "day_of_week": "2",
        "did_police_officer_attend_scene_of_accident": "1",
        "enhanced_severity_collision": "6",
        "first_road_class": "3",
        "first_road_number": "58",
        "junction_control": "4",
        "junction_detail": "19",
        "junction_detail_historic": "-1",
        "latitude": "53.72982",
        "light_conditions": "1",
        "local_authority_district": "-1",
        "local_authority_highway": "E08000033",
        "local_authority_highway_current": "E08000033",
        "local_authority_ons_district": "E08000033",
        "location_easting_osgr": "410341",
        "location_northing_osgr": "425947",
        "longitude": "-1.84474",
        "lsoa_of_accident_location": "E01010934",
        "number_of_casualties": 1,
        "number_of_vehicles": 1,
        "pedestrian_crossing": "15",
        "pedestrian_crossing_human_control_historic": "-1",
        "pedestrian_crossing_physical_facilities_historic": "-1",
        "police_force": "13",
        "road_surface_conditions": "1",
        "road_type": "6",
        "second_road_class": "6",
        "second_road_number": "0",
        "special_conditions_at_site": "-1",
        "speed_limit": 40,
        "time": "13:44",
        "trunk_road_flag": "2",
        "urban_or_rural_area": "2",
        "weather_conditions": "1",
        "geometry_source": "collision_location",
        "source_year": 2025,
        "date_iso": "2025-06-30"
      }
    },
    {
      "type": "Feature",
      "id": "2025131583826",
      "geometry": {
        "type": "Point",
        "coordinates": [
          -1.75543,
          53.71233
        ]
      },
      "properties": {
        "carriageway_hazards": "0",
        "carriageway_hazards_historic": "-1",
        "collision_adjusted_severity_serious": "0",
        "collision_adjusted_severity_slight": "1",
        "collision_index": "2025131583826",
        "collision_injury_based": "1",
        "collision_ref_no": "131583826",
        "collision_severity": "3",
        "collision_year": 2025,
        "date": "30/04/2025",
        "day_of_week": "4",
        "did_police_officer_attend_scene_of_accident": "1",
        "enhanced_severity_collision": "3",
        "first_road_class": "3",
        "first_road_number": "643",
        "junction_control": "-1",
        "junction_detail": "0",
        "junction_detail_historic": "-1",
        "latitude": "53.71233",
        "light_conditions": "1",
        "local_authority_district": "-1",
        "local_authority_highway": "E08000033",
        "local_authority_highway_current": "E08000033",
        "local_authority_ons_district": "E08000033",
        "location_easting_osgr": "416240",
        "location_northing_osgr": "424018",
        "longitude": "-1.75543",
        "lsoa_of_accident_location": "E01010878",
        "number_of_casualties": 2,
        "number_of_vehicles": 2,
        "pedestrian_crossing": "0",
        "pedestrian_crossing_human_control_historic": "-1",
        "pedestrian_crossing_physical_facilities_historic": "-1",
        "police_force": "13",
        "road_surface_conditions": "1",
        "road_type": "6",
        "second_road_class": "6",
        "second_road_number": "0",
        "special_conditions_at_site": "-1",
        "speed_limit": 60,
        "time": "09:59",
        "trunk_road_flag": "2",
        "urban_or_rural_area": "2",
        "weather_conditions": "1",
        "geometry_source": "collision_location",
        "source_year": 2025,
        "date_iso": "2025-04-30"
      }
    },
    {
      "type": "Feature",
      "id": "2025131599849",
      "geometry": {
        "type": "Point",
        "coordinates": [
          -1.78912,
          53.69369
        ]
      },
      "properties": {
        "carriageway_hazards": "0",
        "carriageway_hazards_historic": "-1",
        "collision_adjusted_severity_serious": "0",
        "collision_adjusted_severity_slight": "1",
        "collision_index": "2025131599849",
        "collision_injury_based": "1",
        "collision_ref_no": "131599849",
        "collision_severity": "3",
        "collision_year": 2025,
        "date": "05/06/2025",
        "day_of_week": "5",
        "did_police_officer_attend_scene_of_accident": "2",
        "enhanced_severity_collision": "3",
        "first_road_class": "3",
        "first_road_number": "643",
        "junction_control": "4",
        "junction_detail": "13",
        "junction_detail_historic": "-1",
        "latitude": "53.69369",
        "light_conditions": "1",
        "local_authority_district": "-1",
        "local_authority_highway": "E08000033",
        "local_authority_highway_current": "E08000033",
        "local_authority_ons_district": "E08000033",
        "location_easting_osgr": "414022",
        "location_northing_osgr": "421937",
        "longitude": "-1.78912",
        "lsoa_of_accident_location": "E01010951",
        "number_of_casualties": 1,
        "number_of_vehicles": 2,
        "pedestrian_crossing": "0",
        "pedestrian_crossing_human_control_historic": "-1",
        "pedestrian_crossing_physical_facilities_historic": "-1",
        "police_force": "13",
        "road_surface_conditions": "1",
        "road_type": "6",
        "second_road_class": "6",
        "second_road_number": "0",
        "special_conditions_at_site": "-1",
        "speed_limit": 30,
        "time": "18:15",
        "trunk_road_flag": "2",
        "urban_or_rural_area": "1",
        "weather_conditions": "1",
        "geometry_source": "collision_location",
        "source_year": 2025,
        "date_iso": "2025-06-05"
      }
    },
    {
      "type": "Feature",
      "id": "2025131610172",
      "geometry": {
        "type": "Point",
        "coordinates": [
          -1.83941,
          53.73245
        ]
      },
      "properties": {
        "carriageway_hazards": "0",
        "carriageway_hazards_historic": "-1",
        "collision_adjusted_severity_serious": "1",
        "collision_adjusted_severity_slight": "0",
        "collision_index": "2025131610172",
        "collision_injury_based": "1",
        "collision_ref_no": "131610172",
        "collision_severity": "2",
        "collision_year": 2025,
        "date": "29/06/2025",
        "day_of_week": "1",
        "did_police_officer_attend_scene_of_accident": "1",
        "enhanced_severity_collision": "7",
        "first_road_class": "3",
        "first_road_number": "58",
        "junction_control": "4",
        "junction_detail": "13",
        "junction_detail_historic": "-1",
        "latitude": "53.73245",
        "light_conditions": "1",
        "local_authority_district": "-1",
        "local_authority_highway": "E08000033",
        "local_authority_highway_current": "E08000033",
        "local_authority_ons_district": "E08000033",
        "location_easting_osgr": "410692",
        "location_northing_osgr": "426241",
        "longitude": "-1.83941",
        "lsoa_of_accident_location": "E01010937",
        "number_of_casualties": 2,
        "number_of_vehicles": 2,
        "pedestrian_crossing": "0",
        "pedestrian_crossing_human_control_historic": "-1",
        "pedestrian_crossing_physical_facilities_historic": "-1",
        "police_force": "13",
        "road_surface_conditions": "1",
        "road_type": "6",
        "second_road_class": "6",
        "second_road_number": "0",
        "special_conditions_at_site": "-1",
        "speed_limit": 40,
        "time": "13:33",
        "trunk_road_flag": "2",
        "urban_or_rural_area": "1",
        "weather_conditions": "1",
        "geometry_source": "collision_location",
        "source_year": 2025,
        "date_iso": "2025-06-29"
      }
    },
    {
      "type": "Feature",
      "id": "2025131641580",
      "geometry": {
        "type": "Point",
        "coordinates": [
          -1.85723,
          53.69883
        ]
      },
      "properties": {
        "carriageway_hazards": "0",
        "carriageway_hazards_historic": "-1",
        "collision_adjusted_severity_serious": "0",
        "collision_adjusted_severity_slight": "1",
        "collision_index": "2025131641580",
        "collision_injury_based": "1",
        "collision_ref_no": "131641580",
        "collision_severity": "3",
        "collision_year": 2025,
        "date": "14/09/2025",
        "day_of_week": "1",
        "did_police_officer_attend_scene_of_accident": "1",
        "enhanced_severity_collision": "3",
        "first_road_class": "3",
        "first_road_number": "6026",
        "junction_control": "4",
        "junction_detail": "13",
        "junction_detail_historic": "-1",
        "latitude": "53.69883",
        "light_conditions": "1",
        "local_authority_district": "-1",
        "local_authority_highway": "E08000033",
        "local_authority_highway_current": "E08000033",
        "local_authority_ons_district": "E08000033",
        "location_easting_osgr": "409524",
        "location_northing_osgr": "422497",
        "longitude": "-1.85723",
        "lsoa_of_accident_location": "E01010993",
        "number_of_casualties": 2,
        "number_of_vehicles": 2,
        "pedestrian_crossing": "0",
        "pedestrian_crossing_human_control_historic": "-1",
        "pedestrian_crossing_physical_facilities_historic": "-1",
        "police_force": "13",
        "road_surface_conditions": "2",
        "road_type": "6",
        "second_road_class": "6",
        "second_road_number": "0",
        "special_conditions_at_site": "-1",
        "speed_limit": 30,
        "time": "16:47",
        "trunk_road_flag": "2",
        "urban_or_rural_area": "1",
        "weather_conditions": "2",
        "geometry_source": "collision_location",
        "source_year": 2025,
        "date_iso": "2025-09-14"
      }
    },
    {
      "type": "Feature",
      "id": "2025131645628",
      "geometry": {
        "type": "Point",
        "coordinates": [
          -1.89327,
          53.73765
        ]
      },
      "properties": {
        "carriageway_hazards": "17",
        "carriageway_hazards_historic": "-1",
        "collision_adjusted_severity_serious": "1",
        "collision_adjusted_severity_slight": "0",
        "collision_index": "2025131645628",
        "collision_injury_based": "1",
        "collision_ref_no": "131645628",
        "collision_severity": "2",
        "collision_year": 2025,
        "date": "23/09/2025",
        "day_of_week": "3",
        "did_police_officer_attend_scene_of_accident": "1",
        "enhanced_severity_collision": "7",
        "first_road_class": "6",
        "first_road_number": "0",
        "junction_control": "4",
        "junction_detail": "19",
        "junction_detail_historic": "-1",
        "latitude": "53.73765",
        "light_conditions": "4",
        "local_authority_district": "-1",
        "local_authority_highway": "E08000033",
        "local_authority_highway_current": "E08000033",
        "local_authority_ons_district": "E08000033",
        "location_easting_osgr": "407138",
        "location_northing_osgr": "426812",
        "longitude": "-1.89327",
        "lsoa_of_accident_location": "E01010939",
        "number_of_casualties": 1,
        "number_of_vehicles": 2,
        "pedestrian_crossing": "0",
        "pedestrian_crossing_human_control_historic": "-1",
        "pedestrian_crossing_physical_facilities_historic": "-1",
        "police_force": "13",
        "road_surface_conditions": "1",
        "road_type": "6",
        "second_road_class": "6",
        "second_road_number": "0",
        "special_conditions_at_site": "-1",
        "speed_limit": 30,
        "time": "21:25",
        "trunk_road_flag": "2",
        "urban_or_rural_area": "1",
        "weather_conditions": "1",
        "geometry_source": "collision_location",
        "source_year": 2025,
        "date_iso": "2025-09-23"
      }
    },
    {
      "type": "Feature",
      "id": "2025131637677",
      "geometry": {
        "type": "Point",
        "coordinates": [
          -1.85577,
          53.72683
        ]
      },
      "properties": {
        "carriageway_hazards": "0",
        "carriageway_hazards_historic": "-1",
        "collision_adjusted_severity_serious": "1",
        "collision_adjusted_severity_slight": "0",
        "collision_index": "2025131637677",
        "collision_injury_based": "1",
        "collision_ref_no": "131637677",
        "collision_severity": "2",
        "collision_year": 2025,
        "date": "02/09/2025",
        "day_of_week": "3",
        "did_police_officer_attend_scene_of_accident": "2",
        "enhanced_severity_collision": "7",
        "first_road_class": "6",
        "first_road_number": "0",
        "junction_control": "-1",
        "junction_detail": "0",
        "junction_detail_historic": "-1",
        "latitude": "53.72683",
        "light_conditions": "4",
        "local_authority_district": "-1",
        "local_authority_highway": "E08000033",
        "local_authority_highway_current": "E08000033",
        "local_authority_ons_district": "E08000033",
        "location_easting_osgr": "409614",
        "location_northing_osgr": "425613",
        "longitude": "-1.85577",
        "lsoa_of_accident_location": "E01034582",
        "number_of_casualties": 1,
        "number_of_vehicles": 1,
        "pedestrian_crossing": "0",
        "pedestrian_crossing_human_control_historic": "-1",
        "pedestrian_crossing_physical_facilities_historic": "-1",
        "police_force": "13",
        "road_surface_conditions": "1",
        "road_type": "6",
        "second_road_class": "6",
        "second_road_number": "0",
        "special_conditions_at_site": "-1",
        "speed_limit": 30,
        "time": "22:15",
        "trunk_road_flag": "2",
        "urban_or_rural_area": "1",
        "weather_conditions": "1",
        "geometry_source": "collision_location",
        "source_year": 2025,
        "date_iso": "2025-09-02"
      }
    },
    {
      "type": "Feature",
      "id": "2025131625387",
      "geometry": {
        "type": "Point",
        "coordinates": [
          -1.90106,
          53.74566
        ]
      },
      "properties": {
        "carriageway_hazards": "0",
        "carriageway_hazards_historic": "-1",
        "collision_adjusted_severity_serious": "0",
        "collision_adjusted_severity_slight": "1",
        "collision_index": "2025131625387",
        "collision_injury_based": "1",
        "collision_ref_no": "131625387",
        "collision_severity": "3",
        "collision_year": 2025,
        "date": "05/08/2025",
        "day_of_week": "3",
        "did_police_officer_attend_scene_of_accident": "2",
        "enhanced_severity_collision": "3",
        "first_road_class": "6",
        "first_road_number": "0",
        "junction_control": "-1",
        "junction_detail": "0",
        "junction_detail_historic": "-1",
        "latitude": "53.74566",
        "light_conditions": "1",
        "local_authority_district": "-1",
        "local_authority_highway": "E08000033",
        "local_authority_highway_current": "E08000033",
        "local_authority_ons_district": "E08000033",
        "location_easting_osgr": "406623",
        "location_northing_osgr": "427703",
        "longitude": "-1.90106",
        "lsoa_of_accident_location": "E01010924",
        "number_of_casualties": 1,
        "number_of_vehicles": 1,
        "pedestrian_crossing": "0",
        "pedestrian_crossing_human_control_historic": "-1",
        "pedestrian_crossing_physical_facilities_historic": "-1",
        "police_force": "13",
        "road_surface_conditions": "1",
        "road_type": "6",
        "second_road_class": "6",
        "second_road_number": "0",
        "special_conditions_at_site": "-1",
        "speed_limit": 30,
        "time": "16:48",
        "trunk_road_flag": "2",
        "urban_or_rural_area": "1",
        "weather_conditions": "1",
        "geometry_source": "collision_location",
        "source_year": 2025,
        "date_iso": "2025-08-05"
      }
    },
    {
      "type": "Feature",
      "id": "2025131643481",
      "geometry": {
        "type": "Point",
        "coordinates": [
          -1.87878,
          53.70412
        ]
      },
      "properties": {
        "carriageway_hazards": "0",
        "carriageway_hazards_historic": "-1",
        "collision_adjusted_severity_serious": "1",
        "collision_adjusted_severity_slight": "0",
        "collision_index": "2025131643481",
        "collision_injury_based": "1",
        "collision_ref_no": "131643481",
        "collision_severity": "2",
        "collision_year": 2025,
        "date": "18/09/2025",
        "day_of_week": "5",
        "did_police_officer_attend_scene_of_accident": "1",
        "enhanced_severity_collision": "7",
        "first_road_class": "3",
        "first_road_number": "6026",
        "junction_control": "-1",
        "junction_detail": "0",
        "junction_detail_historic": "-1",
        "latitude": "53.70412",
        "light_conditions": "1",
        "local_authority_district": "-1",
        "local_authority_highway": "E08000033",
        "local_authority_highway_current": "E08000033",
        "local_authority_ons_district": "E08000033",
        "location_easting_osgr": "408100",
        "location_northing_osgr": "423083",
        "longitude": "-1.87878",
        "lsoa_of_accident_location": "E01010973",
        "number_of_casualties": 1,
        "number_of_vehicles": 2,
        "pedestrian_crossing": "0",
        "pedestrian_crossing_human_control_historic": "-1",
        "pedestrian_crossing_physical_facilities_historic": "-1",
        "police_force": "13",
        "road_surface_conditions": "1",
        "road_type": "6",
        "second_road_class": "6",
        "second_road_number": "0",
        "special_conditions_at_site": "-1",
        "speed_limit": 30,
        "time": "17:58",
        "trunk_road_flag": "2",
        "urban_or_rural_area": "2",
        "weather_conditions": "1",
        "geometry_source": "collision_location",
        "source_year": 2025,
        "date_iso": "2025-09-18"
      }
    },
    {
      "type": "Feature",
      "id": "2025131551987",
      "geometry": {
        "type": "Point",
        "coordinates": [
          -1.88802,
          53.71446
        ]
      },
      "properties": {
        "carriageway_hazards": "0",
        "carriageway_hazards_historic": "-1",
        "collision_adjusted_severity_serious": "1",
        "collision_adjusted_severity_slight": "0",
        "collision_index": "2025131551987",
        "collision_injury_based": "1",
        "collision_ref_no": "131551987",
        "collision_severity": "2",
        "collision_year": 2025,
        "date": "08/02/2025",
        "day_of_week": "7",
        "did_police_officer_attend_scene_of_accident": "1",
        "enhanced_severity_collision": "7",
        "first_road_class": "3",
        "first_road_number": "58",
        "junction_control": "-1",
        "junction_detail": "0",
        "junction_detail_historic": "-1",
        "latitude": "53.71446",
        "light_conditions": "6",
        "local_authority_district": "-1",
        "local_authority_highway": "E08000033",
        "local_authority_highway_current": "E08000033",
        "local_authority_ons_district": "E08000033",
        "location_easting_osgr": "407488",
        "location_northing_osgr": "424233",
        "longitude": "-1.88802",
        "lsoa_of_accident_location": "E01010977",
        "number_of_casualties": 1,
        "number_of_vehicles": 1,
        "pedestrian_crossing": "0",
        "pedestrian_crossing_human_control_historic": "-1",
        "pedestrian_crossing_physical_facilities_historic": "-1",
        "police_force": "13",
        "road_surface_conditions": "1",
        "road_type": "6",
        "second_road_class": "6",
        "second_road_number": "0",
        "special_conditions_at_site": "-1",
        "speed_limit": 50,
        "time": "06:35",
        "trunk_road_flag": "2",
        "urban_or_rural_area": "1",
        "weather_conditions": "1",
        "geometry_source": "collision_location",
        "source_year": 2025,
        "date_iso": "2025-02-08"
      }
    },
    {
      "type": "Feature",
      "id": "2025131572442",
      "geometry": {
        "type": "Point",
        "coordinates": [
          -1.87282,
          53.72954
        ]
      },
      "properties": {
        "carriageway_hazards": "0",
        "carriageway_hazards_historic": "-1",
        "collision_adjusted_severity_serious": "1",
        "collision_adjusted_severity_slight": "0",
        "collision_index": "2025131572442",
        "collision_injury_based": "1",
        "collision_ref_no": "131572442",
        "collision_severity": "2",
        "collision_year": 2025,
        "date": "01/04/2025",
        "day_of_week": "3",
        "did_police_officer_attend_scene_of_accident": "1",
        "enhanced_severity_collision": "7",
        "first_road_class": "6",
        "first_road_number": "0",
        "junction_control": "-1",
        "junction_detail": "0",
        "junction_detail_historic": "-1",
        "latitude": "53.72954",
        "light_conditions": "1",
        "local_authority_district": "-1",
        "local_authority_highway": "E08000033",
        "local_authority_highway_current": "E08000033",
        "local_authority_ons_district": "E08000033",
        "location_easting_osgr": "408488",
        "location_northing_osgr": "425912",
        "longitude": "-1.87282",
        "lsoa_of_accident_location": "E01010961",
        "number_of_casualties": 2,
        "number_of_vehicles": 2,
        "pedestrian_crossing": "0",
        "pedestrian_crossing_human_control_historic": "-1",
        "pedestrian_crossing_physical_facilities_historic": "-1",
        "police_force": "13",
        "road_surface_conditions": "1",
        "road_type": "1",
        "second_road_class": "0",
        "second_road_number": "-1",
        "special_conditions_at_site": "-1",
        "speed_limit": 30,
        "time": "16:15",
        "trunk_road_flag": "2",
        "urban_or_rural_area": "1",
        "weather_conditions": "1",
        "geometry_source": "collision_location",
        "source_year": 2025,
        "date_iso": "2025-04-01"
      }
    },
    {
      "type": "Feature",
      "id": "2025131614585",
      "geometry": {
        "type": "Point",
        "coordinates": [
          -1.82625,
          53.70936
        ]
      },
      "properties": {
        "carriageway_hazards": "0",
        "carriageway_hazards_historic": "-1",
        "collision_adjusted_severity_serious": "0",
        "collision_adjusted_severity_slight": "1",
        "collision_index": "2025131614585",
        "collision_injury_based": "1",
        "collision_ref_no": "131614585",
        "collision_severity": "3",
        "collision_year": 2025,
        "date": "07/07/2025",
        "day_of_week": "2",
        "did_police_officer_attend_scene_of_accident": "2",
        "enhanced_severity_collision": "3",
        "first_road_class": "6",
        "first_road_number": "0",
        "junction_control": "-1",
        "junction_detail": "0",
        "junction_detail_historic": "-1",
        "latitude": "53.70936",
        "light_conditions": "1",
        "local_authority_district": "-1",
        "local_authority_highway": "E08000033",
        "local_authority_highway_current": "E08000033",
        "local_authority_ons_district": "E08000033",
        "location_easting_osgr": "411566",
        "location_northing_osgr": "423674",
        "longitude": "-1.82625",
        "lsoa_of_accident_location": "E01010990",
        "number_of_casualties": 1,
        "number_of_vehicles": 2,
        "pedestrian_crossing": "0",
        "pedestrian_crossing_human_control_historic": "-1",
        "pedestrian_crossing_physical_facilities_historic": "-1",
        "police_force": "13",
        "road_surface_conditions": "1",
        "road_type": "9",
        "second_road_class": "0",
        "second_road_number": "-1",
        "special_conditions_at_site": "-1",
        "speed_limit": 20,
        "time": "19:52",
        "trunk_road_flag": "2",
        "urban_or_rural_area": "1",
        "weather_conditions": "1",
        "geometry_source": "collision_location",
        "source_year": 2025,
        "date_iso": "2025-07-07"
      }
    },
    {
      "type": "Feature",
      "id": "2025131539556",
      "geometry": {
        "type": "Point",
        "coordinates": [
          -1.87528,
          53.73862
        ]
      },
      "properties": {
        "carriageway_hazards": "0",
        "carriageway_hazards_historic": "-1",
        "collision_adjusted_severity_serious": "0",
        "collision_adjusted_severity_slight": "1",
        "collision_index": "2025131539556",
        "collision_injury_based": "1",
        "collision_ref_no": "131539556",
        "collision_severity": "3",
        "collision_year": 2025,
        "date": "08/01/2025",
        "day_of_week": "4",
        "did_police_officer_attend_scene_of_accident": "1",
        "enhanced_severity_collision": "3",
        "first_road_class": "3",
        "first_road_number": "629",
        "junction_control": "-1",
        "junction_detail": "0",
        "junction_detail_historic": "-1",
        "latitude": "53.73862",
        "light_conditions": "4",
        "local_authority_district": "-1",
        "local_authority_highway": "E08000033",
        "local_authority_highway_current": "E08000033",
        "local_authority_ons_district": "E08000033",
        "location_easting_osgr": "408324",
        "location_northing_osgr": "426922",
        "longitude": "-1.87528",
        "lsoa_of_accident_location": "E01010940",
        "number_of_casualties": 2,
        "number_of_vehicles": 2,
        "pedestrian_crossing": "14",
        "pedestrian_crossing_human_control_historic": "-1",
        "pedestrian_crossing_physical_facilities_historic": "-1",
        "police_force": "13",
        "road_surface_conditions": "4",
        "road_type": "6",
        "second_road_class": "6",
        "second_road_number": "0",
        "special_conditions_at_site": "-1",
        "speed_limit": 30,
        "time": "19:22",
        "trunk_road_flag": "2",
        "urban_or_rural_area": "1",
        "weather_conditions": "1",
        "geometry_source": "collision_location",
        "source_year": 2025,
        "date_iso": "2025-01-08"
      }
    },
    {
      "type": "Feature",
      "id": "2025131604762",
      "geometry": {
        "type": "Point",
        "coordinates": [
          -1.94417,
          53.77765
        ]
      },
      "properties": {
        "carriageway_hazards": "0",
        "carriageway_hazards_historic": "-1",
        "collision_adjusted_severity_serious": "1",
        "collision_adjusted_severity_slight": "0",
        "collision_index": "2025131604762",
        "collision_injury_based": "1",
        "collision_ref_no": "131604762",
        "collision_severity": "2",
        "collision_year": 2025,
        "date": "18/06/2025",
        "day_of_week": "4",
        "did_police_officer_attend_scene_of_accident": "1",
        "enhanced_severity_collision": "5",
        "first_road_class": "6",
        "first_road_number": "0",
        "junction_control": "4",
        "junction_detail": "19",
        "junction_detail_historic": "-1",
        "latitude": "53.77765",
        "light_conditions": "6",
        "local_authority_district": "-1",
        "local_authority_highway": "E08000033",
        "local_authority_highway_current": "E08000033",
        "local_authority_ons_district": "E08000033",
        "location_easting_osgr": "403777",
        "location_northing_osgr": "431259",
        "longitude": "-1.94417",
        "lsoa_of_accident_location": "E01010920",
        "number_of_casualties": 2,
        "number_of_vehicles": 1,
        "pedestrian_crossing": "0",
        "pedestrian_crossing_human_control_historic": "-1",
        "pedestrian_crossing_physical_facilities_historic": "-1",
        "police_force": "13",
        "road_surface_conditions": "1",
        "road_type": "6",
        "second_road_class": "6",
        "second_road_number": "0",
        "special_conditions_at_site": "-1",
        "speed_limit": 60,
        "time": "23:05",
        "trunk_road_flag": "2",
        "urban_or_rural_area": "2",
        "weather_conditions": "1",
        "geometry_source": "collision_location",
        "source_year": 2025,
        "date_iso": "2025-06-18"
      }
    },
    {
      "type": "Feature",
      "id": "2025131659034",
      "geometry": {
        "type": "Point",
        "coordinates": [
          -1.77944,
          53.70326
        ]
      },
      "properties": {
        "carriageway_hazards": "0",
        "carriageway_hazards_historic": "-1",
        "collision_adjusted_severity_serious": "0",
        "collision_adjusted_severity_slight": "1",
        "collision_index": "2025131659034",
        "collision_injury_based": "1",
        "collision_ref_no": "131659034",
        "collision_severity": "3",
        "collision_year": 2025,
        "date": "06/10/2025",
        "day_of_week": "2",
        "did_police_officer_attend_scene_of_accident": "1",
        "enhanced_severity_collision": "3",
        "first_road_class": "6",
        "first_road_number": "0",
        "junction_control": "-1",
        "junction_detail": "0",
        "junction_detail_historic": "-1",
        "latitude": "53.70326",
        "light_conditions": "4",
        "local_authority_district": "-1",
        "local_authority_highway": "E08000033",
        "local_authority_highway_current": "E08000033",
        "local_authority_ons_district": "E08000033",
        "location_easting_osgr": "414658",
        "location_northing_osgr": "423003",
        "longitude": "-1.77944",
        "lsoa_of_accident_location": "E01010949",
        "number_of_casualties": 1,
        "number_of_vehicles": 1,
        "pedestrian_crossing": "0",
        "pedestrian_crossing_human_control_historic": "-1",
        "pedestrian_crossing_physical_facilities_historic": "-1",
        "police_force": "13",
        "road_surface_conditions": "1",
        "road_type": "6",
        "second_road_class": "6",
        "second_road_number": "0",
        "special_conditions_at_site": "-1",
        "speed_limit": 30,
        "time": "19:00",
        "trunk_road_flag": "2",
        "urban_or_rural_area": "1",
        "weather_conditions": "1",
        "geometry_source": "collision_location",
        "source_year": 2025,
        "date_iso": "2025-10-06"
      }
    },
    {
      "type": "Feature",
      "id": "2025131607715",
      "geometry": {
        "type": "Point",
        "coordinates": [
          -1.74685,
          53.71242
        ]
      },
      "properties": {
        "carriageway_hazards": "0",
        "carriageway_hazards_historic": "-1",
        "collision_adjusted_severity_serious": "1",
        "collision_adjusted_severity_slight": "0",
        "collision_index": "2025131607715",
        "collision_injury_based": "1",
        "collision_ref_no": "131607715",
        "collision_severity": "2",
        "collision_year": 2025,
        "date": "24/06/2025",
        "day_of_week": "3",
        "did_police_officer_attend_scene_of_accident": "1",
        "enhanced_severity_collision": "7",
        "first_road_class": "6",
        "first_road_number": "0",
        "junction_control": "-1",
        "junction_detail": "0",
        "junction_detail_historic": "-1",
        "latitude": "53.71242",
        "light_conditions": "1",
        "local_authority_district": "-1",
        "local_authority_highway": "E08000033",
        "local_authority_highway_current": "E08000033",
        "local_authority_ons_district": "E08000033",
        "location_easting_osgr": "416806",
        "location_northing_osgr": "424030",
        "longitude": "-1.74685",
        "lsoa_of_accident_location": "E01010879",
        "number_of_casualties": 1,
        "number_of_vehicles": 2,
        "pedestrian_crossing": "0",
        "pedestrian_crossing_human_control_historic": "-1",
        "pedestrian_crossing_physical_facilities_historic": "-1",
        "police_force": "13",
        "road_surface_conditions": "1",
        "road_type": "6",
        "second_road_class": "0",
        "second_road_number": "-1",
        "special_conditions_at_site": "-1",
        "speed_limit": 30,
        "time": "18:07",
        "trunk_road_flag": "2",
        "urban_or_rural_area": "2",
        "weather_conditions": "1",
        "geometry_source": "collision_location",
        "source_year": 2025,
        "date_iso": "2025-06-24"
      }
    },
    {
      "type": "Feature",
      "id": "2025131676791",
      "geometry": {
        "type": "Point",
        "coordinates": [
          -1.77925,
          53.70045
        ]
      },
      "properties": {
        "carriageway_hazards": "0",
        "carriageway_hazards_historic": "-1",
        "collision_adjusted_severity_serious": "0",
        "collision_adjusted_severity_slight": "1",
        "collision_index": "2025131676791",
        "collision_injury_based": "1",
        "collision_ref_no": "131676791",
        "collision_severity": "3",
        "collision_year": 2025,
        "date": "01/12/2025",
        "day_of_week": "2",
        "did_police_officer_attend_scene_of_accident": "1",
        "enhanced_severity_collision": "3",
        "first_road_class": "3",
        "first_road_number": "641",
        "junction_control": "-1",
        "junction_detail": "0",
        "junction_detail_historic": "-1",
        "latitude": "53.70045",
        "light_conditions": "4",
        "local_authority_district": "-1",
        "local_authority_highway": "E08000033",
        "local_authority_highway_current": "E08000033",
        "local_authority_ons_district": "E08000033",
        "location_easting_osgr": "414672",
        "location_northing_osgr": "422691",
        "longitude": "-1.77925",
        "lsoa_of_accident_location": "E01010949",
        "number_of_casualties": 1,
        "number_of_vehicles": 2,
        "pedestrian_crossing": "0",
        "pedestrian_crossing_human_control_historic": "-1",
        "pedestrian_crossing_physical_facilities_historic": "-1",
        "police_force": "13",
        "road_surface_conditions": "2",
        "road_type": "6",
        "second_road_class": "6",
        "second_road_number": "0",
        "special_conditions_at_site": "-1",
        "speed_limit": 30,
        "time": "00:28",
        "trunk_road_flag": "2",
        "urban_or_rural_area": "1",
        "weather_conditions": "5",
        "geometry_source": "collision_location",
        "source_year": 2025,
        "date_iso": "2025-12-01"
      }
    },
    {
      "type": "Feature",
      "id": "2025131620092",
      "geometry": {
        "type": "Point",
        "coordinates": [
          -1.87237,
          53.73599
        ]
      },
      "properties": {
        "carriageway_hazards": "0",
        "carriageway_hazards_historic": "-1",
        "collision_adjusted_severity_serious": "0",
        "collision_adjusted_severity_slight": "1",
        "collision_index": "2025131620092",
        "collision_injury_based": "1",
        "collision_ref_no": "131620092",
        "collision_severity": "3",
        "collision_year": 2025,
        "date": "23/07/2025",
        "day_of_week": "4",
        "did_police_officer_attend_scene_of_accident": "1",
        "enhanced_severity_collision": "3",
        "first_road_class": "6",
        "first_road_number": "0",
        "junction_control": "4",
        "junction_detail": "16",
        "junction_detail_historic": "-1",
        "latitude": "53.73599",
        "light_conditions": "1",
        "local_authority_district": "-1",
        "local_authority_highway": "E08000033",
        "local_authority_highway_current": "E08000033",
        "local_authority_ons_district": "E08000033",
        "location_easting_osgr": "408517",
        "location_northing_osgr": "426630",
        "longitude": "-1.87237",
        "lsoa_of_accident_location": "E01010938",
        "number_of_casualties": 1,
        "number_of_vehicles": 2,
        "pedestrian_crossing": "0",
        "pedestrian_crossing_human_control_historic": "-1",
        "pedestrian_crossing_physical_facilities_historic": "-1",
        "police_force": "13",
        "road_surface_conditions": "1",
        "road_type": "6",
        "second_road_class": "6",
        "second_road_number": "0",
        "special_conditions_at_site": "-1",
        "speed_limit": 30,
        "time": "15:55",
        "trunk_road_flag": "2",
        "urban_or_rural_area": "1",
        "weather_conditions": "1",
        "geometry_source": "collision_location",
        "source_year": 2025,
        "date_iso": "2025-07-23"
      }
    },
    {
      "type": "Feature",
      "id": "2025131554946",
      "geometry": {
        "type": "Point",
        "coordinates": [
          -1.90098,
          53.72458
        ]
      },
      "properties": {
        "carriageway_hazards": "0",
        "carriageway_hazards_historic": "-1",
        "collision_adjusted_severity_serious": "0",
        "collision_adjusted_severity_slight": "1",
        "collision_index": "2025131554946",
        "collision_injury_based": "1",
        "collision_ref_no": "131554946",
        "collision_severity": "3",
        "collision_year": 2025,
        "date": "16/02/2025",
        "day_of_week": "1",
        "did_police_officer_attend_scene_of_accident": "1",
        "enhanced_severity_collision": "3",
        "first_road_class": "6",
        "first_road_number": "0",
        "junction_control": "-1",
        "junction_detail": "0",
        "junction_detail_historic": "-1",
        "latitude": "53.72458",
        "light_conditions": "4",
        "local_authority_district": "-1",
        "local_authority_highway": "E08000033",
        "local_authority_highway_current": "E08000033",
        "local_authority_ons_district": "E08000033",
        "location_easting_osgr": "406631",
        "location_northing_osgr": "425357",
        "longitude": "-1.90098",
        "lsoa_of_accident_location": "E01010999",
        "number_of_casualties": 1,
        "number_of_vehicles": 1,
        "pedestrian_crossing": "0",
        "pedestrian_crossing_human_control_historic": "-1",
        "pedestrian_crossing_physical_facilities_historic": "-1",
        "police_force": "13",
        "road_surface_conditions": "1",
        "road_type": "6",
        "second_road_class": "6",
        "second_road_number": "0",
        "special_conditions_at_site": "-1",
        "speed_limit": 20,
        "time": "17:25",
        "trunk_road_flag": "2",
        "urban_or_rural_area": "1",
        "weather_conditions": "1",
        "geometry_source": "collision_location",
        "source_year": 2025,
        "date_iso": "2025-02-16"
      }
    },
    {
      "type": "Feature",
      "id": "2025131575389",
      "geometry": {
        "type": "Point",
        "coordinates": [
          -1.88124,
          53.73412
        ]
      },
      "properties": {
        "carriageway_hazards": "0",
        "carriageway_hazards_historic": "-1",
        "collision_adjusted_severity_serious": "1",
        "collision_adjusted_severity_slight": "0",
        "collision_index": "2025131575389",
        "collision_injury_based": "1",
        "collision_ref_no": "131575389",
        "collision_severity": "2",
        "collision_year": 2025,
        "date": "25/03/2025",
        "day_of_week": "3",
        "did_police_officer_attend_scene_of_accident": "1",
        "enhanced_severity_collision": "7",
        "first_road_class": "6",
        "first_road_number": "0",
        "junction_control": "-1",
        "junction_detail": "0",
        "junction_detail_historic": "-1",
        "latitude": "53.73412",
        "light_conditions": "4",
        "local_authority_district": "-1",
        "local_authority_highway": "E08000033",
        "local_authority_highway_current": "E08000033",
        "local_authority_ons_district": "E08000033",
        "location_easting_osgr": "407932",
        "location_northing_osgr": "426421",
        "longitude": "-1.88124",
        "lsoa_of_accident_location": "E01010961",
        "number_of_casualties": 1,
        "number_of_vehicles": 2,
        "pedestrian_crossing": "0",
        "pedestrian_crossing_human_control_historic": "-1",
        "pedestrian_crossing_physical_facilities_historic": "-1",
        "police_force": "13",
        "road_surface_conditions": "1",
        "road_type": "6",
        "second_road_class": "6",
        "second_road_number": "0",
        "special_conditions_at_site": "-1",
        "speed_limit": 30,
        "time": "01:52",
        "trunk_road_flag": "2",
        "urban_or_rural_area": "1",
        "weather_conditions": "1",
        "geometry_source": "collision_location",
        "source_year": 2025,
        "date_iso": "2025-03-25"
      }
    },
    {
      "type": "Feature",
      "id": "2025131620570",
      "geometry": {
        "type": "Point",
        "coordinates": [
          -1.91752,
          53.66056
        ]
      },
      "properties": {
        "carriageway_hazards": "0",
        "carriageway_hazards_historic": "-1",
        "collision_adjusted_severity_serious": "0",
        "collision_adjusted_severity_slight": "1",
        "collision_index": "2025131620570",
        "collision_injury_based": "1",
        "collision_ref_no": "131620570",
        "collision_severity": "3",
        "collision_year": 2025,
        "date": "24/07/2025",
        "day_of_week": "5",
        "did_police_officer_attend_scene_of_accident": "2",
        "enhanced_severity_collision": "3",
        "first_road_class": "6",
        "first_road_number": "0",
        "junction_control": "-1",
        "junction_detail": "0",
        "junction_detail_historic": "-1",
        "latitude": "53.66056",
        "light_conditions": "6",
        "local_authority_district": "-1",
        "local_authority_highway": "E08000033",
        "local_authority_highway_current": "E08000033",
        "local_authority_ons_district": "E08000033",
        "location_easting_osgr": "405548",
        "location_northing_osgr": "418233",
        "longitude": "-1.91752",
        "lsoa_of_accident_location": "E01010955",
        "number_of_casualties": 1,
        "number_of_vehicles": 1,
        "pedestrian_crossing": "0",
        "pedestrian_crossing_human_control_historic": "-1",
        "pedestrian_crossing_physical_facilities_historic": "-1",
        "police_force": "13",
        "road_surface_conditions": "1",
        "road_type": "6",
        "second_road_class": "6",
        "second_road_number": "0",
        "special_conditions_at_site": "-1",
        "speed_limit": 30,
        "time": "22:19",
        "trunk_road_flag": "2",
        "urban_or_rural_area": "2",
        "weather_conditions": "1",
        "geometry_source": "collision_location",
        "source_year": 2025,
        "date_iso": "2025-07-24"
      }
    },
    {
      "type": "Feature",
      "id": "2025131563723",
      "geometry": {
        "type": "Point",
        "coordinates": [
          -1.76608,
          53.69796
        ]
      },
      "properties": {
        "carriageway_hazards": "0",
        "carriageway_hazards_historic": "-1",
        "collision_adjusted_severity_serious": "0",
        "collision_adjusted_severity_slight": "1",
        "collision_index": "2025131563723",
        "collision_injury_based": "1",
        "collision_ref_no": "131563723",
        "collision_severity": "3",
        "collision_year": 2025,
        "date": "11/03/2025",
        "day_of_week": "3",
        "did_police_officer_attend_scene_of_accident": "1",
        "enhanced_severity_collision": "3",
        "first_road_class": "6",
        "first_road_number": "0",
        "junction_control": "4",
        "junction_detail": "-1",
        "junction_detail_historic": "-1",
        "latitude": "53.69796",
        "light_conditions": "1",
        "local_authority_district": "-1",
        "local_authority_highway": "E08000033",
        "local_authority_highway_current": "E08000033",
        "local_authority_ons_district": "E08000033",
        "location_easting_osgr": "415542",
        "location_northing_osgr": "422417",
        "longitude": "-1.76608",
        "lsoa_of_accident_location": "E01010879",
        "number_of_casualties": 1,
        "number_of_vehicles": 1,
        "pedestrian_crossing": "0",
        "pedestrian_crossing_human_control_historic": "-1",
        "pedestrian_crossing_physical_facilities_historic": "-1",
        "police_force": "13",
        "road_surface_conditions": "1",
        "road_type": "6",
        "second_road_class": "6",
        "second_road_number": "0",
        "special_conditions_at_site": "-1",
        "speed_limit": 30,
        "time": "09:37",
        "trunk_road_flag": "2",
        "urban_or_rural_area": "1",
        "weather_conditions": "1",
        "geometry_source": "collision_location",
        "source_year": 2025,
        "date_iso": "2025-03-11"
      }
    },
    {
      "type": "Feature",
      "id": "2025131665549",
      "geometry": {
        "type": "Point",
        "coordinates": [
          -2.02255,
          53.62959
        ]
      },
      "properties": {
        "carriageway_hazards": "17",
        "carriageway_hazards_historic": "-1",
        "collision_adjusted_severity_serious": "0",
        "collision_adjusted_severity_slight": "1",
        "collision_index": "2025131665549",
        "collision_injury_based": "1",
        "collision_ref_no": "131665549",
        "collision_severity": "3",
        "collision_year": 2025,
        "date": "19/10/2025",
        "day_of_week": "1",
        "did_police_officer_attend_scene_of_accident": "2",
        "enhanced_severity_collision": "3",
        "first_road_class": "1",
        "first_road_number": "62",
        "junction_control": "-1",
        "junction_detail": "0",
        "junction_detail_historic": "-1",
        "latitude": "53.62959",
        "light_conditions": "1",
        "local_authority_district": "-1",
        "local_authority_highway": "E08000033",
        "local_authority_highway_current": "E08000033",
        "local_authority_ons_district": "E08000033",
        "location_easting_osgr": "398606",
        "location_northing_osgr": "414785",
        "longitude": "-2.02255",
        "lsoa_of_accident_location": "E01010955",
        "number_of_casualties": 1,
        "number_of_vehicles": 8,
        "pedestrian_crossing": "0",
        "pedestrian_crossing_human_control_historic": "-1",
        "pedestrian_crossing_physical_facilities_historic": "-1",
        "police_force": "13",
        "road_surface_conditions": "2",
        "road_type": "3",
        "second_road_class": "1",
        "second_road_number": "62",
        "special_conditions_at_site": "-1",
        "speed_limit": 70,
        "time": "15:45",
        "trunk_road_flag": "1",
        "urban_or_rural_area": "2",
        "weather_conditions": "2",
        "geometry_source": "collision_location",
        "source_year": 2025,
        "date_iso": "2025-10-19"
      }
    },
    {
      "type": "Feature",
      "id": "2025131545560",
      "geometry": {
        "type": "Point",
        "coordinates": [
          -1.88017,
          53.74285
        ]
      },
      "properties": {
        "carriageway_hazards": "0",
        "carriageway_hazards_historic": "-1",
        "collision_adjusted_severity_serious": "1",
        "collision_adjusted_severity_slight": "0",
        "collision_index": "2025131545560",
        "collision_injury_based": "1",
        "collision_ref_no": "131545560",
        "collision_severity": "2",
        "collision_year": 2025,
        "date": "23/01/2025",
        "day_of_week": "5",
        "did_police_officer_attend_scene_of_accident": "1",
        "enhanced_severity_collision": "7",
        "first_road_class": "3",
        "first_road_number": "629",
        "junction_control": "-1",
        "junction_detail": "0",
        "junction_detail_historic": "-1",
        "latitude": "53.74285",
        "light_conditions": "4",
        "local_authority_district": "-1",
        "local_authority_highway": "E08000033",
        "local_authority_highway_current": "E08000033",
        "local_authority_ons_district": "E08000033",
        "location_easting_osgr": "408001",
        "location_northing_osgr": "427392",
        "longitude": "-1.88017",
        "lsoa_of_accident_location": "E01010942",
        "number_of_casualties": 1,
        "number_of_vehicles": 1,
        "pedestrian_crossing": "11",
        "pedestrian_crossing_human_control_historic": "-1",
        "pedestrian_crossing_physical_facilities_historic": "-1",
        "police_force": "13",
        "road_surface_conditions": "2",
        "road_type": "6",
        "second_road_class": "6",
        "second_road_number": "0",
        "special_conditions_at_site": "-1",
        "speed_limit": 30,
        "time": "22:17",
        "trunk_road_flag": "2",
        "urban_or_rural_area": "1",
        "weather_conditions": "1",
        "geometry_source": "collision_location",
        "source_year": 2025,
        "date_iso": "2025-01-23"
      }
    },
    {
      "type": "Feature",
      "id": "2025131554705",
      "geometry": {
        "type": "Point",
        "coordinates": [
          -1.8706,
          53.74316
        ]
      },
      "properties": {
        "carriageway_hazards": "0",
        "carriageway_hazards_historic": "-1",
        "collision_adjusted_severity_serious": "1",
        "collision_adjusted_severity_slight": "0",
        "collision_index": "2025131554705",
        "collision_injury_based": "1",
        "collision_ref_no": "131554705",
        "collision_severity": "2",
        "collision_year": 2025,
        "date": "15/02/2025",
        "day_of_week": "7",
        "did_police_officer_attend_scene_of_accident": "1",
        "enhanced_severity_collision": "6",
        "first_road_class": "3",
        "first_road_number": "647",
        "junction_control": "4",
        "junction_detail": "13",
        "junction_detail_historic": "-1",
        "latitude": "53.74316",
        "light_conditions": "1",
        "local_authority_district": "-1",
        "local_authority_highway": "E08000033",
        "local_authority_highway_current": "E08000033",
        "local_authority_ons_district": "E08000033",
        "location_easting_osgr": "408632",
        "location_northing_osgr": "427428",
        "longitude": "-1.8706",
        "lsoa_of_accident_location": "E01010934",
        "number_of_casualties": 5,
        "number_of_vehicles": 3,
        "pedestrian_crossing": "0",
        "pedestrian_crossing_human_control_historic": "-1",
        "pedestrian_crossing_physical_facilities_historic": "-1",
        "police_force": "13",
        "road_surface_conditions": "2",
        "road_type": "6",
        "second_road_class": "6",
        "second_road_number": "0",
        "special_conditions_at_site": "-1",
        "speed_limit": 50,
        "time": "15:12",
        "trunk_road_flag": "2",
        "urban_or_rural_area": "2",
        "weather_conditions": "2",
        "geometry_source": "collision_location",
        "source_year": 2025,
        "date_iso": "2025-02-15"
      }
    },
    {
      "type": "Feature",
      "id": "2025131595542",
      "geometry": {
        "type": "Point",
        "coordinates": [
          -1.82824,
          53.68681
        ]
      },
      "properties": {
        "carriageway_hazards": "0",
        "carriageway_hazards_historic": "-1",
        "collision_adjusted_severity_serious": "0",
        "collision_adjusted_severity_slight": "1",
        "collision_index": "2025131595542",
        "collision_injury_based": "1",
        "collision_ref_no": "131595542",
        "collision_severity": "3",
        "collision_year": 2025,
        "date": "28/05/2025",
        "day_of_week": "4",
        "did_police_officer_attend_scene_of_accident": "1",
        "enhanced_severity_collision": "3",
        "first_road_class": "6",
        "first_road_number": "0",
        "junction_control": "-1",
        "junction_detail": "0",
        "junction_detail_historic": "-1",
        "latitude": "53.68681",
        "light_conditions": "5",
        "local_authority_district": "-1",
        "local_authority_highway": "E08000033",
        "local_authority_highway_current": "E08000033",
        "local_authority_ons_district": "E08000033",
        "location_easting_osgr": "411441",
        "location_northing_osgr": "421164",
        "longitude": "-1.82824",
        "lsoa_of_accident_location": "E01010890",
        "number_of_casualties": 1,
        "number_of_vehicles": 2,
        "pedestrian_crossing": "0",
        "pedestrian_crossing_human_control_historic": "-1",
        "pedestrian_crossing_physical_facilities_historic": "-1",
        "police_force": "13",
        "road_surface_conditions": "1",
        "road_type": "7",
        "second_road_class": "0",
        "second_road_number": "-1",
        "special_conditions_at_site": "-1",
        "speed_limit": 50,
        "time": "09:50",
        "trunk_road_flag": "2",
        "urban_or_rural_area": "1",
        "weather_conditions": "1",
        "geometry_source": "collision_location",
        "source_year": 2025,
        "date_iso": "2025-05-28"
      }
    },
    {
      "type": "Feature",
      "id": "2025131609692",
      "geometry": {
        "type": "Point",
        "coordinates": [
          -1.87535,
          53.72711
        ]
      },
      "properties": {
        "carriageway_hazards": "0",
        "carriageway_hazards_historic": "-1",
        "collision_adjusted_severity_serious": "0",
        "collision_adjusted_severity_slight": "1",
        "collision_index": "2025131609692",
        "collision_injury_based": "1",
        "collision_ref_no": "131609692",
        "collision_severity": "3",
        "collision_year": 2025,
        "date": "30/06/2025",
        "day_of_week": "2",
        "did_police_officer_attend_scene_of_accident": "2",
        "enhanced_severity_collision": "3",
        "first_road_class": "6",
        "first_road_number": "0",
        "junction_control": "4",
        "junction_detail": "13",
        "junction_detail_historic": "-1",
        "latitude": "53.72711",
        "light_conditions": "1",
        "local_authority_district": "-1",
        "local_authority_highway": "E08000033",
        "local_authority_highway_current": "E08000033",
        "local_authority_ons_district": "E08000033",
        "location_easting_osgr": "408322",
        "location_northing_osgr": "425642",
        "longitude": "-1.87535",
        "lsoa_of_accident_location": "E01010965",
        "number_of_casualties": 1,
        "number_of_vehicles": 2,
        "pedestrian_crossing": "0",
        "pedestrian_crossing_human_control_historic": "-1",
        "pedestrian_crossing_physical_facilities_historic": "-1",
        "police_force": "13",
        "road_surface_conditions": "1",
        "road_type": "6",
        "second_road_class": "6",
        "second_road_number": "0",
        "special_conditions_at_site": "-1",
        "speed_limit": 30,
        "time": "17:15",
        "trunk_road_flag": "2",
        "urban_or_rural_area": "1",
        "weather_conditions": "8",
        "geometry_source": "collision_location",
        "source_year": 2025,
        "date_iso": "2025-06-30"
      }
    },
    {
      "type": "Feature",
      "id": "2025131664922",
      "geometry": {
        "type": "Point",
        "coordinates": [
          -1.90305,
          53.71049
        ]
      },
      "properties": {
        "carriageway_hazards": "0",
        "carriageway_hazards_historic": "-1",
        "collision_adjusted_severity_serious": "0",
        "collision_adjusted_severity_slight": "1",
        "collision_index": "2025131664922",
        "collision_injury_based": "1",
        "collision_ref_no": "131664922",
        "collision_severity": "3",
        "collision_year": 2025,
        "date": "06/11/2025",
        "day_of_week": "5",
        "did_police_officer_attend_scene_of_accident": "2",
        "enhanced_severity_collision": "3",
        "first_road_class": "3",
        "first_road_number": "58",
        "junction_control": "-1",
        "junction_detail": "0",
        "junction_detail_historic": "-1",
        "latitude": "53.71049",
        "light_conditions": "7",
        "local_authority_district": "-1",
        "local_authority_highway": "E08000033",
        "local_authority_highway_current": "E08000033",
        "local_authority_ons_district": "E08000033",
        "location_easting_osgr": "406497",
        "location_northing_osgr": "423790",
        "longitude": "-1.90305",
        "lsoa_of_accident_location": "E01010981",
        "number_of_casualties": 2,
        "number_of_vehicles": 2,
        "pedestrian_crossing": "0",
        "pedestrian_crossing_human_control_historic": "-1",
        "pedestrian_crossing_physical_facilities_historic": "-1",
        "police_force": "13",
        "road_surface_conditions": "1",
        "road_type": "6",
        "second_road_class": "6",
        "second_road_number": "0",
        "special_conditions_at_site": "-1",
        "speed_limit": 30,
        "time": "18:20",
        "trunk_road_flag": "2",
        "urban_or_rural_area": "1",
        "weather_conditions": "9",
        "geometry_source": "collision_location",
        "source_year": 2025,
        "date_iso": "2025-11-06"
      }
    },
    {
      "type": "Feature",
      "id": "2025131543313",
      "geometry": {
        "type": "Point",
        "coordinates": [
          -1.84266,
          53.68833
        ]
      },
      "properties": {
        "carriageway_hazards": "0",
        "carriageway_hazards_historic": "-1",
        "collision_adjusted_severity_serious": "0",
        "collision_adjusted_severity_slight": "1",
        "collision_index": "2025131543313",
        "collision_injury_based": "1",
        "collision_ref_no": "131543313",
        "collision_severity": "3",
        "collision_year": 2025,
        "date": "18/01/2025",
        "day_of_week": "7",
        "did_police_officer_attend_scene_of_accident": "1",
        "enhanced_severity_collision": "3",
        "first_road_class": "3",
        "first_road_number": "6025",
        "junction_control": "-1",
        "junction_detail": "0",
        "junction_detail_historic": "-1",
        "latitude": "53.68833",
        "light_conditions": "4",
        "local_authority_district": "-1",
        "local_authority_highway": "E08000033",
        "local_authority_highway_current": "E08000033",
        "local_authority_ons_district": "E08000033",
        "location_easting_osgr": "410488",
        "location_northing_osgr": "421331",
        "longitude": "-1.84266",
        "lsoa_of_accident_location": "E01010889",
        "number_of_casualties": 1,
        "number_of_vehicles": 3,
        "pedestrian_crossing": "0",
        "pedestrian_crossing_human_control_historic": "-1",
        "pedestrian_crossing_physical_facilities_historic": "-1",
        "police_force": "13",
        "road_surface_conditions": "2",
        "road_type": "6",
        "second_road_class": "4",
        "second_road_number": "6114",
        "special_conditions_at_site": "-1",
        "speed_limit": 30,
        "time": "04:45",
        "trunk_road_flag": "2",
        "urban_or_rural_area": "1",
        "weather_conditions": "1",
        "geometry_source": "collision_location",
        "source_year": 2025,
        "date_iso": "2025-01-18"
      }
    },
    {
      "type": "Feature",
      "id": "2025131610347",
      "geometry": {
        "type": "Point",
        "coordinates": [
          -1.85794,
          53.7074
        ]
      },
      "properties": {
        "carriageway_hazards": "0",
        "carriageway_hazards_historic": "-1",
        "collision_adjusted_severity_serious": "1",
        "collision_adjusted_severity_slight": "0",
        "collision_index": "2025131610347",
        "collision_injury_based": "1",
        "collision_ref_no": "131610347",
        "collision_severity": "2",
        "collision_year": 2025,
        "date": "01/07/2025",
        "day_of_week": "3",
        "did_police_officer_attend_scene_of_accident": "1",
        "enhanced_severity_collision": "6",
        "first_road_class": "3",
        "first_road_number": "629",
        "junction_control": "4",
        "junction_detail": "13",
        "junction_detail_historic": "-1",
        "latitude": "53.7074",
        "light_conditions": "1",
        "local_authority_district": "-1",
        "local_authority_highway": "E08000033",
        "local_authority_highway_current": "E08000033",
        "local_authority_ons_district": "E08000033",
        "location_easting_osgr": "409475",
        "location_northing_osgr": "423451",
        "longitude": "-1.85794",
        "lsoa_of_accident_location": "E01010972",
        "number_of_casualties": 2,
        "number_of_vehicles": 1,
        "pedestrian_crossing": "0",
        "pedestrian_crossing_human_control_historic": "-1",
        "pedestrian_crossing_physical_facilities_historic": "-1",
        "police_force": "13",
        "road_surface_conditions": "1",
        "road_type": "6",
        "second_road_class": "6",
        "second_road_number": "0",
        "special_conditions_at_site": "-1",
        "speed_limit": 30,
        "time": "11:00",
        "trunk_road_flag": "2",
        "urban_or_rural_area": "1",
        "weather_conditions": "1",
        "geometry_source": "collision_location",
        "source_year": 2025,
        "date_iso": "2025-07-01"
      }
    },
    {
      "type": "Feature",
      "id": "2025131550416",
      "geometry": {
        "type": "Point",
        "coordinates": [
          -1.77985,
          53.69241
        ]
      },
      "properties": {
        "carriageway_hazards": "0",
        "carriageway_hazards_historic": "-1",
        "collision_adjusted_severity_serious": "0",
        "collision_adjusted_severity_slight": "1",
        "collision_index": "2025131550416",
        "collision_injury_based": "1",
        "collision_ref_no": "131550416",
        "collision_severity": "3",
        "collision_year": 2025,
        "date": "04/02/2025",
        "day_of_week": "3",
        "did_police_officer_attend_scene_of_accident": "1",
        "enhanced_severity_collision": "3",
        "first_road_class": "3",
        "first_road_number": "641",
        "junction_control": "-1",
        "junction_detail": "0",
        "junction_detail_historic": "-1",
        "latitude": "53.69241",
        "light_conditions": "4",
        "local_authority_district": "-1",
        "local_authority_highway": "E08000033",
        "local_authority_highway_current": "E08000033",
        "local_authority_ons_district": "E08000033",
        "location_easting_osgr": "414635",
        "location_northing_osgr": "421796",
        "longitude": "-1.77985",
        "lsoa_of_accident_location": "E01010946",
        "number_of_casualties": 1,
        "number_of_vehicles": 3,
        "pedestrian_crossing": "0",
        "pedestrian_crossing_human_control_historic": "-1",
        "pedestrian_crossing_physical_facilities_historic": "-1",
        "police_force": "13",
        "road_surface_conditions": "1",
        "road_type": "6",
        "second_road_class": "6",
        "second_road_number": "0",
        "special_conditions_at_site": "-1",
        "speed_limit": 40,
        "time": "17:55",
        "trunk_road_flag": "2",
        "urban_or_rural_area": "1",
        "weather_conditions": "1",
        "geometry_source": "collision_location",
        "source_year": 2025,
        "date_iso": "2025-02-04"
      }
    },
    {
      "type": "Feature",
      "id": "2025131606313",
      "geometry": {
        "type": "Point",
        "coordinates": [
          -1.88188,
          53.73708
        ]
      },
      "properties": {
        "carriageway_hazards": "0",
        "carriageway_hazards_historic": "-1",
        "collision_adjusted_severity_serious": "1",
        "collision_adjusted_severity_slight": "0",
        "collision_index": "2025131606313",
        "collision_injury_based": "1",
        "collision_ref_no": "131606313",
        "collision_severity": "2",
        "collision_year": 2025,
        "date": "22/06/2025",
        "day_of_week": "1",
        "did_police_officer_attend_scene_of_accident": "1",
        "enhanced_severity_collision": "5",
        "first_road_class": "6",
        "first_road_number": "0",
        "junction_control": "4",
        "junction_detail": "17",
        "junction_detail_historic": "-1",
        "latitude": "53.73708",
        "light_conditions": "1",
        "local_authority_district": "-1",
        "local_authority_highway": "E08000033",
        "local_authority_highway_current": "E08000033",
        "local_authority_ons_district": "E08000033",
        "location_easting_osgr": "407889",
        "location_northing_osgr": "426750",
        "longitude": "-1.88188",
        "lsoa_of_accident_location": "E01010938",
        "number_of_casualties": 1,
        "number_of_vehicles": 3,
        "pedestrian_crossing": "0",
        "pedestrian_crossing_human_control_historic": "-1",
        "pedestrian_crossing_physical_facilities_historic": "-1",
        "police_force": "13",
        "road_surface_conditions": "1",
        "road_type": "3",
        "second_road_class": "6",
        "second_road_number": "0",
        "special_conditions_at_site": "-1",
        "speed_limit": 20,
        "time": "15:36",
        "trunk_road_flag": "2",
        "urban_or_rural_area": "1",
        "weather_conditions": "1",
        "geometry_source": "collision_location",
        "source_year": 2025,
        "date_iso": "2025-06-22"
      }
    },
    {
      "type": "Feature",
      "id": "2025131613807",
      "geometry": {
        "type": "Point",
        "coordinates": [
          -1.91163,
          53.75207
        ]
      },
      "properties": {
        "carriageway_hazards": "0",
        "carriageway_hazards_historic": "-1",
        "collision_adjusted_severity_serious": "0",
        "collision_adjusted_severity_slight": "1",
        "collision_index": "2025131613807",
        "collision_injury_based": "1",
        "collision_ref_no": "131613807",
        "collision_severity": "3",
        "collision_year": 2025,
        "date": "09/07/2025",
        "day_of_week": "4",
        "did_police_officer_attend_scene_of_accident": "1",
        "enhanced_severity_collision": "3",
        "first_road_class": "6",
        "first_road_number": "0",
        "junction_control": "-1",
        "junction_detail": "0",
        "junction_detail_historic": "-1",
        "latitude": "53.75207",
        "light_conditions": "1",
        "local_authority_district": "-1",
        "local_authority_highway": "E08000033",
        "local_authority_highway_current": "E08000033",
        "local_authority_ons_district": "E08000033",
        "location_easting_osgr": "405925",
        "location_northing_osgr": "428415",
        "longitude": "-1.91163",
        "lsoa_of_accident_location": "E01010925",
        "number_of_casualties": 1,
        "number_of_vehicles": 1,
        "pedestrian_crossing": "0",
        "pedestrian_crossing_human_control_historic": "-1",
        "pedestrian_crossing_physical_facilities_historic": "-1",
        "police_force": "13",
        "road_surface_conditions": "1",
        "road_type": "6",
        "second_road_class": "6",
        "second_road_number": "0",
        "special_conditions_at_site": "-1",
        "speed_limit": 30,
        "time": "20:16",
        "trunk_road_flag": "2",
        "urban_or_rural_area": "1",
        "weather_conditions": "1",
        "geometry_source": "collision_location",
        "source_year": 2025,
        "date_iso": "2025-07-09"
      }
    },
    {
      "type": "Feature",
      "id": "2025131635654",
      "geometry": {
        "type": "Point",
        "coordinates": [
          -1.94255,
          53.70438
        ]
      },
      "properties": {
        "carriageway_hazards": "0",
        "carriageway_hazards_historic": "-1",
        "collision_adjusted_severity_serious": "0",
        "collision_adjusted_severity_slight": "1",
        "collision_index": "2025131635654",
        "collision_injury_based": "1",
        "collision_ref_no": "131635654",
        "collision_severity": "3",
        "collision_year": 2025,
        "date": "31/08/2025",
        "day_of_week": "1",
        "did_police_officer_attend_scene_of_accident": "1",
        "enhanced_severity_collision": "3",
        "first_road_class": "6",
        "first_road_number": "0",
        "junction_control": "-1",
        "junction_detail": "0",
        "junction_detail_historic": "-1",
        "latitude": "53.70438",
        "light_conditions": "1",
        "local_authority_district": "-1",
        "local_authority_highway": "E08000033",
        "local_authority_highway_current": "E08000033",
        "local_authority_ons_district": "E08000033",
        "location_easting_osgr": "403890",
        "location_northing_osgr": "423107",
        "longitude": "-1.94255",
        "lsoa_of_accident_location": "E01010958",
        "number_of_casualties": 1,
        "number_of_vehicles": 3,
        "pedestrian_crossing": "0",
        "pedestrian_crossing_human_control_historic": "-1",
        "pedestrian_crossing_physical_facilities_historic": "-1",
        "police_force": "13",
        "road_surface_conditions": "1",
        "road_type": "6",
        "second_road_class": "6",
        "second_road_number": "0",
        "special_conditions_at_site": "-1",
        "speed_limit": 30,
        "time": "19:09",
        "trunk_road_flag": "2",
        "urban_or_rural_area": "1",
        "weather_conditions": "8",
        "geometry_source": "collision_location",
        "source_year": 2025,
        "date_iso": "2025-08-31"
      }
    },
    {
      "type": "Feature",
      "id": "2025131547549",
      "geometry": {
        "type": "Point",
        "coordinates": [
          -1.88142,
          53.71993
        ]
      },
      "properties": {
        "carriageway_hazards": "0",
        "carriageway_hazards_historic": "-1",
        "collision_adjusted_severity_serious": "0",
        "collision_adjusted_severity_slight": "1",
        "collision_index": "2025131547549",
        "collision_injury_based": "1",
        "collision_ref_no": "131547549",
        "collision_severity": "3",
        "collision_year": 2025,
        "date": "28/01/2025",
        "day_of_week": "3",
        "did_police_officer_attend_scene_of_accident": "2",
        "enhanced_severity_collision": "3",
        "first_road_class": "6",
        "first_road_number": "0",
        "junction_control": "-1",
        "junction_detail": "0",
        "junction_detail_historic": "-1",
        "latitude": "53.71993",
        "light_conditions": "1",
        "local_authority_district": "-1",
        "local_authority_highway": "E08000033",
        "local_authority_highway_current": "E08000033",
        "local_authority_ons_district": "E08000033",
        "location_easting_osgr": "407923",
        "location_northing_osgr": "424842",
        "longitude": "-1.88142",
        "lsoa_of_accident_location": "E01010996",
        "number_of_casualties": 1,
        "number_of_vehicles": 1,
        "pedestrian_crossing": "13",
        "pedestrian_crossing_human_control_historic": "-1",
        "pedestrian_crossing_physical_facilities_historic": "-1",
        "police_force": "13",
        "road_surface_conditions": "2",
        "road_type": "6",
        "second_road_class": "6",
        "second_road_number": "0",
        "special_conditions_at_site": "-1",
        "speed_limit": 30,
        "time": "15:36",
        "trunk_road_flag": "2",
        "urban_or_rural_area": "1",
        "weather_conditions": "1",
        "geometry_source": "collision_location",
        "source_year": 2025,
        "date_iso": "2025-01-28"
      }
    },
    {
      "type": "Feature",
      "id": "2025131621898",
      "geometry": {
        "type": "Point",
        "coordinates": [
          -1.92031,
          53.67616
        ]
      },
      "properties": {
        "carriageway_hazards": "0",
        "carriageway_hazards_historic": "-1",
        "collision_adjusted_severity_serious": "0",
        "collision_adjusted_severity_slight": "1",
        "collision_index": "2025131621898",
        "collision_injury_based": "1",
        "collision_ref_no": "131621898",
        "collision_severity": "3",
        "collision_year": 2025,
        "date": "28/07/2025",
        "day_of_week": "2",
        "did_police_officer_attend_scene_of_accident": "1",
        "enhanced_severity_collision": "3",
        "first_road_class": "6",
        "first_road_number": "0",
        "junction_control": "4",
        "junction_detail": "16",
        "junction_detail_historic": "-1",
        "latitude": "53.67616",
        "light_conditions": "1",
        "local_authority_district": "-1",
        "local_authority_highway": "E08000033",
        "local_authority_highway_current": "E08000033",
        "local_authority_ons_district": "E08000033",
        "location_easting_osgr": "405362",
        "location_northing_osgr": "419969",
        "longitude": "-1.92031",
        "lsoa_of_accident_location": "E01010953",
        "number_of_casualties": 1,
        "number_of_vehicles": 2,
        "pedestrian_crossing": "0",
        "pedestrian_crossing_human_control_historic": "-1",
        "pedestrian_crossing_physical_facilities_historic": "-1",
        "police_force": "13",
        "road_surface_conditions": "1",
        "road_type": "6",
        "second_road_class": "6",
        "second_road_number": "0",
        "special_conditions_at_site": "-1",
        "speed_limit": 20,
        "time": "21:20",
        "trunk_road_flag": "2",
        "urban_or_rural_area": "2",
        "weather_conditions": "1",
        "geometry_source": "collision_location",
        "source_year": 2025,
        "date_iso": "2025-07-28"
      }
    },
    {
      "type": "Feature",
      "id": "2025131685444",
      "geometry": {
        "type": "Point",
        "coordinates": [
          -1.9918,
          53.78502
        ]
      },
      "properties": {
        "carriageway_hazards": "0",
        "carriageway_hazards_historic": "-1",
        "collision_adjusted_severity_serious": "1",
        "collision_adjusted_severity_slight": "0",
        "collision_index": "2025131685444",
        "collision_injury_based": "1",
        "collision_ref_no": "131685444",
        "collision_severity": "2",
        "collision_year": 2025,
        "date": "19/12/2025",
        "day_of_week": "6",
        "did_police_officer_attend_scene_of_accident": "1",
        "enhanced_severity_collision": "7",
        "first_road_class": "3",
        "first_road_number": "6033",
        "junction_control": "-1",
        "junction_detail": "0",
        "junction_detail_historic": "-1",
        "latitude": "53.78502",
        "light_conditions": "1",
        "local_authority_district": "-1",
        "local_authority_highway": "E08000033",
        "local_authority_highway_current": "E08000033",
        "local_authority_ons_district": "E08000033",
        "location_easting_osgr": "400638",
        "location_northing_osgr": "432077",
        "longitude": "-1.9918",
        "lsoa_of_accident_location": "E01010887",
        "number_of_casualties": 1,
        "number_of_vehicles": 2,
        "pedestrian_crossing": "0",
        "pedestrian_crossing_human_control_historic": "-1",
        "pedestrian_crossing_physical_facilities_historic": "-1",
        "police_force": "13",
        "road_surface_conditions": "1",
        "road_type": "6",
        "second_road_class": "0",
        "second_road_number": "-1",
        "special_conditions_at_site": "-1",
        "speed_limit": 50,
        "time": "12:02",
        "trunk_road_flag": "2",
        "urban_or_rural_area": "2",
        "weather_conditions": "1",
        "geometry_source": "collision_location",
        "source_year": 2025,
        "date_iso": "2025-12-19"
      }
    },
    {
      "type": "Feature",
      "id": "2025131591368",
      "geometry": {
        "type": "Point",
        "coordinates": [
          -1.8984,
          53.73176
        ]
      },
      "properties": {
        "carriageway_hazards": "0",
        "carriageway_hazards_historic": "-1",
        "collision_adjusted_severity_serious": "0",
        "collision_adjusted_severity_slight": "1",
        "collision_index": "2025131591368",
        "collision_injury_based": "1",
        "collision_ref_no": "131591368",
        "collision_severity": "3",
        "collision_year": 2025,
        "date": "17/05/2025",
        "day_of_week": "7",
        "did_police_officer_attend_scene_of_accident": "1",
        "enhanced_severity_collision": "3",
        "first_road_class": "6",
        "first_road_number": "0",
        "junction_control": "4",
        "junction_detail": "19",
        "junction_detail_historic": "-1",
        "latitude": "53.73176",
        "light_conditions": "1",
        "local_authority_district": "-1",
        "local_authority_highway": "E08000033",
        "local_authority_highway_current": "E08000033",
        "local_authority_ons_district": "E08000033",
        "location_easting_osgr": "406800",
        "location_northing_osgr": "426157",
        "longitude": "-1.8984",
        "lsoa_of_accident_location": "E01010928",
        "number_of_casualties": 1,
        "number_of_vehicles": 2,
        "pedestrian_crossing": "0",
        "pedestrian_crossing_human_control_historic": "-1",
        "pedestrian_crossing_physical_facilities_historic": "-1",
        "police_force": "13",
        "road_surface_conditions": "1",
        "road_type": "6",
        "second_road_class": "6",
        "second_road_number": "0",
        "special_conditions_at_site": "-1",
        "speed_limit": 30,
        "time": "17:37",
        "trunk_road_flag": "2",
        "urban_or_rural_area": "1",
        "weather_conditions": "1",
        "geometry_source": "collision_location",
        "source_year": 2025,
        "date_iso": "2025-05-17"
      }
    },
    {
      "type": "Feature",
      "id": "2025131613007",
      "geometry": {
        "type": "Point",
        "coordinates": [
          -1.89101,
          53.73027
        ]
      },
      "properties": {
        "carriageway_hazards": "0",
        "carriageway_hazards_historic": "-1",
        "collision_adjusted_severity_serious": "1",
        "collision_adjusted_severity_slight": "0",
        "collision_index": "2025131613007",
        "collision_injury_based": "1",
        "collision_ref_no": "131613007",
        "collision_severity": "2",
        "collision_year": 2025,
        "date": "08/07/2025",
        "day_of_week": "3",
        "did_police_officer_attend_scene_of_accident": "1",
        "enhanced_severity_collision": "7",
        "first_road_class": "6",
        "first_road_number": "0",
        "junction_control": "4",
        "junction_detail": "19",
        "junction_detail_historic": "-1",
        "latitude": "53.73027",
        "light_conditions": "1",
        "local_authority_district": "-1",
        "local_authority_highway": "E08000033",
        "local_authority_highway_current": "E08000033",
        "local_authority_ons_district": "E08000033",
        "location_easting_osgr": "407288",
        "location_northing_osgr": "425991",
        "longitude": "-1.89101",
        "lsoa_of_accident_location": "E01010929",
        "number_of_casualties": 1,
        "number_of_vehicles": 2,
        "pedestrian_crossing": "17",
        "pedestrian_crossing_human_control_historic": "-1",
        "pedestrian_crossing_physical_facilities_historic": "-1",
        "police_force": "13",
        "road_surface_conditions": "1",
        "road_type": "6",
        "second_road_class": "6",
        "second_road_number": "0",
        "special_conditions_at_site": "-1",
        "speed_limit": 30,
        "time": "09:40",
        "trunk_road_flag": "2",
        "urban_or_rural_area": "1",
        "weather_conditions": "1",
        "geometry_source": "collision_location",
        "source_year": 2025,
        "date_iso": "2025-07-08"
      }
    },
    {
      "type": "Feature",
      "id": "2025131669695",
      "geometry": {
        "type": "Point",
        "coordinates": [
          -1.75177,
          53.69533
        ]
      },
      "properties": {
        "carriageway_hazards": "0",
        "carriageway_hazards_historic": "-1",
        "collision_adjusted_severity_serious": "0",
        "collision_adjusted_severity_slight": "1",
        "collision_index": "2025131669695",
        "collision_injury_based": "1",
        "collision_ref_no": "131669695",
        "collision_severity": "3",
        "collision_year": 2025,
        "date": "16/11/2025",
        "day_of_week": "1",
        "did_police_officer_attend_scene_of_accident": "1",
        "enhanced_severity_collision": "3",
        "first_road_class": "3",
        "first_road_number": "644",
        "junction_control": "4",
        "junction_detail": "-1",
        "junction_detail_historic": "-1",
        "latitude": "53.69533",
        "light_conditions": "4",
        "local_authority_district": "-1",
        "local_authority_highway": "E08000033",
        "local_authority_highway_current": "E08000033",
        "local_authority_ons_district": "E08000033",
        "location_easting_osgr": "416488",
        "location_northing_osgr": "422127",
        "longitude": "-1.75177",
        "lsoa_of_accident_location": "E01010879",
        "number_of_casualties": 2,
        "number_of_vehicles": 2,
        "pedestrian_crossing": "0",
        "pedestrian_crossing_human_control_historic": "-1",
        "pedestrian_crossing_physical_facilities_historic": "-1",
        "police_force": "13",
        "road_surface_conditions": "1",
        "road_type": "3",
        "second_road_class": "1",
        "second_road_number": "62",
        "special_conditions_at_site": "-1",
        "speed_limit": 50,
        "time": "21:15",
        "trunk_road_flag": "2",
        "urban_or_rural_area": "2",
        "weather_conditions": "1",
        "geometry_source": "collision_location",
        "source_year": 2025,
        "date_iso": "2025-11-16"
      }
    },
    {
      "type": "Feature",
      "id": "2025131539166",
      "geometry": {
        "type": "Point",
        "coordinates": [
          -1.8764,
          53.73546
        ]
      },
      "properties": {
        "carriageway_hazards": "0",
        "carriageway_hazards_historic": "-1",
        "collision_adjusted_severity_serious": "1",
        "collision_adjusted_severity_slight": "0",
        "collision_index": "2025131539166",
        "collision_injury_based": "1",
        "collision_ref_no": "131539166",
        "collision_severity": "2",
        "collision_year": 2025,
        "date": "08/01/2025",
        "day_of_week": "4",
        "did_police_officer_attend_scene_of_accident": "1",
        "enhanced_severity_collision": "7",
        "first_road_class": "6",
        "first_road_number": "0",
        "junction_control": "4",
        "junction_detail": "13",
        "junction_detail_historic": "-1",
        "latitude": "53.73546",
        "light_conditions": "4",
        "local_authority_district": "-1",
        "local_authority_highway": "E08000033",
        "local_authority_highway_current": "E08000033",
        "local_authority_ons_district": "E08000033",
        "location_easting_osgr": "408251",
        "location_northing_osgr": "426570",
        "longitude": "-1.8764",
        "lsoa_of_accident_location": "E01010938",
        "number_of_casualties": 1,
        "number_of_vehicles": 1,
        "pedestrian_crossing": "0",
        "pedestrian_crossing_human_control_historic": "-1",
        "pedestrian_crossing_physical_facilities_historic": "-1",
        "police_force": "13",
        "road_surface_conditions": "4",
        "road_type": "6",
        "second_road_class": "6",
        "second_road_number": "0",
        "special_conditions_at_site": "-1",
        "speed_limit": 30,
        "time": "20:57",
        "trunk_road_flag": "2",
        "urban_or_rural_area": "1",
        "weather_conditions": "3",
        "geometry_source": "collision_location",
        "source_year": 2025,
        "date_iso": "2025-01-08"
      }
    },
    {
      "type": "Feature",
      "id": "2025131644516",
      "geometry": {
        "type": "Point",
        "coordinates": [
          -1.86756,
          53.72521
        ]
      },
      "properties": {
        "carriageway_hazards": "0",
        "carriageway_hazards_historic": "-1",
        "collision_adjusted_severity_serious": "0",
        "collision_adjusted_severity_slight": "1",
        "collision_index": "2025131644516",
        "collision_injury_based": "1",
        "collision_ref_no": "131644516",
        "collision_severity": "3",
        "collision_year": 2025,
        "date": "21/09/2025",
        "day_of_week": "1",
        "did_police_officer_attend_scene_of_accident": "2",
        "enhanced_severity_collision": "3",
        "first_road_class": "6",
        "first_road_number": "0",
        "junction_control": "4",
        "junction_detail": "19",
        "junction_detail_historic": "-1",
        "latitude": "53.72521",
        "light_conditions": "1",
        "local_authority_district": "-1",
        "local_authority_highway": "E08000033",
        "local_authority_highway_current": "E08000033",
        "local_authority_ons_district": "E08000033",
        "location_easting_osgr": "408836",
        "location_northing_osgr": "425431",
        "longitude": "-1.86756",
        "lsoa_of_accident_location": "E01010965",
        "number_of_casualties": 1,
        "number_of_vehicles": 1,
        "pedestrian_crossing": "0",
        "pedestrian_crossing_human_control_historic": "-1",
        "pedestrian_crossing_physical_facilities_historic": "-1",
        "police_force": "13",
        "road_surface_conditions": "1",
        "road_type": "6",
        "second_road_class": "6",
        "second_road_number": "0",
        "special_conditions_at_site": "-1",
        "speed_limit": 20,
        "time": "11:57",
        "trunk_road_flag": "2",
        "urban_or_rural_area": "1",
        "weather_conditions": "1",
        "geometry_source": "collision_location",
        "source_year": 2025,
        "date_iso": "2025-09-21"
      }
    },
    {
      "type": "Feature",
      "id": "2025131576661",
      "geometry": {
        "type": "Point",
        "coordinates": [
          -1.75181,
          53.69542
        ]
      },
      "properties": {
        "carriageway_hazards": "0",
        "carriageway_hazards_historic": "-1",
        "collision_adjusted_severity_serious": "1",
        "collision_adjusted_severity_slight": "0",
        "collision_index": "2025131576661",
        "collision_injury_based": "1",
        "collision_ref_no": "131576661",
        "collision_severity": "2",
        "collision_year": 2025,
        "date": "08/04/2025",
        "day_of_week": "3",
        "did_police_officer_attend_scene_of_accident": "2",
        "enhanced_severity_collision": "6",
        "first_road_class": "1",
        "first_road_number": "62",
        "junction_control": "4",
        "junction_detail": "-1",
        "junction_detail_historic": "-1",
        "latitude": "53.69542",
        "light_conditions": "4",
        "local_authority_district": "-1",
        "local_authority_highway": "E08000033",
        "local_authority_highway_current": "E08000033",
        "local_authority_ons_district": "E08000033",
        "location_easting_osgr": "416485",
        "location_northing_osgr": "422137",
        "longitude": "-1.75181",
        "lsoa_of_accident_location": "E01010879",
        "number_of_casualties": 3,
        "number_of_vehicles": 2,
        "pedestrian_crossing": "0",
        "pedestrian_crossing_human_control_historic": "-1",
        "pedestrian_crossing_physical_facilities_historic": "-1",
        "police_force": "13",
        "road_surface_conditions": "1",
        "road_type": "7",
        "second_road_class": "3",
        "second_road_number": "644",
        "special_conditions_at_site": "-1",
        "speed_limit": 30,
        "time": "20:10",
        "trunk_road_flag": "1",
        "urban_or_rural_area": "2",
        "weather_conditions": "1",
        "geometry_source": "collision_location",
        "source_year": 2025,
        "date_iso": "2025-04-08"
      }
    },
    {
      "type": "Feature",
      "id": "2025131545657",
      "geometry": {
        "type": "Point",
        "coordinates": [
          -1.85671,
          53.68657
        ]
      },
      "properties": {
        "carriageway_hazards": "0",
        "carriageway_hazards_historic": "-1",
        "collision_adjusted_severity_serious": "1",
        "collision_adjusted_severity_slight": "0",
        "collision_index": "2025131545657",
        "collision_injury_based": "1",
        "collision_ref_no": "131545657",
        "collision_severity": "2",
        "collision_year": 2025,
        "date": "24/01/2025",
        "day_of_week": "6",
        "did_police_officer_attend_scene_of_accident": "1",
        "enhanced_severity_collision": "7",
        "first_road_class": "4",
        "first_road_number": "6114",
        "junction_control": "-1",
        "junction_detail": "0",
        "junction_detail_historic": "-1",
        "latitude": "53.68657",
        "light_conditions": "1",
        "local_authority_district": "-1",
        "local_authority_highway": "E08000033",
        "local_authority_highway_current": "E08000033",
        "local_authority_ons_district": "E08000033",
        "location_easting_osgr": "409561",
        "location_northing_osgr": "421133",
        "longitude": "-1.85671",
        "lsoa_of_accident_location": "E01010898",
        "number_of_casualties": 1,
        "number_of_vehicles": 1,
        "pedestrian_crossing": "15",
        "pedestrian_crossing_human_control_historic": "-1",
        "pedestrian_crossing_physical_facilities_historic": "-1",
        "police_force": "13",
        "road_surface_conditions": "2",
        "road_type": "6",
        "second_road_class": "4",
        "second_road_number": "6112",
        "special_conditions_at_site": "-1",
        "speed_limit": 30,
        "time": "08:29",
        "trunk_road_flag": "2",
        "urban_or_rural_area": "1",
        "weather_conditions": "1",
        "geometry_source": "collision_location",
        "source_year": 2025,
        "date_iso": "2025-01-24"
      }
    },
    {
      "type": "Feature",
      "id": "2025131670654",
      "geometry": {
        "type": "Point",
        "coordinates": [
          -1.85913,
          53.71367
        ]
      },
      "properties": {
        "carriageway_hazards": "0",
        "carriageway_hazards_historic": "-1",
        "collision_adjusted_severity_serious": "0",
        "collision_adjusted_severity_slight": "1",
        "collision_index": "2025131670654",
        "collision_injury_based": "1",
        "collision_ref_no": "131670654",
        "collision_severity": "3",
        "collision_year": 2025,
        "date": "18/11/2025",
        "day_of_week": "3",
        "did_police_officer_attend_scene_of_accident": "1",
        "enhanced_severity_collision": "3",
        "first_road_class": "3",
        "first_road_number": "629",
        "junction_control": "2",
        "junction_detail": "16",
        "junction_detail_historic": "-1",
        "latitude": "53.71367",
        "light_conditions": "4",
        "local_authority_district": "-1",
        "local_authority_highway": "E08000033",
        "local_authority_highway_current": "E08000033",
        "local_authority_ons_district": "E08000033",
        "location_easting_osgr": "409395",
        "location_northing_osgr": "424148",
        "longitude": "-1.85913",
        "lsoa_of_accident_location": "E01010968",
        "number_of_casualties": 2,
        "number_of_vehicles": 2,
        "pedestrian_crossing": "12",
        "pedestrian_crossing_human_control_historic": "-1",
        "pedestrian_crossing_physical_facilities_historic": "-1",
        "police_force": "13",
        "road_surface_conditions": "2",
        "road_type": "3",
        "second_road_class": "6",
        "second_road_number": "0",
        "special_conditions_at_site": "-1",
        "speed_limit": 30,
        "time": "17:30",
        "trunk_road_flag": "2",
        "urban_or_rural_area": "1",
        "weather_conditions": "1",
        "geometry_source": "collision_location",
        "source_year": 2025,
        "date_iso": "2025-11-18"
      }
    },
    {
      "type": "Feature",
      "id": "2025131680318",
      "geometry": {
        "type": "Point",
        "coordinates": [
          -1.74503,
          53.71236
        ]
      },
      "properties": {
        "carriageway_hazards": "0",
        "carriageway_hazards_historic": "-1",
        "collision_adjusted_severity_serious": "0",
        "collision_adjusted_severity_slight": "1",
        "collision_index": "2025131680318",
        "collision_injury_based": "1",
        "collision_ref_no": "131680318",
        "collision_severity": "3",
        "collision_year": 2025,
        "date": "09/12/2025",
        "day_of_week": "3",
        "did_police_officer_attend_scene_of_accident": "1",
        "enhanced_severity_collision": "3",
        "first_road_class": "1",
        "first_road_number": "62",
        "junction_control": "-1",
        "junction_detail": "0",
        "junction_detail_historic": "-1",
        "latitude": "53.71236",
        "light_conditions": "1",
        "local_authority_district": "-1",
        "local_authority_highway": "E08000033",
        "local_authority_highway_current": "E08000033",
        "local_authority_ons_district": "E08000033",
        "location_easting_osgr": "416926",
        "location_northing_osgr": "424024",
        "longitude": "-1.74503",
        "lsoa_of_accident_location": "E01010879",
        "number_of_casualties": 1,
        "number_of_vehicles": 5,
        "pedestrian_crossing": "0",
        "pedestrian_crossing_human_control_historic": "-1",
        "pedestrian_crossing_physical_facilities_historic": "-1",
        "police_force": "13",
        "road_surface_conditions": "2",
        "road_type": "3",
        "second_road_class": "0",
        "second_road_number": "-1",
        "special_conditions_at_site": "-1",
        "speed_limit": 70,
        "time": "09:05",
        "trunk_road_flag": "1",
        "urban_or_rural_area": "2",
        "weather_conditions": "2",
        "geometry_source": "collision_location",
        "source_year": 2025,
        "date_iso": "2025-12-09"
      }
    },
    {
      "type": "Feature",
      "id": "2025131574405",
      "geometry": {
        "type": "Point",
        "coordinates": [
          -1.86732,
          53.72956
        ]
      },
      "properties": {
        "carriageway_hazards": "0",
        "carriageway_hazards_historic": "-1",
        "collision_adjusted_severity_serious": "0",
        "collision_adjusted_severity_slight": "0",
        "collision_index": "2025131574405",
        "collision_injury_based": "1",
        "collision_ref_no": "131574405",
        "collision_severity": "1",
        "collision_year": 2025,
        "date": "06/04/2025",
        "day_of_week": "1",
        "did_police_officer_attend_scene_of_accident": "1",
        "enhanced_severity_collision": "1",
        "first_road_class": "6",
        "first_road_number": "0",
        "junction_control": "-1",
        "junction_detail": "0",
        "junction_detail_historic": "-1",
        "latitude": "53.72956",
        "light_conditions": "1",
        "local_authority_district": "-1",
        "local_authority_highway": "E08000033",
        "local_authority_highway_current": "E08000033",
        "local_authority_ons_district": "E08000033",
        "location_easting_osgr": "408851",
        "location_northing_osgr": "425915",
        "longitude": "-1.86732",
        "lsoa_of_accident_location": "E01032923",
        "number_of_casualties": 1,
        "number_of_vehicles": 1,
        "pedestrian_crossing": "0",
        "pedestrian_crossing_human_control_historic": "-1",
        "pedestrian_crossing_physical_facilities_historic": "-1",
        "police_force": "13",
        "road_surface_conditions": "1",
        "road_type": "6",
        "second_road_class": "0",
        "second_road_number": "-1",
        "special_conditions_at_site": "-1",
        "speed_limit": 30,
        "time": "07:55",
        "trunk_road_flag": "2",
        "urban_or_rural_area": "1",
        "weather_conditions": "1",
        "geometry_source": "collision_location",
        "source_year": 2025,
        "date_iso": "2025-04-06"
      }
    },
    {
      "type": "Feature",
      "id": "2025131591443",
      "geometry": {
        "type": "Point",
        "coordinates": [
          -1.90006,
          53.72591
        ]
      },
      "properties": {
        "carriageway_hazards": "0",
        "carriageway_hazards_historic": "-1",
        "collision_adjusted_severity_serious": "0",
        "collision_adjusted_severity_slight": "1",
        "collision_index": "2025131591443",
        "collision_injury_based": "1",
        "collision_ref_no": "131591443",
        "collision_severity": "3",
        "collision_year": 2025,
        "date": "17/05/2025",
        "day_of_week": "7",
        "did_police_officer_attend_scene_of_accident": "1",
        "enhanced_severity_collision": "3",
        "first_road_class": "6",
        "first_road_number": "0",
        "junction_control": "-1",
        "junction_detail": "0",
        "junction_detail_historic": "-1",
        "latitude": "53.72591",
        "light_conditions": "1",
        "local_authority_district": "-1",
        "local_authority_highway": "E08000033",
        "local_authority_highway_current": "E08000033",
        "local_authority_ons_district": "E08000033",
        "location_easting_osgr": "406692",
        "location_northing_osgr": "425505",
        "longitude": "-1.90006",
        "lsoa_of_accident_location": "E01010930",
        "number_of_casualties": 1,
        "number_of_vehicles": 2,
        "pedestrian_crossing": "0",
        "pedestrian_crossing_human_control_historic": "-1",
        "pedestrian_crossing_physical_facilities_historic": "-1",
        "police_force": "13",
        "road_surface_conditions": "1",
        "road_type": "6",
        "second_road_class": "6",
        "second_road_number": "0",
        "special_conditions_at_site": "-1",
        "speed_limit": 20,
        "time": "20:05",
        "trunk_road_flag": "2",
        "urban_or_rural_area": "2",
        "weather_conditions": "1",
        "geometry_source": "collision_location",
        "source_year": 2025,
        "date_iso": "2025-05-17"
      }
    },
    {
      "type": "Feature",
      "id": "2025131595713",
      "geometry": {
        "type": "Point",
        "coordinates": [
          -1.82136,
          53.76007
        ]
      },
      "properties": {
        "carriageway_hazards": "0",
        "carriageway_hazards_historic": "-1",
        "collision_adjusted_severity_serious": "0",
        "collision_adjusted_severity_slight": "1",
        "collision_index": "2025131595713",
        "collision_injury_based": "1",
        "collision_ref_no": "131595713",
        "collision_severity": "3",
        "collision_year": 2025,
        "date": "28/05/2025",
        "day_of_week": "4",
        "did_police_officer_attend_scene_of_accident": "1",
        "enhanced_severity_collision": "3",
        "first_road_class": "6",
        "first_road_number": "0",
        "junction_control": "-1",
        "junction_detail": "0",
        "junction_detail_historic": "-1",
        "latitude": "53.76007",
        "light_conditions": "1",
        "local_authority_district": "-1",
        "local_authority_highway": "E08000033",
        "local_authority_highway_current": "E08000033",
        "local_authority_ons_district": "E08000033",
        "location_easting_osgr": "411875",
        "location_northing_osgr": "429316",
        "longitude": "-1.82136",
        "lsoa_of_accident_location": "E01010932",
        "number_of_casualties": 1,
        "number_of_vehicles": 1,
        "pedestrian_crossing": "0",
        "pedestrian_crossing_human_control_historic": "-1",
        "pedestrian_crossing_physical_facilities_historic": "-1",
        "police_force": "13",
        "road_surface_conditions": "1",
        "road_type": "6",
        "second_road_class": "6",
        "second_road_number": "0",
        "special_conditions_at_site": "-1",
        "speed_limit": 60,
        "time": "15:22",
        "trunk_road_flag": "2",
        "urban_or_rural_area": "2",
        "weather_conditions": "1",
        "geometry_source": "collision_location",
        "source_year": 2025,
        "date_iso": "2025-05-28"
      }
    },
    {
      "type": "Feature",
      "id": "2025131596634",
      "geometry": {
        "type": "Point",
        "coordinates": [
          -2.09025,
          53.71443
        ]
      },
      "properties": {
        "carriageway_hazards": "0",
        "carriageway_hazards_historic": "-1",
        "collision_adjusted_severity_serious": "0",
        "collision_adjusted_severity_slight": "1",
        "collision_index": "2025131596634",
        "collision_injury_based": "1",
        "collision_ref_no": "131596634",
        "collision_severity": "3",
        "collision_year": 2025,
        "date": "30/05/2025",
        "day_of_week": "6",
        "did_police_officer_attend_scene_of_accident": "1",
        "enhanced_severity_collision": "3",
        "first_road_class": "3",
        "first_road_number": "646",
        "junction_control": "-1",
        "junction_detail": "0",
        "junction_detail_historic": "-1",
        "latitude": "53.71443",
        "light_conditions": "5",
        "local_authority_district": "-1",
        "local_authority_highway": "E08000033",
        "local_authority_highway_current": "E08000033",
        "local_authority_ons_district": "E08000033",
        "location_easting_osgr": "394141",
        "location_northing_osgr": "424228",
        "longitude": "-2.09025",
        "lsoa_of_accident_location": "E01010984",
        "number_of_casualties": 1,
        "number_of_vehicles": 1,
        "pedestrian_crossing": "0",
        "pedestrian_crossing_human_control_historic": "-1",
        "pedestrian_crossing_physical_facilities_historic": "-1",
        "police_force": "13",
        "road_surface_conditions": "1",
        "road_type": "6",
        "second_road_class": "6",
        "second_road_number": "0",
        "special_conditions_at_site": "-1",
        "speed_limit": 20,
        "time": "18:45",
        "trunk_road_flag": "2",
        "urban_or_rural_area": "1",
        "weather_conditions": "1",
        "geometry_source": "collision_location",
        "source_year": 2025,
        "date_iso": "2025-05-30"
      }
    },
    {
      "type": "Feature",
      "id": "2025131669744",
      "geometry": {
        "type": "Point",
        "coordinates": [
          -1.81579,
          53.7532
        ]
      },
      "properties": {
        "carriageway_hazards": "0",
        "carriageway_hazards_historic": "-1",
        "collision_adjusted_severity_serious": "1",
        "collision_adjusted_severity_slight": "0",
        "collision_index": "2025131669744",
        "collision_injury_based": "1",
        "collision_ref_no": "131669744",
        "collision_severity": "2",
        "collision_year": 2025,
        "date": "17/11/2025",
        "day_of_week": "2",
        "did_police_officer_attend_scene_of_accident": "1",
        "enhanced_severity_collision": "6",
        "first_road_class": "3",
        "first_road_number": "6036",
        "junction_control": "4",
        "junction_detail": "19",
        "junction_detail_historic": "-1",
        "latitude": "53.7532",
        "light_conditions": "1",
        "local_authority_district": "-1",
        "local_authority_highway": "E08000033",
        "local_authority_highway_current": "E08000033",
        "local_authority_ons_district": "E08000033",
        "location_easting_osgr": "412244",
        "location_northing_osgr": "428553",
        "longitude": "-1.81579",
        "lsoa_of_accident_location": "E01010933",
        "number_of_casualties": 2,
        "number_of_vehicles": 2,
        "pedestrian_crossing": "17",
        "pedestrian_crossing_human_control_historic": "-1",
        "pedestrian_crossing_physical_facilities_historic": "-1",
        "police_force": "13",
        "road_surface_conditions": "1",
        "road_type": "6",
        "second_road_class": "6",
        "second_road_number": "0",
        "special_conditions_at_site": "-1",
        "speed_limit": 30,
        "time": "14:45",
        "trunk_road_flag": "2",
        "urban_or_rural_area": "1",
        "weather_conditions": "1",
        "geometry_source": "collision_location",
        "source_year": 2025,
        "date_iso": "2025-11-17"
      }
    },
    {
      "type": "Feature",
      "id": "2025131570945",
      "geometry": {
        "type": "Point",
        "coordinates": [
          -1.86215,
          53.68876
        ]
      },
      "properties": {
        "carriageway_hazards": "0",
        "carriageway_hazards_historic": "-1",
        "collision_adjusted_severity_serious": "1",
        "collision_adjusted_severity_slight": "0",
        "collision_index": "2025131570945",
        "collision_injury_based": "1",
        "collision_ref_no": "131570945",
        "collision_severity": "2",
        "collision_year": 2025,
        "date": "16/03/2025",
        "day_of_week": "1",
        "did_police_officer_attend_scene_of_accident": "1",
        "enhanced_severity_collision": "5",
        "first_road_class": "4",
        "first_road_number": "6113",
        "junction_control": "-1",
        "junction_detail": "0",
        "junction_detail_historic": "-1",
        "latitude": "53.68876",
        "light_conditions": "1",
        "local_authority_district": "-1",
        "local_authority_highway": "E08000033",
        "local_authority_highway_current": "E08000033",
        "local_authority_ons_district": "E08000033",
        "location_easting_osgr": "409201",
        "location_northing_osgr": "421376",
        "longitude": "-1.86215",
        "lsoa_of_accident_location": "E01010899",
        "number_of_casualties": 1,
        "number_of_vehicles": 3,
        "pedestrian_crossing": "0",
        "pedestrian_crossing_human_control_historic": "-1",
        "pedestrian_crossing_physical_facilities_historic": "-1",
        "police_force": "13",
        "road_surface_conditions": "1",
        "road_type": "6",
        "second_road_class": "6",
        "second_road_number": "0",
        "special_conditions_at_site": "-1",
        "speed_limit": 30,
        "time": "17:44",
        "trunk_road_flag": "2",
        "urban_or_rural_area": "1",
        "weather_conditions": "1",
        "geometry_source": "collision_location",
        "source_year": 2025,
        "date_iso": "2025-03-16"
      }
    },
    {
      "type": "Feature",
      "id": "2025131558238",
      "geometry": {
        "type": "Point",
        "coordinates": [
          -1.77995,
          53.70751
        ]
      },
      "properties": {
        "carriageway_hazards": "0",
        "carriageway_hazards_historic": "-1",
        "collision_adjusted_severity_serious": "0",
        "collision_adjusted_severity_slight": "1",
        "collision_index": "2025131558238",
        "collision_injury_based": "1",
        "collision_ref_no": "131558238",
        "collision_severity": "3",
        "collision_year": 2025,
        "date": "17/02/2025",
        "day_of_week": "2",
        "did_police_officer_attend_scene_of_accident": "2",
        "enhanced_severity_collision": "3",
        "first_road_class": "6",
        "first_road_number": "0",
        "junction_control": "4",
        "junction_detail": "16",
        "junction_detail_historic": "-1",
        "latitude": "53.70751",
        "light_conditions": "4",
        "local_authority_district": "-1",
        "local_authority_highway": "E08000033",
        "local_authority_highway_current": "E08000033",
        "local_authority_ons_district": "E08000033",
        "location_easting_osgr": "414623",
        "location_northing_osgr": "423476",
        "longitude": "-1.77995",
        "lsoa_of_accident_location": "E01010878",
        "number_of_casualties": 1,
        "number_of_vehicles": 2,
        "pedestrian_crossing": "0",
        "pedestrian_crossing_human_control_historic": "-1",
        "pedestrian_crossing_physical_facilities_historic": "-1",
        "police_force": "13",
        "road_surface_conditions": "1",
        "road_type": "6",
        "second_road_class": "3",
        "second_road_number": "641",
        "special_conditions_at_site": "-1",
        "speed_limit": 30,
        "time": "20:15",
        "trunk_road_flag": "2",
        "urban_or_rural_area": "1",
        "weather_conditions": "1",
        "geometry_source": "collision_location",
        "source_year": 2025,
        "date_iso": "2025-02-17"
      }
    },
    {
      "type": "Feature",
      "id": "2025131576475",
      "geometry": {
        "type": "Point",
        "coordinates": [
          -1.87008,
          53.73084
        ]
      },
      "properties": {
        "carriageway_hazards": "0",
        "carriageway_hazards_historic": "-1",
        "collision_adjusted_severity_serious": "1",
        "collision_adjusted_severity_slight": "0",
        "collision_index": "2025131576475",
        "collision_injury_based": "1",
        "collision_ref_no": "131576475",
        "collision_severity": "2",
        "collision_year": 2025,
        "date": "10/04/2025",
        "day_of_week": "5",
        "did_police_officer_attend_scene_of_accident": "1",
        "enhanced_severity_collision": "5",
        "first_road_class": "3",
        "first_road_number": "629",
        "junction_control": "-1",
        "junction_detail": "0",
        "junction_detail_historic": "-1",
        "latitude": "53.73084",
        "light_conditions": "4",
        "local_authority_district": "-1",
        "local_authority_highway": "E08000033",
        "local_authority_highway_current": "E08000033",
        "local_authority_ons_district": "E08000033",
        "location_easting_osgr": "408669",
        "location_northing_osgr": "426057",
        "longitude": "-1.87008",
        "lsoa_of_accident_location": "E01010961",
        "number_of_casualties": 1,
        "number_of_vehicles": 1,
        "pedestrian_crossing": "0",
        "pedestrian_crossing_human_control_historic": "-1",
        "pedestrian_crossing_physical_facilities_historic": "-1",
        "police_force": "13",
        "road_surface_conditions": "1",
        "road_type": "3",
        "second_road_class": "6",
        "second_road_number": "0",
        "special_conditions_at_site": "-1",
        "speed_limit": 40,
        "time": "20:33",
        "trunk_road_flag": "2",
        "urban_or_rural_area": "1",
        "weather_conditions": "1",
        "geometry_source": "collision_location",
        "source_year": 2025,
        "date_iso": "2025-04-10"
      }
    },
    {
      "type": "Feature",
      "id": "2025131586030",
      "geometry": {
        "type": "Point",
        "coordinates": [
          -1.81268,
          53.72544
        ]
      },
      "properties": {
        "carriageway_hazards": "0",
        "carriageway_hazards_historic": "-1",
        "collision_adjusted_severity_serious": "0",
        "collision_adjusted_severity_slight": "1",
        "collision_index": "2025131586030",
        "collision_injury_based": "1",
        "collision_ref_no": "131586030",
        "collision_severity": "3",
        "collision_year": 2025,
        "date": "05/05/2025",
        "day_of_week": "2",
        "did_police_officer_attend_scene_of_accident": "1",
        "enhanced_severity_collision": "3",
        "first_road_class": "3",
        "first_road_number": "58",
        "junction_control": "2",
        "junction_detail": "16",
        "junction_detail_historic": "-1",
        "latitude": "53.72544",
        "light_conditions": "1",
        "local_authority_district": "-1",
        "local_authority_highway": "E08000033",
        "local_authority_highway_current": "E08000033",
        "local_authority_ons_district": "E08000033",
        "location_easting_osgr": "412457",
        "location_northing_osgr": "425465",
        "longitude": "-1.81268",
        "lsoa_of_accident_location": "E01010909",
        "number_of_casualties": 1,
        "number_of_vehicles": 2,
        "pedestrian_crossing": "15",
        "pedestrian_crossing_human_control_historic": "-1",
        "pedestrian_crossing_physical_facilities_historic": "-1",
        "police_force": "13",
        "road_surface_conditions": "1",
        "road_type": "6",
        "second_road_class": "3",
        "second_road_number": "644",
        "special_conditions_at_site": "-1",
        "speed_limit": 30,
        "time": "19:45",
        "trunk_road_flag": "2",
        "urban_or_rural_area": "1",
        "weather_conditions": "8",
        "geometry_source": "collision_location",
        "source_year": 2025,
        "date_iso": "2025-05-05"
      }
    },
    {
      "type": "Feature",
      "id": "2025131630695",
      "geometry": {
        "type": "Point",
        "coordinates": [
          -1.944,
          53.7217
        ]
      },
      "properties": {
        "carriageway_hazards": "0",
        "carriageway_hazards_historic": "-1",
        "collision_adjusted_severity_serious": "0",
        "collision_adjusted_severity_slight": "1",
        "collision_index": "2025131630695",
        "collision_injury_based": "1",
        "collision_ref_no": "131630695",
        "collision_severity": "3",
        "collision_year": 2025,
        "date": "19/08/2025",
        "day_of_week": "3",
        "did_police_officer_attend_scene_of_accident": "1",
        "enhanced_severity_collision": "3",
        "first_road_class": "3",
        "first_road_number": "646",
        "junction_control": "4",
        "junction_detail": "13",
        "junction_detail_historic": "-1",
        "latitude": "53.7217",
        "light_conditions": "1",
        "local_authority_district": "-1",
        "local_authority_highway": "E08000033",
        "local_authority_highway_current": "E08000033",
        "local_authority_ons_district": "E08000033",
        "location_easting_osgr": "403793",
        "location_northing_osgr": "425034",
        "longitude": "-1.944",
        "lsoa_of_accident_location": "E01010922",
        "number_of_casualties": 2,
        "number_of_vehicles": 2,
        "pedestrian_crossing": "0",
        "pedestrian_crossing_human_control_historic": "-1",
        "pedestrian_crossing_physical_facilities_historic": "-1",
        "police_force": "13",
        "road_surface_conditions": "1",
        "road_type": "6",
        "second_road_class": "6",
        "second_road_number": "0",
        "special_conditions_at_site": "-1",
        "speed_limit": 30,
        "time": "09:02",
        "trunk_road_flag": "2",
        "urban_or_rural_area": "2",
        "weather_conditions": "1",
        "geometry_source": "collision_location",
        "source_year": 2025,
        "date_iso": "2025-08-19"
      }
    },
    {
      "type": "Feature",
      "id": "2025131658683",
      "geometry": {
        "type": "Point",
        "coordinates": [
          -2.01599,
          53.74141
        ]
      },
      "properties": {
        "carriageway_hazards": "0",
        "carriageway_hazards_historic": "-1",
        "collision_adjusted_severity_serious": "0",
        "collision_adjusted_severity_slight": "1",
        "collision_index": "2025131658683",
        "collision_injury_based": "1",
        "collision_ref_no": "131658683",
        "collision_severity": "3",
        "collision_year": 2025,
        "date": "24/10/2025",
        "day_of_week": "6",
        "did_police_officer_attend_scene_of_accident": "1",
        "enhanced_severity_collision": "3",
        "first_road_class": "3",
        "first_road_number": "646",
        "junction_control": "4",
        "junction_detail": "13",
        "junction_detail_historic": "-1",
        "latitude": "53.74141",
        "light_conditions": "1",
        "local_authority_district": "-1",
        "local_authority_highway": "E08000033",
        "local_authority_highway_current": "E08000033",
        "local_authority_ons_district": "E08000033",
        "location_easting_osgr": "399043",
        "location_northing_osgr": "427225",
        "longitude": "-2.01599",
        "lsoa_of_accident_location": "E01010888",
        "number_of_casualties": 1,
        "number_of_vehicles": 1,
        "pedestrian_crossing": "13",
        "pedestrian_crossing_human_control_historic": "-1",
        "pedestrian_crossing_physical_facilities_historic": "-1",
        "police_force": "13",
        "road_surface_conditions": "2",
        "road_type": "6",
        "second_road_class": "6",
        "second_road_number": "0",
        "special_conditions_at_site": "-1",
        "speed_limit": 20,
        "time": "14:40",
        "trunk_road_flag": "2",
        "urban_or_rural_area": "2",
        "weather_conditions": "8",
        "geometry_source": "collision_location",
        "source_year": 2025,
        "date_iso": "2025-10-24"
      }
    },
    {
      "type": "Feature",
      "id": "2025131668725",
      "geometry": {
        "type": "Point",
        "coordinates": [
          -1.85496,
          53.69846
        ]
      },
      "properties": {
        "carriageway_hazards": "0",
        "carriageway_hazards_historic": "-1",
        "collision_adjusted_severity_serious": "0",
        "collision_adjusted_severity_slight": "1",
        "collision_index": "2025131668725",
        "collision_injury_based": "1",
        "collision_ref_no": "131668725",
        "collision_severity": "3",
        "collision_year": 2025,
        "date": "14/11/2025",
        "day_of_week": "6",
        "did_police_officer_attend_scene_of_accident": "1",
        "enhanced_severity_collision": "3",
        "first_road_class": "3",
        "first_road_number": "629",
        "junction_control": "-1",
        "junction_detail": "0",
        "junction_detail_historic": "-1",
        "latitude": "53.69846",
        "light_conditions": "4",
        "local_authority_district": "-1",
        "local_authority_highway": "E08000033",
        "local_authority_highway_current": "E08000033",
        "local_authority_ons_district": "E08000033",
        "location_easting_osgr": "409674",
        "location_northing_osgr": "422457",
        "longitude": "-1.85496",
        "lsoa_of_accident_location": "E01010971",
        "number_of_casualties": 1,
        "number_of_vehicles": 2,
        "pedestrian_crossing": "0",
        "pedestrian_crossing_human_control_historic": "-1",
        "pedestrian_crossing_physical_facilities_historic": "-1",
        "police_force": "13",
        "road_surface_conditions": "2",
        "road_type": "3",
        "second_road_class": "4",
        "second_road_number": "6112",
        "special_conditions_at_site": "-1",
        "speed_limit": 30,
        "time": "17:54",
        "trunk_road_flag": "2",
        "urban_or_rural_area": "1",
        "weather_conditions": "2",
        "geometry_source": "collision_location",
        "source_year": 2025,
        "date_iso": "2025-11-14"
      }
    },
    {
      "type": "Feature",
      "id": "2025131541479",
      "geometry": {
        "type": "Point",
        "coordinates": [
          -1.87871,
          53.7228
        ]
      },
      "properties": {
        "carriageway_hazards": "0",
        "carriageway_hazards_historic": "-1",
        "collision_adjusted_severity_serious": "0",
        "collision_adjusted_severity_slight": "1",
        "collision_index": "2025131541479",
        "collision_injury_based": "1",
        "collision_ref_no": "131541479",
        "collision_severity": "3",
        "collision_year": 2025,
        "date": "14/01/2025",
        "day_of_week": "3",
        "did_police_officer_attend_scene_of_accident": "1",
        "enhanced_severity_collision": "3",
        "first_road_class": "6",
        "first_road_number": "0",
        "junction_control": "-1",
        "junction_detail": "0",
        "junction_detail_historic": "-1",
        "latitude": "53.7228",
        "light_conditions": "1",
        "local_authority_district": "-1",
        "local_authority_highway": "E08000033",
        "local_authority_highway_current": "E08000033",
        "local_authority_ons_district": "E08000033",
        "location_easting_osgr": "408101",
        "location_northing_osgr": "425162",
        "longitude": "-1.87871",
        "lsoa_of_accident_location": "E01010966",
        "number_of_casualties": 1,
        "number_of_vehicles": 2,
        "pedestrian_crossing": "0",
        "pedestrian_crossing_human_control_historic": "-1",
        "pedestrian_crossing_physical_facilities_historic": "-1",
        "police_force": "13",
        "road_surface_conditions": "2",
        "road_type": "6",
        "second_road_class": "6",
        "second_road_number": "0",
        "special_conditions_at_site": "-1",
        "speed_limit": 20,
        "time": "15:42",
        "trunk_road_flag": "2",
        "urban_or_rural_area": "1",
        "weather_conditions": "2",
        "geometry_source": "collision_location",
        "source_year": 2025,
        "date_iso": "2025-01-14"
      }
    },
    {
      "type": "Feature",
      "id": "2025131610587",
      "geometry": {
        "type": "Point",
        "coordinates": [
          -1.93663,
          53.7035
        ]
      },
      "properties": {
        "carriageway_hazards": "0",
        "carriageway_hazards_historic": "-1",
        "collision_adjusted_severity_serious": "1",
        "collision_adjusted_severity_slight": "0",
        "collision_index": "2025131610587",
        "collision_injury_based": "1",
        "collision_ref_no": "131610587",
        "collision_severity": "2",
        "collision_year": 2025,
        "date": "02/07/2025",
        "day_of_week": "4",
        "did_police_officer_attend_scene_of_accident": "1",
        "enhanced_severity_collision": "6",
        "first_road_class": "6",
        "first_road_number": "0",
        "junction_control": "-1",
        "junction_detail": "0",
        "junction_detail_historic": "-1",
        "latitude": "53.7035",
        "light_conditions": "1",
        "local_authority_district": "-1",
        "local_authority_highway": "E08000033",
        "local_authority_highway_current": "E08000033",
        "local_authority_ons_district": "E08000033",
        "location_easting_osgr": "404281",
        "location_northing_osgr": "423009",
        "longitude": "-1.93663",
        "lsoa_of_accident_location": "E01010958",
        "number_of_casualties": 2,
        "number_of_vehicles": 2,
        "pedestrian_crossing": "0",
        "pedestrian_crossing_human_control_historic": "-1",
        "pedestrian_crossing_physical_facilities_historic": "-1",
        "police_force": "13",
        "road_surface_conditions": "1",
        "road_type": "6",
        "second_road_class": "6",
        "second_road_number": "0",
        "special_conditions_at_site": "-1",
        "speed_limit": 20,
        "time": "12:22",
        "trunk_road_flag": "2",
        "urban_or_rural_area": "1",
        "weather_conditions": "1",
        "geometry_source": "collision_location",
        "source_year": 2025,
        "date_iso": "2025-07-02"
      }
    },
    {
      "type": "Feature",
      "id": "2025131612933",
      "geometry": {
        "type": "Point",
        "coordinates": [
          -1.91516,
          53.70666
        ]
      },
      "properties": {
        "carriageway_hazards": "0",
        "carriageway_hazards_historic": "-1",
        "collision_adjusted_severity_serious": "0",
        "collision_adjusted_severity_slight": "1",
        "collision_index": "2025131612933",
        "collision_injury_based": "1",
        "collision_ref_no": "131612933",
        "collision_severity": "3",
        "collision_year": 2025,
        "date": "08/07/2025",
        "day_of_week": "3",
        "did_police_officer_attend_scene_of_accident": "1",
        "enhanced_severity_collision": "3",
        "first_road_class": "6",
        "first_road_number": "0",
        "junction_control": "4",
        "junction_detail": "19",
        "junction_detail_historic": "-1",
        "latitude": "53.70666",
        "light_conditions": "1",
        "local_authority_district": "-1",
        "local_authority_highway": "E08000033",
        "local_authority_highway_current": "E08000033",
        "local_authority_ons_district": "E08000033",
        "location_easting_osgr": "405698",
        "location_northing_osgr": "423363",
        "longitude": "-1.91516",
        "lsoa_of_accident_location": "E01010979",
        "number_of_casualties": 1,
        "number_of_vehicles": 2,
        "pedestrian_crossing": "13",
        "pedestrian_crossing_human_control_historic": "-1",
        "pedestrian_crossing_physical_facilities_historic": "-1",
        "police_force": "13",
        "road_surface_conditions": "1",
        "road_type": "6",
        "second_road_class": "6",
        "second_road_number": "0",
        "special_conditions_at_site": "-1",
        "speed_limit": 30,
        "time": "08:31",
        "trunk_road_flag": "2",
        "urban_or_rural_area": "1",
        "weather_conditions": "1",
        "geometry_source": "collision_location",
        "source_year": 2025,
        "date_iso": "2025-07-08"
      }
    },
    {
      "type": "Feature",
      "id": "2025131581164",
      "geometry": {
        "type": "Point",
        "coordinates": [
          -1.89567,
          53.76424
        ]
      },
      "properties": {
        "carriageway_hazards": "0",
        "carriageway_hazards_historic": "-1",
        "collision_adjusted_severity_serious": "0",
        "collision_adjusted_severity_slight": "1",
        "collision_index": "2025131581164",
        "collision_injury_based": "1",
        "collision_ref_no": "131581164",
        "collision_severity": "3",
        "collision_year": 2025,
        "date": "22/04/2025",
        "day_of_week": "3",
        "did_police_officer_attend_scene_of_accident": "1",
        "enhanced_severity_collision": "3",
        "first_road_class": "3",
        "first_road_number": "629",
        "junction_control": "4",
        "junction_detail": "16",
        "junction_detail_historic": "-1",
        "latitude": "53.76424",
        "light_conditions": "1",
        "local_authority_district": "-1",
        "local_authority_highway": "E08000033",
        "local_authority_highway_current": "E08000033",
        "local_authority_ons_district": "E08000033",
        "location_easting_osgr": "406975",
        "location_northing_osgr": "429771",
        "longitude": "-1.89567",
        "lsoa_of_accident_location": "E01010925",
        "number_of_casualties": 1,
        "number_of_vehicles": 2,
        "pedestrian_crossing": "0",
        "pedestrian_crossing_human_control_historic": "-1",
        "pedestrian_crossing_physical_facilities_historic": "-1",
        "police_force": "13",
        "road_surface_conditions": "1",
        "road_type": "6",
        "second_road_class": "6",
        "second_road_number": "0",
        "special_conditions_at_site": "-1",
        "speed_limit": 50,
        "time": "17:50",
        "trunk_road_flag": "2",
        "urban_or_rural_area": "2",
        "weather_conditions": "1",
        "geometry_source": "collision_location",
        "source_year": 2025,
        "date_iso": "2025-04-22"
      }
    },
    {
      "type": "Feature",
      "id": "2025131583513",
      "geometry": {
        "type": "Point",
        "coordinates": [
          -2.09873,
          53.71901
        ]
      },
      "properties": {
        "carriageway_hazards": "17",
        "carriageway_hazards_historic": "-1",
        "collision_adjusted_severity_serious": "0",
        "collision_adjusted_severity_slight": "1",
        "collision_index": "2025131583513",
        "collision_injury_based": "1",
        "collision_ref_no": "131583513",
        "collision_severity": "3",
        "collision_year": 2025,
        "date": "29/04/2025",
        "day_of_week": "3",
        "did_police_officer_attend_scene_of_accident": "1",
        "enhanced_severity_collision": "3",
        "first_road_class": "6",
        "first_road_number": "0",
        "junction_control": "4",
        "junction_detail": "19",
        "junction_detail_historic": "-1",
        "latitude": "53.71901",
        "light_conditions": "1",
        "local_authority_district": "-1",
        "local_authority_highway": "E08000033",
        "local_authority_highway_current": "E08000033",
        "local_authority_ons_district": "E08000033",
        "location_easting_osgr": "393582",
        "location_northing_osgr": "424738",
        "longitude": "-2.09873",
        "lsoa_of_accident_location": "E01010982",
        "number_of_casualties": 1,
        "number_of_vehicles": 6,
        "pedestrian_crossing": "0",
        "pedestrian_crossing_human_control_historic": "-1",
        "pedestrian_crossing_physical_facilities_historic": "-1",
        "police_force": "13",
        "road_surface_conditions": "1",
        "road_type": "6",
        "second_road_class": "6",
        "second_road_number": "0",
        "special_conditions_at_site": "-1",
        "speed_limit": 20,
        "time": "12:42",
        "trunk_road_flag": "2",
        "urban_or_rural_area": "1",
        "weather_conditions": "1",
        "geometry_source": "collision_location",
        "source_year": 2025,
        "date_iso": "2025-04-29"
      }
    },
    {
      "type": "Feature",
      "id": "2025131642564",
      "geometry": {
        "type": "Point",
        "coordinates": [
          -1.87608,
          53.75158
        ]
      },
      "properties": {
        "carriageway_hazards": "0",
        "carriageway_hazards_historic": "-1",
        "collision_adjusted_severity_serious": "0",
        "collision_adjusted_severity_slight": "1",
        "collision_index": "2025131642564",
        "collision_injury_based": "1",
        "collision_ref_no": "131642564",
        "collision_severity": "3",
        "collision_year": 2025,
        "date": "16/09/2025",
        "day_of_week": "3",
        "did_police_officer_attend_scene_of_accident": "1",
        "enhanced_severity_collision": "3",
        "first_road_class": "6",
        "first_road_number": "0",
        "junction_control": "4",
        "junction_detail": "19",
        "junction_detail_historic": "-1",
        "latitude": "53.75158",
        "light_conditions": "1",
        "local_authority_district": "-1",
        "local_authority_highway": "E08000033",
        "local_authority_highway_current": "E08000033",
        "local_authority_ons_district": "E08000033",
        "location_easting_osgr": "408269",
        "location_northing_osgr": "428364",
        "longitude": "-1.87608",
        "lsoa_of_accident_location": "E01010915",
        "number_of_casualties": 1,
        "number_of_vehicles": 2,
        "pedestrian_crossing": "0",
        "pedestrian_crossing_human_control_historic": "-1",
        "pedestrian_crossing_physical_facilities_historic": "-1",
        "police_force": "13",
        "road_surface_conditions": "1",
        "road_type": "6",
        "second_road_class": "6",
        "second_road_number": "0",
        "special_conditions_at_site": "-1",
        "speed_limit": 30,
        "time": "17:55",
        "trunk_road_flag": "2",
        "urban_or_rural_area": "1",
        "weather_conditions": "1",
        "geometry_source": "collision_location",
        "source_year": 2025,
        "date_iso": "2025-09-16"
      }
    },
    {
      "type": "Feature",
      "id": "2025131681765",
      "geometry": {
        "type": "Point",
        "coordinates": [
          -1.85899,
          53.71357
        ]
      },
      "properties": {
        "carriageway_hazards": "0",
        "carriageway_hazards_historic": "-1",
        "collision_adjusted_severity_serious": "0",
        "collision_adjusted_severity_slight": "1",
        "collision_index": "2025131681765",
        "collision_injury_based": "1",
        "collision_ref_no": "131681765",
        "collision_severity": "3",
        "collision_year": 2025,
        "date": "10/12/2025",
        "day_of_week": "4",
        "did_police_officer_attend_scene_of_accident": "2",
        "enhanced_severity_collision": "3",
        "first_road_class": "6",
        "first_road_number": "0",
        "junction_control": "2",
        "junction_detail": "19",
        "junction_detail_historic": "-1",
        "latitude": "53.71357",
        "light_conditions": "1",
        "local_authority_district": "-1",
        "local_authority_highway": "E08000033",
        "local_authority_highway_current": "E08000033",
        "local_authority_ons_district": "E08000033",
        "location_easting_osgr": "409404",
        "location_northing_osgr": "424137",
        "longitude": "-1.85899",
        "lsoa_of_accident_location": "E01010968",
        "number_of_casualties": 1,
        "number_of_vehicles": 1,
        "pedestrian_crossing": "13",
        "pedestrian_crossing_human_control_historic": "-1",
        "pedestrian_crossing_physical_facilities_historic": "-1",
        "police_force": "13",
        "road_surface_conditions": "1",
        "road_type": "6",
        "second_road_class": "3",
        "second_road_number": "629",
        "special_conditions_at_site": "-1",
        "speed_limit": 30,
        "time": "17:05",
        "trunk_road_flag": "2",
        "urban_or_rural_area": "1",
        "weather_conditions": "1",
        "geometry_source": "collision_location",
        "source_year": 2025,
        "date_iso": "2025-12-10"
      }
    },
    {
      "type": "Feature",
      "id": "2025131591383",
      "geometry": {
        "type": "Point",
        "coordinates": [
          -1.87118,
          53.72646
        ]
      },
      "properties": {
        "carriageway_hazards": "0",
        "carriageway_hazards_historic": "-1",
        "collision_adjusted_severity_serious": "1",
        "collision_adjusted_severity_slight": "0",
        "collision_index": "2025131591383",
        "collision_injury_based": "1",
        "collision_ref_no": "131591383",
        "collision_severity": "2",
        "collision_year": 2025,
        "date": "17/05/2025",
        "day_of_week": "7",
        "did_police_officer_attend_scene_of_accident": "1",
        "enhanced_severity_collision": "7",
        "first_road_class": "6",
        "first_road_number": "0",
        "junction_control": "4",
        "junction_detail": "13",
        "junction_detail_historic": "-1",
        "latitude": "53.72646",
        "light_conditions": "1",
        "local_authority_district": "-1",
        "local_authority_highway": "E08000033",
        "local_authority_highway_current": "E08000033",
        "local_authority_ons_district": "E08000033",
        "location_easting_osgr": "408597",
        "location_northing_osgr": "425570",
        "longitude": "-1.87118",
        "lsoa_of_accident_location": "E01010960",
        "number_of_casualties": 2,
        "number_of_vehicles": 2,
        "pedestrian_crossing": "0",
        "pedestrian_crossing_human_control_historic": "-1",
        "pedestrian_crossing_physical_facilities_historic": "-1",
        "police_force": "13",
        "road_surface_conditions": "1",
        "road_type": "6",
        "second_road_class": "6",
        "second_road_number": "0",
        "special_conditions_at_site": "-1",
        "speed_limit": 30,
        "time": "18:45",
        "trunk_road_flag": "2",
        "urban_or_rural_area": "1",
        "weather_conditions": "1",
        "geometry_source": "collision_location",
        "source_year": 2025,
        "date_iso": "2025-05-17"
      }
    },
    {
      "type": "Feature",
      "id": "2025131594058",
      "geometry": {
        "type": "Point",
        "coordinates": [
          -1.89074,
          53.72937
        ]
      },
      "properties": {
        "carriageway_hazards": "0",
        "carriageway_hazards_historic": "-1",
        "collision_adjusted_severity_serious": "0",
        "collision_adjusted_severity_slight": "1",
        "collision_index": "2025131594058",
        "collision_injury_based": "1",
        "collision_ref_no": "131594058",
        "collision_severity": "3",
        "collision_year": 2025,
        "date": "23/05/2025",
        "day_of_week": "6",
        "did_police_officer_attend_scene_of_accident": "1",
        "enhanced_severity_collision": "3",
        "first_road_class": "6",
        "first_road_number": "0",
        "junction_control": "4",
        "junction_detail": "16",
        "junction_detail_historic": "-1",
        "latitude": "53.72937",
        "light_conditions": "4",
        "local_authority_district": "-1",
        "local_authority_highway": "E08000033",
        "local_authority_highway_current": "E08000033",
        "local_authority_ons_district": "E08000033",
        "location_easting_osgr": "407306",
        "location_northing_osgr": "425891",
        "longitude": "-1.89074",
        "lsoa_of_accident_location": "E01010930",
        "number_of_casualties": 1,
        "number_of_vehicles": 2,
        "pedestrian_crossing": "0",
        "pedestrian_crossing_human_control_historic": "-1",
        "pedestrian_crossing_physical_facilities_historic": "-1",
        "police_force": "13",
        "road_surface_conditions": "2",
        "road_type": "6",
        "second_road_class": "6",
        "second_road_number": "0",
        "special_conditions_at_site": "-1",
        "speed_limit": 20,
        "time": "22:50",
        "trunk_road_flag": "2",
        "urban_or_rural_area": "1",
        "weather_conditions": "2",
        "geometry_source": "collision_location",
        "source_year": 2025,
        "date_iso": "2025-05-23"
      }
    },
    {
      "type": "Feature",
      "id": "2025131669797",
      "geometry": {
        "type": "Point",
        "coordinates": [
          -1.87908,
          53.71923
        ]
      },
      "properties": {
        "carriageway_hazards": "0",
        "carriageway_hazards_historic": "-1",
        "collision_adjusted_severity_serious": "0",
        "collision_adjusted_severity_slight": "1",
        "collision_index": "2025131669797",
        "collision_injury_based": "1",
        "collision_ref_no": "131669797",
        "collision_severity": "3",
        "collision_year": 2025,
        "date": "17/11/2025",
        "day_of_week": "2",
        "did_police_officer_attend_scene_of_accident": "1",
        "enhanced_severity_collision": "3",
        "first_road_class": "6",
        "first_road_number": "0",
        "junction_control": "-1",
        "junction_detail": "0",
        "junction_detail_historic": "-1",
        "latitude": "53.71923",
        "light_conditions": "6",
        "local_authority_district": "-1",
        "local_authority_highway": "E08000033",
        "local_authority_highway_current": "E08000033",
        "local_authority_ons_district": "E08000033",
        "location_easting_osgr": "408077",
        "location_northing_osgr": "424765",
        "longitude": "-1.87908",
        "lsoa_of_accident_location": "E01010995",
        "number_of_casualties": 1,
        "number_of_vehicles": 1,
        "pedestrian_crossing": "0",
        "pedestrian_crossing_human_control_historic": "-1",
        "pedestrian_crossing_physical_facilities_historic": "-1",
        "police_force": "13",
        "road_surface_conditions": "1",
        "road_type": "6",
        "second_road_class": "6",
        "second_road_number": "0",
        "special_conditions_at_site": "-1",
        "speed_limit": 30,
        "time": "16:35",
        "trunk_road_flag": "2",
        "urban_or_rural_area": "1",
        "weather_conditions": "1",
        "geometry_source": "collision_location",
        "source_year": 2025,
        "date_iso": "2025-11-17"
      }
    },
    {
      "type": "Feature",
      "id": "2025131678141",
      "geometry": {
        "type": "Point",
        "coordinates": [
          -1.89353,
          53.75425
        ]
      },
      "properties": {
        "carriageway_hazards": "0",
        "carriageway_hazards_historic": "-1",
        "collision_adjusted_severity_serious": "0",
        "collision_adjusted_severity_slight": "1",
        "collision_index": "2025131678141",
        "collision_injury_based": "1",
        "collision_ref_no": "131678141",
        "collision_severity": "3",
        "collision_year": 2025,
        "date": "03/12/2025",
        "day_of_week": "4",
        "did_police_officer_attend_scene_of_accident": "1",
        "enhanced_severity_collision": "3",
        "first_road_class": "3",
        "first_road_number": "629",
        "junction_control": "4",
        "junction_detail": "13",
        "junction_detail_historic": "-1",
        "latitude": "53.75425",
        "light_conditions": "1",
        "local_authority_district": "-1",
        "local_authority_highway": "E08000033",
        "local_authority_highway_current": "E08000033",
        "local_authority_ons_district": "E08000033",
        "location_easting_osgr": "407118",
        "location_northing_osgr": "428659",
        "longitude": "-1.89353",
        "lsoa_of_accident_location": "E01010914",
        "number_of_casualties": 1,
        "number_of_vehicles": 1,
        "pedestrian_crossing": "0",
        "pedestrian_crossing_human_control_historic": "-1",
        "pedestrian_crossing_physical_facilities_historic": "-1",
        "police_force": "13",
        "road_surface_conditions": "2",
        "road_type": "6",
        "second_road_class": "6",
        "second_road_number": "0",
        "special_conditions_at_site": "-1",
        "speed_limit": 30,
        "time": "10:58",
        "trunk_road_flag": "2",
        "urban_or_rural_area": "1",
        "weather_conditions": "1",
        "geometry_source": "collision_location",
        "source_year": 2025,
        "date_iso": "2025-12-03"
      }
    },
    {
      "type": "Feature",
      "id": "2025131574094",
      "geometry": {
        "type": "Point",
        "coordinates": [
          -1.83232,
          53.73085
        ]
      },
      "properties": {
        "carriageway_hazards": "0",
        "carriageway_hazards_historic": "-1",
        "collision_adjusted_severity_serious": "0",
        "collision_adjusted_severity_slight": "1",
        "collision_index": "2025131574094",
        "collision_injury_based": "1",
        "collision_ref_no": "131574094",
        "collision_severity": "3",
        "collision_year": 2025,
        "date": "05/04/2025",
        "day_of_week": "7",
        "did_police_officer_attend_scene_of_accident": "1",
        "enhanced_severity_collision": "3",
        "first_road_class": "3",
        "first_road_number": "6036",
        "junction_control": "-1",
        "junction_detail": "0",
        "junction_detail_historic": "-1",
        "latitude": "53.73085",
        "light_conditions": "1",
        "local_authority_district": "-1",
        "local_authority_highway": "E08000033",
        "local_authority_highway_current": "E08000033",
        "local_authority_ons_district": "E08000033",
        "location_easting_osgr": "411160",
        "location_northing_osgr": "426064",
        "longitude": "-1.83232",
        "lsoa_of_accident_location": "E01010937",
        "number_of_casualties": 1,
        "number_of_vehicles": 1,
        "pedestrian_crossing": "0",
        "pedestrian_crossing_human_control_historic": "-1",
        "pedestrian_crossing_physical_facilities_historic": "-1",
        "police_force": "13",
        "road_surface_conditions": "1",
        "road_type": "6",
        "second_road_class": "6",
        "second_road_number": "0",
        "special_conditions_at_site": "-1",
        "speed_limit": 30,
        "time": "08:55",
        "trunk_road_flag": "2",
        "urban_or_rural_area": "1",
        "weather_conditions": "1",
        "geometry_source": "collision_location",
        "source_year": 2025,
        "date_iso": "2025-04-05"
      }
    },
    {
      "type": "Feature",
      "id": "2025131599717",
      "geometry": {
        "type": "Point",
        "coordinates": [
          -1.88916,
          53.71966
        ]
      },
      "properties": {
        "carriageway_hazards": "0",
        "carriageway_hazards_historic": "-1",
        "collision_adjusted_severity_serious": "0",
        "collision_adjusted_severity_slight": "0",
        "collision_index": "2025131599717",
        "collision_injury_based": "1",
        "collision_ref_no": "131599717",
        "collision_severity": "1",
        "collision_year": 2025,
        "date": "06/06/2025",
        "day_of_week": "6",
        "did_police_officer_attend_scene_of_accident": "1",
        "enhanced_severity_collision": "1",
        "first_road_class": "6",
        "first_road_number": "0",
        "junction_control": "4",
        "junction_detail": "16",
        "junction_detail_historic": "-1",
        "latitude": "53.71966",
        "light_conditions": "1",
        "local_authority_district": "-1",
        "local_authority_highway": "E08000033",
        "local_authority_highway_current": "E08000033",
        "local_authority_ons_district": "E08000033",
        "location_easting_osgr": "407412",
        "location_northing_osgr": "424811",
        "longitude": "-1.88916",
        "lsoa_of_accident_location": "E01011000",
        "number_of_casualties": 6,
        "number_of_vehicles": 3,
        "pedestrian_crossing": "0",
        "pedestrian_crossing_human_control_historic": "-1",
        "pedestrian_crossing_physical_facilities_historic": "-1",
        "police_force": "13",
        "road_surface_conditions": "1",
        "road_type": "6",
        "second_road_class": "6",
        "second_road_number": "0",
        "special_conditions_at_site": "-1",
        "speed_limit": 30,
        "time": "20:07",
        "trunk_road_flag": "2",
        "urban_or_rural_area": "1",
        "weather_conditions": "1",
        "geometry_source": "collision_location",
        "source_year": 2025,
        "date_iso": "2025-06-06"
      }
    },
    {
      "type": "Feature",
      "id": "2025131670491",
      "geometry": {
        "type": "Point",
        "coordinates": [
          -1.82868,
          53.7391
        ]
      },
      "properties": {
        "carriageway_hazards": "0",
        "carriageway_hazards_historic": "-1",
        "collision_adjusted_severity_serious": "0",
        "collision_adjusted_severity_slight": "1",
        "collision_index": "2025131670491",
        "collision_injury_based": "1",
        "collision_ref_no": "131670491",
        "collision_severity": "3",
        "collision_year": 2025,
        "date": "18/11/2025",
        "day_of_week": "3",
        "did_police_officer_attend_scene_of_accident": "1",
        "enhanced_severity_collision": "3",
        "first_road_class": "3",
        "first_road_number": "6036",
        "junction_control": "-1",
        "junction_detail": "0",
        "junction_detail_historic": "-1",
        "latitude": "53.7391",
        "light_conditions": "1",
        "local_authority_district": "-1",
        "local_authority_highway": "E08000033",
        "local_authority_highway_current": "E08000033",
        "local_authority_ons_district": "E08000033",
        "location_easting_osgr": "411398",
        "location_northing_osgr": "426982",
        "longitude": "-1.82868",
        "lsoa_of_accident_location": "E01010935",
        "number_of_casualties": 1,
        "number_of_vehicles": 2,
        "pedestrian_crossing": "0",
        "pedestrian_crossing_human_control_historic": "-1",
        "pedestrian_crossing_physical_facilities_historic": "-1",
        "police_force": "13",
        "road_surface_conditions": "2",
        "road_type": "6",
        "second_road_class": "0",
        "second_road_number": "-1",
        "special_conditions_at_site": "-1",
        "speed_limit": 30,
        "time": "11:30",
        "trunk_road_flag": "2",
        "urban_or_rural_area": "1",
        "weather_conditions": "2",
        "geometry_source": "collision_location",
        "source_year": 2025,
        "date_iso": "2025-11-18"
      }
    },
    {
      "type": "Feature",
      "id": "2025131541285",
      "geometry": {
        "type": "Point",
        "coordinates": [
          -2.01933,
          53.62982
        ]
      },
      "properties": {
        "carriageway_hazards": "0",
        "carriageway_hazards_historic": "-1",
        "collision_adjusted_severity_serious": "0",
        "collision_adjusted_severity_slight": "1",
        "collision_index": "2025131541285",
        "collision_injury_based": "1",
        "collision_ref_no": "131541285",
        "collision_severity": "3",
        "collision_year": 2025,
        "date": "14/01/2025",
        "day_of_week": "3",
        "did_police_officer_attend_scene_of_accident": "1",
        "enhanced_severity_collision": "3",
        "first_road_class": "1",
        "first_road_number": "62",
        "junction_control": "-1",
        "junction_detail": "0",
        "junction_detail_historic": "-1",
        "latitude": "53.62982",
        "light_conditions": "4",
        "local_authority_district": "-1",
        "local_authority_highway": "E08000033",
        "local_authority_highway_current": "E08000033",
        "local_authority_ons_district": "E08000033",
        "location_easting_osgr": "398819",
        "location_northing_osgr": "414810",
        "longitude": "-2.01933",
        "lsoa_of_accident_location": "E01010955",
        "number_of_casualties": 1,
        "number_of_vehicles": 2,
        "pedestrian_crossing": "0",
        "pedestrian_crossing_human_control_historic": "-1",
        "pedestrian_crossing_physical_facilities_historic": "-1",
        "police_force": "13",
        "road_surface_conditions": "2",
        "road_type": "3",
        "second_road_class": "0",
        "second_road_number": "-1",
        "special_conditions_at_site": "-1",
        "speed_limit": 70,
        "time": "06:37",
        "trunk_road_flag": "1",
        "urban_or_rural_area": "2",
        "weather_conditions": "1",
        "geometry_source": "collision_location",
        "source_year": 2025,
        "date_iso": "2025-01-14"
      }
    },
    {
      "type": "Feature",
      "id": "2025131565038",
      "geometry": {
        "type": "Point",
        "coordinates": [
          -1.79555,
          53.71091
        ]
      },
      "properties": {
        "carriageway_hazards": "0",
        "carriageway_hazards_historic": "-1",
        "collision_adjusted_severity_serious": "0",
        "collision_adjusted_severity_slight": "1",
        "collision_index": "2025131565038",
        "collision_injury_based": "1",
        "collision_ref_no": "131565038",
        "collision_severity": "3",
        "collision_year": 2025,
        "date": "14/03/2025",
        "day_of_week": "6",
        "did_police_officer_attend_scene_of_accident": "1",
        "enhanced_severity_collision": "3",
        "first_road_class": "3",
        "first_road_number": "644",
        "junction_control": "-1",
        "junction_detail": "0",
        "junction_detail_historic": "-1",
        "latitude": "53.71091",
        "light_conditions": "1",
        "local_authority_district": "-1",
        "local_authority_highway": "E08000033",
        "local_authority_highway_current": "E08000033",
        "local_authority_ons_district": "E08000033",
        "location_easting_osgr": "413592",
        "location_northing_osgr": "423851",
        "longitude": "-1.79555",
        "lsoa_of_accident_location": "E01010875",
        "number_of_casualties": 1,
        "number_of_vehicles": 2,
        "pedestrian_crossing": "0",
        "pedestrian_crossing_human_control_historic": "-1",
        "pedestrian_crossing_physical_facilities_historic": "-1",
        "police_force": "13",
        "road_surface_conditions": "1",
        "road_type": "6",
        "second_road_class": "6",
        "second_road_number": "0",
        "special_conditions_at_site": "-1",
        "speed_limit": 30,
        "time": "09:46",
        "trunk_road_flag": "2",
        "urban_or_rural_area": "1",
        "weather_conditions": "1",
        "geometry_source": "collision_location",
        "source_year": 2025,
        "date_iso": "2025-03-14"
      }
    },
    {
      "type": "Feature",
      "id": "2025131687248",
      "geometry": {
        "type": "Point",
        "coordinates": [
          -1.8313,
          53.67897
        ]
      },
      "properties": {
        "carriageway_hazards": "0",
        "carriageway_hazards_historic": "-1",
        "collision_adjusted_severity_serious": "0",
        "collision_adjusted_severity_slight": "1",
        "collision_index": "2025131687248",
        "collision_injury_based": "1",
        "collision_ref_no": "131687248",
        "collision_severity": "3",
        "collision_year": 2025,
        "date": "22/12/2025",
        "day_of_week": "2",
        "did_police_officer_attend_scene_of_accident": "2",
        "enhanced_severity_collision": "3",
        "first_road_class": "6",
        "first_road_number": "0",
        "junction_control": "-1",
        "junction_detail": "0",
        "junction_detail_historic": "-1",
        "latitude": "53.67897",
        "light_conditions": "7",
        "local_authority_district": "-1",
        "local_authority_highway": "E08000033",
        "local_authority_highway_current": "E08000033",
        "local_authority_ons_district": "E08000033",
        "location_easting_osgr": "411241",
        "location_northing_osgr": "420292",
        "longitude": "-1.8313",
        "lsoa_of_accident_location": "E01010894",
        "number_of_casualties": 1,
        "number_of_vehicles": 1,
        "pedestrian_crossing": "0",
        "pedestrian_crossing_human_control_historic": "-1",
        "pedestrian_crossing_physical_facilities_historic": "-1",
        "police_force": "13",
        "road_surface_conditions": "2",
        "road_type": "9",
        "second_road_class": "0",
        "second_road_number": "-1",
        "special_conditions_at_site": "-1",
        "speed_limit": 30,
        "time": "07:40",
        "trunk_road_flag": "2",
        "urban_or_rural_area": "1",
        "weather_conditions": "2",
        "geometry_source": "collision_location",
        "source_year": 2025,
        "date_iso": "2025-12-22"
      }
    },
    {
      "type": "Feature",
      "id": "2025131551932",
      "geometry": {
        "type": "Point",
        "coordinates": [
          -1.90431,
          53.7334
        ]
      },
      "properties": {
        "carriageway_hazards": "0",
        "carriageway_hazards_historic": "-1",
        "collision_adjusted_severity_serious": "1",
        "collision_adjusted_severity_slight": "0",
        "collision_index": "2025131551932",
        "collision_injury_based": "1",
        "collision_ref_no": "131551932",
        "collision_severity": "2",
        "collision_year": 2025,
        "date": "08/02/2025",
        "day_of_week": "7",
        "did_police_officer_attend_scene_of_accident": "1",
        "enhanced_severity_collision": "6",
        "first_road_class": "6",
        "first_road_number": "0",
        "junction_control": "4",
        "junction_detail": "13",
        "junction_detail_historic": "-1",
        "latitude": "53.7334",
        "light_conditions": "4",
        "local_authority_district": "-1",
        "local_authority_highway": "E08000033",
        "local_authority_highway_current": "E08000033",
        "local_authority_ons_district": "E08000033",
        "location_easting_osgr": "406410",
        "location_northing_osgr": "426338",
        "longitude": "-1.90431",
        "lsoa_of_accident_location": "E01010927",
        "number_of_casualties": 2,
        "number_of_vehicles": 3,
        "pedestrian_crossing": "0",
        "pedestrian_crossing_human_control_historic": "-1",
        "pedestrian_crossing_physical_facilities_historic": "-1",
        "police_force": "13",
        "road_surface_conditions": "2",
        "road_type": "6",
        "second_road_class": "6",
        "second_road_number": "0",
        "special_conditions_at_site": "-1",
        "speed_limit": 30,
        "time": "01:00",
        "trunk_road_flag": "2",
        "urban_or_rural_area": "1",
        "weather_conditions": "1",
        "geometry_source": "collision_location",
        "source_year": 2025,
        "date_iso": "2025-02-08"
      }
    },
    {
      "type": "Feature",
      "id": "2025131665845",
      "geometry": {
        "type": "Point",
        "coordinates": [
          -2.01861,
          53.62964
        ]
      },
      "properties": {
        "carriageway_hazards": "0",
        "carriageway_hazards_historic": "-1",
        "collision_adjusted_severity_serious": "0",
        "collision_adjusted_severity_slight": "1",
        "collision_index": "2025131665845",
        "collision_injury_based": "1",
        "collision_ref_no": "131665845",
        "collision_severity": "3",
        "collision_year": 2025,
        "date": "09/11/2025",
        "day_of_week": "1",
        "did_police_officer_attend_scene_of_accident": "1",
        "enhanced_severity_collision": "3",
        "first_road_class": "1",
        "first_road_number": "62",
        "junction_control": "-1",
        "junction_detail": "0",
        "junction_detail_historic": "-1",
        "latitude": "53.62964",
        "light_conditions": "4",
        "local_authority_district": "-1",
        "local_authority_highway": "E08000033",
        "local_authority_highway_current": "E08000033",
        "local_authority_ons_district": "E08000033",
        "location_easting_osgr": "398867",
        "location_northing_osgr": "414790",
        "longitude": "-2.01861",
        "lsoa_of_accident_location": "E01010955",
        "number_of_casualties": 2,
        "number_of_vehicles": 5,
        "pedestrian_crossing": "0",
        "pedestrian_crossing_human_control_historic": "-1",
        "pedestrian_crossing_physical_facilities_historic": "-1",
        "police_force": "13",
        "road_surface_conditions": "2",
        "road_type": "3",
        "second_road_class": "0",
        "second_road_number": "-1",
        "special_conditions_at_site": "-1",
        "speed_limit": 70,
        "time": "17:18",
        "trunk_road_flag": "1",
        "urban_or_rural_area": "2",
        "weather_conditions": "2",
        "geometry_source": "collision_location",
        "source_year": 2025,
        "date_iso": "2025-11-09"
      }
    },
    {
      "type": "Feature",
      "id": "2025131591412",
      "geometry": {
        "type": "Point",
        "coordinates": [
          -1.87389,
          53.71239
        ]
      },
      "properties": {
        "carriageway_hazards": "0",
        "carriageway_hazards_historic": "-1",
        "collision_adjusted_severity_serious": "1",
        "collision_adjusted_severity_slight": "0",
        "collision_index": "2025131591412",
        "collision_injury_based": "1",
        "collision_ref_no": "131591412",
        "collision_severity": "2",
        "collision_year": 2025,
        "date": "17/05/2025",
        "day_of_week": "7",
        "did_police_officer_attend_scene_of_accident": "1",
        "enhanced_severity_collision": "6",
        "first_road_class": "6",
        "first_road_number": "0",
        "junction_control": "4",
        "junction_detail": "19",
        "junction_detail_historic": "-1",
        "latitude": "53.71239",
        "light_conditions": "1",
        "local_authority_district": "-1",
        "local_authority_highway": "E08000033",
        "local_authority_highway_current": "E08000033",
        "local_authority_ons_district": "E08000033",
        "location_easting_osgr": "408421",
        "location_northing_osgr": "424004",
        "longitude": "-1.87389",
        "lsoa_of_accident_location": "E01010970",
        "number_of_casualties": 1,
        "number_of_vehicles": 2,
        "pedestrian_crossing": "0",
        "pedestrian_crossing_human_control_historic": "-1",
        "pedestrian_crossing_physical_facilities_historic": "-1",
        "police_force": "13",
        "road_surface_conditions": "1",
        "road_type": "6",
        "second_road_class": "6",
        "second_road_number": "0",
        "special_conditions_at_site": "-1",
        "speed_limit": 30,
        "time": "21:35",
        "trunk_road_flag": "2",
        "urban_or_rural_area": "1",
        "weather_conditions": "1",
        "geometry_source": "collision_location",
        "source_year": 2025,
        "date_iso": "2025-05-17"
      }
    },
    {
      "type": "Feature",
      "id": "2025131565424",
      "geometry": {
        "type": "Point",
        "coordinates": [
          -1.87397,
          53.71239
        ]
      },
      "properties": {
        "carriageway_hazards": "0",
        "carriageway_hazards_historic": "-1",
        "collision_adjusted_severity_serious": "1",
        "collision_adjusted_severity_slight": "0",
        "collision_index": "2025131565424",
        "collision_injury_based": "1",
        "collision_ref_no": "131565424",
        "collision_severity": "2",
        "collision_year": 2025,
        "date": "15/03/2025",
        "day_of_week": "7",
        "did_police_officer_attend_scene_of_accident": "1",
        "enhanced_severity_collision": "6",
        "first_road_class": "6",
        "first_road_number": "0",
        "junction_control": "4",
        "junction_detail": "13",
        "junction_detail_historic": "-1",
        "latitude": "53.71239",
        "light_conditions": "4",
        "local_authority_district": "-1",
        "local_authority_highway": "E08000033",
        "local_authority_highway_current": "E08000033",
        "local_authority_ons_district": "E08000033",
        "location_easting_osgr": "408416",
        "location_northing_osgr": "424004",
        "longitude": "-1.87397",
        "lsoa_of_accident_location": "E01010970",
        "number_of_casualties": 1,
        "number_of_vehicles": 2,
        "pedestrian_crossing": "0",
        "pedestrian_crossing_human_control_historic": "-1",
        "pedestrian_crossing_physical_facilities_historic": "-1",
        "police_force": "13",
        "road_surface_conditions": "1",
        "road_type": "6",
        "second_road_class": "6",
        "second_road_number": "0",
        "special_conditions_at_site": "-1",
        "speed_limit": 30,
        "time": "21:26",
        "trunk_road_flag": "2",
        "urban_or_rural_area": "1",
        "weather_conditions": "1",
        "geometry_source": "collision_location",
        "source_year": 2025,
        "date_iso": "2025-03-15"
      }
    },
    {
      "type": "Feature",
      "id": "2025131624514",
      "geometry": {
        "type": "Point",
        "coordinates": [
          -1.77998,
          53.70132
        ]
      },
      "properties": {
        "carriageway_hazards": "0",
        "carriageway_hazards_historic": "-1",
        "collision_adjusted_severity_serious": "0",
        "collision_adjusted_severity_slight": "1",
        "collision_index": "2025131624514",
        "collision_injury_based": "1",
        "collision_ref_no": "131624514",
        "collision_severity": "3",
        "collision_year": 2025,
        "date": "03/08/2025",
        "day_of_week": "1",
        "did_police_officer_attend_scene_of_accident": "2",
        "enhanced_severity_collision": "3",
        "first_road_class": "6",
        "first_road_number": "0",
        "junction_control": "-1",
        "junction_detail": "0",
        "junction_detail_historic": "-1",
        "latitude": "53.70132",
        "light_conditions": "1",
        "local_authority_district": "-1",
        "local_authority_highway": "E08000033",
        "local_authority_highway_current": "E08000033",
        "local_authority_ons_district": "E08000033",
        "location_easting_osgr": "414623",
        "location_northing_osgr": "422788",
        "longitude": "-1.77998",
        "lsoa_of_accident_location": "E01010949",
        "number_of_casualties": 1,
        "number_of_vehicles": 1,
        "pedestrian_crossing": "0",
        "pedestrian_crossing_human_control_historic": "-1",
        "pedestrian_crossing_physical_facilities_historic": "-1",
        "police_force": "13",
        "road_surface_conditions": "1",
        "road_type": "2",
        "second_road_class": "6",
        "second_road_number": "0",
        "special_conditions_at_site": "-1",
        "speed_limit": 20,
        "time": "17:35",
        "trunk_road_flag": "2",
        "urban_or_rural_area": "1",
        "weather_conditions": "1",
        "geometry_source": "collision_location",
        "source_year": 2025,
        "date_iso": "2025-08-03"
      }
    },
    {
      "type": "Feature",
      "id": "2025131542109",
      "geometry": {
        "type": "Point",
        "coordinates": [
          -1.79704,
          53.68551
        ]
      },
      "properties": {
        "carriageway_hazards": "0",
        "carriageway_hazards_historic": "-1",
        "collision_adjusted_severity_serious": "0",
        "collision_adjusted_severity_slight": "1",
        "collision_index": "2025131542109",
        "collision_injury_based": "1",
        "collision_ref_no": "131542109",
        "collision_severity": "3",
        "collision_year": 2025,
        "date": "15/01/2025",
        "day_of_week": "4",
        "did_police_officer_attend_scene_of_accident": "1",
        "enhanced_severity_collision": "3",
        "first_road_class": "3",
        "first_road_number": "643",
        "junction_control": "4",
        "junction_detail": "-1",
        "junction_detail_historic": "-1",
        "latitude": "53.68551",
        "light_conditions": "4",
        "local_authority_district": "-1",
        "local_authority_highway": "E08000033",
        "local_authority_highway_current": "E08000033",
        "local_authority_ons_district": "E08000033",
        "location_easting_osgr": "413502",
        "location_northing_osgr": "421025",
        "longitude": "-1.79704",
        "lsoa_of_accident_location": "E01010948",
        "number_of_casualties": 1,
        "number_of_vehicles": 2,
        "pedestrian_crossing": "0",
        "pedestrian_crossing_human_control_historic": "-1",
        "pedestrian_crossing_physical_facilities_historic": "-1",
        "police_force": "13",
        "road_surface_conditions": "2",
        "road_type": "1",
        "second_road_class": "6",
        "second_road_number": "0",
        "special_conditions_at_site": "-1",
        "speed_limit": 30,
        "time": "17:17",
        "trunk_road_flag": "2",
        "urban_or_rural_area": "1",
        "weather_conditions": "1",
        "geometry_source": "collision_location",
        "source_year": 2025,
        "date_iso": "2025-01-15"
      }
    },
    {
      "type": "Feature",
      "id": "2025131602573",
      "geometry": {
        "type": "Point",
        "coordinates": [
          -1.76027,
          53.69715
        ]
      },
      "properties": {
        "carriageway_hazards": "0",
        "carriageway_hazards_historic": "-1",
        "collision_adjusted_severity_serious": "1",
        "collision_adjusted_severity_slight": "0",
        "collision_index": "2025131602573",
        "collision_injury_based": "1",
        "collision_ref_no": "131602573",
        "collision_severity": "2",
        "collision_year": 2025,
        "date": "13/06/2025",
        "day_of_week": "6",
        "did_police_officer_attend_scene_of_accident": "1",
        "enhanced_severity_collision": "7",
        "first_road_class": "3",
        "first_road_number": "644",
        "junction_control": "4",
        "junction_detail": "19",
        "junction_detail_historic": "-1",
        "latitude": "53.69715",
        "light_conditions": "1",
        "local_authority_district": "-1",
        "local_authority_highway": "E08000033",
        "local_authority_highway_current": "E08000033",
        "local_authority_ons_district": "E08000033",
        "location_easting_osgr": "415926",
        "location_northing_osgr": "422328",
        "longitude": "-1.76027",
        "lsoa_of_accident_location": "E01010879",
        "number_of_casualties": 1,
        "number_of_vehicles": 2,
        "pedestrian_crossing": "0",
        "pedestrian_crossing_human_control_historic": "-1",
        "pedestrian_crossing_physical_facilities_historic": "-1",
        "police_force": "13",
        "road_surface_conditions": "1",
        "road_type": "3",
        "second_road_class": "6",
        "second_road_number": "0",
        "special_conditions_at_site": "-1",
        "speed_limit": 50,
        "time": "16:34",
        "trunk_road_flag": "2",
        "urban_or_rural_area": "1",
        "weather_conditions": "1",
        "geometry_source": "collision_location",
        "source_year": 2025,
        "date_iso": "2025-06-13"
      }
    },
    {
      "type": "Feature",
      "id": "2025131573399",
      "geometry": {
        "type": "Point",
        "coordinates": [
          -1.88738,
          53.7264
        ]
      },
      "properties": {
        "carriageway_hazards": "0",
        "carriageway_hazards_historic": "-1",
        "collision_adjusted_severity_serious": "0",
        "collision_adjusted_severity_slight": "1",
        "collision_index": "2025131573399",
        "collision_injury_based": "1",
        "collision_ref_no": "131573399",
        "collision_severity": "3",
        "collision_year": 2025,
        "date": "04/04/2025",
        "day_of_week": "6",
        "did_police_officer_attend_scene_of_accident": "1",
        "enhanced_severity_collision": "3",
        "first_road_class": "6",
        "first_road_number": "0",
        "junction_control": "4",
        "junction_detail": "13",
        "junction_detail_historic": "-1",
        "latitude": "53.7264",
        "light_conditions": "4",
        "local_authority_district": "-1",
        "local_authority_highway": "E08000033",
        "local_authority_highway_current": "E08000033",
        "local_authority_ons_district": "E08000033",
        "location_easting_osgr": "407528",
        "location_northing_osgr": "425561",
        "longitude": "-1.88738",
        "lsoa_of_accident_location": "E01010929",
        "number_of_casualties": 1,
        "number_of_vehicles": 2,
        "pedestrian_crossing": "0",
        "pedestrian_crossing_human_control_historic": "-1",
        "pedestrian_crossing_physical_facilities_historic": "-1",
        "police_force": "13",
        "road_surface_conditions": "1",
        "road_type": "6",
        "second_road_class": "6",
        "second_road_number": "0",
        "special_conditions_at_site": "-1",
        "speed_limit": 20,
        "time": "00:33",
        "trunk_road_flag": "2",
        "urban_or_rural_area": "1",
        "weather_conditions": "1",
        "geometry_source": "collision_location",
        "source_year": 2025,
        "date_iso": "2025-04-04"
      }
    },
    {
      "type": "Feature",
      "id": "2025131560879",
      "geometry": {
        "type": "Point",
        "coordinates": [
          -1.86836,
          53.69245
        ]
      },
      "properties": {
        "carriageway_hazards": "0",
        "carriageway_hazards_historic": "-1",
        "collision_adjusted_severity_serious": "1",
        "collision_adjusted_severity_slight": "0",
        "collision_index": "2025131560879",
        "collision_injury_based": "1",
        "collision_ref_no": "131560879",
        "collision_severity": "2",
        "collision_year": 2025,
        "date": "04/03/2025",
        "day_of_week": "3",
        "did_police_officer_attend_scene_of_accident": "1",
        "enhanced_severity_collision": "6",
        "first_road_class": "6",
        "first_road_number": "0",
        "junction_control": "-1",
        "junction_detail": "0",
        "junction_detail_historic": "-1",
        "latitude": "53.69245",
        "light_conditions": "1",
        "local_authority_district": "-1",
        "local_authority_highway": "E08000033",
        "local_authority_highway_current": "E08000033",
        "local_authority_ons_district": "E08000033",
        "location_easting_osgr": "408790",
        "location_northing_osgr": "421786",
        "longitude": "-1.86836",
        "lsoa_of_accident_location": "E01010897",
        "number_of_casualties": 1,
        "number_of_vehicles": 1,
        "pedestrian_crossing": "0",
        "pedestrian_crossing_human_control_historic": "-1",
        "pedestrian_crossing_physical_facilities_historic": "-1",
        "police_force": "13",
        "road_surface_conditions": "1",
        "road_type": "6",
        "second_road_class": "6",
        "second_road_number": "0",
        "special_conditions_at_site": "-1",
        "speed_limit": 20,
        "time": "06:40",
        "trunk_road_flag": "2",
        "urban_or_rural_area": "2",
        "weather_conditions": "1",
        "geometry_source": "collision_location",
        "source_year": 2025,
        "date_iso": "2025-03-04"
      }
    },
    {
      "type": "Feature",
      "id": "2025131581645",
      "geometry": {
        "type": "Point",
        "coordinates": [
          -1.8555,
          53.72537
        ]
      },
      "properties": {
        "carriageway_hazards": "0",
        "carriageway_hazards_historic": "-1",
        "collision_adjusted_severity_serious": "1",
        "collision_adjusted_severity_slight": "0",
        "collision_index": "2025131581645",
        "collision_injury_based": "1",
        "collision_ref_no": "131581645",
        "collision_severity": "2",
        "collision_year": 2025,
        "date": "22/04/2025",
        "day_of_week": "3",
        "did_police_officer_attend_scene_of_accident": "2",
        "enhanced_severity_collision": "7",
        "first_road_class": "6",
        "first_road_number": "0",
        "junction_control": "-1",
        "junction_detail": "0",
        "junction_detail_historic": "-1",
        "latitude": "53.72537",
        "light_conditions": "1",
        "local_authority_district": "-1",
        "local_authority_highway": "E08000033",
        "local_authority_highway_current": "E08000033",
        "local_authority_ons_district": "E08000033",
        "location_easting_osgr": "409632",
        "location_northing_osgr": "425451",
        "longitude": "-1.8555",
        "lsoa_of_accident_location": "E01034582",
        "number_of_casualties": 1,
        "number_of_vehicles": 1,
        "pedestrian_crossing": "0",
        "pedestrian_crossing_human_control_historic": "-1",
        "pedestrian_crossing_physical_facilities_historic": "-1",
        "police_force": "13",
        "road_surface_conditions": "1",
        "road_type": "6",
        "second_road_class": "6",
        "second_road_number": "0",
        "special_conditions_at_site": "-1",
        "speed_limit": 20,
        "time": "17:35",
        "trunk_road_flag": "2",
        "urban_or_rural_area": "1",
        "weather_conditions": "1",
        "geometry_source": "collision_location",
        "source_year": 2025,
        "date_iso": "2025-04-22"
      }
    },
    {
      "type": "Feature",
      "id": "2025131634992",
      "geometry": {
        "type": "Point",
        "coordinates": [
          -1.91512,
          53.68119
        ]
      },
      "properties": {
        "carriageway_hazards": "17",
        "carriageway_hazards_historic": "-1",
        "collision_adjusted_severity_serious": "0",
        "collision_adjusted_severity_slight": "1",
        "collision_index": "2025131634992",
        "collision_injury_based": "1",
        "collision_ref_no": "131634992",
        "collision_severity": "3",
        "collision_year": 2025,
        "date": "29/08/2025",
        "day_of_week": "6",
        "did_police_officer_attend_scene_of_accident": "1",
        "enhanced_severity_collision": "3",
        "first_road_class": "4",
        "first_road_number": "6113",
        "junction_control": "-1",
        "junction_detail": "0",
        "junction_detail_historic": "-1",
        "latitude": "53.68119",
        "light_conditions": "4",
        "local_authority_district": "-1",
        "local_authority_highway": "E08000033",
        "local_authority_highway_current": "E08000033",
        "local_authority_ons_district": "E08000033",
        "location_easting_osgr": "405704",
        "location_northing_osgr": "420529",
        "longitude": "-1.91512",
        "lsoa_of_accident_location": "E01010953",
        "number_of_casualties": 1,
        "number_of_vehicles": 2,
        "pedestrian_crossing": "0",
        "pedestrian_crossing_human_control_historic": "-1",
        "pedestrian_crossing_physical_facilities_historic": "-1",
        "police_force": "13",
        "road_surface_conditions": "1",
        "road_type": "6",
        "second_road_class": "6",
        "second_road_number": "0",
        "special_conditions_at_site": "-1",
        "speed_limit": 40,
        "time": "21:39",
        "trunk_road_flag": "2",
        "urban_or_rural_area": "2",
        "weather_conditions": "1",
        "geometry_source": "collision_location",
        "source_year": 2025,
        "date_iso": "2025-08-29"
      }
    },
    {
      "type": "Feature",
      "id": "2025131540372",
      "geometry": {
        "type": "Point",
        "coordinates": [
          -1.78778,
          53.70247
        ]
      },
      "properties": {
        "carriageway_hazards": "17",
        "carriageway_hazards_historic": "-1",
        "collision_adjusted_severity_serious": "0",
        "collision_adjusted_severity_slight": "1",
        "collision_index": "2025131540372",
        "collision_injury_based": "1",
        "collision_ref_no": "131540372",
        "collision_severity": "3",
        "collision_year": 2025,
        "date": "11/01/2025",
        "day_of_week": "7",
        "did_police_officer_attend_scene_of_accident": "1",
        "enhanced_severity_collision": "3",
        "first_road_class": "3",
        "first_road_number": "6025",
        "junction_control": "-1",
        "junction_detail": "0",
        "junction_detail_historic": "-1",
        "latitude": "53.70247",
        "light_conditions": "4",
        "local_authority_district": "-1",
        "local_authority_highway": "E08000033",
        "local_authority_highway_current": "E08000033",
        "local_authority_ons_district": "E08000033",
        "location_easting_osgr": "414108",
        "location_northing_osgr": "422914",
        "longitude": "-1.78778",
        "lsoa_of_accident_location": "E01010949",
        "number_of_casualties": 1,
        "number_of_vehicles": 1,
        "pedestrian_crossing": "0",
        "pedestrian_crossing_human_control_historic": "-1",
        "pedestrian_crossing_physical_facilities_historic": "-1",
        "police_force": "13",
        "road_surface_conditions": "4",
        "road_type": "6",
        "second_road_class": "0",
        "second_road_number": "-1",
        "special_conditions_at_site": "-1",
        "speed_limit": 30,
        "time": "16:32",
        "trunk_road_flag": "2",
        "urban_or_rural_area": "1",
        "weather_conditions": "1",
        "geometry_source": "collision_location",
        "source_year": 2025,
        "date_iso": "2025-01-11"
      }
    },
    {
      "type": "Feature",
      "id": "2025131559101",
      "geometry": {
        "type": "Point",
        "coordinates": [
          -1.8614,
          53.74118
        ]
      },
      "properties": {
        "carriageway_hazards": "0",
        "carriageway_hazards_historic": "-1",
        "collision_adjusted_severity_serious": "0",
        "collision_adjusted_severity_slight": "1",
        "collision_index": "2025131559101",
        "collision_injury_based": "1",
        "collision_ref_no": "131559101",
        "collision_severity": "3",
        "collision_year": 2025,
        "date": "27/02/2025",
        "day_of_week": "5",
        "did_police_officer_attend_scene_of_accident": "1",
        "enhanced_severity_collision": "3",
        "first_road_class": "6",
        "first_road_number": "0",
        "junction_control": "4",
        "junction_detail": "16",
        "junction_detail_historic": "-1",
        "latitude": "53.74118",
        "light_conditions": "1",
        "local_authority_district": "-1",
        "local_authority_highway": "E08000033",
        "local_authority_highway_current": "E08000033",
        "local_authority_ons_district": "E08000033",
        "location_easting_osgr": "409239",
        "location_northing_osgr": "427209",
        "longitude": "-1.8614",
        "lsoa_of_accident_location": "E01010934",
        "number_of_casualties": 1,
        "number_of_vehicles": 1,
        "pedestrian_crossing": "0",
        "pedestrian_crossing_human_control_historic": "-1",
        "pedestrian_crossing_physical_facilities_historic": "-1",
        "police_force": "13",
        "road_surface_conditions": "1",
        "road_type": "6",
        "second_road_class": "6",
        "second_road_number": "0",
        "special_conditions_at_site": "-1",
        "speed_limit": 60,
        "time": "15:57",
        "trunk_road_flag": "2",
        "urban_or_rural_area": "1",
        "weather_conditions": "1",
        "geometry_source": "collision_location",
        "source_year": 2025,
        "date_iso": "2025-02-27"
      }
    },
    {
      "type": "Feature",
      "id": "2025131639046",
      "geometry": {
        "type": "Point",
        "coordinates": [
          -1.88509,
          53.71761
        ]
      },
      "properties": {
        "carriageway_hazards": "0",
        "carriageway_hazards_historic": "-1",
        "collision_adjusted_severity_serious": "1",
        "collision_adjusted_severity_slight": "0",
        "collision_index": "2025131639046",
        "collision_injury_based": "1",
        "collision_ref_no": "131639046",
        "collision_severity": "2",
        "collision_year": 2025,
        "date": "08/09/2025",
        "day_of_week": "2",
        "did_police_officer_attend_scene_of_accident": "1",
        "enhanced_severity_collision": "6",
        "first_road_class": "6",
        "first_road_number": "0",
        "junction_control": "4",
        "junction_detail": "19",
        "junction_detail_historic": "-1",
        "latitude": "53.71761",
        "light_conditions": "4",
        "local_authority_district": "-1",
        "local_authority_highway": "E08000033",
        "local_authority_highway_current": "E08000033",
        "local_authority_ons_district": "E08000033",
        "location_easting_osgr": "407681",
        "location_northing_osgr": "424584",
        "longitude": "-1.88509",
        "lsoa_of_accident_location": "E01011001",
        "number_of_casualties": 4,
        "number_of_vehicles": 2,
        "pedestrian_crossing": "0",
        "pedestrian_crossing_human_control_historic": "-1",
        "pedestrian_crossing_physical_facilities_historic": "-1",
        "police_force": "13",
        "road_surface_conditions": "1",
        "road_type": "6",
        "second_road_class": "6",
        "second_road_number": "0",
        "special_conditions_at_site": "-1",
        "speed_limit": 20,
        "time": "22:37",
        "trunk_road_flag": "2",
        "urban_or_rural_area": "1",
        "weather_conditions": "1",
        "geometry_source": "collision_location",
        "source_year": 2025,
        "date_iso": "2025-09-08"
      }
    },
    {
      "type": "Feature",
      "id": "2025131673010",
      "geometry": {
        "type": "Point",
        "coordinates": [
          -1.87038,
          53.74958
        ]
      },
      "properties": {
        "carriageway_hazards": "0",
        "carriageway_hazards_historic": "-1",
        "collision_adjusted_severity_serious": "0",
        "collision_adjusted_severity_slight": "1",
        "collision_index": "2025131673010",
        "collision_injury_based": "1",
        "collision_ref_no": "131673010",
        "collision_severity": "3",
        "collision_year": 2025,
        "date": "24/11/2025",
        "day_of_week": "2",
        "did_police_officer_attend_scene_of_accident": "1",
        "enhanced_severity_collision": "3",
        "first_road_class": "3",
        "first_road_number": "647",
        "junction_control": "-1",
        "junction_detail": "0",
        "junction_detail_historic": "-1",
        "latitude": "53.74958",
        "light_conditions": "1",
        "local_authority_district": "-1",
        "local_authority_highway": "E08000033",
        "local_authority_highway_current": "E08000033",
        "local_authority_ons_district": "E08000033",
        "location_easting_osgr": "408645",
        "location_northing_osgr": "428142",
        "longitude": "-1.87038",
        "lsoa_of_accident_location": "E01010934",
        "number_of_casualties": 1,
        "number_of_vehicles": 1,
        "pedestrian_crossing": "0",
        "pedestrian_crossing_human_control_historic": "-1",
        "pedestrian_crossing_physical_facilities_historic": "-1",
        "police_force": "13",
        "road_surface_conditions": "2",
        "road_type": "6",
        "second_road_class": "0",
        "second_road_number": "-1",
        "special_conditions_at_site": "-1",
        "speed_limit": 50,
        "time": "11:45",
        "trunk_road_flag": "2",
        "urban_or_rural_area": "2",
        "weather_conditions": "5",
        "geometry_source": "collision_location",
        "source_year": 2025,
        "date_iso": "2025-11-24"
      }
    },
    {
      "type": "Feature",
      "id": "2025131551437",
      "geometry": {
        "type": "Point",
        "coordinates": [
          -1.91007,
          53.70723
        ]
      },
      "properties": {
        "carriageway_hazards": "0",
        "carriageway_hazards_historic": "-1",
        "collision_adjusted_severity_serious": "0",
        "collision_adjusted_severity_slight": "1",
        "collision_index": "2025131551437",
        "collision_injury_based": "1",
        "collision_ref_no": "131551437",
        "collision_severity": "3",
        "collision_year": 2025,
        "date": "05/02/2025",
        "day_of_week": "4",
        "did_police_officer_attend_scene_of_accident": "2",
        "enhanced_severity_collision": "3",
        "first_road_class": "6",
        "first_road_number": "0",
        "junction_control": "4",
        "junction_detail": "16",
        "junction_detail_historic": "-1",
        "latitude": "53.70723",
        "light_conditions": "7",
        "local_authority_district": "-1",
        "local_authority_highway": "E08000033",
        "local_authority_highway_current": "E08000033",
        "local_authority_ons_district": "E08000033",
        "location_easting_osgr": "406034",
        "location_northing_osgr": "423426",
        "longitude": "-1.91007",
        "lsoa_of_accident_location": "E01010979",
        "number_of_casualties": 1,
        "number_of_vehicles": 1,
        "pedestrian_crossing": "0",
        "pedestrian_crossing_human_control_historic": "-1",
        "pedestrian_crossing_physical_facilities_historic": "-1",
        "police_force": "13",
        "road_surface_conditions": "2",
        "road_type": "6",
        "second_road_class": "6",
        "second_road_number": "0",
        "special_conditions_at_site": "-1",
        "speed_limit": 20,
        "time": "19:45",
        "trunk_road_flag": "2",
        "urban_or_rural_area": "1",
        "weather_conditions": "1",
        "geometry_source": "collision_location",
        "source_year": 2025,
        "date_iso": "2025-02-05"
      }
    },
    {
      "type": "Feature",
      "id": "2025131559606",
      "geometry": {
        "type": "Point",
        "coordinates": [
          -1.80947,
          53.67879
        ]
      },
      "properties": {
        "carriageway_hazards": "0",
        "carriageway_hazards_historic": "-1",
        "collision_adjusted_severity_serious": "0",
        "collision_adjusted_severity_slight": "1",
        "collision_index": "2025131559606",
        "collision_injury_based": "1",
        "collision_ref_no": "131559606",
        "collision_severity": "3",
        "collision_year": 2025,
        "date": "27/02/2025",
        "day_of_week": "5",
        "did_police_officer_attend_scene_of_accident": "1",
        "enhanced_severity_collision": "3",
        "first_road_class": "1",
        "first_road_number": "62",
        "junction_control": "-1",
        "junction_detail": "0",
        "junction_detail_historic": "-1",
        "latitude": "53.67879",
        "light_conditions": "4",
        "local_authority_district": "-1",
        "local_authority_highway": "E08000033",
        "local_authority_highway_current": "E08000033",
        "local_authority_ons_district": "E08000033",
        "location_easting_osgr": "412683",
        "location_northing_osgr": "420275",
        "longitude": "-1.80947",
        "lsoa_of_accident_location": "E01010892",
        "number_of_casualties": 1,
        "number_of_vehicles": 4,
        "pedestrian_crossing": "0",
        "pedestrian_crossing_human_control_historic": "-1",
        "pedestrian_crossing_physical_facilities_historic": "-1",
        "police_force": "13",
        "road_surface_conditions": "1",
        "road_type": "3",
        "second_road_class": "0",
        "second_road_number": "-1",
        "special_conditions_at_site": "-1",
        "speed_limit": 70,
        "time": "19:35",
        "trunk_road_flag": "1",
        "urban_or_rural_area": "2",
        "weather_conditions": "1",
        "geometry_source": "collision_location",
        "source_year": 2025,
        "date_iso": "2025-02-27"
      }
    },
    {
      "type": "Feature",
      "id": "2025131570150",
      "geometry": {
        "type": "Point",
        "coordinates": [
          -1.83977,
          53.68774
        ]
      },
      "properties": {
        "carriageway_hazards": "0",
        "carriageway_hazards_historic": "-1",
        "collision_adjusted_severity_serious": "0",
        "collision_adjusted_severity_slight": "1",
        "collision_index": "2025131570150",
        "collision_injury_based": "1",
        "collision_ref_no": "131570150",
        "collision_severity": "3",
        "collision_year": 2025,
        "date": "26/03/2025",
        "day_of_week": "4",
        "did_police_officer_attend_scene_of_accident": "2",
        "enhanced_severity_collision": "3",
        "first_road_class": "4",
        "first_road_number": "6114",
        "junction_control": "4",
        "junction_detail": "13",
        "junction_detail_historic": "-1",
        "latitude": "53.68774",
        "light_conditions": "1",
        "local_authority_district": "-1",
        "local_authority_highway": "E08000033",
        "local_authority_highway_current": "E08000033",
        "local_authority_ons_district": "E08000033",
        "location_easting_osgr": "410679",
        "location_northing_osgr": "421266",
        "longitude": "-1.83977",
        "lsoa_of_accident_location": "E01010889",
        "number_of_casualties": 1,
        "number_of_vehicles": 2,
        "pedestrian_crossing": "0",
        "pedestrian_crossing_human_control_historic": "-1",
        "pedestrian_crossing_physical_facilities_historic": "-1",
        "police_force": "13",
        "road_surface_conditions": "1",
        "road_type": "6",
        "second_road_class": "6",
        "second_road_number": "0",
        "special_conditions_at_site": "-1",
        "speed_limit": 30,
        "time": "15:15",
        "trunk_road_flag": "2",
        "urban_or_rural_area": "1",
        "weather_conditions": "1",
        "geometry_source": "collision_location",
        "source_year": 2025,
        "date_iso": "2025-03-26"
      }
    },
    {
      "type": "Feature",
      "id": "2025131563856",
      "geometry": {
        "type": "Point",
        "coordinates": [
          -1.83063,
          53.72915
        ]
      },
      "properties": {
        "carriageway_hazards": "0",
        "carriageway_hazards_historic": "-1",
        "collision_adjusted_severity_serious": "0",
        "collision_adjusted_severity_slight": "1",
        "collision_index": "2025131563856",
        "collision_injury_based": "1",
        "collision_ref_no": "131563856",
        "collision_severity": "3",
        "collision_year": 2025,
        "date": "10/03/2025",
        "day_of_week": "2",
        "did_police_officer_attend_scene_of_accident": "1",
        "enhanced_severity_collision": "3",
        "first_road_class": "3",
        "first_road_number": "58",
        "junction_control": "4",
        "junction_detail": "13",
        "junction_detail_historic": "-1",
        "latitude": "53.72915",
        "light_conditions": "1",
        "local_authority_district": "-1",
        "local_authority_highway": "E08000033",
        "local_authority_highway_current": "E08000033",
        "local_authority_ons_district": "E08000033",
        "location_easting_osgr": "411272",
        "location_northing_osgr": "425875",
        "longitude": "-1.83063",
        "lsoa_of_accident_location": "E01010934",
        "number_of_casualties": 1,
        "number_of_vehicles": 2,
        "pedestrian_crossing": "0",
        "pedestrian_crossing_human_control_historic": "-1",
        "pedestrian_crossing_physical_facilities_historic": "-1",
        "police_force": "13",
        "road_surface_conditions": "1",
        "road_type": "6",
        "second_road_class": "6",
        "second_road_number": "0",
        "special_conditions_at_site": "-1",
        "speed_limit": 50,
        "time": "16:45",
        "trunk_road_flag": "2",
        "urban_or_rural_area": "1",
        "weather_conditions": "1",
        "geometry_source": "collision_location",
        "source_year": 2025,
        "date_iso": "2025-03-10"
      }
    },
    {
      "type": "Feature",
      "id": "2025131567250",
      "geometry": {
        "type": "Point",
        "coordinates": [
          -2.10928,
          53.72047
        ]
      },
      "properties": {
        "carriageway_hazards": "0",
        "carriageway_hazards_historic": "-1",
        "collision_adjusted_severity_serious": "0",
        "collision_adjusted_severity_slight": "1",
        "collision_index": "2025131567250",
        "collision_injury_based": "1",
        "collision_ref_no": "131567250",
        "collision_severity": "3",
        "collision_year": 2025,
        "date": "20/03/2025",
        "day_of_week": "5",
        "did_police_officer_attend_scene_of_accident": "2",
        "enhanced_severity_collision": "3",
        "first_road_class": "6",
        "first_road_number": "0",
        "junction_control": "-1",
        "junction_detail": "0",
        "junction_detail_historic": "-1",
        "latitude": "53.72047",
        "light_conditions": "1",
        "local_authority_district": "-1",
        "local_authority_highway": "E08000033",
        "local_authority_highway_current": "E08000033",
        "local_authority_ons_district": "E08000033",
        "location_easting_osgr": "392886",
        "location_northing_osgr": "424901",
        "longitude": "-2.10928",
        "lsoa_of_accident_location": "E01010987",
        "number_of_casualties": 1,
        "number_of_vehicles": 1,
        "pedestrian_crossing": "0",
        "pedestrian_crossing_human_control_historic": "-1",
        "pedestrian_crossing_physical_facilities_historic": "-1",
        "police_force": "13",
        "road_surface_conditions": "1",
        "road_type": "6",
        "second_road_class": "6",
        "second_road_number": "0",
        "special_conditions_at_site": "-1",
        "speed_limit": 20,
        "time": "08:45",
        "trunk_road_flag": "2",
        "urban_or_rural_area": "1",
        "weather_conditions": "1",
        "geometry_source": "collision_location",
        "source_year": 2025,
        "date_iso": "2025-03-20"
      }
    },
    {
      "type": "Feature",
      "id": "2025131579493",
      "geometry": {
        "type": "Point",
        "coordinates": [
          -1.89285,
          53.72274
        ]
      },
      "properties": {
        "carriageway_hazards": "0",
        "carriageway_hazards_historic": "-1",
        "collision_adjusted_severity_serious": "0",
        "collision_adjusted_severity_slight": "1",
        "collision_index": "2025131579493",
        "collision_injury_based": "1",
        "collision_ref_no": "131579493",
        "collision_severity": "3",
        "collision_year": 2025,
        "date": "17/04/2025",
        "day_of_week": "5",
        "did_police_officer_attend_scene_of_accident": "2",
        "enhanced_severity_collision": "3",
        "first_road_class": "6",
        "first_road_number": "0",
        "junction_control": "4",
        "junction_detail": "13",
        "junction_detail_historic": "-1",
        "latitude": "53.72274",
        "light_conditions": "1",
        "local_authority_district": "-1",
        "local_authority_highway": "E08000033",
        "local_authority_highway_current": "E08000033",
        "local_authority_ons_district": "E08000033",
        "location_easting_osgr": "407168",
        "location_northing_osgr": "425153",
        "longitude": "-1.89285",
        "lsoa_of_accident_location": "E01010998",
        "number_of_casualties": 1,
        "number_of_vehicles": 2,
        "pedestrian_crossing": "17",
        "pedestrian_crossing_human_control_historic": "-1",
        "pedestrian_crossing_physical_facilities_historic": "-1",
        "police_force": "13",
        "road_surface_conditions": "1",
        "road_type": "6",
        "second_road_class": "6",
        "second_road_number": "0",
        "special_conditions_at_site": "-1",
        "speed_limit": 30,
        "time": "17:20",
        "trunk_road_flag": "2",
        "urban_or_rural_area": "1",
        "weather_conditions": "1",
        "geometry_source": "collision_location",
        "source_year": 2025,
        "date_iso": "2025-04-17"
      }
    },
    {
      "type": "Feature",
      "id": "2025131580688",
      "geometry": {
        "type": "Point",
        "coordinates": [
          -1.89084,
          53.74409
        ]
      },
      "properties": {
        "carriageway_hazards": "0",
        "carriageway_hazards_historic": "-1",
        "collision_adjusted_severity_serious": "0",
        "collision_adjusted_severity_slight": "1",
        "collision_index": "2025131580688",
        "collision_injury_based": "1",
        "collision_ref_no": "131580688",
        "collision_severity": "3",
        "collision_year": 2025,
        "date": "21/04/2025",
        "day_of_week": "2",
        "did_police_officer_attend_scene_of_accident": "1",
        "enhanced_severity_collision": "3",
        "first_road_class": "6",
        "first_road_number": "0",
        "junction_control": "4",
        "junction_detail": "-1",
        "junction_detail_historic": "-1",
        "latitude": "53.74409",
        "light_conditions": "1",
        "local_authority_district": "-1",
        "local_authority_highway": "E08000033",
        "local_authority_highway_current": "E08000033",
        "local_authority_ons_district": "E08000033",
        "location_easting_osgr": "407297",
        "location_northing_osgr": "427529",
        "longitude": "-1.89084",
        "lsoa_of_accident_location": "E01010942",
        "number_of_casualties": 1,
        "number_of_vehicles": 2,
        "pedestrian_crossing": "0",
        "pedestrian_crossing_human_control_historic": "-1",
        "pedestrian_crossing_physical_facilities_historic": "-1",
        "police_force": "13",
        "road_surface_conditions": "2",
        "road_type": "6",
        "second_road_class": "6",
        "second_road_number": "0",
        "special_conditions_at_site": "-1",
        "speed_limit": 20,
        "time": "11:33",
        "trunk_road_flag": "2",
        "urban_or_rural_area": "1",
        "weather_conditions": "2",
        "geometry_source": "collision_location",
        "source_year": 2025,
        "date_iso": "2025-04-21"
      }
    },
    {
      "type": "Feature",
      "id": "2025131601132",
      "geometry": {
        "type": "Point",
        "coordinates": [
          -1.97136,
          53.63868
        ]
      },
      "properties": {
        "carriageway_hazards": "0",
        "carriageway_hazards_historic": "-1",
        "collision_adjusted_severity_serious": "0",
        "collision_adjusted_severity_slight": "1",
        "collision_index": "2025131601132",
        "collision_injury_based": "1",
        "collision_ref_no": "131601132",
        "collision_severity": "3",
        "collision_year": 2025,
        "date": "10/06/2025",
        "day_of_week": "3",
        "did_police_officer_attend_scene_of_accident": "2",
        "enhanced_severity_collision": "3",
        "first_road_class": "1",
        "first_road_number": "62",
        "junction_control": "-1",
        "junction_detail": "0",
        "junction_detail_historic": "-1",
        "latitude": "53.63868",
        "light_conditions": "1",
        "local_authority_district": "-1",
        "local_authority_highway": "E08000033",
        "local_authority_highway_current": "E08000033",
        "local_authority_ons_district": "E08000033",
        "location_easting_osgr": "401991",
        "location_northing_osgr": "415796",
        "longitude": "-1.97136",
        "lsoa_of_accident_location": "E01010955",
        "number_of_casualties": 1,
        "number_of_vehicles": 2,
        "pedestrian_crossing": "0",
        "pedestrian_crossing_human_control_historic": "-1",
        "pedestrian_crossing_physical_facilities_historic": "-1",
        "police_force": "13",
        "road_surface_conditions": "1",
        "road_type": "3",
        "second_road_class": "0",
        "second_road_number": "-1",
        "special_conditions_at_site": "-1",
        "speed_limit": 70,
        "time": "18:03",
        "trunk_road_flag": "1",
        "urban_or_rural_area": "2",
        "weather_conditions": "1",
        "geometry_source": "collision_location",
        "source_year": 2025,
        "date_iso": "2025-06-10"
      }
    },
    {
      "type": "Feature",
      "id": "2025131632457",
      "geometry": {
        "type": "Point",
        "coordinates": [
          -2.17014,
          53.71766
        ]
      },
      "properties": {
        "carriageway_hazards": "0",
        "carriageway_hazards_historic": "-1",
        "collision_adjusted_severity_serious": "0",
        "collision_adjusted_severity_slight": "1",
        "collision_index": "2025131632457",
        "collision_injury_based": "1",
        "collision_ref_no": "131632457",
        "collision_severity": "3",
        "collision_year": 2025,
        "date": "23/08/2025",
        "day_of_week": "7",
        "did_police_officer_attend_scene_of_accident": "2",
        "enhanced_severity_collision": "3",
        "first_road_class": "3",
        "first_road_number": "681",
        "junction_control": "-1",
        "junction_detail": "0",
        "junction_detail_historic": "-1",
        "latitude": "53.71766",
        "light_conditions": "1",
        "local_authority_district": "-1",
        "local_authority_highway": "E08000033",
        "local_authority_highway_current": "E08000033",
        "local_authority_ons_district": "E08000033",
        "location_easting_osgr": "388869",
        "location_northing_osgr": "424596",
        "longitude": "-2.17014",
        "lsoa_of_accident_location": "E01010985",
        "number_of_casualties": 2,
        "number_of_vehicles": 2,
        "pedestrian_crossing": "0",
        "pedestrian_crossing_human_control_historic": "-1",
        "pedestrian_crossing_physical_facilities_historic": "-1",
        "police_force": "13",
        "road_surface_conditions": "1",
        "road_type": "6",
        "second_road_class": "6",
        "second_road_number": "0",
        "special_conditions_at_site": "-1",
        "speed_limit": 60,
        "time": "10:40",
        "trunk_road_flag": "2",
        "urban_or_rural_area": "2",
        "weather_conditions": "1",
        "geometry_source": "collision_location",
        "source_year": 2025,
        "date_iso": "2025-08-23"
      }
    },
    {
      "type": "Feature",
      "id": "2025131574426",
      "geometry": {
        "type": "Point",
        "coordinates": [
          -2.02172,
          53.62804
        ]
      },
      "properties": {
        "carriageway_hazards": "0",
        "carriageway_hazards_historic": "-1",
        "collision_adjusted_severity_serious": "1",
        "collision_adjusted_severity_slight": "0",
        "collision_index": "2025131574426",
        "collision_injury_based": "1",
        "collision_ref_no": "131574426",
        "collision_severity": "2",
        "collision_year": 2025,
        "date": "06/04/2025",
        "day_of_week": "1",
        "did_police_officer_attend_scene_of_accident": "1",
        "enhanced_severity_collision": "7",
        "first_road_class": "3",
        "first_road_number": "672",
        "junction_control": "-1",
        "junction_detail": "0",
        "junction_detail_historic": "-1",
        "latitude": "53.62804",
        "light_conditions": "1",
        "local_authority_district": "-1",
        "local_authority_highway": "E08000033",
        "local_authority_highway_current": "E08000033",
        "local_authority_ons_district": "E08000033",
        "location_easting_osgr": "398661",
        "location_northing_osgr": "414612",
        "longitude": "-2.02172",
        "lsoa_of_accident_location": "E01010955",
        "number_of_casualties": 1,
        "number_of_vehicles": 2,
        "pedestrian_crossing": "0",
        "pedestrian_crossing_human_control_historic": "-1",
        "pedestrian_crossing_physical_facilities_historic": "-1",
        "police_force": "13",
        "road_surface_conditions": "1",
        "road_type": "3",
        "second_road_class": "1",
        "second_road_number": "62",
        "special_conditions_at_site": "-1",
        "speed_limit": 60,
        "time": "10:55",
        "trunk_road_flag": "2",
        "urban_or_rural_area": "2",
        "weather_conditions": "1",
        "geometry_source": "collision_location",
        "source_year": 2025,
        "date_iso": "2025-04-06"
      }
    },
    {
      "type": "Feature",
      "id": "2025131564175",
      "geometry": {
        "type": "Point",
        "coordinates": [
          -1.83973,
          53.73221
        ]
      },
      "properties": {
        "carriageway_hazards": "0",
        "carriageway_hazards_historic": "-1",
        "collision_adjusted_severity_serious": "0",
        "collision_adjusted_severity_slight": "1",
        "collision_index": "2025131564175",
        "collision_injury_based": "1",
        "collision_ref_no": "131564175",
        "collision_severity": "3",
        "collision_year": 2025,
        "date": "12/03/2025",
        "day_of_week": "4",
        "did_police_officer_attend_scene_of_accident": "1",
        "enhanced_severity_collision": "3",
        "first_road_class": "3",
        "first_road_number": "58",
        "junction_control": "-1",
        "junction_detail": "0",
        "junction_detail_historic": "-1",
        "latitude": "53.73221",
        "light_conditions": "1",
        "local_authority_district": "-1",
        "local_authority_highway": "E08000033",
        "local_authority_highway_current": "E08000033",
        "local_authority_ons_district": "E08000033",
        "location_easting_osgr": "410671",
        "location_northing_osgr": "426214",
        "longitude": "-1.83973",
        "lsoa_of_accident_location": "E01010937",
        "number_of_casualties": 1,
        "number_of_vehicles": 2,
        "pedestrian_crossing": "0",
        "pedestrian_crossing_human_control_historic": "-1",
        "pedestrian_crossing_physical_facilities_historic": "-1",
        "police_force": "13",
        "road_surface_conditions": "2",
        "road_type": "6",
        "second_road_class": "6",
        "second_road_number": "0",
        "special_conditions_at_site": "-1",
        "speed_limit": 30,
        "time": "15:00",
        "trunk_road_flag": "2",
        "urban_or_rural_area": "1",
        "weather_conditions": "2",
        "geometry_source": "collision_location",
        "source_year": 2025,
        "date_iso": "2025-03-12"
      }
    },
    {
      "type": "Feature",
      "id": "2025131632500",
      "geometry": {
        "type": "Point",
        "coordinates": [
          -1.83875,
          53.68199
        ]
      },
      "properties": {
        "carriageway_hazards": "0",
        "carriageway_hazards_historic": "-1",
        "collision_adjusted_severity_serious": "0",
        "collision_adjusted_severity_slight": "1",
        "collision_index": "2025131632500",
        "collision_injury_based": "1",
        "collision_ref_no": "131632500",
        "collision_severity": "3",
        "collision_year": 2025,
        "date": "23/08/2025",
        "day_of_week": "7",
        "did_police_officer_attend_scene_of_accident": "1",
        "enhanced_severity_collision": "3",
        "first_road_class": "6",
        "first_road_number": "0",
        "junction_control": "4",
        "junction_detail": "16",
        "junction_detail_historic": "-1",
        "latitude": "53.68199",
        "light_conditions": "1",
        "local_authority_district": "-1",
        "local_authority_highway": "E08000033",
        "local_authority_highway_current": "E08000033",
        "local_authority_ons_district": "E08000033",
        "location_easting_osgr": "410748",
        "location_northing_osgr": "420627",
        "longitude": "-1.83875",
        "lsoa_of_accident_location": "E01010894",
        "number_of_casualties": 1,
        "number_of_vehicles": 2,
        "pedestrian_crossing": "0",
        "pedestrian_crossing_human_control_historic": "-1",
        "pedestrian_crossing_physical_facilities_historic": "-1",
        "police_force": "13",
        "road_surface_conditions": "1",
        "road_type": "9",
        "second_road_class": "6",
        "second_road_number": "0",
        "special_conditions_at_site": "-1",
        "speed_limit": 20,
        "time": "13:55",
        "trunk_road_flag": "2",
        "urban_or_rural_area": "1",
        "weather_conditions": "1",
        "geometry_source": "collision_location",
        "source_year": 2025,
        "date_iso": "2025-08-23"
      }
    },
    {
      "type": "Feature",
      "id": "2025131577295",
      "geometry": {
        "type": "Point",
        "coordinates": [
          -1.88643,
          53.71992
        ]
      },
      "properties": {
        "carriageway_hazards": "0",
        "carriageway_hazards_historic": "-1",
        "collision_adjusted_severity_serious": "0",
        "collision_adjusted_severity_slight": "1",
        "collision_index": "2025131577295",
        "collision_injury_based": "1",
        "collision_ref_no": "131577295",
        "collision_severity": "3",
        "collision_year": 2025,
        "date": "12/04/2025",
        "day_of_week": "7",
        "did_police_officer_attend_scene_of_accident": "1",
        "enhanced_severity_collision": "3",
        "first_road_class": "6",
        "first_road_number": "0",
        "junction_control": "4",
        "junction_detail": "16",
        "junction_detail_historic": "-1",
        "latitude": "53.71992",
        "light_conditions": "1",
        "local_authority_district": "-1",
        "local_authority_highway": "E08000033",
        "local_authority_highway_current": "E08000033",
        "local_authority_ons_district": "E08000033",
        "location_easting_osgr": "407592",
        "location_northing_osgr": "424840",
        "longitude": "-1.88643",
        "lsoa_of_accident_location": "E01011001",
        "number_of_casualties": 1,
        "number_of_vehicles": 3,
        "pedestrian_crossing": "0",
        "pedestrian_crossing_human_control_historic": "-1",
        "pedestrian_crossing_physical_facilities_historic": "-1",
        "police_force": "13",
        "road_surface_conditions": "1",
        "road_type": "6",
        "second_road_class": "6",
        "second_road_number": "0",
        "special_conditions_at_site": "-1",
        "speed_limit": 20,
        "time": "19:20",
        "trunk_road_flag": "2",
        "urban_or_rural_area": "1",
        "weather_conditions": "1",
        "geometry_source": "collision_location",
        "source_year": 2025,
        "date_iso": "2025-04-12"
      }
    },
    {
      "type": "Feature",
      "id": "2025131637751",
      "geometry": {
        "type": "Point",
        "coordinates": [
          -1.96489,
          53.73428
        ]
      },
      "properties": {
        "carriageway_hazards": "0",
        "carriageway_hazards_historic": "-1",
        "collision_adjusted_severity_serious": "1",
        "collision_adjusted_severity_slight": "0",
        "collision_index": "2025131637751",
        "collision_injury_based": "1",
        "collision_ref_no": "131637751",
        "collision_severity": "2",
        "collision_year": 2025,
        "date": "05/09/2025",
        "day_of_week": "6",
        "did_police_officer_attend_scene_of_accident": "1",
        "enhanced_severity_collision": "7",
        "first_road_class": "6",
        "first_road_number": "0",
        "junction_control": "4",
        "junction_detail": "13",
        "junction_detail_historic": "-1",
        "latitude": "53.73428",
        "light_conditions": "1",
        "local_authority_district": "-1",
        "local_authority_highway": "E08000033",
        "local_authority_highway_current": "E08000033",
        "local_authority_ons_district": "E08000033",
        "location_easting_osgr": "402414",
        "location_northing_osgr": "426433",
        "longitude": "-1.96489",
        "lsoa_of_accident_location": "E01010917",
        "number_of_casualties": 1,
        "number_of_vehicles": 1,
        "pedestrian_crossing": "0",
        "pedestrian_crossing_human_control_historic": "-1",
        "pedestrian_crossing_physical_facilities_historic": "-1",
        "police_force": "13",
        "road_surface_conditions": "1",
        "road_type": "6",
        "second_road_class": "6",
        "second_road_number": "0",
        "special_conditions_at_site": "-1",
        "speed_limit": 30,
        "time": "12:50",
        "trunk_road_flag": "2",
        "urban_or_rural_area": "2",
        "weather_conditions": "1",
        "geometry_source": "collision_location",
        "source_year": 2025,
        "date_iso": "2025-09-05"
      }
    },
    {
      "type": "Feature",
      "id": "2025131653987",
      "geometry": {
        "type": "Point",
        "coordinates": [
          -2.01867,
          53.63084
        ]
      },
      "properties": {
        "carriageway_hazards": "0",
        "carriageway_hazards_historic": "-1",
        "collision_adjusted_severity_serious": "1",
        "collision_adjusted_severity_slight": "0",
        "collision_index": "2025131653987",
        "collision_injury_based": "1",
        "collision_ref_no": "131653987",
        "collision_severity": "2",
        "collision_year": 2025,
        "date": "13/10/2025",
        "day_of_week": "2",
        "did_police_officer_attend_scene_of_accident": "1",
        "enhanced_severity_collision": "7",
        "first_road_class": "3",
        "first_road_number": "672",
        "junction_control": "4",
        "junction_detail": "13",
        "junction_detail_historic": "-1",
        "latitude": "53.63084",
        "light_conditions": "4",
        "local_authority_district": "-1",
        "local_authority_highway": "E08000033",
        "local_authority_highway_current": "E08000033",
        "local_authority_ons_district": "E08000033",
        "location_easting_osgr": "398863",
        "location_northing_osgr": "414924",
        "longitude": "-2.01867",
        "lsoa_of_accident_location": "E01010955",
        "number_of_casualties": 1,
        "number_of_vehicles": 2,
        "pedestrian_crossing": "0",
        "pedestrian_crossing_human_control_historic": "-1",
        "pedestrian_crossing_physical_facilities_historic": "-1",
        "police_force": "13",
        "road_surface_conditions": "1",
        "road_type": "3",
        "second_road_class": "1",
        "second_road_number": "62",
        "special_conditions_at_site": "-1",
        "speed_limit": 60,
        "time": "06:33",
        "trunk_road_flag": "2",
        "urban_or_rural_area": "2",
        "weather_conditions": "7",
        "geometry_source": "collision_location",
        "source_year": 2025,
        "date_iso": "2025-10-13"
      }
    },
    {
      "type": "Feature",
      "id": "2025131538340",
      "geometry": {
        "type": "Point",
        "coordinates": [
          -1.8271,
          53.68517
        ]
      },
      "properties": {
        "carriageway_hazards": "0",
        "carriageway_hazards_historic": "-1",
        "collision_adjusted_severity_serious": "0",
        "collision_adjusted_severity_slight": "1",
        "collision_index": "2025131538340",
        "collision_injury_based": "1",
        "collision_ref_no": "131538340",
        "collision_severity": "3",
        "collision_year": 2025,
        "date": "06/01/2025",
        "day_of_week": "2",
        "did_police_officer_attend_scene_of_accident": "1",
        "enhanced_severity_collision": "3",
        "first_road_class": "3",
        "first_road_number": "629",
        "junction_control": "-1",
        "junction_detail": "0",
        "junction_detail_historic": "-1",
        "latitude": "53.68517",
        "light_conditions": "4",
        "local_authority_district": "-1",
        "local_authority_highway": "E08000033",
        "local_authority_highway_current": "E08000033",
        "local_authority_ons_district": "E08000033",
        "location_easting_osgr": "411517",
        "location_northing_osgr": "420982",
        "longitude": "-1.8271",
        "lsoa_of_accident_location": "E01010892",
        "number_of_casualties": 1,
        "number_of_vehicles": 1,
        "pedestrian_crossing": "0",
        "pedestrian_crossing_human_control_historic": "-1",
        "pedestrian_crossing_physical_facilities_historic": "-1",
        "police_force": "13",
        "road_surface_conditions": "3",
        "road_type": "3",
        "second_road_class": "0",
        "second_road_number": "-1",
        "special_conditions_at_site": "-1",
        "speed_limit": 50,
        "time": "17:01",
        "trunk_road_flag": "2",
        "urban_or_rural_area": "1",
        "weather_conditions": "3",
        "geometry_source": "collision_location",
        "source_year": 2025,
        "date_iso": "2025-01-06"
      }
    },
    {
      "type": "Feature",
      "id": "2025131583504",
      "geometry": {
        "type": "Point",
        "coordinates": [
          -1.93537,
          53.69454
        ]
      },
      "properties": {
        "carriageway_hazards": "0",
        "carriageway_hazards_historic": "-1",
        "collision_adjusted_severity_serious": "0",
        "collision_adjusted_severity_slight": "1",
        "collision_index": "2025131583504",
        "collision_injury_based": "1",
        "collision_ref_no": "131583504",
        "collision_severity": "3",
        "collision_year": 2025,
        "date": "29/04/2025",
        "day_of_week": "3",
        "did_police_officer_attend_scene_of_accident": "1",
        "enhanced_severity_collision": "3",
        "first_road_class": "3",
        "first_road_number": "58",
        "junction_control": "-1",
        "junction_detail": "0",
        "junction_detail_historic": "-1",
        "latitude": "53.69454",
        "light_conditions": "1",
        "local_authority_district": "-1",
        "local_authority_highway": "E08000033",
        "local_authority_highway_current": "E08000033",
        "local_authority_ons_district": "E08000033",
        "location_easting_osgr": "404365",
        "location_northing_osgr": "422013",
        "longitude": "-1.93537",
        "lsoa_of_accident_location": "E01010956",
        "number_of_casualties": 1,
        "number_of_vehicles": 6,
        "pedestrian_crossing": "0",
        "pedestrian_crossing_human_control_historic": "-1",
        "pedestrian_crossing_physical_facilities_historic": "-1",
        "police_force": "13",
        "road_surface_conditions": "1",
        "road_type": "6",
        "second_road_class": "6",
        "second_road_number": "0",
        "special_conditions_at_site": "-1",
        "speed_limit": 40,
        "time": "14:37",
        "trunk_road_flag": "2",
        "urban_or_rural_area": "2",
        "weather_conditions": "1",
        "geometry_source": "collision_location",
        "source_year": 2025,
        "date_iso": "2025-04-29"
      }
    },
    {
      "type": "Feature",
      "id": "2025131676297",
      "geometry": {
        "type": "Point",
        "coordinates": [
          -1.89151,
          53.72607
        ]
      },
      "properties": {
        "carriageway_hazards": "0",
        "carriageway_hazards_historic": "-1",
        "collision_adjusted_severity_serious": "1",
        "collision_adjusted_severity_slight": "0",
        "collision_index": "2025131676297",
        "collision_injury_based": "1",
        "collision_ref_no": "131676297",
        "collision_severity": "2",
        "collision_year": 2025,
        "date": "03/11/2025",
        "day_of_week": "2",
        "did_police_officer_attend_scene_of_accident": "1",
        "enhanced_severity_collision": "7",
        "first_road_class": "6",
        "first_road_number": "0",
        "junction_control": "4",
        "junction_detail": "18",
        "junction_detail_historic": "-1",
        "latitude": "53.72607",
        "light_conditions": "4",
        "local_authority_district": "-1",
        "local_authority_highway": "E08000033",
        "local_authority_highway_current": "E08000033",
        "local_authority_ons_district": "E08000033",
        "location_easting_osgr": "407256",
        "location_northing_osgr": "425524",
        "longitude": "-1.89151",
        "lsoa_of_accident_location": "E01010998",
        "number_of_casualties": 1,
        "number_of_vehicles": 2,
        "pedestrian_crossing": "0",
        "pedestrian_crossing_human_control_historic": "-1",
        "pedestrian_crossing_physical_facilities_historic": "-1",
        "police_force": "13",
        "road_surface_conditions": "2",
        "road_type": "6",
        "second_road_class": "6",
        "second_road_number": "0",
        "special_conditions_at_site": "-1",
        "speed_limit": 30,
        "time": "18:50",
        "trunk_road_flag": "2",
        "urban_or_rural_area": "1",
        "weather_conditions": "2",
        "geometry_source": "collision_location",
        "source_year": 2025,
        "date_iso": "2025-11-03"
      }
    },
    {
      "type": "Feature",
      "id": "2025131675734",
      "geometry": {
        "type": "Point",
        "coordinates": [
          -1.86702,
          53.67638
        ]
      },
      "properties": {
        "carriageway_hazards": "0",
        "carriageway_hazards_historic": "-1",
        "collision_adjusted_severity_serious": "0",
        "collision_adjusted_severity_slight": "1",
        "collision_index": "2025131675734",
        "collision_injury_based": "1",
        "collision_ref_no": "131675734",
        "collision_severity": "3",
        "collision_year": 2025,
        "date": "29/11/2025",
        "day_of_week": "7",
        "did_police_officer_attend_scene_of_accident": "1",
        "enhanced_severity_collision": "3",
        "first_road_class": "4",
        "first_road_number": "6112",
        "junction_control": "-1",
        "junction_detail": "0",
        "junction_detail_historic": "-1",
        "latitude": "53.67638",
        "light_conditions": "1",
        "local_authority_district": "-1",
        "local_authority_highway": "E08000033",
        "local_authority_highway_current": "E08000033",
        "local_authority_ons_district": "E08000033",
        "location_easting_osgr": "408882",
        "location_northing_osgr": "419998",
        "longitude": "-1.86702",
        "lsoa_of_accident_location": "E01010902",
        "number_of_casualties": 2,
        "number_of_vehicles": 2,
        "pedestrian_crossing": "0",
        "pedestrian_crossing_human_control_historic": "-1",
        "pedestrian_crossing_physical_facilities_historic": "-1",
        "police_force": "13",
        "road_surface_conditions": "2",
        "road_type": "6",
        "second_road_class": "6",
        "second_road_number": "0",
        "special_conditions_at_site": "-1",
        "speed_limit": 20,
        "time": "13:56",
        "trunk_road_flag": "2",
        "urban_or_rural_area": "2",
        "weather_conditions": "2",
        "geometry_source": "collision_location",
        "source_year": 2025,
        "date_iso": "2025-11-29"
      }
    },
    {
      "type": "Feature",
      "id": "2025131632473",
      "geometry": {
        "type": "Point",
        "coordinates": [
          -1.86756,
          53.72521
        ]
      },
      "properties": {
        "carriageway_hazards": "0",
        "carriageway_hazards_historic": "-1",
        "collision_adjusted_severity_serious": "0",
        "collision_adjusted_severity_slight": "1",
        "collision_index": "2025131632473",
        "collision_injury_based": "1",
        "collision_ref_no": "131632473",
        "collision_severity": "3",
        "collision_year": 2025,
        "date": "23/08/2025",
        "day_of_week": "7",
        "did_police_officer_attend_scene_of_accident": "2",
        "enhanced_severity_collision": "3",
        "first_road_class": "6",
        "first_road_number": "0",
        "junction_control": "4",
        "junction_detail": "13",
        "junction_detail_historic": "-1",
        "latitude": "53.72521",
        "light_conditions": "1",
        "local_authority_district": "-1",
        "local_authority_highway": "E08000033",
        "local_authority_highway_current": "E08000033",
        "local_authority_ons_district": "E08000033",
        "location_easting_osgr": "408836",
        "location_northing_osgr": "425431",
        "longitude": "-1.86756",
        "lsoa_of_accident_location": "E01010965",
        "number_of_casualties": 1,
        "number_of_vehicles": 1,
        "pedestrian_crossing": "0",
        "pedestrian_crossing_human_control_historic": "-1",
        "pedestrian_crossing_physical_facilities_historic": "-1",
        "police_force": "13",
        "road_surface_conditions": "1",
        "road_type": "6",
        "second_road_class": "6",
        "second_road_number": "0",
        "special_conditions_at_site": "-1",
        "speed_limit": 30,
        "time": "13:55",
        "trunk_road_flag": "2",
        "urban_or_rural_area": "1",
        "weather_conditions": "1",
        "geometry_source": "collision_location",
        "source_year": 2025,
        "date_iso": "2025-08-23"
      }
    },
    {
      "type": "Feature",
      "id": "2025131684180",
      "geometry": {
        "type": "Point",
        "coordinates": [
          -1.84352,
          53.68262
        ]
      },
      "properties": {
        "carriageway_hazards": "0",
        "carriageway_hazards_historic": "-1",
        "collision_adjusted_severity_serious": "0",
        "collision_adjusted_severity_slight": "1",
        "collision_index": "2025131684180",
        "collision_injury_based": "1",
        "collision_ref_no": "131684180",
        "collision_severity": "3",
        "collision_year": 2025,
        "date": "17/12/2025",
        "day_of_week": "4",
        "did_police_officer_attend_scene_of_accident": "1",
        "enhanced_severity_collision": "3",
        "first_road_class": "6",
        "first_road_number": "0",
        "junction_control": "4",
        "junction_detail": "13",
        "junction_detail_historic": "-1",
        "latitude": "53.68262",
        "light_conditions": "1",
        "local_authority_district": "-1",
        "local_authority_highway": "E08000033",
        "local_authority_highway_current": "E08000033",
        "local_authority_ons_district": "E08000033",
        "location_easting_osgr": "410433",
        "location_northing_osgr": "420696",
        "longitude": "-1.84352",
        "lsoa_of_accident_location": "E01010893",
        "number_of_casualties": 1,
        "number_of_vehicles": 1,
        "pedestrian_crossing": "11",
        "pedestrian_crossing_human_control_historic": "-1",
        "pedestrian_crossing_physical_facilities_historic": "-1",
        "police_force": "13",
        "road_surface_conditions": "2",
        "road_type": "6",
        "second_road_class": "6",
        "second_road_number": "0",
        "special_conditions_at_site": "-1",
        "speed_limit": 20,
        "time": "08:22",
        "trunk_road_flag": "2",
        "urban_or_rural_area": "1",
        "weather_conditions": "1",
        "geometry_source": "collision_location",
        "source_year": 2025,
        "date_iso": "2025-12-17"
      }
    },
    {
      "type": "Feature",
      "id": "2025131575387",
      "geometry": {
        "type": "Point",
        "coordinates": [
          -1.85233,
          53.6948
        ]
      },
      "properties": {
        "carriageway_hazards": "13",
        "carriageway_hazards_historic": "-1",
        "collision_adjusted_severity_serious": "0",
        "collision_adjusted_severity_slight": "1",
        "collision_index": "2025131575387",
        "collision_injury_based": "1",
        "collision_ref_no": "131575387",
        "collision_severity": "3",
        "collision_year": 2025,
        "date": "08/04/2025",
        "day_of_week": "3",
        "did_police_officer_attend_scene_of_accident": "1",
        "enhanced_severity_collision": "3",
        "first_road_class": "3",
        "first_road_number": "629",
        "junction_control": "-1",
        "junction_detail": "0",
        "junction_detail_historic": "-1",
        "latitude": "53.6948",
        "light_conditions": "1",
        "local_authority_district": "-1",
        "local_authority_highway": "E08000033",
        "local_authority_highway_current": "E08000033",
        "local_authority_ons_district": "E08000033",
        "location_easting_osgr": "409848",
        "location_northing_osgr": "422050",
        "longitude": "-1.85233",
        "lsoa_of_accident_location": "E01010993",
        "number_of_casualties": 1,
        "number_of_vehicles": 2,
        "pedestrian_crossing": "0",
        "pedestrian_crossing_human_control_historic": "-1",
        "pedestrian_crossing_physical_facilities_historic": "-1",
        "police_force": "13",
        "road_surface_conditions": "1",
        "road_type": "3",
        "second_road_class": "0",
        "second_road_number": "-1",
        "special_conditions_at_site": "-1",
        "speed_limit": 30,
        "time": "13:11",
        "trunk_road_flag": "2",
        "urban_or_rural_area": "2",
        "weather_conditions": "1",
        "geometry_source": "collision_location",
        "source_year": 2025,
        "date_iso": "2025-04-08"
      }
    },
    {
      "type": "Feature",
      "id": "2025131635528",
      "geometry": {
        "type": "Point",
        "coordinates": [
          -2.0095,
          53.74351
        ]
      },
      "properties": {
        "carriageway_hazards": "0",
        "carriageway_hazards_historic": "-1",
        "collision_adjusted_severity_serious": "0",
        "collision_adjusted_severity_slight": "1",
        "collision_index": "2025131635528",
        "collision_injury_based": "1",
        "collision_ref_no": "131635528",
        "collision_severity": "3",
        "collision_year": 2025,
        "date": "30/08/2025",
        "day_of_week": "7",
        "did_police_officer_attend_scene_of_accident": "2",
        "enhanced_severity_collision": "3",
        "first_road_class": "6",
        "first_road_number": "0",
        "junction_control": "4",
        "junction_detail": "16",
        "junction_detail_historic": "-1",
        "latitude": "53.74351",
        "light_conditions": "7",
        "local_authority_district": "-1",
        "local_authority_highway": "E08000033",
        "local_authority_highway_current": "E08000033",
        "local_authority_ons_district": "E08000033",
        "location_easting_osgr": "399471",
        "location_northing_osgr": "427459",
        "longitude": "-2.0095",
        "lsoa_of_accident_location": "E01010881",
        "number_of_casualties": 1,
        "number_of_vehicles": 2,
        "pedestrian_crossing": "0",
        "pedestrian_crossing_human_control_historic": "-1",
        "pedestrian_crossing_physical_facilities_historic": "-1",
        "police_force": "13",
        "road_surface_conditions": "1",
        "road_type": "6",
        "second_road_class": "6",
        "second_road_number": "0",
        "special_conditions_at_site": "-1",
        "speed_limit": 30,
        "time": "20:55",
        "trunk_road_flag": "2",
        "urban_or_rural_area": "2",
        "weather_conditions": "1",
        "geometry_source": "collision_location",
        "source_year": 2025,
        "date_iso": "2025-08-30"
      }
    },
    {
      "type": "Feature",
      "id": "2025131587669",
      "geometry": {
        "type": "Point",
        "coordinates": [
          -1.87976,
          53.7318
        ]
      },
      "properties": {
        "carriageway_hazards": "0",
        "carriageway_hazards_historic": "-1",
        "collision_adjusted_severity_serious": "0",
        "collision_adjusted_severity_slight": "1",
        "collision_index": "2025131587669",
        "collision_injury_based": "1",
        "collision_ref_no": "131587669",
        "collision_severity": "3",
        "collision_year": 2025,
        "date": "09/05/2025",
        "day_of_week": "6",
        "did_police_officer_attend_scene_of_accident": "1",
        "enhanced_severity_collision": "3",
        "first_road_class": "6",
        "first_road_number": "0",
        "junction_control": "-1",
        "junction_detail": "0",
        "junction_detail_historic": "-1",
        "latitude": "53.7318",
        "light_conditions": "1",
        "local_authority_district": "-1",
        "local_authority_highway": "E08000033",
        "local_authority_highway_current": "E08000033",
        "local_authority_ons_district": "E08000033",
        "location_easting_osgr": "408030",
        "location_northing_osgr": "426163",
        "longitude": "-1.87976",
        "lsoa_of_accident_location": "E01010961",
        "number_of_casualties": 3,
        "number_of_vehicles": 2,
        "pedestrian_crossing": "0",
        "pedestrian_crossing_human_control_historic": "-1",
        "pedestrian_crossing_physical_facilities_historic": "-1",
        "police_force": "13",
        "road_surface_conditions": "1",
        "road_type": "6",
        "second_road_class": "6",
        "second_road_number": "0",
        "special_conditions_at_site": "-1",
        "speed_limit": 30,
        "time": "10:57",
        "trunk_road_flag": "2",
        "urban_or_rural_area": "1",
        "weather_conditions": "1",
        "geometry_source": "collision_location",
        "source_year": 2025,
        "date_iso": "2025-05-09"
      }
    },
    {
      "type": "Feature",
      "id": "2025131687852",
      "geometry": {
        "type": "Point",
        "coordinates": [
          -1.91375,
          53.70709
        ]
      },
      "properties": {
        "carriageway_hazards": "17",
        "carriageway_hazards_historic": "-1",
        "collision_adjusted_severity_serious": "0",
        "collision_adjusted_severity_slight": "1",
        "collision_index": "2025131687852",
        "collision_injury_based": "1",
        "collision_ref_no": "131687852",
        "collision_severity": "3",
        "collision_year": 2025,
        "date": "12/12/2025",
        "day_of_week": "6",
        "did_police_officer_attend_scene_of_accident": "1",
        "enhanced_severity_collision": "3",
        "first_road_class": "6",
        "first_road_number": "0",
        "junction_control": "2",
        "junction_detail": "13",
        "junction_detail_historic": "-1",
        "latitude": "53.70709",
        "light_conditions": "4",
        "local_authority_district": "-1",
        "local_authority_highway": "E08000033",
        "local_authority_highway_current": "E08000033",
        "local_authority_ons_district": "E08000033",
        "location_easting_osgr": "405791",
        "location_northing_osgr": "423411",
        "longitude": "-1.91375",
        "lsoa_of_accident_location": "E01010979",
        "number_of_casualties": 1,
        "number_of_vehicles": 2,
        "pedestrian_crossing": "0",
        "pedestrian_crossing_human_control_historic": "-1",
        "pedestrian_crossing_physical_facilities_historic": "-1",
        "police_force": "13",
        "road_surface_conditions": "1",
        "road_type": "6",
        "second_road_class": "6",
        "second_road_number": "0",
        "special_conditions_at_site": "-1",
        "speed_limit": 30,
        "time": "16:30",
        "trunk_road_flag": "2",
        "urban_or_rural_area": "1",
        "weather_conditions": "1",
        "geometry_source": "collision_location",
        "source_year": 2025,
        "date_iso": "2025-12-12"
      }
    },
    {
      "type": "Feature",
      "id": "2025131614829",
      "geometry": {
        "type": "Point",
        "coordinates": [
          -1.83769,
          53.68203
        ]
      },
      "properties": {
        "carriageway_hazards": "0",
        "carriageway_hazards_historic": "-1",
        "collision_adjusted_severity_serious": "0",
        "collision_adjusted_severity_slight": "1",
        "collision_index": "2025131614829",
        "collision_injury_based": "1",
        "collision_ref_no": "131614829",
        "collision_severity": "3",
        "collision_year": 2025,
        "date": "11/07/2025",
        "day_of_week": "6",
        "did_police_officer_attend_scene_of_accident": "1",
        "enhanced_severity_collision": "3",
        "first_road_class": "6",
        "first_road_number": "0",
        "junction_control": "4",
        "junction_detail": "13",
        "junction_detail_historic": "-1",
        "latitude": "53.68203",
        "light_conditions": "1",
        "local_authority_district": "-1",
        "local_authority_highway": "E08000033",
        "local_authority_highway_current": "E08000033",
        "local_authority_ons_district": "E08000033",
        "location_easting_osgr": "410818",
        "location_northing_osgr": "420631",
        "longitude": "-1.83769",
        "lsoa_of_accident_location": "E01010894",
        "number_of_casualties": 1,
        "number_of_vehicles": 1,
        "pedestrian_crossing": "0",
        "pedestrian_crossing_human_control_historic": "-1",
        "pedestrian_crossing_physical_facilities_historic": "-1",
        "police_force": "13",
        "road_surface_conditions": "1",
        "road_type": "6",
        "second_road_class": "6",
        "second_road_number": "0",
        "special_conditions_at_site": "-1",
        "speed_limit": 30,
        "time": "16:28",
        "trunk_road_flag": "2",
        "urban_or_rural_area": "1",
        "weather_conditions": "1",
        "geometry_source": "collision_location",
        "source_year": 2025,
        "date_iso": "2025-07-11"
      }
    },
    {
      "type": "Feature",
      "id": "2025131670801",
      "geometry": {
        "type": "Point",
        "coordinates": [
          -1.77497,
          53.70085
        ]
      },
      "properties": {
        "carriageway_hazards": "0",
        "carriageway_hazards_historic": "-1",
        "collision_adjusted_severity_serious": "0",
        "collision_adjusted_severity_slight": "1",
        "collision_index": "2025131670801",
        "collision_injury_based": "1",
        "collision_ref_no": "131670801",
        "collision_severity": "3",
        "collision_year": 2025,
        "date": "18/11/2025",
        "day_of_week": "3",
        "did_police_officer_attend_scene_of_accident": "2",
        "enhanced_severity_collision": "3",
        "first_road_class": "6",
        "first_road_number": "0",
        "junction_control": "4",
        "junction_detail": "13",
        "junction_detail_historic": "-1",
        "latitude": "53.70085",
        "light_conditions": "4",
        "local_authority_district": "-1",
        "local_authority_highway": "E08000033",
        "local_authority_highway_current": "E08000033",
        "local_authority_ons_district": "E08000033",
        "location_easting_osgr": "414954",
        "location_northing_osgr": "422736",
        "longitude": "-1.77497",
        "lsoa_of_accident_location": "E01010878",
        "number_of_casualties": 1,
        "number_of_vehicles": 2,
        "pedestrian_crossing": "0",
        "pedestrian_crossing_human_control_historic": "-1",
        "pedestrian_crossing_physical_facilities_historic": "-1",
        "police_force": "13",
        "road_surface_conditions": "1",
        "road_type": "3",
        "second_road_class": "6",
        "second_road_number": "0",
        "special_conditions_at_site": "-1",
        "speed_limit": 30,
        "time": "17:10",
        "trunk_road_flag": "2",
        "urban_or_rural_area": "1",
        "weather_conditions": "1",
        "geometry_source": "collision_location",
        "source_year": 2025,
        "date_iso": "2025-11-18"
      }
    },
    {
      "type": "Feature",
      "id": "2025131668626",
      "geometry": {
        "type": "Point",
        "coordinates": [
          -1.86738,
          53.71254
        ]
      },
      "properties": {
        "carriageway_hazards": "0",
        "carriageway_hazards_historic": "-1",
        "collision_adjusted_severity_serious": "0",
        "collision_adjusted_severity_slight": "1",
        "collision_index": "2025131668626",
        "collision_injury_based": "1",
        "collision_ref_no": "131668626",
        "collision_severity": "3",
        "collision_year": 2025,
        "date": "14/11/2025",
        "day_of_week": "6",
        "did_police_officer_attend_scene_of_accident": "1",
        "enhanced_severity_collision": "3",
        "first_road_class": "6",
        "first_road_number": "0",
        "junction_control": "4",
        "junction_detail": "13",
        "junction_detail_historic": "-1",
        "latitude": "53.71254",
        "light_conditions": "4",
        "local_authority_district": "-1",
        "local_authority_highway": "E08000033",
        "local_authority_highway_current": "E08000033",
        "local_authority_ons_district": "E08000033",
        "location_easting_osgr": "408851",
        "location_northing_osgr": "424021",
        "longitude": "-1.86738",
        "lsoa_of_accident_location": "E01010968",
        "number_of_casualties": 1,
        "number_of_vehicles": 1,
        "pedestrian_crossing": "0",
        "pedestrian_crossing_human_control_historic": "-1",
        "pedestrian_crossing_physical_facilities_historic": "-1",
        "police_force": "13",
        "road_surface_conditions": "2",
        "road_type": "6",
        "second_road_class": "6",
        "second_road_number": "0",
        "special_conditions_at_site": "-1",
        "speed_limit": 20,
        "time": "17:33",
        "trunk_road_flag": "2",
        "urban_or_rural_area": "1",
        "weather_conditions": "2",
        "geometry_source": "collision_location",
        "source_year": 2025,
        "date_iso": "2025-11-14"
      }
    },
    {
      "type": "Feature",
      "id": "2025131688079",
      "geometry": {
        "type": "Point",
        "coordinates": [
          -1.7872,
          53.71726
        ]
      },
      "properties": {
        "carriageway_hazards": "0",
        "carriageway_hazards_historic": "-1",
        "collision_adjusted_severity_serious": "1",
        "collision_adjusted_severity_slight": "0",
        "collision_index": "2025131688079",
        "collision_injury_based": "1",
        "collision_ref_no": "131688079",
        "collision_severity": "2",
        "collision_year": 2025,
        "date": "24/12/2025",
        "day_of_week": "4",
        "did_police_officer_attend_scene_of_accident": "2",
        "enhanced_severity_collision": "7",
        "first_road_class": "6",
        "first_road_number": "0",
        "junction_control": "-1",
        "junction_detail": "0",
        "junction_detail_historic": "-1",
        "latitude": "53.71726",
        "light_conditions": "1",
        "local_authority_district": "-1",
        "local_authority_highway": "E08000033",
        "local_authority_highway_current": "E08000033",
        "local_authority_ons_district": "E08000033",
        "location_easting_osgr": "414141",
        "location_northing_osgr": "424560",
        "longitude": "-1.7872",
        "lsoa_of_accident_location": "E01010880",
        "number_of_casualties": 1,
        "number_of_vehicles": 1,
        "pedestrian_crossing": "0",
        "pedestrian_crossing_human_control_historic": "-1",
        "pedestrian_crossing_physical_facilities_historic": "-1",
        "police_force": "13",
        "road_surface_conditions": "1",
        "road_type": "6",
        "second_road_class": "6",
        "second_road_number": "0",
        "special_conditions_at_site": "-1",
        "speed_limit": 30,
        "time": "09:00",
        "trunk_road_flag": "2",
        "urban_or_rural_area": "1",
        "weather_conditions": "1",
        "geometry_source": "collision_location",
        "source_year": 2025,
        "date_iso": "2025-12-24"
      }
    },
    {
      "type": "Feature",
      "id": "2025131600002",
      "geometry": {
        "type": "Point",
        "coordinates": [
          -1.85376,
          53.70236
        ]
      },
      "properties": {
        "carriageway_hazards": "0",
        "carriageway_hazards_historic": "-1",
        "collision_adjusted_severity_serious": "1",
        "collision_adjusted_severity_slight": "0",
        "collision_index": "2025131600002",
        "collision_injury_based": "1",
        "collision_ref_no": "131600002",
        "collision_severity": "2",
        "collision_year": 2025,
        "date": "07/06/2025",
        "day_of_week": "7",
        "did_police_officer_attend_scene_of_accident": "1",
        "enhanced_severity_collision": "7",
        "first_road_class": "3",
        "first_road_number": "629",
        "junction_control": "4",
        "junction_detail": "19",
        "junction_detail_historic": "-1",
        "latitude": "53.70236",
        "light_conditions": "1",
        "local_authority_district": "-1",
        "local_authority_highway": "E08000033",
        "local_authority_highway_current": "E08000033",
        "local_authority_ons_district": "E08000033",
        "location_easting_osgr": "409752",
        "location_northing_osgr": "422891",
        "longitude": "-1.85376",
        "lsoa_of_accident_location": "E01010993",
        "number_of_casualties": 1,
        "number_of_vehicles": 2,
        "pedestrian_crossing": "0",
        "pedestrian_crossing_human_control_historic": "-1",
        "pedestrian_crossing_physical_facilities_historic": "-1",
        "police_force": "13",
        "road_surface_conditions": "1",
        "road_type": "3",
        "second_road_class": "6",
        "second_road_number": "0",
        "special_conditions_at_site": "-1",
        "speed_limit": 30,
        "time": "16:09",
        "trunk_road_flag": "2",
        "urban_or_rural_area": "1",
        "weather_conditions": "1",
        "geometry_source": "collision_location",
        "source_year": 2025,
        "date_iso": "2025-06-07"
      }
    },
    {
      "type": "Feature",
      "id": "2025131642401",
      "geometry": {
        "type": "Point",
        "coordinates": [
          -1.96942,
          53.67352
        ]
      },
      "properties": {
        "carriageway_hazards": "0",
        "carriageway_hazards_historic": "-1",
        "collision_adjusted_severity_serious": "0",
        "collision_adjusted_severity_slight": "1",
        "collision_index": "2025131642401",
        "collision_injury_based": "1",
        "collision_ref_no": "131642401",
        "collision_severity": "3",
        "collision_year": 2025,
        "date": "15/09/2025",
        "day_of_week": "2",
        "did_police_officer_attend_scene_of_accident": "2",
        "enhanced_severity_collision": "3",
        "first_road_class": "6",
        "first_road_number": "0",
        "junction_control": "4",
        "junction_detail": "13",
        "junction_detail_historic": "-1",
        "latitude": "53.67352",
        "light_conditions": "1",
        "local_authority_district": "-1",
        "local_authority_highway": "E08000033",
        "local_authority_highway_current": "E08000033",
        "local_authority_ons_district": "E08000033",
        "location_easting_osgr": "402118",
        "location_northing_osgr": "419672",
        "longitude": "-1.96942",
        "lsoa_of_accident_location": "E01010955",
        "number_of_casualties": 1,
        "number_of_vehicles": 2,
        "pedestrian_crossing": "0",
        "pedestrian_crossing_human_control_historic": "-1",
        "pedestrian_crossing_physical_facilities_historic": "-1",
        "police_force": "13",
        "road_surface_conditions": "2",
        "road_type": "6",
        "second_road_class": "6",
        "second_road_number": "0",
        "special_conditions_at_site": "-1",
        "speed_limit": 50,
        "time": "12:30",
        "trunk_road_flag": "2",
        "urban_or_rural_area": "2",
        "weather_conditions": "9",
        "geometry_source": "collision_location",
        "source_year": 2025,
        "date_iso": "2025-09-15"
      }
    },
    {
      "type": "Feature",
      "id": "2025131568548",
      "geometry": {
        "type": "Point",
        "coordinates": [
          -1.85038,
          53.70718
        ]
      },
      "properties": {
        "carriageway_hazards": "0",
        "carriageway_hazards_historic": "-1",
        "collision_adjusted_severity_serious": "0",
        "collision_adjusted_severity_slight": "1",
        "collision_index": "2025131568548",
        "collision_injury_based": "1",
        "collision_ref_no": "131568548",
        "collision_severity": "3",
        "collision_year": 2025,
        "date": "22/03/2025",
        "day_of_week": "7",
        "did_police_officer_attend_scene_of_accident": "2",
        "enhanced_severity_collision": "3",
        "first_road_class": "6",
        "first_road_number": "0",
        "junction_control": "4",
        "junction_detail": "13",
        "junction_detail_historic": "-1",
        "latitude": "53.70718",
        "light_conditions": "1",
        "local_authority_district": "-1",
        "local_authority_highway": "E08000033",
        "local_authority_highway_current": "E08000033",
        "local_authority_ons_district": "E08000033",
        "location_easting_osgr": "409974",
        "location_northing_osgr": "423427",
        "longitude": "-1.85038",
        "lsoa_of_accident_location": "E01010992",
        "number_of_casualties": 1,
        "number_of_vehicles": 1,
        "pedestrian_crossing": "0",
        "pedestrian_crossing_human_control_historic": "-1",
        "pedestrian_crossing_physical_facilities_historic": "-1",
        "police_force": "13",
        "road_surface_conditions": "1",
        "road_type": "6",
        "second_road_class": "6",
        "second_road_number": "0",
        "special_conditions_at_site": "-1",
        "speed_limit": 20,
        "time": "12:15",
        "trunk_road_flag": "2",
        "urban_or_rural_area": "1",
        "weather_conditions": "1",
        "geometry_source": "collision_location",
        "source_year": 2025,
        "date_iso": "2025-03-22"
      }
    },
    {
      "type": "Feature",
      "id": "2025131568621",
      "geometry": {
        "type": "Point",
        "coordinates": [
          -1.82961,
          53.67259
        ]
      },
      "properties": {
        "carriageway_hazards": "0",
        "carriageway_hazards_historic": "-1",
        "collision_adjusted_severity_serious": "1",
        "collision_adjusted_severity_slight": "0",
        "collision_index": "2025131568621",
        "collision_injury_based": "1",
        "collision_ref_no": "131568621",
        "collision_severity": "2",
        "collision_year": 2025,
        "date": "24/03/2025",
        "day_of_week": "2",
        "did_police_officer_attend_scene_of_accident": "1",
        "enhanced_severity_collision": "7",
        "first_road_class": "1",
        "first_road_number": "62",
        "junction_control": "-1",
        "junction_detail": "0",
        "junction_detail_historic": "-1",
        "latitude": "53.67259",
        "light_conditions": "1",
        "local_authority_district": "-1",
        "local_authority_highway": "E08000033",
        "local_authority_highway_current": "E08000033",
        "local_authority_ons_district": "E08000033",
        "location_easting_osgr": "411354",
        "location_northing_osgr": "419582",
        "longitude": "-1.82961",
        "lsoa_of_accident_location": "E01010901",
        "number_of_casualties": 3,
        "number_of_vehicles": 2,
        "pedestrian_crossing": "0",
        "pedestrian_crossing_human_control_historic": "-1",
        "pedestrian_crossing_physical_facilities_historic": "-1",
        "police_force": "13",
        "road_surface_conditions": "1",
        "road_type": "3",
        "second_road_class": "1",
        "second_road_number": "62",
        "special_conditions_at_site": "-1",
        "speed_limit": 70,
        "time": "12:18",
        "trunk_road_flag": "1",
        "urban_or_rural_area": "1",
        "weather_conditions": "1",
        "geometry_source": "collision_location",
        "source_year": 2025,
        "date_iso": "2025-03-24"
      }
    },
    {
      "type": "Feature",
      "id": "2025131621711",
      "geometry": {
        "type": "Point",
        "coordinates": [
          -2.00636,
          53.73826
        ]
      },
      "properties": {
        "carriageway_hazards": "0",
        "carriageway_hazards_historic": "-1",
        "collision_adjusted_severity_serious": "1",
        "collision_adjusted_severity_slight": "0",
        "collision_index": "2025131621711",
        "collision_injury_based": "1",
        "collision_ref_no": "131621711",
        "collision_severity": "2",
        "collision_year": 2025,
        "date": "28/07/2025",
        "day_of_week": "2",
        "did_police_officer_attend_scene_of_accident": "1",
        "enhanced_severity_collision": "5",
        "first_road_class": "3",
        "first_road_number": "646",
        "junction_control": "-1",
        "junction_detail": "0",
        "junction_detail_historic": "-1",
        "latitude": "53.73826",
        "light_conditions": "5",
        "local_authority_district": "-1",
        "local_authority_highway": "E08000033",
        "local_authority_highway_current": "E08000033",
        "local_authority_ons_district": "E08000033",
        "location_easting_osgr": "399678",
        "location_northing_osgr": "426875",
        "longitude": "-2.00636",
        "lsoa_of_accident_location": "E01010917",
        "number_of_casualties": 1,
        "number_of_vehicles": 4,
        "pedestrian_crossing": "0",
        "pedestrian_crossing_human_control_historic": "-1",
        "pedestrian_crossing_physical_facilities_historic": "-1",
        "police_force": "13",
        "road_surface_conditions": "1",
        "road_type": "6",
        "second_road_class": "6",
        "second_road_number": "0",
        "special_conditions_at_site": "-1",
        "speed_limit": 30,
        "time": "13:15",
        "trunk_road_flag": "2",
        "urban_or_rural_area": "2",
        "weather_conditions": "1",
        "geometry_source": "collision_location",
        "source_year": 2025,
        "date_iso": "2025-07-28"
      }
    },
    {
      "type": "Feature",
      "id": "2025131660485",
      "geometry": {
        "type": "Point",
        "coordinates": [
          -1.88109,
          53.718
        ]
      },
      "properties": {
        "carriageway_hazards": "0",
        "carriageway_hazards_historic": "-1",
        "collision_adjusted_severity_serious": "0",
        "collision_adjusted_severity_slight": "1",
        "collision_index": "2025131660485",
        "collision_injury_based": "1",
        "collision_ref_no": "131660485",
        "collision_severity": "3",
        "collision_year": 2025,
        "date": "28/10/2025",
        "day_of_week": "3",
        "did_police_officer_attend_scene_of_accident": "1",
        "enhanced_severity_collision": "3",
        "first_road_class": "6",
        "first_road_number": "0",
        "junction_control": "2",
        "junction_detail": "19",
        "junction_detail_historic": "-1",
        "latitude": "53.718",
        "light_conditions": "4",
        "local_authority_district": "-1",
        "local_authority_highway": "E08000033",
        "local_authority_highway_current": "E08000033",
        "local_authority_ons_district": "E08000033",
        "location_easting_osgr": "407945",
        "location_northing_osgr": "424627",
        "longitude": "-1.88109",
        "lsoa_of_accident_location": "E01011003",
        "number_of_casualties": 1,
        "number_of_vehicles": 1,
        "pedestrian_crossing": "14",
        "pedestrian_crossing_human_control_historic": "-1",
        "pedestrian_crossing_physical_facilities_historic": "-1",
        "police_force": "13",
        "road_surface_conditions": "2",
        "road_type": "6",
        "second_road_class": "6",
        "second_road_number": "0",
        "special_conditions_at_site": "-1",
        "speed_limit": 30,
        "time": "18:20",
        "trunk_road_flag": "2",
        "urban_or_rural_area": "1",
        "weather_conditions": "2",
        "geometry_source": "collision_location",
        "source_year": 2025,
        "date_iso": "2025-10-28"
      }
    },
    {
      "type": "Feature",
      "id": "2025131680901",
      "geometry": {
        "type": "Point",
        "coordinates": [
          -1.91062,
          53.70881
        ]
      },
      "properties": {
        "carriageway_hazards": "0",
        "carriageway_hazards_historic": "-1",
        "collision_adjusted_severity_serious": "0",
        "collision_adjusted_severity_slight": "1",
        "collision_index": "2025131680901",
        "collision_injury_based": "1",
        "collision_ref_no": "131680901",
        "collision_severity": "3",
        "collision_year": 2025,
        "date": "07/12/2025",
        "day_of_week": "1",
        "did_police_officer_attend_scene_of_accident": "2",
        "enhanced_severity_collision": "3",
        "first_road_class": "6",
        "first_road_number": "0",
        "junction_control": "4",
        "junction_detail": "19",
        "junction_detail_historic": "-1",
        "latitude": "53.70881",
        "light_conditions": "4",
        "local_authority_district": "-1",
        "local_authority_highway": "E08000033",
        "local_authority_highway_current": "E08000033",
        "local_authority_ons_district": "E08000033",
        "location_easting_osgr": "405997",
        "location_northing_osgr": "423602",
        "longitude": "-1.91062",
        "lsoa_of_accident_location": "E01010979",
        "number_of_casualties": 1,
        "number_of_vehicles": 1,
        "pedestrian_crossing": "0",
        "pedestrian_crossing_human_control_historic": "-1",
        "pedestrian_crossing_physical_facilities_historic": "-1",
        "police_force": "13",
        "road_surface_conditions": "2",
        "road_type": "2",
        "second_road_class": "3",
        "second_road_number": "58",
        "special_conditions_at_site": "-1",
        "speed_limit": 30,
        "time": "18:10",
        "trunk_road_flag": "2",
        "urban_or_rural_area": "1",
        "weather_conditions": "5",
        "geometry_source": "collision_location",
        "source_year": 2025,
        "date_iso": "2025-12-07"
      }
    },
    {
      "type": "Feature",
      "id": "2025131658882",
      "geometry": {
        "type": "Point",
        "coordinates": [
          -1.81354,
          53.72805
        ]
      },
      "properties": {
        "carriageway_hazards": "0",
        "carriageway_hazards_historic": "-1",
        "collision_adjusted_severity_serious": "0",
        "collision_adjusted_severity_slight": "1",
        "collision_index": "2025131658882",
        "collision_injury_based": "1",
        "collision_ref_no": "131658882",
        "collision_severity": "3",
        "collision_year": 2025,
        "date": "24/10/2025",
        "day_of_week": "6",
        "did_police_officer_attend_scene_of_accident": "1",
        "enhanced_severity_collision": "3",
        "first_road_class": "3",
        "first_road_number": "644",
        "junction_control": "4",
        "junction_detail": "13",
        "junction_detail_historic": "-1",
        "latitude": "53.72805",
        "light_conditions": "4",
        "local_authority_district": "-1",
        "local_authority_highway": "E08000033",
        "local_authority_highway_current": "E08000033",
        "local_authority_ons_district": "E08000033",
        "location_easting_osgr": "412400",
        "location_northing_osgr": "425755",
        "longitude": "-1.81354",
        "lsoa_of_accident_location": "E01010907",
        "number_of_casualties": 1,
        "number_of_vehicles": 2,
        "pedestrian_crossing": "0",
        "pedestrian_crossing_human_control_historic": "-1",
        "pedestrian_crossing_physical_facilities_historic": "-1",
        "police_force": "13",
        "road_surface_conditions": "2",
        "road_type": "6",
        "second_road_class": "6",
        "second_road_number": "0",
        "special_conditions_at_site": "-1",
        "speed_limit": 30,
        "time": "18:42",
        "trunk_road_flag": "2",
        "urban_or_rural_area": "1",
        "weather_conditions": "8",
        "geometry_source": "collision_location",
        "source_year": 2025,
        "date_iso": "2025-10-24"
      }
    },
    {
      "type": "Feature",
      "id": "2025131594304",
      "geometry": {
        "type": "Point",
        "coordinates": [
          -1.84401,
          53.73029
        ]
      },
      "properties": {
        "carriageway_hazards": "0",
        "carriageway_hazards_historic": "-1",
        "collision_adjusted_severity_serious": "1",
        "collision_adjusted_severity_slight": "0",
        "collision_index": "2025131594304",
        "collision_injury_based": "1",
        "collision_ref_no": "131594304",
        "collision_severity": "2",
        "collision_year": 2025,
        "date": "24/05/2025",
        "day_of_week": "7",
        "did_police_officer_attend_scene_of_accident": "1",
        "enhanced_severity_collision": "6",
        "first_road_class": "3",
        "first_road_number": "58",
        "junction_control": "-1",
        "junction_detail": "0",
        "junction_detail_historic": "-1",
        "latitude": "53.73029",
        "light_conditions": "1",
        "local_authority_district": "-1",
        "local_authority_highway": "E08000033",
        "local_authority_highway_current": "E08000033",
        "local_authority_ons_district": "E08000033",
        "location_easting_osgr": "410389",
        "location_northing_osgr": "425999",
        "longitude": "-1.84401",
        "lsoa_of_accident_location": "E01010934",
        "number_of_casualties": 1,
        "number_of_vehicles": 2,
        "pedestrian_crossing": "0",
        "pedestrian_crossing_human_control_historic": "-1",
        "pedestrian_crossing_physical_facilities_historic": "-1",
        "police_force": "13",
        "road_surface_conditions": "1",
        "road_type": "6",
        "second_road_class": "6",
        "second_road_number": "0",
        "special_conditions_at_site": "-1",
        "speed_limit": 30,
        "time": "11:30",
        "trunk_road_flag": "2",
        "urban_or_rural_area": "2",
        "weather_conditions": "1",
        "geometry_source": "collision_location",
        "source_year": 2025,
        "date_iso": "2025-05-24"
      }
    },
    {
      "type": "Feature",
      "id": "2025131568127",
      "geometry": {
        "type": "Point",
        "coordinates": [
          -1.85996,
          53.72791
        ]
      },
      "properties": {
        "carriageway_hazards": "0",
        "carriageway_hazards_historic": "-1",
        "collision_adjusted_severity_serious": "0",
        "collision_adjusted_severity_slight": "0",
        "collision_index": "2025131568127",
        "collision_injury_based": "1",
        "collision_ref_no": "131568127",
        "collision_severity": "1",
        "collision_year": 2025,
        "date": "22/03/2025",
        "day_of_week": "7",
        "did_police_officer_attend_scene_of_accident": "1",
        "enhanced_severity_collision": "1",
        "first_road_class": "3",
        "first_road_number": "647",
        "junction_control": "-1",
        "junction_detail": "0",
        "junction_detail_historic": "-1",
        "latitude": "53.72791",
        "light_conditions": "4",
        "local_authority_district": "-1",
        "local_authority_highway": "E08000033",
        "local_authority_highway_current": "E08000033",
        "local_authority_ons_district": "E08000033",
        "location_easting_osgr": "409337",
        "location_northing_osgr": "425733",
        "longitude": "-1.85996",
        "lsoa_of_accident_location": "E01032923",
        "number_of_casualties": 1,
        "number_of_vehicles": 1,
        "pedestrian_crossing": "0",
        "pedestrian_crossing_human_control_historic": "-1",
        "pedestrian_crossing_physical_facilities_historic": "-1",
        "police_force": "13",
        "road_surface_conditions": "2",
        "road_type": "3",
        "second_road_class": "3",
        "second_road_number": "647",
        "special_conditions_at_site": "-1",
        "speed_limit": 40,
        "time": "19:00",
        "trunk_road_flag": "2",
        "urban_or_rural_area": "1",
        "weather_conditions": "2",
        "geometry_source": "collision_location",
        "source_year": 2025,
        "date_iso": "2025-03-22"
      }
    },
    {
      "type": "Feature",
      "id": "2025131636957",
      "geometry": {
        "type": "Point",
        "coordinates": [
          -1.95008,
          53.64183
        ]
      },
      "properties": {
        "carriageway_hazards": "0",
        "carriageway_hazards_historic": "-1",
        "collision_adjusted_severity_serious": "0",
        "collision_adjusted_severity_slight": "1",
        "collision_index": "2025131636957",
        "collision_injury_based": "1",
        "collision_ref_no": "131636957",
        "collision_severity": "3",
        "collision_year": 2025,
        "date": "03/09/2025",
        "day_of_week": "4",
        "did_police_officer_attend_scene_of_accident": "2",
        "enhanced_severity_collision": "3",
        "first_road_class": "1",
        "first_road_number": "62",
        "junction_control": "-1",
        "junction_detail": "0",
        "junction_detail_historic": "-1",
        "latitude": "53.64183",
        "light_conditions": "1",
        "local_authority_district": "-1",
        "local_authority_highway": "E08000033",
        "local_authority_highway_current": "E08000033",
        "local_authority_ons_district": "E08000033",
        "location_easting_osgr": "403398",
        "location_northing_osgr": "416148",
        "longitude": "-1.95008",
        "lsoa_of_accident_location": "E01010955",
        "number_of_casualties": 1,
        "number_of_vehicles": 2,
        "pedestrian_crossing": "0",
        "pedestrian_crossing_human_control_historic": "-1",
        "pedestrian_crossing_physical_facilities_historic": "-1",
        "police_force": "13",
        "road_surface_conditions": "2",
        "road_type": "3",
        "second_road_class": "0",
        "second_road_number": "-1",
        "special_conditions_at_site": "-1",
        "speed_limit": 70,
        "time": "14:00",
        "trunk_road_flag": "1",
        "urban_or_rural_area": "2",
        "weather_conditions": "2",
        "geometry_source": "collision_location",
        "source_year": 2025,
        "date_iso": "2025-09-03"
      }
    },
    {
      "type": "Feature",
      "id": "2025131568784",
      "geometry": {
        "type": "Point",
        "coordinates": [
          -1.78757,
          53.69571
        ]
      },
      "properties": {
        "carriageway_hazards": "0",
        "carriageway_hazards_historic": "-1",
        "collision_adjusted_severity_serious": "1",
        "collision_adjusted_severity_slight": "0",
        "collision_index": "2025131568784",
        "collision_injury_based": "1",
        "collision_ref_no": "131568784",
        "collision_severity": "2",
        "collision_year": 2025,
        "date": "24/03/2025",
        "day_of_week": "2",
        "did_police_officer_attend_scene_of_accident": "1",
        "enhanced_severity_collision": "7",
        "first_road_class": "3",
        "first_road_number": "643",
        "junction_control": "4",
        "junction_detail": "19",
        "junction_detail_historic": "-1",
        "latitude": "53.69571",
        "light_conditions": "4",
        "local_authority_district": "-1",
        "local_authority_highway": "E08000033",
        "local_authority_highway_current": "E08000033",
        "local_authority_ons_district": "E08000033",
        "location_easting_osgr": "414124",
        "location_northing_osgr": "422162",
        "longitude": "-1.78757",
        "lsoa_of_accident_location": "E01010951",
        "number_of_casualties": 1,
        "number_of_vehicles": 1,
        "pedestrian_crossing": "17",
        "pedestrian_crossing_human_control_historic": "-1",
        "pedestrian_crossing_physical_facilities_historic": "-1",
        "police_force": "13",
        "road_surface_conditions": "1",
        "road_type": "6",
        "second_road_class": "6",
        "second_road_number": "0",
        "special_conditions_at_site": "-1",
        "speed_limit": 30,
        "time": "21:00",
        "trunk_road_flag": "2",
        "urban_or_rural_area": "1",
        "weather_conditions": "1",
        "geometry_source": "collision_location",
        "source_year": 2025,
        "date_iso": "2025-03-24"
      }
    },
    {
      "type": "Feature",
      "id": "2025131580029",
      "geometry": {
        "type": "Point",
        "coordinates": [
          -1.77677,
          53.72479
        ]
      },
      "properties": {
        "carriageway_hazards": "0",
        "carriageway_hazards_historic": "-1",
        "collision_adjusted_severity_serious": "0",
        "collision_adjusted_severity_slight": "1",
        "collision_index": "2025131580029",
        "collision_injury_based": "1",
        "collision_ref_no": "131580029",
        "collision_severity": "3",
        "collision_year": 2025,
        "date": "17/03/2025",
        "day_of_week": "2",
        "did_police_officer_attend_scene_of_accident": "1",
        "enhanced_severity_collision": "3",
        "first_road_class": "3",
        "first_road_number": "641",
        "junction_control": "-1",
        "junction_detail": "0",
        "junction_detail_historic": "-1",
        "latitude": "53.72479",
        "light_conditions": "1",
        "local_authority_district": "-1",
        "local_authority_highway": "E08000033",
        "local_authority_highway_current": "E08000033",
        "local_authority_ons_district": "E08000033",
        "location_easting_osgr": "414827",
        "location_northing_osgr": "425399",
        "longitude": "-1.77677",
        "lsoa_of_accident_location": "E01010908",
        "number_of_casualties": 1,
        "number_of_vehicles": 2,
        "pedestrian_crossing": "0",
        "pedestrian_crossing_human_control_historic": "-1",
        "pedestrian_crossing_physical_facilities_historic": "-1",
        "police_force": "13",
        "road_surface_conditions": "1",
        "road_type": "6",
        "second_road_class": "6",
        "second_road_number": "0",
        "special_conditions_at_site": "-1",
        "speed_limit": 30,
        "time": "09:32",
        "trunk_road_flag": "2",
        "urban_or_rural_area": "1",
        "weather_conditions": "1",
        "geometry_source": "collision_location",
        "source_year": 2025,
        "date_iso": "2025-03-17"
      }
    },
    {
      "type": "Feature",
      "id": "2025131615426",
      "geometry": {
        "type": "Point",
        "coordinates": [
          -1.77185,
          53.7014
        ]
      },
      "properties": {
        "carriageway_hazards": "0",
        "carriageway_hazards_historic": "-1",
        "collision_adjusted_severity_serious": "0",
        "collision_adjusted_severity_slight": "1",
        "collision_index": "2025131615426",
        "collision_injury_based": "1",
        "collision_ref_no": "131615426",
        "collision_severity": "3",
        "collision_year": 2025,
        "date": "12/07/2025",
        "day_of_week": "7",
        "did_police_officer_attend_scene_of_accident": "2",
        "enhanced_severity_collision": "3",
        "first_road_class": "3",
        "first_road_number": "644",
        "junction_control": "-1",
        "junction_detail": "0",
        "junction_detail_historic": "-1",
        "latitude": "53.7014",
        "light_conditions": "1",
        "local_authority_district": "-1",
        "local_authority_highway": "E08000033",
        "local_authority_highway_current": "E08000033",
        "local_authority_ons_district": "E08000033",
        "location_easting_osgr": "415160",
        "location_northing_osgr": "422798",
        "longitude": "-1.77185",
        "lsoa_of_accident_location": "E01010878",
        "number_of_casualties": 1,
        "number_of_vehicles": 2,
        "pedestrian_crossing": "0",
        "pedestrian_crossing_human_control_historic": "-1",
        "pedestrian_crossing_physical_facilities_historic": "-1",
        "police_force": "13",
        "road_surface_conditions": "1",
        "road_type": "6",
        "second_road_class": "6",
        "second_road_number": "0",
        "special_conditions_at_site": "-1",
        "speed_limit": 30,
        "time": "15:20",
        "trunk_road_flag": "2",
        "urban_or_rural_area": "1",
        "weather_conditions": "1",
        "geometry_source": "collision_location",
        "source_year": 2025,
        "date_iso": "2025-07-12"
      }
    },
    {
      "type": "Feature",
      "id": "2025131675180",
      "geometry": {
        "type": "Point",
        "coordinates": [
          -1.85449,
          53.72388
        ]
      },
      "properties": {
        "carriageway_hazards": "14",
        "carriageway_hazards_historic": "-1",
        "collision_adjusted_severity_serious": "1",
        "collision_adjusted_severity_slight": "0",
        "collision_index": "2025131675180",
        "collision_injury_based": "1",
        "collision_ref_no": "131675180",
        "collision_severity": "2",
        "collision_year": 2025,
        "date": "28/11/2025",
        "day_of_week": "6",
        "did_police_officer_attend_scene_of_accident": "1",
        "enhanced_severity_collision": "7",
        "first_road_class": "6",
        "first_road_number": "0",
        "junction_control": "4",
        "junction_detail": "18",
        "junction_detail_historic": "-1",
        "latitude": "53.72388",
        "light_conditions": "1",
        "local_authority_district": "-1",
        "local_authority_highway": "E08000033",
        "local_authority_highway_current": "E08000033",
        "local_authority_ons_district": "E08000033",
        "location_easting_osgr": "409699",
        "location_northing_osgr": "425285",
        "longitude": "-1.85449",
        "lsoa_of_accident_location": "E01034582",
        "number_of_casualties": 1,
        "number_of_vehicles": 1,
        "pedestrian_crossing": "0",
        "pedestrian_crossing_human_control_historic": "-1",
        "pedestrian_crossing_physical_facilities_historic": "-1",
        "police_force": "13",
        "road_surface_conditions": "2",
        "road_type": "6",
        "second_road_class": "6",
        "second_road_number": "0",
        "special_conditions_at_site": "-1",
        "speed_limit": 30,
        "time": "12:50",
        "trunk_road_flag": "2",
        "urban_or_rural_area": "1",
        "weather_conditions": "2",
        "geometry_source": "collision_location",
        "source_year": 2025,
        "date_iso": "2025-11-28"
      }
    },
    {
      "type": "Feature",
      "id": "2025131599991",
      "geometry": {
        "type": "Point",
        "coordinates": [
          -1.89736,
          53.75055
        ]
      },
      "properties": {
        "carriageway_hazards": "0",
        "carriageway_hazards_historic": "-1",
        "collision_adjusted_severity_serious": "0",
        "collision_adjusted_severity_slight": "1",
        "collision_index": "2025131599991",
        "collision_injury_based": "1",
        "collision_ref_no": "131599991",
        "collision_severity": "3",
        "collision_year": 2025,
        "date": "07/06/2025",
        "day_of_week": "7",
        "did_police_officer_attend_scene_of_accident": "1",
        "enhanced_severity_collision": "3",
        "first_road_class": "6",
        "first_road_number": "0",
        "junction_control": "4",
        "junction_detail": "13",
        "junction_detail_historic": "-1",
        "latitude": "53.75055",
        "light_conditions": "1",
        "local_authority_district": "-1",
        "local_authority_highway": "E08000033",
        "local_authority_highway_current": "E08000033",
        "local_authority_ons_district": "E08000033",
        "location_easting_osgr": "406866",
        "location_northing_osgr": "428247",
        "longitude": "-1.89736",
        "lsoa_of_accident_location": "E01010916",
        "number_of_casualties": 1,
        "number_of_vehicles": 2,
        "pedestrian_crossing": "0",
        "pedestrian_crossing_human_control_historic": "-1",
        "pedestrian_crossing_physical_facilities_historic": "-1",
        "police_force": "13",
        "road_surface_conditions": "1",
        "road_type": "6",
        "second_road_class": "6",
        "second_road_number": "0",
        "special_conditions_at_site": "-1",
        "speed_limit": 20,
        "time": "19:00",
        "trunk_road_flag": "2",
        "urban_or_rural_area": "1",
        "weather_conditions": "1",
        "geometry_source": "collision_location",
        "source_year": 2025,
        "date_iso": "2025-06-07"
      }
    },
    {
      "type": "Feature",
      "id": "2025131578476",
      "geometry": {
        "type": "Point",
        "coordinates": [
          -1.98258,
          53.73061
        ]
      },
      "properties": {
        "carriageway_hazards": "0",
        "carriageway_hazards_historic": "-1",
        "collision_adjusted_severity_serious": "0",
        "collision_adjusted_severity_slight": "1",
        "collision_index": "2025131578476",
        "collision_injury_based": "1",
        "collision_ref_no": "131578476",
        "collision_severity": "3",
        "collision_year": 2025,
        "date": "16/04/2025",
        "day_of_week": "4",
        "did_police_officer_attend_scene_of_accident": "1",
        "enhanced_severity_collision": "3",
        "first_road_class": "4",
        "first_road_number": "6138",
        "junction_control": "3",
        "junction_detail": "13",
        "junction_detail_historic": "-1",
        "latitude": "53.73061",
        "light_conditions": "1",
        "local_authority_district": "-1",
        "local_authority_highway": "E08000033",
        "local_authority_highway_current": "E08000033",
        "local_authority_ons_district": "E08000033",
        "location_easting_osgr": "401247",
        "location_northing_osgr": "426024",
        "longitude": "-1.98258",
        "lsoa_of_accident_location": "E01010919",
        "number_of_casualties": 1,
        "number_of_vehicles": 2,
        "pedestrian_crossing": "0",
        "pedestrian_crossing_human_control_historic": "-1",
        "pedestrian_crossing_physical_facilities_historic": "-1",
        "police_force": "13",
        "road_surface_conditions": "2",
        "road_type": "6",
        "second_road_class": "3",
        "second_road_number": "646",
        "special_conditions_at_site": "-1",
        "speed_limit": 20,
        "time": "06:11",
        "trunk_road_flag": "2",
        "urban_or_rural_area": "2",
        "weather_conditions": "2",
        "geometry_source": "collision_location",
        "source_year": 2025,
        "date_iso": "2025-04-16"
      }
    },
    {
      "type": "Feature",
      "id": "2025131589015",
      "geometry": {
        "type": "Point",
        "coordinates": [
          -1.88268,
          53.71381
        ]
      },
      "properties": {
        "carriageway_hazards": "0",
        "carriageway_hazards_historic": "-1",
        "collision_adjusted_severity_serious": "0",
        "collision_adjusted_severity_slight": "1",
        "collision_index": "2025131589015",
        "collision_injury_based": "1",
        "collision_ref_no": "131589015",
        "collision_severity": "3",
        "collision_year": 2025,
        "date": "12/05/2025",
        "day_of_week": "2",
        "did_police_officer_attend_scene_of_accident": "1",
        "enhanced_severity_collision": "3",
        "first_road_class": "3",
        "first_road_number": "646",
        "junction_control": "-1",
        "junction_detail": "0",
        "junction_detail_historic": "-1",
        "latitude": "53.71381",
        "light_conditions": "1",
        "local_authority_district": "-1",
        "local_authority_highway": "E08000033",
        "local_authority_highway_current": "E08000033",
        "local_authority_ons_district": "E08000033",
        "location_easting_osgr": "407841",
        "location_northing_osgr": "424161",
        "longitude": "-1.88268",
        "lsoa_of_accident_location": "E01010970",
        "number_of_casualties": 1,
        "number_of_vehicles": 2,
        "pedestrian_crossing": "0",
        "pedestrian_crossing_human_control_historic": "-1",
        "pedestrian_crossing_physical_facilities_historic": "-1",
        "police_force": "13",
        "road_surface_conditions": "1",
        "road_type": "3",
        "second_road_class": "3",
        "second_road_number": "58",
        "special_conditions_at_site": "-1",
        "speed_limit": 30,
        "time": "17:00",
        "trunk_road_flag": "2",
        "urban_or_rural_area": "1",
        "weather_conditions": "1",
        "geometry_source": "collision_location",
        "source_year": 2025,
        "date_iso": "2025-05-12"
      }
    },
    {
      "type": "Feature",
      "id": "2025131604142",
      "geometry": {
        "type": "Point",
        "coordinates": [
          -1.75177,
          53.69483
        ]
      },
      "properties": {
        "carriageway_hazards": "0",
        "carriageway_hazards_historic": "-1",
        "collision_adjusted_severity_serious": "0",
        "collision_adjusted_severity_slight": "1",
        "collision_index": "2025131604142",
        "collision_injury_based": "1",
        "collision_ref_no": "131604142",
        "collision_severity": "3",
        "collision_year": 2025,
        "date": "17/06/2025",
        "day_of_week": "3",
        "did_police_officer_attend_scene_of_accident": "2",
        "enhanced_severity_collision": "3",
        "first_road_class": "3",
        "first_road_number": "644",
        "junction_control": "-1",
        "junction_detail": "0",
        "junction_detail_historic": "-1",
        "latitude": "53.69483",
        "light_conditions": "1",
        "local_authority_district": "-1",
        "local_authority_highway": "E08000033",
        "local_authority_highway_current": "E08000033",
        "local_authority_ons_district": "E08000033",
        "location_easting_osgr": "416488",
        "location_northing_osgr": "422072",
        "longitude": "-1.75177",
        "lsoa_of_accident_location": "E01010879",
        "number_of_casualties": 1,
        "number_of_vehicles": 2,
        "pedestrian_crossing": "0",
        "pedestrian_crossing_human_control_historic": "-1",
        "pedestrian_crossing_physical_facilities_historic": "-1",
        "police_force": "13",
        "road_surface_conditions": "1",
        "road_type": "1",
        "second_road_class": "0",
        "second_road_number": "-1",
        "special_conditions_at_site": "-1",
        "speed_limit": 50,
        "time": "14:03",
        "trunk_road_flag": "2",
        "urban_or_rural_area": "2",
        "weather_conditions": "1",
        "geometry_source": "collision_location",
        "source_year": 2025,
        "date_iso": "2025-06-17"
      }
    },
    {
      "type": "Feature",
      "id": "2025131621260",
      "geometry": {
        "type": "Point",
        "coordinates": [
          -1.85408,
          53.72389
        ]
      },
      "properties": {
        "carriageway_hazards": "0",
        "carriageway_hazards_historic": "-1",
        "collision_adjusted_severity_serious": "0",
        "collision_adjusted_severity_slight": "1",
        "collision_index": "2025131621260",
        "collision_injury_based": "1",
        "collision_ref_no": "131621260",
        "collision_severity": "3",
        "collision_year": 2025,
        "date": "26/07/2025",
        "day_of_week": "7",
        "did_police_officer_attend_scene_of_accident": "1",
        "enhanced_severity_collision": "3",
        "first_road_class": "6",
        "first_road_number": "0",
        "junction_control": "-1",
        "junction_detail": "0",
        "junction_detail_historic": "-1",
        "latitude": "53.72389",
        "light_conditions": "4",
        "local_authority_district": "-1",
        "local_authority_highway": "E08000033",
        "local_authority_highway_current": "E08000033",
        "local_authority_ons_district": "E08000033",
        "location_easting_osgr": "409726",
        "location_northing_osgr": "425286",
        "longitude": "-1.85408",
        "lsoa_of_accident_location": "E01034582",
        "number_of_casualties": 1,
        "number_of_vehicles": 2,
        "pedestrian_crossing": "0",
        "pedestrian_crossing_human_control_historic": "-1",
        "pedestrian_crossing_physical_facilities_historic": "-1",
        "police_force": "13",
        "road_surface_conditions": "1",
        "road_type": "6",
        "second_road_class": "6",
        "second_road_number": "0",
        "special_conditions_at_site": "-1",
        "speed_limit": 30,
        "time": "22:26",
        "trunk_road_flag": "2",
        "urban_or_rural_area": "1",
        "weather_conditions": "1",
        "geometry_source": "collision_location",
        "source_year": 2025,
        "date_iso": "2025-07-26"
      }
    },
    {
      "type": "Feature",
      "id": "2025131556129",
      "geometry": {
        "type": "Point",
        "coordinates": [
          -1.87925,
          53.73108
        ]
      },
      "properties": {
        "carriageway_hazards": "0",
        "carriageway_hazards_historic": "-1",
        "collision_adjusted_severity_serious": "1",
        "collision_adjusted_severity_slight": "0",
        "collision_index": "2025131556129",
        "collision_injury_based": "1",
        "collision_ref_no": "131556129",
        "collision_severity": "2",
        "collision_year": 2025,
        "date": "18/02/2025",
        "day_of_week": "3",
        "did_police_officer_attend_scene_of_accident": "1",
        "enhanced_severity_collision": "5",
        "first_road_class": "6",
        "first_road_number": "0",
        "junction_control": "-1",
        "junction_detail": "0",
        "junction_detail_historic": "-1",
        "latitude": "53.73108",
        "light_conditions": "4",
        "local_authority_district": "-1",
        "local_authority_highway": "E08000033",
        "local_authority_highway_current": "E08000033",
        "local_authority_ons_district": "E08000033",
        "location_easting_osgr": "408064",
        "location_northing_osgr": "426083",
        "longitude": "-1.87925",
        "lsoa_of_accident_location": "E01010961",
        "number_of_casualties": 1,
        "number_of_vehicles": 3,
        "pedestrian_crossing": "0",
        "pedestrian_crossing_human_control_historic": "-1",
        "pedestrian_crossing_physical_facilities_historic": "-1",
        "police_force": "13",
        "road_surface_conditions": "2",
        "road_type": "6",
        "second_road_class": "6",
        "second_road_number": "0",
        "special_conditions_at_site": "-1",
        "speed_limit": 30,
        "time": "19:57",
        "trunk_road_flag": "2",
        "urban_or_rural_area": "1",
        "weather_conditions": "1",
        "geometry_source": "collision_location",
        "source_year": 2025,
        "date_iso": "2025-02-18"
      }
    },
    {
      "type": "Feature",
      "id": "2025131619179",
      "geometry": {
        "type": "Point",
        "coordinates": [
          -1.74309,
          53.70292
        ]
      },
      "properties": {
        "carriageway_hazards": "0",
        "carriageway_hazards_historic": "-1",
        "collision_adjusted_severity_serious": "0",
        "collision_adjusted_severity_slight": "1",
        "collision_index": "2025131619179",
        "collision_injury_based": "1",
        "collision_ref_no": "131619179",
        "collision_severity": "3",
        "collision_year": 2025,
        "date": "20/07/2025",
        "day_of_week": "1",
        "did_police_officer_attend_scene_of_accident": "2",
        "enhanced_severity_collision": "3",
        "first_road_class": "1",
        "first_road_number": "62",
        "junction_control": "-1",
        "junction_detail": "0",
        "junction_detail_historic": "-1",
        "latitude": "53.70292",
        "light_conditions": "4",
        "local_authority_district": "-1",
        "local_authority_highway": "E08000033",
        "local_authority_highway_current": "E08000033",
        "local_authority_ons_district": "E08000033",
        "location_easting_osgr": "417058",
        "location_northing_osgr": "422974",
        "longitude": "-1.74309",
        "lsoa_of_accident_location": "E01010879",
        "number_of_casualties": 2,
        "number_of_vehicles": 2,
        "pedestrian_crossing": "0",
        "pedestrian_crossing_human_control_historic": "-1",
        "pedestrian_crossing_physical_facilities_historic": "-1",
        "police_force": "13",
        "road_surface_conditions": "2",
        "road_type": "3",
        "second_road_class": "0",
        "second_road_number": "-1",
        "special_conditions_at_site": "-1",
        "speed_limit": 70,
        "time": "22:02",
        "trunk_road_flag": "1",
        "urban_or_rural_area": "2",
        "weather_conditions": "2",
        "geometry_source": "collision_location",
        "source_year": 2025,
        "date_iso": "2025-07-20"
      }
    },
    {
      "type": "Feature",
      "id": "2025131636568",
      "geometry": {
        "type": "Point",
        "coordinates": [
          -2.15154,
          53.7312
        ]
      },
      "properties": {
        "carriageway_hazards": "0",
        "carriageway_hazards_historic": "-1",
        "collision_adjusted_severity_serious": "1",
        "collision_adjusted_severity_slight": "0",
        "collision_index": "2025131636568",
        "collision_injury_based": "1",
        "collision_ref_no": "131636568",
        "collision_severity": "2",
        "collision_year": 2025,
        "date": "02/09/2025",
        "day_of_week": "3",
        "did_police_officer_attend_scene_of_accident": "1",
        "enhanced_severity_collision": "5",
        "first_road_class": "3",
        "first_road_number": "646",
        "junction_control": "4",
        "junction_detail": "13",
        "junction_detail_historic": "-1",
        "latitude": "53.7312",
        "light_conditions": "1",
        "local_authority_district": "-1",
        "local_authority_highway": "E08000033",
        "local_authority_highway_current": "E08000033",
        "local_authority_ons_district": "E08000033",
        "location_easting_osgr": "390100",
        "location_northing_osgr": "426100",
        "longitude": "-2.15154",
        "lsoa_of_accident_location": "E01010986",
        "number_of_casualties": 1,
        "number_of_vehicles": 1,
        "pedestrian_crossing": "0",
        "pedestrian_crossing_human_control_historic": "-1",
        "pedestrian_crossing_physical_facilities_historic": "-1",
        "police_force": "13",
        "road_surface_conditions": "1",
        "road_type": "6",
        "second_road_class": "6",
        "second_road_number": "0",
        "special_conditions_at_site": "-1",
        "speed_limit": 30,
        "time": "18:57",
        "trunk_road_flag": "2",
        "urban_or_rural_area": "2",
        "weather_conditions": "1",
        "geometry_source": "collision_location",
        "source_year": 2025,
        "date_iso": "2025-09-02"
      }
    },
    {
      "type": "Feature",
      "id": "2025131687931",
      "geometry": {
        "type": "Point",
        "coordinates": [
          -1.82645,
          53.68719
        ]
      },
      "properties": {
        "carriageway_hazards": "0",
        "carriageway_hazards_historic": "-1",
        "collision_adjusted_severity_serious": "0",
        "collision_adjusted_severity_slight": "1",
        "collision_index": "2025131687931",
        "collision_injury_based": "1",
        "collision_ref_no": "131687931",
        "collision_severity": "3",
        "collision_year": 2025,
        "date": "25/12/2025",
        "day_of_week": "5",
        "did_police_officer_attend_scene_of_accident": "1",
        "enhanced_severity_collision": "3",
        "first_road_class": "6",
        "first_road_number": "0",
        "junction_control": "4",
        "junction_detail": "16",
        "junction_detail_historic": "-1",
        "latitude": "53.68719",
        "light_conditions": "1",
        "local_authority_district": "-1",
        "local_authority_highway": "E08000033",
        "local_authority_highway_current": "E08000033",
        "local_authority_ons_district": "E08000033",
        "location_easting_osgr": "411559",
        "location_northing_osgr": "421207",
        "longitude": "-1.82645",
        "lsoa_of_accident_location": "E01010890",
        "number_of_casualties": 1,
        "number_of_vehicles": 2,
        "pedestrian_crossing": "0",
        "pedestrian_crossing_human_control_historic": "-1",
        "pedestrian_crossing_physical_facilities_historic": "-1",
        "police_force": "13",
        "road_surface_conditions": "1",
        "road_type": "6",
        "second_road_class": "6",
        "second_road_number": "0",
        "special_conditions_at_site": "-1",
        "speed_limit": 20,
        "time": "14:07",
        "trunk_road_flag": "2",
        "urban_or_rural_area": "1",
        "weather_conditions": "1",
        "geometry_source": "collision_location",
        "source_year": 2025,
        "date_iso": "2025-12-25"
      }
    },
    {
      "type": "Feature",
      "id": "2025131637778",
      "geometry": {
        "type": "Point",
        "coordinates": [
          -1.89603,
          53.7286
        ]
      },
      "properties": {
        "carriageway_hazards": "0",
        "carriageway_hazards_historic": "-1",
        "collision_adjusted_severity_serious": "1",
        "collision_adjusted_severity_slight": "0",
        "collision_index": "2025131637778",
        "collision_injury_based": "1",
        "collision_ref_no": "131637778",
        "collision_severity": "2",
        "collision_year": 2025,
        "date": "05/09/2025",
        "day_of_week": "6",
        "did_police_officer_attend_scene_of_accident": "1",
        "enhanced_severity_collision": "7",
        "first_road_class": "6",
        "first_road_number": "0",
        "junction_control": "-1",
        "junction_detail": "0",
        "junction_detail_historic": "-1",
        "latitude": "53.7286",
        "light_conditions": "1",
        "local_authority_district": "-1",
        "local_authority_highway": "E08000033",
        "local_authority_highway_current": "E08000033",
        "local_authority_ons_district": "E08000033",
        "location_easting_osgr": "406957",
        "location_northing_osgr": "425805",
        "longitude": "-1.89603",
        "lsoa_of_accident_location": "E01010930",
        "number_of_casualties": 1,
        "number_of_vehicles": 1,
        "pedestrian_crossing": "0",
        "pedestrian_crossing_human_control_historic": "-1",
        "pedestrian_crossing_physical_facilities_historic": "-1",
        "police_force": "13",
        "road_surface_conditions": "1",
        "road_type": "6",
        "second_road_class": "6",
        "second_road_number": "0",
        "special_conditions_at_site": "-1",
        "speed_limit": 20,
        "time": "10:22",
        "trunk_road_flag": "2",
        "urban_or_rural_area": "1",
        "weather_conditions": "1",
        "geometry_source": "collision_location",
        "source_year": 2025,
        "date_iso": "2025-09-05"
      }
    },
    {
      "type": "Feature",
      "id": "2025131677845",
      "geometry": {
        "type": "Point",
        "coordinates": [
          -1.89578,
          53.76428
        ]
      },
      "properties": {
        "carriageway_hazards": "0",
        "carriageway_hazards_historic": "-1",
        "collision_adjusted_severity_serious": "1",
        "collision_adjusted_severity_slight": "0",
        "collision_index": "2025131677845",
        "collision_injury_based": "1",
        "collision_ref_no": "131677845",
        "collision_severity": "2",
        "collision_year": 2025,
        "date": "03/12/2025",
        "day_of_week": "4",
        "did_police_officer_attend_scene_of_accident": "1",
        "enhanced_severity_collision": "5",
        "first_road_class": "3",
        "first_road_number": "629",
        "junction_control": "4",
        "junction_detail": "16",
        "junction_detail_historic": "-1",
        "latitude": "53.76428",
        "light_conditions": "1",
        "local_authority_district": "-1",
        "local_authority_highway": "E08000033",
        "local_authority_highway_current": "E08000033",
        "local_authority_ons_district": "E08000033",
        "location_easting_osgr": "406968",
        "location_northing_osgr": "429775",
        "longitude": "-1.89578",
        "lsoa_of_accident_location": "E01010925",
        "number_of_casualties": 1,
        "number_of_vehicles": 2,
        "pedestrian_crossing": "0",
        "pedestrian_crossing_human_control_historic": "-1",
        "pedestrian_crossing_physical_facilities_historic": "-1",
        "police_force": "13",
        "road_surface_conditions": "1",
        "road_type": "6",
        "second_road_class": "6",
        "second_road_number": "0",
        "special_conditions_at_site": "-1",
        "speed_limit": 50,
        "time": "21:33",
        "trunk_road_flag": "2",
        "urban_or_rural_area": "2",
        "weather_conditions": "1",
        "geometry_source": "collision_location",
        "source_year": 2025,
        "date_iso": "2025-12-03"
      }
    },
    {
      "type": "Feature",
      "id": "2025131677155",
      "geometry": {
        "type": "Point",
        "coordinates": [
          -1.88418,
          53.72266
        ]
      },
      "properties": {
        "carriageway_hazards": "0",
        "carriageway_hazards_historic": "-1",
        "collision_adjusted_severity_serious": "0",
        "collision_adjusted_severity_slight": "1",
        "collision_index": "2025131677155",
        "collision_injury_based": "1",
        "collision_ref_no": "131677155",
        "collision_severity": "3",
        "collision_year": 2025,
        "date": "01/12/2025",
        "day_of_week": "2",
        "did_police_officer_attend_scene_of_accident": "2",
        "enhanced_severity_collision": "3",
        "first_road_class": "6",
        "first_road_number": "0",
        "junction_control": "4",
        "junction_detail": "19",
        "junction_detail_historic": "-1",
        "latitude": "53.72266",
        "light_conditions": "4",
        "local_authority_district": "-1",
        "local_authority_highway": "E08000033",
        "local_authority_highway_current": "E08000033",
        "local_authority_ons_district": "E08000033",
        "location_easting_osgr": "407740",
        "location_northing_osgr": "425146",
        "longitude": "-1.88418",
        "lsoa_of_accident_location": "E01010964",
        "number_of_casualties": 1,
        "number_of_vehicles": 1,
        "pedestrian_crossing": "0",
        "pedestrian_crossing_human_control_historic": "-1",
        "pedestrian_crossing_physical_facilities_historic": "-1",
        "police_force": "13",
        "road_surface_conditions": "2",
        "road_type": "6",
        "second_road_class": "6",
        "second_road_number": "0",
        "special_conditions_at_site": "-1",
        "speed_limit": 30,
        "time": "16:15",
        "trunk_road_flag": "2",
        "urban_or_rural_area": "1",
        "weather_conditions": "2",
        "geometry_source": "collision_location",
        "source_year": 2025,
        "date_iso": "2025-12-01"
      }
    },
    {
      "type": "Feature",
      "id": "2025131687746",
      "geometry": {
        "type": "Point",
        "coordinates": [
          -1.88257,
          53.72266
        ]
      },
      "properties": {
        "carriageway_hazards": "0",
        "carriageway_hazards_historic": "-1",
        "collision_adjusted_severity_serious": "0",
        "collision_adjusted_severity_slight": "1",
        "collision_index": "2025131687746",
        "collision_injury_based": "1",
        "collision_ref_no": "131687746",
        "collision_severity": "3",
        "collision_year": 2025,
        "date": "13/12/2025",
        "day_of_week": "7",
        "did_police_officer_attend_scene_of_accident": "2",
        "enhanced_severity_collision": "3",
        "first_road_class": "6",
        "first_road_number": "0",
        "junction_control": "4",
        "junction_detail": "13",
        "junction_detail_historic": "-1",
        "latitude": "53.72266",
        "light_conditions": "1",
        "local_authority_district": "-1",
        "local_authority_highway": "E08000033",
        "local_authority_highway_current": "E08000033",
        "local_authority_ons_district": "E08000033",
        "location_easting_osgr": "407846",
        "location_northing_osgr": "425146",
        "longitude": "-1.88257",
        "lsoa_of_accident_location": "E01010964",
        "number_of_casualties": 1,
        "number_of_vehicles": 2,
        "pedestrian_crossing": "0",
        "pedestrian_crossing_human_control_historic": "-1",
        "pedestrian_crossing_physical_facilities_historic": "-1",
        "police_force": "13",
        "road_surface_conditions": "1",
        "road_type": "6",
        "second_road_class": "6",
        "second_road_number": "0",
        "special_conditions_at_site": "-1",
        "speed_limit": 30,
        "time": "12:40",
        "trunk_road_flag": "2",
        "urban_or_rural_area": "1",
        "weather_conditions": "1",
        "geometry_source": "collision_location",
        "source_year": 2025,
        "date_iso": "2025-12-13"
      }
    },
    {
      "type": "Feature",
      "id": "2025131540001",
      "geometry": {
        "type": "Point",
        "coordinates": [
          -2.12555,
          53.7092
        ]
      },
      "properties": {
        "carriageway_hazards": "0",
        "carriageway_hazards_historic": "-1",
        "collision_adjusted_severity_serious": "0",
        "collision_adjusted_severity_slight": "1",
        "collision_index": "2025131540001",
        "collision_injury_based": "1",
        "collision_ref_no": "131540001",
        "collision_severity": "3",
        "collision_year": 2025,
        "date": "10/01/2025",
        "day_of_week": "6",
        "did_police_officer_attend_scene_of_accident": "1",
        "enhanced_severity_collision": "3",
        "first_road_class": "3",
        "first_road_number": "681",
        "junction_control": "-1",
        "junction_detail": "0",
        "junction_detail_historic": "-1",
        "latitude": "53.7092",
        "light_conditions": "6",
        "local_authority_district": "-1",
        "local_authority_highway": "E08000033",
        "local_authority_highway_current": "E08000033",
        "local_authority_ons_district": "E08000033",
        "location_easting_osgr": "391810",
        "location_northing_osgr": "423649",
        "longitude": "-2.12555",
        "lsoa_of_accident_location": "E01010985",
        "number_of_casualties": 1,
        "number_of_vehicles": 1,
        "pedestrian_crossing": "0",
        "pedestrian_crossing_human_control_historic": "-1",
        "pedestrian_crossing_physical_facilities_historic": "-1",
        "police_force": "13",
        "road_surface_conditions": "3",
        "road_type": "6",
        "second_road_class": "0",
        "second_road_number": "-1",
        "special_conditions_at_site": "-1",
        "speed_limit": 60,
        "time": "20:08",
        "trunk_road_flag": "2",
        "urban_or_rural_area": "2",
        "weather_conditions": "3",
        "geometry_source": "collision_location",
        "source_year": 2025,
        "date_iso": "2025-01-10"
      }
    },
    {
      "type": "Feature",
      "id": "2025131556371",
      "geometry": {
        "type": "Point",
        "coordinates": [
          -1.85897,
          53.71041
        ]
      },
      "properties": {
        "carriageway_hazards": "0",
        "carriageway_hazards_historic": "-1",
        "collision_adjusted_severity_serious": "0",
        "collision_adjusted_severity_slight": "1",
        "collision_index": "2025131556371",
        "collision_injury_based": "1",
        "collision_ref_no": "131556371",
        "collision_severity": "3",
        "collision_year": 2025,
        "date": "20/02/2025",
        "day_of_week": "5",
        "did_police_officer_attend_scene_of_accident": "1",
        "enhanced_severity_collision": "3",
        "first_road_class": "3",
        "first_road_number": "629",
        "junction_control": "4",
        "junction_detail": "19",
        "junction_detail_historic": "-1",
        "latitude": "53.71041",
        "light_conditions": "1",
        "local_authority_district": "-1",
        "local_authority_highway": "E08000033",
        "local_authority_highway_current": "E08000033",
        "local_authority_ons_district": "E08000033",
        "location_easting_osgr": "409406",
        "location_northing_osgr": "423786",
        "longitude": "-1.85897",
        "lsoa_of_accident_location": "E01010968",
        "number_of_casualties": 2,
        "number_of_vehicles": 2,
        "pedestrian_crossing": "0",
        "pedestrian_crossing_human_control_historic": "-1",
        "pedestrian_crossing_physical_facilities_historic": "-1",
        "police_force": "13",
        "road_surface_conditions": "2",
        "road_type": "6",
        "second_road_class": "6",
        "second_road_number": "0",
        "special_conditions_at_site": "-1",
        "speed_limit": 30,
        "time": "12:10",
        "trunk_road_flag": "2",
        "urban_or_rural_area": "1",
        "weather_conditions": "1",
        "geometry_source": "collision_location",
        "source_year": 2025,
        "date_iso": "2025-02-20"
      }
    },
    {
      "type": "Feature",
      "id": "2025131625807",
      "geometry": {
        "type": "Point",
        "coordinates": [
          -1.77614,
          53.72269
        ]
      },
      "properties": {
        "carriageway_hazards": "0",
        "carriageway_hazards_historic": "-1",
        "collision_adjusted_severity_serious": "0",
        "collision_adjusted_severity_slight": "1",
        "collision_index": "2025131625807",
        "collision_injury_based": "1",
        "collision_ref_no": "131625807",
        "collision_severity": "3",
        "collision_year": 2025,
        "date": "06/08/2025",
        "day_of_week": "4",
        "did_police_officer_attend_scene_of_accident": "2",
        "enhanced_severity_collision": "3",
        "first_road_class": "3",
        "first_road_number": "641",
        "junction_control": "2",
        "junction_detail": "16",
        "junction_detail_historic": "-1",
        "latitude": "53.72269",
        "light_conditions": "1",
        "local_authority_district": "-1",
        "local_authority_highway": "E08000033",
        "local_authority_highway_current": "E08000033",
        "local_authority_ons_district": "E08000033",
        "location_easting_osgr": "414869",
        "location_northing_osgr": "425166",
        "longitude": "-1.77614",
        "lsoa_of_accident_location": "E01010908",
        "number_of_casualties": 1,
        "number_of_vehicles": 2,
        "pedestrian_crossing": "0",
        "pedestrian_crossing_human_control_historic": "-1",
        "pedestrian_crossing_physical_facilities_historic": "-1",
        "police_force": "13",
        "road_surface_conditions": "1",
        "road_type": "6",
        "second_road_class": "3",
        "second_road_number": "649",
        "special_conditions_at_site": "-1",
        "speed_limit": 30,
        "time": "17:00",
        "trunk_road_flag": "2",
        "urban_or_rural_area": "1",
        "weather_conditions": "1",
        "geometry_source": "collision_location",
        "source_year": 2025,
        "date_iso": "2025-08-06"
      }
    },
    {
      "type": "Feature",
      "id": "2025131646572",
      "geometry": {
        "type": "Point",
        "coordinates": [
          -1.81272,
          53.7549
        ]
      },
      "properties": {
        "carriageway_hazards": "0",
        "carriageway_hazards_historic": "-1",
        "collision_adjusted_severity_serious": "0",
        "collision_adjusted_severity_slight": "1",
        "collision_index": "2025131646572",
        "collision_injury_based": "1",
        "collision_ref_no": "131646572",
        "collision_severity": "3",
        "collision_year": 2025,
        "date": "25/09/2025",
        "day_of_week": "5",
        "did_police_officer_attend_scene_of_accident": "1",
        "enhanced_severity_collision": "3",
        "first_road_class": "3",
        "first_road_number": "6036",
        "junction_control": "4",
        "junction_detail": "19",
        "junction_detail_historic": "-1",
        "latitude": "53.7549",
        "light_conditions": "1",
        "local_authority_district": "-1",
        "local_authority_highway": "E08000033",
        "local_authority_highway_current": "E08000033",
        "local_authority_ons_district": "E08000033",
        "location_easting_osgr": "412446",
        "location_northing_osgr": "428743",
        "longitude": "-1.81272",
        "lsoa_of_accident_location": "E01010933",
        "number_of_casualties": 1,
        "number_of_vehicles": 2,
        "pedestrian_crossing": "0",
        "pedestrian_crossing_human_control_historic": "-1",
        "pedestrian_crossing_physical_facilities_historic": "-1",
        "police_force": "13",
        "road_surface_conditions": "1",
        "road_type": "6",
        "second_road_class": "6",
        "second_road_number": "0",
        "special_conditions_at_site": "-1",
        "speed_limit": 30,
        "time": "17:00",
        "trunk_road_flag": "2",
        "urban_or_rural_area": "1",
        "weather_conditions": "1",
        "geometry_source": "collision_location",
        "source_year": 2025,
        "date_iso": "2025-09-25"
      }
    },
    {
      "type": "Feature",
      "id": "2025131637842",
      "geometry": {
        "type": "Point",
        "coordinates": [
          -1.86722,
          53.73774
        ]
      },
      "properties": {
        "carriageway_hazards": "0",
        "carriageway_hazards_historic": "-1",
        "collision_adjusted_severity_serious": "1",
        "collision_adjusted_severity_slight": "0",
        "collision_index": "2025131637842",
        "collision_injury_based": "1",
        "collision_ref_no": "131637842",
        "collision_severity": "2",
        "collision_year": 2025,
        "date": "04/09/2025",
        "day_of_week": "5",
        "did_police_officer_attend_scene_of_accident": "1",
        "enhanced_severity_collision": "7",
        "first_road_class": "3",
        "first_road_number": "647",
        "junction_control": "4",
        "junction_detail": "19",
        "junction_detail_historic": "-1",
        "latitude": "53.73774",
        "light_conditions": "1",
        "local_authority_district": "-1",
        "local_authority_highway": "E08000033",
        "local_authority_highway_current": "E08000033",
        "local_authority_ons_district": "E08000033",
        "location_easting_osgr": "408856",
        "location_northing_osgr": "426825",
        "longitude": "-1.86722",
        "lsoa_of_accident_location": "E01010967",
        "number_of_casualties": 1,
        "number_of_vehicles": 2,
        "pedestrian_crossing": "0",
        "pedestrian_crossing_human_control_historic": "-1",
        "pedestrian_crossing_physical_facilities_historic": "-1",
        "police_force": "13",
        "road_surface_conditions": "5",
        "road_type": "6",
        "second_road_class": "6",
        "second_road_number": "0",
        "special_conditions_at_site": "-1",
        "speed_limit": 30,
        "time": "07:35",
        "trunk_road_flag": "2",
        "urban_or_rural_area": "1",
        "weather_conditions": "1",
        "geometry_source": "collision_location",
        "source_year": 2025,
        "date_iso": "2025-09-04"
      }
    },
    {
      "type": "Feature",
      "id": "2025131650833",
      "geometry": {
        "type": "Point",
        "coordinates": [
          -1.8049,
          53.75763
        ]
      },
      "properties": {
        "carriageway_hazards": "0",
        "carriageway_hazards_historic": "-1",
        "collision_adjusted_severity_serious": "0",
        "collision_adjusted_severity_slight": "1",
        "collision_index": "2025131650833",
        "collision_injury_based": "1",
        "collision_ref_no": "131650833",
        "collision_severity": "3",
        "collision_year": 2025,
        "date": "06/10/2025",
        "day_of_week": "2",
        "did_police_officer_attend_scene_of_accident": "1",
        "enhanced_severity_collision": "3",
        "first_road_class": "4",
        "first_road_number": "6147",
        "junction_control": "4",
        "junction_detail": "-1",
        "junction_detail_historic": "-1",
        "latitude": "53.75763",
        "light_conditions": "1",
        "local_authority_district": "-1",
        "local_authority_highway": "E08000033",
        "local_authority_highway_current": "E08000033",
        "local_authority_ons_district": "E08000033",
        "location_easting_osgr": "412961",
        "location_northing_osgr": "429048",
        "longitude": "-1.8049",
        "lsoa_of_accident_location": "E01010932",
        "number_of_casualties": 1,
        "number_of_vehicles": 2,
        "pedestrian_crossing": "0",
        "pedestrian_crossing_human_control_historic": "-1",
        "pedestrian_crossing_physical_facilities_historic": "-1",
        "police_force": "13",
        "road_surface_conditions": "1",
        "road_type": "1",
        "second_road_class": "6",
        "second_road_number": "0",
        "special_conditions_at_site": "-1",
        "speed_limit": 30,
        "time": "11:16",
        "trunk_road_flag": "2",
        "urban_or_rural_area": "1",
        "weather_conditions": "1",
        "geometry_source": "collision_location",
        "source_year": 2025,
        "date_iso": "2025-10-06"
      }
    },
    {
      "type": "Feature",
      "id": "2025131574113",
      "geometry": {
        "type": "Point",
        "coordinates": [
          -1.9485,
          53.73258
        ]
      },
      "properties": {
        "carriageway_hazards": "0",
        "carriageway_hazards_historic": "-1",
        "collision_adjusted_severity_serious": "0",
        "collision_adjusted_severity_slight": "1",
        "collision_index": "2025131574113",
        "collision_injury_based": "1",
        "collision_ref_no": "131574113",
        "collision_severity": "3",
        "collision_year": 2025,
        "date": "05/04/2025",
        "day_of_week": "7",
        "did_police_officer_attend_scene_of_accident": "1",
        "enhanced_severity_collision": "3",
        "first_road_class": "6",
        "first_road_number": "0",
        "junction_control": "4",
        "junction_detail": "13",
        "junction_detail_historic": "-1",
        "latitude": "53.73258",
        "light_conditions": "1",
        "local_authority_district": "-1",
        "local_authority_highway": "E08000033",
        "local_authority_highway_current": "E08000033",
        "local_authority_ons_district": "E08000033",
        "location_easting_osgr": "403495",
        "location_northing_osgr": "426244",
        "longitude": "-1.9485",
        "lsoa_of_accident_location": "E01010921",
        "number_of_casualties": 1,
        "number_of_vehicles": 2,
        "pedestrian_crossing": "0",
        "pedestrian_crossing_human_control_historic": "-1",
        "pedestrian_crossing_physical_facilities_historic": "-1",
        "police_force": "13",
        "road_surface_conditions": "1",
        "road_type": "6",
        "second_road_class": "6",
        "second_road_number": "0",
        "special_conditions_at_site": "-1",
        "speed_limit": 20,
        "time": "10:57",
        "trunk_road_flag": "2",
        "urban_or_rural_area": "2",
        "weather_conditions": "1",
        "geometry_source": "collision_location",
        "source_year": 2025,
        "date_iso": "2025-04-05"
      }
    },
    {
      "type": "Feature",
      "id": "2025131577850",
      "geometry": {
        "type": "Point",
        "coordinates": [
          -1.91264,
          53.70754
        ]
      },
      "properties": {
        "carriageway_hazards": "0",
        "carriageway_hazards_historic": "-1",
        "collision_adjusted_severity_serious": "0",
        "collision_adjusted_severity_slight": "1",
        "collision_index": "2025131577850",
        "collision_injury_based": "1",
        "collision_ref_no": "131577850",
        "collision_severity": "3",
        "collision_year": 2025,
        "date": "14/04/2025",
        "day_of_week": "2",
        "did_police_officer_attend_scene_of_accident": "2",
        "enhanced_severity_collision": "3",
        "first_road_class": "3",
        "first_road_number": "58",
        "junction_control": "4",
        "junction_detail": "13",
        "junction_detail_historic": "-1",
        "latitude": "53.70754",
        "light_conditions": "1",
        "local_authority_district": "-1",
        "local_authority_highway": "E08000033",
        "local_authority_highway_current": "E08000033",
        "local_authority_ons_district": "E08000033",
        "location_easting_osgr": "405864",
        "location_northing_osgr": "423461",
        "longitude": "-1.91264",
        "lsoa_of_accident_location": "E01010979",
        "number_of_casualties": 1,
        "number_of_vehicles": 2,
        "pedestrian_crossing": "14",
        "pedestrian_crossing_human_control_historic": "-1",
        "pedestrian_crossing_physical_facilities_historic": "-1",
        "police_force": "13",
        "road_surface_conditions": "1",
        "road_type": "3",
        "second_road_class": "6",
        "second_road_number": "0",
        "special_conditions_at_site": "-1",
        "speed_limit": 30,
        "time": "10:25",
        "trunk_road_flag": "2",
        "urban_or_rural_area": "1",
        "weather_conditions": "1",
        "geometry_source": "collision_location",
        "source_year": 2025,
        "date_iso": "2025-04-14"
      }
    },
    {
      "type": "Feature",
      "id": "2025131585856",
      "geometry": {
        "type": "Point",
        "coordinates": [
          -1.90007,
          53.74669
        ]
      },
      "properties": {
        "carriageway_hazards": "0",
        "carriageway_hazards_historic": "-1",
        "collision_adjusted_severity_serious": "1",
        "collision_adjusted_severity_slight": "0",
        "collision_index": "2025131585856",
        "collision_injury_based": "1",
        "collision_ref_no": "131585856",
        "collision_severity": "2",
        "collision_year": 2025,
        "date": "05/05/2025",
        "day_of_week": "2",
        "did_police_officer_attend_scene_of_accident": "1",
        "enhanced_severity_collision": "5",
        "first_road_class": "6",
        "first_road_number": "0",
        "junction_control": "-1",
        "junction_detail": "0",
        "junction_detail_historic": "-1",
        "latitude": "53.74669",
        "light_conditions": "1",
        "local_authority_district": "-1",
        "local_authority_highway": "E08000033",
        "local_authority_highway_current": "E08000033",
        "local_authority_ons_district": "E08000033",
        "location_easting_osgr": "406688",
        "location_northing_osgr": "427817",
        "longitude": "-1.90007",
        "lsoa_of_accident_location": "E01010924",
        "number_of_casualties": 4,
        "number_of_vehicles": 1,
        "pedestrian_crossing": "0",
        "pedestrian_crossing_human_control_historic": "-1",
        "pedestrian_crossing_physical_facilities_historic": "-1",
        "police_force": "13",
        "road_surface_conditions": "1",
        "road_type": "6",
        "second_road_class": "6",
        "second_road_number": "0",
        "special_conditions_at_site": "-1",
        "speed_limit": 30,
        "time": "05:59",
        "trunk_road_flag": "2",
        "urban_or_rural_area": "1",
        "weather_conditions": "1",
        "geometry_source": "collision_location",
        "source_year": 2025,
        "date_iso": "2025-05-05"
      }
    },
    {
      "type": "Feature",
      "id": "2025131571835",
      "geometry": {
        "type": "Point",
        "coordinates": [
          -1.85282,
          53.72306
        ]
      },
      "properties": {
        "carriageway_hazards": "0",
        "carriageway_hazards_historic": "-1",
        "collision_adjusted_severity_serious": "0",
        "collision_adjusted_severity_slight": "1",
        "collision_index": "2025131571835",
        "collision_injury_based": "1",
        "collision_ref_no": "131571835",
        "collision_severity": "3",
        "collision_year": 2025,
        "date": "31/03/2025",
        "day_of_week": "2",
        "did_police_officer_attend_scene_of_accident": "1",
        "enhanced_severity_collision": "3",
        "first_road_class": "6",
        "first_road_number": "0",
        "junction_control": "-1",
        "junction_detail": "0",
        "junction_detail_historic": "-1",
        "latitude": "53.72306",
        "light_conditions": "1",
        "local_authority_district": "-1",
        "local_authority_highway": "E08000033",
        "local_authority_highway_current": "E08000033",
        "local_authority_ons_district": "E08000033",
        "location_easting_osgr": "409809",
        "location_northing_osgr": "425194",
        "longitude": "-1.85282",
        "lsoa_of_accident_location": "E01034582",
        "number_of_casualties": 4,
        "number_of_vehicles": 2,
        "pedestrian_crossing": "0",
        "pedestrian_crossing_human_control_historic": "-1",
        "pedestrian_crossing_physical_facilities_historic": "-1",
        "police_force": "13",
        "road_surface_conditions": "1",
        "road_type": "6",
        "second_road_class": "6",
        "second_road_number": "0",
        "special_conditions_at_site": "-1",
        "speed_limit": 20,
        "time": "15:33",
        "trunk_road_flag": "2",
        "urban_or_rural_area": "1",
        "weather_conditions": "1",
        "geometry_source": "collision_location",
        "source_year": 2025,
        "date_iso": "2025-03-31"
      }
    },
    {
      "type": "Feature",
      "id": "2025131550833",
      "geometry": {
        "type": "Point",
        "coordinates": [
          -2.09831,
          53.7129
        ]
      },
      "properties": {
        "carriageway_hazards": "0",
        "carriageway_hazards_historic": "-1",
        "collision_adjusted_severity_serious": "0",
        "collision_adjusted_severity_slight": "1",
        "collision_index": "2025131550833",
        "collision_injury_based": "1",
        "collision_ref_no": "131550833",
        "collision_severity": "3",
        "collision_year": 2025,
        "date": "04/02/2025",
        "day_of_week": "3",
        "did_police_officer_attend_scene_of_accident": "2",
        "enhanced_severity_collision": "3",
        "first_road_class": "3",
        "first_road_number": "6033",
        "junction_control": "-1",
        "junction_detail": "0",
        "junction_detail_historic": "-1",
        "latitude": "53.7129",
        "light_conditions": "7",
        "local_authority_district": "-1",
        "local_authority_highway": "E08000033",
        "local_authority_highway_current": "E08000033",
        "local_authority_ons_district": "E08000033",
        "location_easting_osgr": "393609",
        "location_northing_osgr": "424058",
        "longitude": "-2.09831",
        "lsoa_of_accident_location": "E01010983",
        "number_of_casualties": 1,
        "number_of_vehicles": 1,
        "pedestrian_crossing": "12",
        "pedestrian_crossing_human_control_historic": "-1",
        "pedestrian_crossing_physical_facilities_historic": "-1",
        "police_force": "13",
        "road_surface_conditions": "1",
        "road_type": "6",
        "second_road_class": "6",
        "second_road_number": "0",
        "special_conditions_at_site": "-1",
        "speed_limit": 30,
        "time": "20:15",
        "trunk_road_flag": "2",
        "urban_or_rural_area": "1",
        "weather_conditions": "1",
        "geometry_source": "collision_location",
        "source_year": 2025,
        "date_iso": "2025-02-04"
      }
    },
    {
      "type": "Feature",
      "id": "2025131681824",
      "geometry": {
        "type": "Point",
        "coordinates": [
          -1.74342,
          53.70415
        ]
      },
      "properties": {
        "carriageway_hazards": "0",
        "carriageway_hazards_historic": "-1",
        "collision_adjusted_severity_serious": "0",
        "collision_adjusted_severity_slight": "1",
        "collision_index": "2025131681824",
        "collision_injury_based": "1",
        "collision_ref_no": "131681824",
        "collision_severity": "3",
        "collision_year": 2025,
        "date": "12/12/2025",
        "day_of_week": "6",
        "did_police_officer_attend_scene_of_accident": "1",
        "enhanced_severity_collision": "3",
        "first_road_class": "1",
        "first_road_number": "62",
        "junction_control": "-1",
        "junction_detail": "0",
        "junction_detail_historic": "-1",
        "latitude": "53.70415",
        "light_conditions": "4",
        "local_authority_district": "-1",
        "local_authority_highway": "E08000033",
        "local_authority_highway_current": "E08000033",
        "local_authority_ons_district": "E08000033",
        "location_easting_osgr": "417036",
        "location_northing_osgr": "423110",
        "longitude": "-1.74342",
        "lsoa_of_accident_location": "E01010879",
        "number_of_casualties": 1,
        "number_of_vehicles": 5,
        "pedestrian_crossing": "0",
        "pedestrian_crossing_human_control_historic": "-1",
        "pedestrian_crossing_physical_facilities_historic": "-1",
        "police_force": "13",
        "road_surface_conditions": "1",
        "road_type": "3",
        "second_road_class": "0",
        "second_road_number": "-1",
        "special_conditions_at_site": "-1",
        "speed_limit": 70,
        "time": "03:41",
        "trunk_road_flag": "1",
        "urban_or_rural_area": "2",
        "weather_conditions": "1",
        "geometry_source": "collision_location",
        "source_year": 2025,
        "date_iso": "2025-12-12"
      }
    },
    {
      "type": "Feature",
      "id": "2025131644061",
      "geometry": {
        "type": "Point",
        "coordinates": [
          -1.8995,
          53.72335
        ]
      },
      "properties": {
        "carriageway_hazards": "0",
        "carriageway_hazards_historic": "-1",
        "collision_adjusted_severity_serious": "0",
        "collision_adjusted_severity_slight": "0",
        "collision_index": "2025131644061",
        "collision_injury_based": "1",
        "collision_ref_no": "131644061",
        "collision_severity": "1",
        "collision_year": 2025,
        "date": "19/09/2025",
        "day_of_week": "6",
        "did_police_officer_attend_scene_of_accident": "2",
        "enhanced_severity_collision": "1",
        "first_road_class": "6",
        "first_road_number": "0",
        "junction_control": "4",
        "junction_detail": "19",
        "junction_detail_historic": "-1",
        "latitude": "53.72335",
        "light_conditions": "4",
        "local_authority_district": "-1",
        "local_authority_highway": "E08000033",
        "local_authority_highway_current": "E08000033",
        "local_authority_ons_district": "E08000033",
        "location_easting_osgr": "406729",
        "location_northing_osgr": "425221",
        "longitude": "-1.8995",
        "lsoa_of_accident_location": "E01010998",
        "number_of_casualties": 1,
        "number_of_vehicles": 1,
        "pedestrian_crossing": "0",
        "pedestrian_crossing_human_control_historic": "-1",
        "pedestrian_crossing_physical_facilities_historic": "-1",
        "police_force": "13",
        "road_surface_conditions": "1",
        "road_type": "6",
        "second_road_class": "6",
        "second_road_number": "0",
        "special_conditions_at_site": "-1",
        "speed_limit": 30,
        "time": "22:20",
        "trunk_road_flag": "2",
        "urban_or_rural_area": "1",
        "weather_conditions": "1",
        "geometry_source": "collision_location",
        "source_year": 2025,
        "date_iso": "2025-09-19"
      }
    },
    {
      "type": "Feature",
      "id": "2025131584672",
      "geometry": {
        "type": "Point",
        "coordinates": [
          -1.84058,
          53.71503
        ]
      },
      "properties": {
        "carriageway_hazards": "0",
        "carriageway_hazards_historic": "-1",
        "collision_adjusted_severity_serious": "0",
        "collision_adjusted_severity_slight": "1",
        "collision_index": "2025131584672",
        "collision_injury_based": "1",
        "collision_ref_no": "131584672",
        "collision_severity": "3",
        "collision_year": 2025,
        "date": "01/05/2025",
        "day_of_week": "5",
        "did_police_officer_attend_scene_of_accident": "1",
        "enhanced_severity_collision": "3",
        "first_road_class": "6",
        "first_road_number": "0",
        "junction_control": "4",
        "junction_detail": "13",
        "junction_detail_historic": "-1",
        "latitude": "53.71503",
        "light_conditions": "1",
        "local_authority_district": "-1",
        "local_authority_highway": "E08000033",
        "local_authority_highway_current": "E08000033",
        "local_authority_ons_district": "E08000033",
        "location_easting_osgr": "410619",
        "location_northing_osgr": "424302",
        "longitude": "-1.84058",
        "lsoa_of_accident_location": "E01010991",
        "number_of_casualties": 1,
        "number_of_vehicles": 3,
        "pedestrian_crossing": "0",
        "pedestrian_crossing_human_control_historic": "-1",
        "pedestrian_crossing_physical_facilities_historic": "-1",
        "police_force": "13",
        "road_surface_conditions": "1",
        "road_type": "6",
        "second_road_class": "6",
        "second_road_number": "0",
        "special_conditions_at_site": "-1",
        "speed_limit": 30,
        "time": "18:54",
        "trunk_road_flag": "2",
        "urban_or_rural_area": "1",
        "weather_conditions": "1",
        "geometry_source": "collision_location",
        "source_year": 2025,
        "date_iso": "2025-05-01"
      }
    },
    {
      "type": "Feature",
      "id": "2025131630135",
      "geometry": {
        "type": "Point",
        "coordinates": [
          -1.90412,
          53.7332
        ]
      },
      "properties": {
        "carriageway_hazards": "0",
        "carriageway_hazards_historic": "-1",
        "collision_adjusted_severity_serious": "0",
        "collision_adjusted_severity_slight": "1",
        "collision_index": "2025131630135",
        "collision_injury_based": "1",
        "collision_ref_no": "131630135",
        "collision_severity": "3",
        "collision_year": 2025,
        "date": "23/06/2025",
        "day_of_week": "2",
        "did_police_officer_attend_scene_of_accident": "1",
        "enhanced_severity_collision": "3",
        "first_road_class": "6",
        "first_road_number": "0",
        "junction_control": "4",
        "junction_detail": "13",
        "junction_detail_historic": "-1",
        "latitude": "53.7332",
        "light_conditions": "4",
        "local_authority_district": "-1",
        "local_authority_highway": "E08000033",
        "local_authority_highway_current": "E08000033",
        "local_authority_ons_district": "E08000033",
        "location_easting_osgr": "406423",
        "location_northing_osgr": "426316",
        "longitude": "-1.90412",
        "lsoa_of_accident_location": "E01010927",
        "number_of_casualties": 1,
        "number_of_vehicles": 3,
        "pedestrian_crossing": "0",
        "pedestrian_crossing_human_control_historic": "-1",
        "pedestrian_crossing_physical_facilities_historic": "-1",
        "police_force": "13",
        "road_surface_conditions": "1",
        "road_type": "6",
        "second_road_class": "6",
        "second_road_number": "0",
        "special_conditions_at_site": "-1",
        "speed_limit": 30,
        "time": "20:16",
        "trunk_road_flag": "2",
        "urban_or_rural_area": "1",
        "weather_conditions": "1",
        "geometry_source": "collision_location",
        "source_year": 2025,
        "date_iso": "2025-06-23"
      }
    },
    {
      "type": "Feature",
      "id": "2025131628428",
      "geometry": {
        "type": "Point",
        "coordinates": [
          -1.93937,
          53.67545
        ]
      },
      "properties": {
        "carriageway_hazards": "0",
        "carriageway_hazards_historic": "-1",
        "collision_adjusted_severity_serious": "0",
        "collision_adjusted_severity_slight": "1",
        "collision_index": "2025131628428",
        "collision_injury_based": "1",
        "collision_ref_no": "131628428",
        "collision_severity": "3",
        "collision_year": 2025,
        "date": "13/08/2025",
        "day_of_week": "4",
        "did_police_officer_attend_scene_of_accident": "1",
        "enhanced_severity_collision": "3",
        "first_road_class": "6",
        "first_road_number": "0",
        "junction_control": "-1",
        "junction_detail": "0",
        "junction_detail_historic": "-1",
        "latitude": "53.67545",
        "light_conditions": "1",
        "local_authority_district": "-1",
        "local_authority_highway": "E08000033",
        "local_authority_highway_current": "E08000033",
        "local_authority_ons_district": "E08000033",
        "location_easting_osgr": "404103",
        "location_northing_osgr": "419889",
        "longitude": "-1.93937",
        "lsoa_of_accident_location": "E01010952",
        "number_of_casualties": 1,
        "number_of_vehicles": 2,
        "pedestrian_crossing": "0",
        "pedestrian_crossing_human_control_historic": "-1",
        "pedestrian_crossing_physical_facilities_historic": "-1",
        "police_force": "13",
        "road_surface_conditions": "1",
        "road_type": "6",
        "second_road_class": "3",
        "second_road_number": "58",
        "special_conditions_at_site": "-1",
        "speed_limit": 20,
        "time": "16:21",
        "trunk_road_flag": "2",
        "urban_or_rural_area": "2",
        "weather_conditions": "1",
        "geometry_source": "collision_location",
        "source_year": 2025,
        "date_iso": "2025-08-13"
      }
    },
    {
      "type": "Feature",
      "id": "2025131536905",
      "geometry": {
        "type": "Point",
        "coordinates": [
          -1.88657,
          53.70817
        ]
      },
      "properties": {
        "carriageway_hazards": "0",
        "carriageway_hazards_historic": "-1",
        "collision_adjusted_severity_serious": "0",
        "collision_adjusted_severity_slight": "1",
        "collision_index": "2025131536905",
        "collision_injury_based": "1",
        "collision_ref_no": "131536905",
        "collision_severity": "3",
        "collision_year": 2025,
        "date": "02/01/2025",
        "day_of_week": "5",
        "did_police_officer_attend_scene_of_accident": "1",
        "enhanced_severity_collision": "3",
        "first_road_class": "3",
        "first_road_number": "6026",
        "junction_control": "-1",
        "junction_detail": "0",
        "junction_detail_historic": "-1",
        "latitude": "53.70817",
        "light_conditions": "1",
        "local_authority_district": "-1",
        "local_authority_highway": "E08000033",
        "local_authority_highway_current": "E08000033",
        "local_authority_ons_district": "E08000033",
        "location_easting_osgr": "407585",
        "location_northing_osgr": "423533",
        "longitude": "-1.88657",
        "lsoa_of_accident_location": "E01010977",
        "number_of_casualties": 1,
        "number_of_vehicles": 2,
        "pedestrian_crossing": "0",
        "pedestrian_crossing_human_control_historic": "-1",
        "pedestrian_crossing_physical_facilities_historic": "-1",
        "police_force": "13",
        "road_surface_conditions": "1",
        "road_type": "6",
        "second_road_class": "6",
        "second_road_number": "0",
        "special_conditions_at_site": "-1",
        "speed_limit": 30,
        "time": "14:10",
        "trunk_road_flag": "2",
        "urban_or_rural_area": "2",
        "weather_conditions": "1",
        "geometry_source": "collision_location",
        "source_year": 2025,
        "date_iso": "2025-01-02"
      }
    },
    {
      "type": "Feature",
      "id": "2025131551012",
      "geometry": {
        "type": "Point",
        "coordinates": [
          -1.88171,
          53.7226
        ]
      },
      "properties": {
        "carriageway_hazards": "0",
        "carriageway_hazards_historic": "-1",
        "collision_adjusted_severity_serious": "0",
        "collision_adjusted_severity_slight": "1",
        "collision_index": "2025131551012",
        "collision_injury_based": "1",
        "collision_ref_no": "131551012",
        "collision_severity": "3",
        "collision_year": 2025,
        "date": "05/02/2025",
        "day_of_week": "4",
        "did_police_officer_attend_scene_of_accident": "1",
        "enhanced_severity_collision": "3",
        "first_road_class": "6",
        "first_road_number": "0",
        "junction_control": "2",
        "junction_detail": "16",
        "junction_detail_historic": "-1",
        "latitude": "53.7226",
        "light_conditions": "4",
        "local_authority_district": "-1",
        "local_authority_highway": "E08000033",
        "local_authority_highway_current": "E08000033",
        "local_authority_ons_district": "E08000033",
        "location_easting_osgr": "407903",
        "location_northing_osgr": "425139",
        "longitude": "-1.88171",
        "lsoa_of_accident_location": "E01011001",
        "number_of_casualties": 1,
        "number_of_vehicles": 2,
        "pedestrian_crossing": "15",
        "pedestrian_crossing_human_control_historic": "-1",
        "pedestrian_crossing_physical_facilities_historic": "-1",
        "police_force": "13",
        "road_surface_conditions": "1",
        "road_type": "6",
        "second_road_class": "6",
        "second_road_number": "0",
        "special_conditions_at_site": "-1",
        "speed_limit": 30,
        "time": "17:22",
        "trunk_road_flag": "2",
        "urban_or_rural_area": "1",
        "weather_conditions": "1",
        "geometry_source": "collision_location",
        "source_year": 2025,
        "date_iso": "2025-02-05"
      }
    },
    {
      "type": "Feature",
      "id": "2025131561040",
      "geometry": {
        "type": "Point",
        "coordinates": [
          -1.82183,
          53.76054
        ]
      },
      "properties": {
        "carriageway_hazards": "0",
        "carriageway_hazards_historic": "-1",
        "collision_adjusted_severity_serious": "1",
        "collision_adjusted_severity_slight": "0",
        "collision_index": "2025131561040",
        "collision_injury_based": "1",
        "collision_ref_no": "131561040",
        "collision_severity": "2",
        "collision_year": 2025,
        "date": "04/03/2025",
        "day_of_week": "3",
        "did_police_officer_attend_scene_of_accident": "1",
        "enhanced_severity_collision": "7",
        "first_road_class": "6",
        "first_road_number": "0",
        "junction_control": "4",
        "junction_detail": "13",
        "junction_detail_historic": "-1",
        "latitude": "53.76054",
        "light_conditions": "1",
        "local_authority_district": "-1",
        "local_authority_highway": "E08000033",
        "local_authority_highway_current": "E08000033",
        "local_authority_ons_district": "E08000033",
        "location_easting_osgr": "411844",
        "location_northing_osgr": "429368",
        "longitude": "-1.82183",
        "lsoa_of_accident_location": "E01010932",
        "number_of_casualties": 1,
        "number_of_vehicles": 2,
        "pedestrian_crossing": "0",
        "pedestrian_crossing_human_control_historic": "-1",
        "pedestrian_crossing_physical_facilities_historic": "-1",
        "police_force": "13",
        "road_surface_conditions": "1",
        "road_type": "6",
        "second_road_class": "6",
        "second_road_number": "0",
        "special_conditions_at_site": "-1",
        "speed_limit": 60,
        "time": "15:02",
        "trunk_road_flag": "2",
        "urban_or_rural_area": "2",
        "weather_conditions": "1",
        "geometry_source": "collision_location",
        "source_year": 2025,
        "date_iso": "2025-03-04"
      }
    },
    {
      "type": "Feature",
      "id": "2025131628510",
      "geometry": {
        "type": "Point",
        "coordinates": [
          -1.94925,
          53.72553
        ]
      },
      "properties": {
        "carriageway_hazards": "0",
        "carriageway_hazards_historic": "-1",
        "collision_adjusted_severity_serious": "1",
        "collision_adjusted_severity_slight": "0",
        "collision_index": "2025131628510",
        "collision_injury_based": "1",
        "collision_ref_no": "131628510",
        "collision_severity": "2",
        "collision_year": 2025,
        "date": "13/08/2025",
        "day_of_week": "4",
        "did_police_officer_attend_scene_of_accident": "1",
        "enhanced_severity_collision": "7",
        "first_road_class": "3",
        "first_road_number": "646",
        "junction_control": "-1",
        "junction_detail": "0",
        "junction_detail_historic": "-1",
        "latitude": "53.72553",
        "light_conditions": "1",
        "local_authority_district": "-1",
        "local_authority_highway": "E08000033",
        "local_authority_highway_current": "E08000033",
        "local_authority_ons_district": "E08000033",
        "location_easting_osgr": "403446",
        "location_northing_osgr": "425460",
        "longitude": "-1.94925",
        "lsoa_of_accident_location": "E01010922",
        "number_of_casualties": 2,
        "number_of_vehicles": 2,
        "pedestrian_crossing": "0",
        "pedestrian_crossing_human_control_historic": "-1",
        "pedestrian_crossing_physical_facilities_historic": "-1",
        "police_force": "13",
        "road_surface_conditions": "1",
        "road_type": "6",
        "second_road_class": "0",
        "second_road_number": "-1",
        "special_conditions_at_site": "-1",
        "speed_limit": 40,
        "time": "15:55",
        "trunk_road_flag": "2",
        "urban_or_rural_area": "2",
        "weather_conditions": "1",
        "geometry_source": "collision_location",
        "source_year": 2025,
        "date_iso": "2025-08-13"
      }
    },
    {
      "type": "Feature",
      "id": "2025131639324",
      "geometry": {
        "type": "Point",
        "coordinates": [
          -1.80793,
          53.75694
        ]
      },
      "properties": {
        "carriageway_hazards": "0",
        "carriageway_hazards_historic": "-1",
        "collision_adjusted_severity_serious": "0",
        "collision_adjusted_severity_slight": "1",
        "collision_index": "2025131639324",
        "collision_injury_based": "1",
        "collision_ref_no": "131639324",
        "collision_severity": "3",
        "collision_year": 2025,
        "date": "04/09/2025",
        "day_of_week": "5",
        "did_police_officer_attend_scene_of_accident": "2",
        "enhanced_severity_collision": "3",
        "first_road_class": "6",
        "first_road_number": "0",
        "junction_control": "4",
        "junction_detail": "19",
        "junction_detail_historic": "-1",
        "latitude": "53.75694",
        "light_conditions": "1",
        "local_authority_district": "-1",
        "local_authority_highway": "E08000033",
        "local_authority_highway_current": "E08000033",
        "local_authority_ons_district": "E08000033",
        "location_easting_osgr": "412761",
        "location_northing_osgr": "428970",
        "longitude": "-1.80793",
        "lsoa_of_accident_location": "E01010932",
        "number_of_casualties": 1,
        "number_of_vehicles": 2,
        "pedestrian_crossing": "0",
        "pedestrian_crossing_human_control_historic": "-1",
        "pedestrian_crossing_physical_facilities_historic": "-1",
        "police_force": "13",
        "road_surface_conditions": "1",
        "road_type": "6",
        "second_road_class": "3",
        "second_road_number": "6036",
        "special_conditions_at_site": "-1",
        "speed_limit": 30,
        "time": "07:35",
        "trunk_road_flag": "2",
        "urban_or_rural_area": "1",
        "weather_conditions": "1",
        "geometry_source": "collision_location",
        "source_year": 2025,
        "date_iso": "2025-09-04"
      }
    },
    {
      "type": "Feature",
      "id": "2025131644778",
      "geometry": {
        "type": "Point",
        "coordinates": [
          -1.7871,
          53.71123
        ]
      },
      "properties": {
        "carriageway_hazards": "0",
        "carriageway_hazards_historic": "-1",
        "collision_adjusted_severity_serious": "0",
        "collision_adjusted_severity_slight": "1",
        "collision_index": "2025131644778",
        "collision_injury_based": "1",
        "collision_ref_no": "131644778",
        "collision_severity": "3",
        "collision_year": 2025,
        "date": "22/09/2025",
        "day_of_week": "2",
        "did_police_officer_attend_scene_of_accident": "1",
        "enhanced_severity_collision": "3",
        "first_road_class": "6",
        "first_road_number": "0",
        "junction_control": "1",
        "junction_detail": "16",
        "junction_detail_historic": "-1",
        "latitude": "53.71123",
        "light_conditions": "1",
        "local_authority_district": "-1",
        "local_authority_highway": "E08000033",
        "local_authority_highway_current": "E08000033",
        "local_authority_ons_district": "E08000033",
        "location_easting_osgr": "414150",
        "location_northing_osgr": "423889",
        "longitude": "-1.7871",
        "lsoa_of_accident_location": "E01010876",
        "number_of_casualties": 2,
        "number_of_vehicles": 2,
        "pedestrian_crossing": "0",
        "pedestrian_crossing_human_control_historic": "-1",
        "pedestrian_crossing_physical_facilities_historic": "-1",
        "police_force": "13",
        "road_surface_conditions": "1",
        "road_type": "6",
        "second_road_class": "6",
        "second_road_number": "0",
        "special_conditions_at_site": "-1",
        "speed_limit": 30,
        "time": "08:40",
        "trunk_road_flag": "2",
        "urban_or_rural_area": "1",
        "weather_conditions": "1",
        "geometry_source": "collision_location",
        "source_year": 2025,
        "date_iso": "2025-09-22"
      }
    },
    {
      "type": "Feature",
      "id": "2025131546230",
      "geometry": {
        "type": "Point",
        "coordinates": [
          -1.8741,
          53.73473
        ]
      },
      "properties": {
        "carriageway_hazards": "0",
        "carriageway_hazards_historic": "-1",
        "collision_adjusted_severity_serious": "0",
        "collision_adjusted_severity_slight": "1",
        "collision_index": "2025131546230",
        "collision_injury_based": "1",
        "collision_ref_no": "131546230",
        "collision_severity": "3",
        "collision_year": 2025,
        "date": "25/01/2025",
        "day_of_week": "7",
        "did_police_officer_attend_scene_of_accident": "1",
        "enhanced_severity_collision": "3",
        "first_road_class": "3",
        "first_road_number": "629",
        "junction_control": "-1",
        "junction_detail": "0",
        "junction_detail_historic": "-1",
        "latitude": "53.73473",
        "light_conditions": "4",
        "local_authority_district": "-1",
        "local_authority_highway": "E08000033",
        "local_authority_highway_current": "E08000033",
        "local_authority_ons_district": "E08000033",
        "location_easting_osgr": "408403",
        "location_northing_osgr": "426489",
        "longitude": "-1.8741",
        "lsoa_of_accident_location": "E01010938",
        "number_of_casualties": 1,
        "number_of_vehicles": 1,
        "pedestrian_crossing": "17",
        "pedestrian_crossing_human_control_historic": "-1",
        "pedestrian_crossing_physical_facilities_historic": "-1",
        "police_force": "13",
        "road_surface_conditions": "2",
        "road_type": "3",
        "second_road_class": "6",
        "second_road_number": "0",
        "special_conditions_at_site": "-1",
        "speed_limit": 40,
        "time": "17:16",
        "trunk_road_flag": "2",
        "urban_or_rural_area": "1",
        "weather_conditions": "1",
        "geometry_source": "collision_location",
        "source_year": 2025,
        "date_iso": "2025-01-25"
      }
    },
    {
      "type": "Feature",
      "id": "2025131564191",
      "geometry": {
        "type": "Point",
        "coordinates": [
          -2.10079,
          53.71165
        ]
      },
      "properties": {
        "carriageway_hazards": "0",
        "carriageway_hazards_historic": "-1",
        "collision_adjusted_severity_serious": "0",
        "collision_adjusted_severity_slight": "1",
        "collision_index": "2025131564191",
        "collision_injury_based": "1",
        "collision_ref_no": "131564191",
        "collision_severity": "3",
        "collision_year": 2025,
        "date": "07/03/2025",
        "day_of_week": "6",
        "did_police_officer_attend_scene_of_accident": "2",
        "enhanced_severity_collision": "3",
        "first_road_class": "3",
        "first_road_number": "6033",
        "junction_control": "-1",
        "junction_detail": "0",
        "junction_detail_historic": "-1",
        "latitude": "53.71165",
        "light_conditions": "1",
        "local_authority_district": "-1",
        "local_authority_highway": "E08000033",
        "local_authority_highway_current": "E08000033",
        "local_authority_ons_district": "E08000033",
        "location_easting_osgr": "393445",
        "location_northing_osgr": "423919",
        "longitude": "-2.10079",
        "lsoa_of_accident_location": "E01010983",
        "number_of_casualties": 1,
        "number_of_vehicles": 2,
        "pedestrian_crossing": "13",
        "pedestrian_crossing_human_control_historic": "-1",
        "pedestrian_crossing_physical_facilities_historic": "-1",
        "police_force": "13",
        "road_surface_conditions": "1",
        "road_type": "6",
        "second_road_class": "6",
        "second_road_number": "0",
        "special_conditions_at_site": "-1",
        "speed_limit": 30,
        "time": "16:30",
        "trunk_road_flag": "2",
        "urban_or_rural_area": "1",
        "weather_conditions": "9",
        "geometry_source": "collision_location",
        "source_year": 2025,
        "date_iso": "2025-03-07"
      }
    },
    {
      "type": "Feature",
      "id": "2025131603602",
      "geometry": {
        "type": "Point",
        "coordinates": [
          -1.85433,
          53.68756
        ]
      },
      "properties": {
        "carriageway_hazards": "0",
        "carriageway_hazards_historic": "-1",
        "collision_adjusted_severity_serious": "1",
        "collision_adjusted_severity_slight": "0",
        "collision_index": "2025131603602",
        "collision_injury_based": "1",
        "collision_ref_no": "131603602",
        "collision_severity": "2",
        "collision_year": 2025,
        "date": "16/06/2025",
        "day_of_week": "2",
        "did_police_officer_attend_scene_of_accident": "1",
        "enhanced_severity_collision": "6",
        "first_road_class": "6",
        "first_road_number": "0",
        "junction_control": "2",
        "junction_detail": "13",
        "junction_detail_historic": "-1",
        "latitude": "53.68756",
        "light_conditions": "1",
        "local_authority_district": "-1",
        "local_authority_highway": "E08000033",
        "local_authority_highway_current": "E08000033",
        "local_authority_ons_district": "E08000033",
        "location_easting_osgr": "409718",
        "location_northing_osgr": "421244",
        "longitude": "-1.85433",
        "lsoa_of_accident_location": "E01010898",
        "number_of_casualties": 1,
        "number_of_vehicles": 1,
        "pedestrian_crossing": "0",
        "pedestrian_crossing_human_control_historic": "-1",
        "pedestrian_crossing_physical_facilities_historic": "-1",
        "police_force": "13",
        "road_surface_conditions": "1",
        "road_type": "6",
        "second_road_class": "4",
        "second_road_number": "6113",
        "special_conditions_at_site": "-1",
        "speed_limit": 30,
        "time": "10:18",
        "trunk_road_flag": "2",
        "urban_or_rural_area": "1",
        "weather_conditions": "1",
        "geometry_source": "collision_location",
        "source_year": 2025,
        "date_iso": "2025-06-16"
      }
    },
    {
      "type": "Feature",
      "id": "2025131649484",
      "geometry": {
        "type": "Point",
        "coordinates": [
          -1.84548,
          53.693
        ]
      },
      "properties": {
        "carriageway_hazards": "0",
        "carriageway_hazards_historic": "-1",
        "collision_adjusted_severity_serious": "0",
        "collision_adjusted_severity_slight": "1",
        "collision_index": "2025131649484",
        "collision_injury_based": "1",
        "collision_ref_no": "131649484",
        "collision_severity": "3",
        "collision_year": 2025,
        "date": "02/10/2025",
        "day_of_week": "5",
        "did_police_officer_attend_scene_of_accident": "2",
        "enhanced_severity_collision": "3",
        "first_road_class": "6",
        "first_road_number": "0",
        "junction_control": "4",
        "junction_detail": "13",
        "junction_detail_historic": "-1",
        "latitude": "53.693",
        "light_conditions": "1",
        "local_authority_district": "-1",
        "local_authority_highway": "E08000033",
        "local_authority_highway_current": "E08000033",
        "local_authority_ons_district": "E08000033",
        "location_easting_osgr": "410301",
        "location_northing_osgr": "421850",
        "longitude": "-1.84548",
        "lsoa_of_accident_location": "E01010889",
        "number_of_casualties": 1,
        "number_of_vehicles": 1,
        "pedestrian_crossing": "0",
        "pedestrian_crossing_human_control_historic": "-1",
        "pedestrian_crossing_physical_facilities_historic": "-1",
        "police_force": "13",
        "road_surface_conditions": "1",
        "road_type": "6",
        "second_road_class": "6",
        "second_road_number": "0",
        "special_conditions_at_site": "-1",
        "speed_limit": 30,
        "time": "15:42",
        "trunk_road_flag": "2",
        "urban_or_rural_area": "1",
        "weather_conditions": "1",
        "geometry_source": "collision_location",
        "source_year": 2025,
        "date_iso": "2025-10-02"
      }
    },
    {
      "type": "Feature",
      "id": "2025131564179",
      "geometry": {
        "type": "Point",
        "coordinates": [
          -1.83497,
          53.75574
        ]
      },
      "properties": {
        "carriageway_hazards": "0",
        "carriageway_hazards_historic": "-1",
        "collision_adjusted_severity_serious": "0",
        "collision_adjusted_severity_slight": "1",
        "collision_index": "2025131564179",
        "collision_injury_based": "1",
        "collision_ref_no": "131564179",
        "collision_severity": "3",
        "collision_year": 2025,
        "date": "11/03/2025",
        "day_of_week": "3",
        "did_police_officer_attend_scene_of_accident": "1",
        "enhanced_severity_collision": "3",
        "first_road_class": "3",
        "first_road_number": "644",
        "junction_control": "-1",
        "junction_detail": "0",
        "junction_detail_historic": "-1",
        "latitude": "53.75574",
        "light_conditions": "1",
        "local_authority_district": "-1",
        "local_authority_highway": "E08000033",
        "local_authority_highway_current": "E08000033",
        "local_authority_ons_district": "E08000033",
        "location_easting_osgr": "410979",
        "location_northing_osgr": "428832",
        "longitude": "-1.83497",
        "lsoa_of_accident_location": "E01010936",
        "number_of_casualties": 2,
        "number_of_vehicles": 1,
        "pedestrian_crossing": "0",
        "pedestrian_crossing_human_control_historic": "-1",
        "pedestrian_crossing_physical_facilities_historic": "-1",
        "police_force": "13",
        "road_surface_conditions": "1",
        "road_type": "6",
        "second_road_class": "6",
        "second_road_number": "0",
        "special_conditions_at_site": "-1",
        "speed_limit": 50,
        "time": "16:40",
        "trunk_road_flag": "2",
        "urban_or_rural_area": "2",
        "weather_conditions": "1",
        "geometry_source": "collision_location",
        "source_year": 2025,
        "date_iso": "2025-03-11"
      }
    },
    {
      "type": "Feature",
      "id": "2025131630309",
      "geometry": {
        "type": "Point",
        "coordinates": [
          -1.87815,
          53.74248
        ]
      },
      "properties": {
        "carriageway_hazards": "0",
        "carriageway_hazards_historic": "-1",
        "collision_adjusted_severity_serious": "1",
        "collision_adjusted_severity_slight": "0",
        "collision_index": "2025131630309",
        "collision_injury_based": "1",
        "collision_ref_no": "131630309",
        "collision_severity": "2",
        "collision_year": 2025,
        "date": "18/08/2025",
        "day_of_week": "2",
        "did_police_officer_attend_scene_of_accident": "2",
        "enhanced_severity_collision": "7",
        "first_road_class": "6",
        "first_road_number": "0",
        "junction_control": "4",
        "junction_detail": "19",
        "junction_detail_historic": "-1",
        "latitude": "53.74248",
        "light_conditions": "1",
        "local_authority_district": "-1",
        "local_authority_highway": "E08000033",
        "local_authority_highway_current": "E08000033",
        "local_authority_ons_district": "E08000033",
        "location_easting_osgr": "408134",
        "location_northing_osgr": "427351",
        "longitude": "-1.87815",
        "lsoa_of_accident_location": "E01010940",
        "number_of_casualties": 1,
        "number_of_vehicles": 2,
        "pedestrian_crossing": "0",
        "pedestrian_crossing_human_control_historic": "-1",
        "pedestrian_crossing_physical_facilities_historic": "-1",
        "police_force": "13",
        "road_surface_conditions": "1",
        "road_type": "6",
        "second_road_class": "3",
        "second_road_number": "629",
        "special_conditions_at_site": "-1",
        "speed_limit": 30,
        "time": "05:45",
        "trunk_road_flag": "2",
        "urban_or_rural_area": "1",
        "weather_conditions": "1",
        "geometry_source": "collision_location",
        "source_year": 2025,
        "date_iso": "2025-08-18"
      }
    },
    {
      "type": "Feature",
      "id": "2025131537061",
      "geometry": {
        "type": "Point",
        "coordinates": [
          -1.87522,
          53.73844
        ]
      },
      "properties": {
        "carriageway_hazards": "0",
        "carriageway_hazards_historic": "-1",
        "collision_adjusted_severity_serious": "1",
        "collision_adjusted_severity_slight": "0",
        "collision_index": "2025131537061",
        "collision_injury_based": "1",
        "collision_ref_no": "131537061",
        "collision_severity": "2",
        "collision_year": 2025,
        "date": "02/01/2025",
        "day_of_week": "5",
        "did_police_officer_attend_scene_of_accident": "1",
        "enhanced_severity_collision": "5",
        "first_road_class": "3",
        "first_road_number": "629",
        "junction_control": "-1",
        "junction_detail": "0",
        "junction_detail_historic": "-1",
        "latitude": "53.73844",
        "light_conditions": "4",
        "local_authority_district": "-1",
        "local_authority_highway": "E08000033",
        "local_authority_highway_current": "E08000033",
        "local_authority_ons_district": "E08000033",
        "location_easting_osgr": "408328",
        "location_northing_osgr": "426902",
        "longitude": "-1.87522",
        "lsoa_of_accident_location": "E01010940",
        "number_of_casualties": 2,
        "number_of_vehicles": 1,
        "pedestrian_crossing": "0",
        "pedestrian_crossing_human_control_historic": "-1",
        "pedestrian_crossing_physical_facilities_historic": "-1",
        "police_force": "13",
        "road_surface_conditions": "1",
        "road_type": "6",
        "second_road_class": "6",
        "second_road_number": "0",
        "special_conditions_at_site": "-1",
        "speed_limit": 30,
        "time": "21:30",
        "trunk_road_flag": "2",
        "urban_or_rural_area": "1",
        "weather_conditions": "4",
        "geometry_source": "collision_location",
        "source_year": 2025,
        "date_iso": "2025-01-02"
      }
    },
    {
      "type": "Feature",
      "id": "2025131624087",
      "geometry": {
        "type": "Point",
        "coordinates": [
          -1.86727,
          53.67529
        ]
      },
      "properties": {
        "carriageway_hazards": "0",
        "carriageway_hazards_historic": "-1",
        "collision_adjusted_severity_serious": "1",
        "collision_adjusted_severity_slight": "0",
        "collision_index": "2025131624087",
        "collision_injury_based": "1",
        "collision_ref_no": "131624087",
        "collision_severity": "2",
        "collision_year": 2025,
        "date": "01/08/2025",
        "day_of_week": "6",
        "did_police_officer_attend_scene_of_accident": "2",
        "enhanced_severity_collision": "7",
        "first_road_class": "4",
        "first_road_number": "6112",
        "junction_control": "4",
        "junction_detail": "16",
        "junction_detail_historic": "-1",
        "latitude": "53.67529",
        "light_conditions": "1",
        "local_authority_district": "-1",
        "local_authority_highway": "E08000033",
        "local_authority_highway_current": "E08000033",
        "local_authority_ons_district": "E08000033",
        "location_easting_osgr": "408866",
        "location_northing_osgr": "419877",
        "longitude": "-1.86727",
        "lsoa_of_accident_location": "E01010902",
        "number_of_casualties": 1,
        "number_of_vehicles": 2,
        "pedestrian_crossing": "0",
        "pedestrian_crossing_human_control_historic": "-1",
        "pedestrian_crossing_physical_facilities_historic": "-1",
        "police_force": "13",
        "road_surface_conditions": "1",
        "road_type": "6",
        "second_road_class": "6",
        "second_road_number": "0",
        "special_conditions_at_site": "-1",
        "speed_limit": 20,
        "time": "15:00",
        "trunk_road_flag": "2",
        "urban_or_rural_area": "2",
        "weather_conditions": "1",
        "geometry_source": "collision_location",
        "source_year": 2025,
        "date_iso": "2025-08-01"
      }
    },
    {
      "type": "Feature",
      "id": "2025131646864",
      "geometry": {
        "type": "Point",
        "coordinates": [
          -1.86911,
          53.73553
        ]
      },
      "properties": {
        "carriageway_hazards": "0",
        "carriageway_hazards_historic": "-1",
        "collision_adjusted_severity_serious": "0",
        "collision_adjusted_severity_slight": "1",
        "collision_index": "2025131646864",
        "collision_injury_based": "1",
        "collision_ref_no": "131646864",
        "collision_severity": "3",
        "collision_year": 2025,
        "date": "25/09/2025",
        "day_of_week": "5",
        "did_police_officer_attend_scene_of_accident": "1",
        "enhanced_severity_collision": "3",
        "first_road_class": "6",
        "first_road_number": "0",
        "junction_control": "-1",
        "junction_detail": "0",
        "junction_detail_historic": "-1",
        "latitude": "53.73553",
        "light_conditions": "1",
        "local_authority_district": "-1",
        "local_authority_highway": "E08000033",
        "local_authority_highway_current": "E08000033",
        "local_authority_ons_district": "E08000033",
        "location_easting_osgr": "408732",
        "location_northing_osgr": "426579",
        "longitude": "-1.86911",
        "lsoa_of_accident_location": "E01010967",
        "number_of_casualties": 1,
        "number_of_vehicles": 1,
        "pedestrian_crossing": "0",
        "pedestrian_crossing_human_control_historic": "-1",
        "pedestrian_crossing_physical_facilities_historic": "-1",
        "police_force": "13",
        "road_surface_conditions": "1",
        "road_type": "6",
        "second_road_class": "6",
        "second_road_number": "0",
        "special_conditions_at_site": "-1",
        "speed_limit": 30,
        "time": "18:10",
        "trunk_road_flag": "2",
        "urban_or_rural_area": "1",
        "weather_conditions": "1",
        "geometry_source": "collision_location",
        "source_year": 2025,
        "date_iso": "2025-09-25"
      }
    },
    {
      "type": "Feature",
      "id": "2025131551927",
      "geometry": {
        "type": "Point",
        "coordinates": [
          -1.87679,
          53.74138
        ]
      },
      "properties": {
        "carriageway_hazards": "0",
        "carriageway_hazards_historic": "-1",
        "collision_adjusted_severity_serious": "0",
        "collision_adjusted_severity_slight": "1",
        "collision_index": "2025131551927",
        "collision_injury_based": "1",
        "collision_ref_no": "131551927",
        "collision_severity": "3",
        "collision_year": 2025,
        "date": "07/02/2025",
        "day_of_week": "6",
        "did_police_officer_attend_scene_of_accident": "1",
        "enhanced_severity_collision": "3",
        "first_road_class": "3",
        "first_road_number": "629",
        "junction_control": "-1",
        "junction_detail": "0",
        "junction_detail_historic": "-1",
        "latitude": "53.74138",
        "light_conditions": "4",
        "local_authority_district": "-1",
        "local_authority_highway": "E08000033",
        "local_authority_highway_current": "E08000033",
        "local_authority_ons_district": "E08000033",
        "location_easting_osgr": "408224",
        "location_northing_osgr": "427229",
        "longitude": "-1.87679",
        "lsoa_of_accident_location": "E01010940",
        "number_of_casualties": 1,
        "number_of_vehicles": 2,
        "pedestrian_crossing": "0",
        "pedestrian_crossing_human_control_historic": "-1",
        "pedestrian_crossing_physical_facilities_historic": "-1",
        "police_force": "13",
        "road_surface_conditions": "2",
        "road_type": "6",
        "second_road_class": "6",
        "second_road_number": "0",
        "special_conditions_at_site": "-1",
        "speed_limit": 30,
        "time": "22:32",
        "trunk_road_flag": "2",
        "urban_or_rural_area": "1",
        "weather_conditions": "1",
        "geometry_source": "collision_location",
        "source_year": 2025,
        "date_iso": "2025-02-07"
      }
    },
    {
      "type": "Feature",
      "id": "2025131639361",
      "geometry": {
        "type": "Point",
        "coordinates": [
          -1.83502,
          53.67197
        ]
      },
      "properties": {
        "carriageway_hazards": "0",
        "carriageway_hazards_historic": "-1",
        "collision_adjusted_severity_serious": "0",
        "collision_adjusted_severity_slight": "1",
        "collision_index": "2025131639361",
        "collision_injury_based": "1",
        "collision_ref_no": "131639361",
        "collision_severity": "3",
        "collision_year": 2025,
        "date": "09/09/2025",
        "day_of_week": "3",
        "did_police_officer_attend_scene_of_accident": "1",
        "enhanced_severity_collision": "3",
        "first_road_class": "1",
        "first_road_number": "62",
        "junction_control": "-1",
        "junction_detail": "0",
        "junction_detail_historic": "-1",
        "latitude": "53.67197",
        "light_conditions": "1",
        "local_authority_district": "-1",
        "local_authority_highway": "E08000033",
        "local_authority_highway_current": "E08000033",
        "local_authority_ons_district": "E08000033",
        "location_easting_osgr": "410997",
        "location_northing_osgr": "419512",
        "longitude": "-1.83502",
        "lsoa_of_accident_location": "E01010901",
        "number_of_casualties": 2,
        "number_of_vehicles": 2,
        "pedestrian_crossing": "0",
        "pedestrian_crossing_human_control_historic": "-1",
        "pedestrian_crossing_physical_facilities_historic": "-1",
        "police_force": "13",
        "road_surface_conditions": "1",
        "road_type": "1",
        "second_road_class": "3",
        "second_road_number": "629",
        "special_conditions_at_site": "-1",
        "speed_limit": 50,
        "time": "13:30",
        "trunk_road_flag": "1",
        "urban_or_rural_area": "2",
        "weather_conditions": "1",
        "geometry_source": "collision_location",
        "source_year": 2025,
        "date_iso": "2025-09-09"
      }
    },
    {
      "type": "Feature",
      "id": "2025131644475",
      "geometry": {
        "type": "Point",
        "coordinates": [
          -1.8782,
          53.74243
        ]
      },
      "properties": {
        "carriageway_hazards": "0",
        "carriageway_hazards_historic": "-1",
        "collision_adjusted_severity_serious": "0",
        "collision_adjusted_severity_slight": "1",
        "collision_index": "2025131644475",
        "collision_injury_based": "1",
        "collision_ref_no": "131644475",
        "collision_severity": "3",
        "collision_year": 2025,
        "date": "21/09/2025",
        "day_of_week": "1",
        "did_police_officer_attend_scene_of_accident": "1",
        "enhanced_severity_collision": "3",
        "first_road_class": "3",
        "first_road_number": "629",
        "junction_control": "4",
        "junction_detail": "13",
        "junction_detail_historic": "-1",
        "latitude": "53.74243",
        "light_conditions": "1",
        "local_authority_district": "-1",
        "local_authority_highway": "E08000033",
        "local_authority_highway_current": "E08000033",
        "local_authority_ons_district": "E08000033",
        "location_easting_osgr": "408131",
        "location_northing_osgr": "427346",
        "longitude": "-1.8782",
        "lsoa_of_accident_location": "E01010940",
        "number_of_casualties": 2,
        "number_of_vehicles": 2,
        "pedestrian_crossing": "0",
        "pedestrian_crossing_human_control_historic": "-1",
        "pedestrian_crossing_physical_facilities_historic": "-1",
        "police_force": "13",
        "road_surface_conditions": "2",
        "road_type": "6",
        "second_road_class": "6",
        "second_road_number": "0",
        "special_conditions_at_site": "-1",
        "speed_limit": 30,
        "time": "09:14",
        "trunk_road_flag": "2",
        "urban_or_rural_area": "1",
        "weather_conditions": "1",
        "geometry_source": "collision_location",
        "source_year": 2025,
        "date_iso": "2025-09-21"
      }
    },
    {
      "type": "Feature",
      "id": "2025131685930",
      "geometry": {
        "type": "Point",
        "coordinates": [
          -1.86399,
          53.70091
        ]
      },
      "properties": {
        "carriageway_hazards": "0",
        "carriageway_hazards_historic": "-1",
        "collision_adjusted_severity_serious": "0",
        "collision_adjusted_severity_slight": "1",
        "collision_index": "2025131685930",
        "collision_injury_based": "1",
        "collision_ref_no": "131685930",
        "collision_severity": "3",
        "collision_year": 2025,
        "date": "20/12/2025",
        "day_of_week": "7",
        "did_police_officer_attend_scene_of_accident": "1",
        "enhanced_severity_collision": "3",
        "first_road_class": "6",
        "first_road_number": "0",
        "junction_control": "-1",
        "junction_detail": "0",
        "junction_detail_historic": "-1",
        "latitude": "53.70091",
        "light_conditions": "1",
        "local_authority_district": "-1",
        "local_authority_highway": "E08000033",
        "local_authority_highway_current": "E08000033",
        "local_authority_ons_district": "E08000033",
        "location_easting_osgr": "409077",
        "location_northing_osgr": "422728",
        "longitude": "-1.86399",
        "lsoa_of_accident_location": "E01010971",
        "number_of_casualties": 1,
        "number_of_vehicles": 2,
        "pedestrian_crossing": "0",
        "pedestrian_crossing_human_control_historic": "-1",
        "pedestrian_crossing_physical_facilities_historic": "-1",
        "police_force": "13",
        "road_surface_conditions": "2",
        "road_type": "6",
        "second_road_class": "6",
        "second_road_number": "0",
        "special_conditions_at_site": "-1",
        "speed_limit": 30,
        "time": "07:40",
        "trunk_road_flag": "2",
        "urban_or_rural_area": "1",
        "weather_conditions": "1",
        "geometry_source": "collision_location",
        "source_year": 2025,
        "date_iso": "2025-12-20"
      }
    },
    {
      "type": "Feature",
      "id": "2025131588119",
      "geometry": {
        "type": "Point",
        "coordinates": [
          -1.86573,
          53.72456
        ]
      },
      "properties": {
        "carriageway_hazards": "0",
        "carriageway_hazards_historic": "-1",
        "collision_adjusted_severity_serious": "1",
        "collision_adjusted_severity_slight": "0",
        "collision_index": "2025131588119",
        "collision_injury_based": "1",
        "collision_ref_no": "131588119",
        "collision_severity": "2",
        "collision_year": 2025,
        "date": "09/05/2025",
        "day_of_week": "6",
        "did_police_officer_attend_scene_of_accident": "2",
        "enhanced_severity_collision": "7",
        "first_road_class": "6",
        "first_road_number": "0",
        "junction_control": "2",
        "junction_detail": "17",
        "junction_detail_historic": "-1",
        "latitude": "53.72456",
        "light_conditions": "1",
        "local_authority_district": "-1",
        "local_authority_highway": "E08000033",
        "local_authority_highway_current": "E08000033",
        "local_authority_ons_district": "E08000033",
        "location_easting_osgr": "408957",
        "location_northing_osgr": "425359",
        "longitude": "-1.86573",
        "lsoa_of_accident_location": "E01034582",
        "number_of_casualties": 1,
        "number_of_vehicles": 2,
        "pedestrian_crossing": "0",
        "pedestrian_crossing_human_control_historic": "-1",
        "pedestrian_crossing_physical_facilities_historic": "-1",
        "police_force": "13",
        "road_surface_conditions": "1",
        "road_type": "6",
        "second_road_class": "6",
        "second_road_number": "0",
        "special_conditions_at_site": "-1",
        "speed_limit": 20,
        "time": "04:35",
        "trunk_road_flag": "2",
        "urban_or_rural_area": "1",
        "weather_conditions": "1",
        "geometry_source": "collision_location",
        "source_year": 2025,
        "date_iso": "2025-05-09"
      }
    },
    {
      "type": "Feature",
      "id": "2025131594090",
      "geometry": {
        "type": "Point",
        "coordinates": [
          -1.89122,
          53.68871
        ]
      },
      "properties": {
        "carriageway_hazards": "0",
        "carriageway_hazards_historic": "-1",
        "collision_adjusted_severity_serious": "0",
        "collision_adjusted_severity_slight": "1",
        "collision_index": "2025131594090",
        "collision_injury_based": "1",
        "collision_ref_no": "131594090",
        "collision_severity": "3",
        "collision_year": 2025,
        "date": "24/05/2025",
        "day_of_week": "7",
        "did_police_officer_attend_scene_of_accident": "1",
        "enhanced_severity_collision": "3",
        "first_road_class": "4",
        "first_road_number": "6113",
        "junction_control": "-1",
        "junction_detail": "0",
        "junction_detail_historic": "-1",
        "latitude": "53.68871",
        "light_conditions": "6",
        "local_authority_district": "-1",
        "local_authority_highway": "E08000033",
        "local_authority_highway_current": "E08000033",
        "local_authority_ons_district": "E08000033",
        "location_easting_osgr": "407281",
        "location_northing_osgr": "421368",
        "longitude": "-1.89122",
        "lsoa_of_accident_location": "E01010897",
        "number_of_casualties": 1,
        "number_of_vehicles": 2,
        "pedestrian_crossing": "0",
        "pedestrian_crossing_human_control_historic": "-1",
        "pedestrian_crossing_physical_facilities_historic": "-1",
        "police_force": "13",
        "road_surface_conditions": "2",
        "road_type": "6",
        "second_road_class": "6",
        "second_road_number": "0",
        "special_conditions_at_site": "-1",
        "speed_limit": 40,
        "time": "00:32",
        "trunk_road_flag": "2",
        "urban_or_rural_area": "2",
        "weather_conditions": "2",
        "geometry_source": "collision_location",
        "source_year": 2025,
        "date_iso": "2025-05-24"
      }
    },
    {
      "type": "Feature",
      "id": "2025131632794",
      "geometry": {
        "type": "Point",
        "coordinates": [
          -1.89424,
          53.73763
        ]
      },
      "properties": {
        "carriageway_hazards": "0",
        "carriageway_hazards_historic": "-1",
        "collision_adjusted_severity_serious": "0",
        "collision_adjusted_severity_slight": "1",
        "collision_index": "2025131632794",
        "collision_injury_based": "1",
        "collision_ref_no": "131632794",
        "collision_severity": "3",
        "collision_year": 2025,
        "date": "24/08/2025",
        "day_of_week": "1",
        "did_police_officer_attend_scene_of_accident": "2",
        "enhanced_severity_collision": "3",
        "first_road_class": "6",
        "first_road_number": "0",
        "junction_control": "4",
        "junction_detail": "17",
        "junction_detail_historic": "-1",
        "latitude": "53.73763",
        "light_conditions": "1",
        "local_authority_district": "-1",
        "local_authority_highway": "E08000033",
        "local_authority_highway_current": "E08000033",
        "local_authority_ons_district": "E08000033",
        "location_easting_osgr": "407074",
        "location_northing_osgr": "426810",
        "longitude": "-1.89424",
        "lsoa_of_accident_location": "E01010939",
        "number_of_casualties": 1,
        "number_of_vehicles": 3,
        "pedestrian_crossing": "0",
        "pedestrian_crossing_human_control_historic": "-1",
        "pedestrian_crossing_physical_facilities_historic": "-1",
        "police_force": "13",
        "road_surface_conditions": "1",
        "road_type": "6",
        "second_road_class": "6",
        "second_road_number": "0",
        "special_conditions_at_site": "-1",
        "speed_limit": 30,
        "time": "13:35",
        "trunk_road_flag": "2",
        "urban_or_rural_area": "1",
        "weather_conditions": "1",
        "geometry_source": "collision_location",
        "source_year": 2025,
        "date_iso": "2025-08-24"
      }
    },
    {
      "type": "Feature",
      "id": "2025131558014",
      "geometry": {
        "type": "Point",
        "coordinates": [
          -1.82816,
          53.75042
        ]
      },
      "properties": {
        "carriageway_hazards": "0",
        "carriageway_hazards_historic": "-1",
        "collision_adjusted_severity_serious": "0",
        "collision_adjusted_severity_slight": "1",
        "collision_index": "2025131558014",
        "collision_injury_based": "1",
        "collision_ref_no": "131558014",
        "collision_severity": "3",
        "collision_year": 2025,
        "date": "24/02/2025",
        "day_of_week": "2",
        "did_police_officer_attend_scene_of_accident": "2",
        "enhanced_severity_collision": "3",
        "first_road_class": "3",
        "first_road_number": "644",
        "junction_control": "-1",
        "junction_detail": "0",
        "junction_detail_historic": "-1",
        "latitude": "53.75042",
        "light_conditions": "1",
        "local_authority_district": "-1",
        "local_authority_highway": "E08000033",
        "local_authority_highway_current": "E08000033",
        "local_authority_ons_district": "E08000033",
        "location_easting_osgr": "411429",
        "location_northing_osgr": "428241",
        "longitude": "-1.82816",
        "lsoa_of_accident_location": "E01010936",
        "number_of_casualties": 1,
        "number_of_vehicles": 3,
        "pedestrian_crossing": "0",
        "pedestrian_crossing_human_control_historic": "-1",
        "pedestrian_crossing_physical_facilities_historic": "-1",
        "police_force": "13",
        "road_surface_conditions": "2",
        "road_type": "6",
        "second_road_class": "6",
        "second_road_number": "0",
        "special_conditions_at_site": "-1",
        "speed_limit": 30,
        "time": "08:50",
        "trunk_road_flag": "2",
        "urban_or_rural_area": "2",
        "weather_conditions": "2",
        "geometry_source": "collision_location",
        "source_year": 2025,
        "date_iso": "2025-02-24"
      }
    },
    {
      "type": "Feature",
      "id": "2025131573175",
      "geometry": {
        "type": "Point",
        "coordinates": [
          -1.86837,
          53.69934
        ]
      },
      "properties": {
        "carriageway_hazards": "0",
        "carriageway_hazards_historic": "-1",
        "collision_adjusted_severity_serious": "0",
        "collision_adjusted_severity_slight": "1",
        "collision_index": "2025131573175",
        "collision_injury_based": "1",
        "collision_ref_no": "131573175",
        "collision_severity": "3",
        "collision_year": 2025,
        "date": "02/04/2025",
        "day_of_week": "4",
        "did_police_officer_attend_scene_of_accident": "2",
        "enhanced_severity_collision": "3",
        "first_road_class": "3",
        "first_road_number": "6026",
        "junction_control": "-1",
        "junction_detail": "0",
        "junction_detail_historic": "-1",
        "latitude": "53.69934",
        "light_conditions": "1",
        "local_authority_district": "-1",
        "local_authority_highway": "E08000033",
        "local_authority_highway_current": "E08000033",
        "local_authority_ons_district": "E08000033",
        "location_easting_osgr": "408788",
        "location_northing_osgr": "422553",
        "longitude": "-1.86837",
        "lsoa_of_accident_location": "E01010973",
        "number_of_casualties": 1,
        "number_of_vehicles": 3,
        "pedestrian_crossing": "0",
        "pedestrian_crossing_human_control_historic": "-1",
        "pedestrian_crossing_physical_facilities_historic": "-1",
        "police_force": "13",
        "road_surface_conditions": "1",
        "road_type": "6",
        "second_road_class": "6",
        "second_road_number": "0",
        "special_conditions_at_site": "-1",
        "speed_limit": 30,
        "time": "16:20",
        "trunk_road_flag": "2",
        "urban_or_rural_area": "1",
        "weather_conditions": "1",
        "geometry_source": "collision_location",
        "source_year": 2025,
        "date_iso": "2025-04-02"
      }
    },
    {
      "type": "Feature",
      "id": "2025131616485",
      "geometry": {
        "type": "Point",
        "coordinates": [
          -1.8959,
          53.70931
        ]
      },
      "properties": {
        "carriageway_hazards": "0",
        "carriageway_hazards_historic": "-1",
        "collision_adjusted_severity_serious": "1",
        "collision_adjusted_severity_slight": "0",
        "collision_index": "2025131616485",
        "collision_injury_based": "1",
        "collision_ref_no": "131616485",
        "collision_severity": "2",
        "collision_year": 2025,
        "date": "15/07/2025",
        "day_of_week": "3",
        "did_police_officer_attend_scene_of_accident": "1",
        "enhanced_severity_collision": "7",
        "first_road_class": "6",
        "first_road_number": "0",
        "junction_control": "4",
        "junction_detail": "13",
        "junction_detail_historic": "-1",
        "latitude": "53.70931",
        "light_conditions": "1",
        "local_authority_district": "-1",
        "local_authority_highway": "E08000033",
        "local_authority_highway_current": "E08000033",
        "local_authority_ons_district": "E08000033",
        "location_easting_osgr": "406969",
        "location_northing_osgr": "423659",
        "longitude": "-1.8959",
        "lsoa_of_accident_location": "E01010981",
        "number_of_casualties": 3,
        "number_of_vehicles": 3,
        "pedestrian_crossing": "0",
        "pedestrian_crossing_human_control_historic": "-1",
        "pedestrian_crossing_physical_facilities_historic": "-1",
        "police_force": "13",
        "road_surface_conditions": "1",
        "road_type": "6",
        "second_road_class": "6",
        "second_road_number": "0",
        "special_conditions_at_site": "-1",
        "speed_limit": 30,
        "time": "08:51",
        "trunk_road_flag": "2",
        "urban_or_rural_area": "1",
        "weather_conditions": "1",
        "geometry_source": "collision_location",
        "source_year": 2025,
        "date_iso": "2025-07-15"
      }
    },
    {
      "type": "Feature",
      "id": "2025131545731",
      "geometry": {
        "type": "Point",
        "coordinates": [
          -1.86846,
          53.70092
        ]
      },
      "properties": {
        "carriageway_hazards": "0",
        "carriageway_hazards_historic": "-1",
        "collision_adjusted_severity_serious": "0",
        "collision_adjusted_severity_slight": "1",
        "collision_index": "2025131545731",
        "collision_injury_based": "1",
        "collision_ref_no": "131545731",
        "collision_severity": "3",
        "collision_year": 2025,
        "date": "24/01/2025",
        "day_of_week": "6",
        "did_police_officer_attend_scene_of_accident": "2",
        "enhanced_severity_collision": "3",
        "first_road_class": "6",
        "first_road_number": "0",
        "junction_control": "-1",
        "junction_detail": "0",
        "junction_detail_historic": "-1",
        "latitude": "53.70092",
        "light_conditions": "1",
        "local_authority_district": "-1",
        "local_authority_highway": "E08000033",
        "local_authority_highway_current": "E08000033",
        "local_authority_ons_district": "E08000033",
        "location_easting_osgr": "408782",
        "location_northing_osgr": "422729",
        "longitude": "-1.86846",
        "lsoa_of_accident_location": "E01010973",
        "number_of_casualties": 1,
        "number_of_vehicles": 1,
        "pedestrian_crossing": "0",
        "pedestrian_crossing_human_control_historic": "-1",
        "pedestrian_crossing_physical_facilities_historic": "-1",
        "police_force": "13",
        "road_surface_conditions": "2",
        "road_type": "6",
        "second_road_class": "6",
        "second_road_number": "0",
        "special_conditions_at_site": "-1",
        "speed_limit": 20,
        "time": "08:55",
        "trunk_road_flag": "2",
        "urban_or_rural_area": "1",
        "weather_conditions": "4",
        "geometry_source": "collision_location",
        "source_year": 2025,
        "date_iso": "2025-01-24"
      }
    },
    {
      "type": "Feature",
      "id": "2025131582275",
      "geometry": {
        "type": "Point",
        "coordinates": [
          -1.85498,
          53.68664
        ]
      },
      "properties": {
        "carriageway_hazards": "0",
        "carriageway_hazards_historic": "-1",
        "collision_adjusted_severity_serious": "0",
        "collision_adjusted_severity_slight": "1",
        "collision_index": "2025131582275",
        "collision_injury_based": "1",
        "collision_ref_no": "131582275",
        "collision_severity": "3",
        "collision_year": 2025,
        "date": "26/04/2025",
        "day_of_week": "7",
        "did_police_officer_attend_scene_of_accident": "1",
        "enhanced_severity_collision": "3",
        "first_road_class": "4",
        "first_road_number": "6114",
        "junction_control": "4",
        "junction_detail": "19",
        "junction_detail_historic": "-1",
        "latitude": "53.68664",
        "light_conditions": "1",
        "local_authority_district": "-1",
        "local_authority_highway": "E08000033",
        "local_authority_highway_current": "E08000033",
        "local_authority_ons_district": "E08000033",
        "location_easting_osgr": "409675",
        "location_northing_osgr": "421142",
        "longitude": "-1.85498",
        "lsoa_of_accident_location": "E01010898",
        "number_of_casualties": 2,
        "number_of_vehicles": 2,
        "pedestrian_crossing": "0",
        "pedestrian_crossing_human_control_historic": "-1",
        "pedestrian_crossing_physical_facilities_historic": "-1",
        "police_force": "13",
        "road_surface_conditions": "1",
        "road_type": "6",
        "second_road_class": "6",
        "second_road_number": "0",
        "special_conditions_at_site": "-1",
        "speed_limit": 30,
        "time": "11:25",
        "trunk_road_flag": "2",
        "urban_or_rural_area": "1",
        "weather_conditions": "1",
        "geometry_source": "collision_location",
        "source_year": 2025,
        "date_iso": "2025-04-26"
      }
    },
    {
      "type": "Feature",
      "id": "2025131588357",
      "geometry": {
        "type": "Point",
        "coordinates": [
          -1.74549,
          53.69471
        ]
      },
      "properties": {
        "carriageway_hazards": "0",
        "carriageway_hazards_historic": "-1",
        "collision_adjusted_severity_serious": "1",
        "collision_adjusted_severity_slight": "0",
        "collision_index": "2025131588357",
        "collision_injury_based": "1",
        "collision_ref_no": "131588357",
        "collision_severity": "2",
        "collision_year": 2025,
        "date": "11/05/2025",
        "day_of_week": "1",
        "did_police_officer_attend_scene_of_accident": "1",
        "enhanced_severity_collision": "7",
        "first_road_class": "3",
        "first_road_number": "644",
        "junction_control": "4",
        "junction_detail": "13",
        "junction_detail_historic": "-1",
        "latitude": "53.69471",
        "light_conditions": "4",
        "local_authority_district": "-1",
        "local_authority_highway": "E08000033",
        "local_authority_highway_current": "E08000033",
        "local_authority_ons_district": "E08000033",
        "location_easting_osgr": "416903",
        "location_northing_osgr": "422060",
        "longitude": "-1.74549",
        "lsoa_of_accident_location": "E01010879",
        "number_of_casualties": 2,
        "number_of_vehicles": 2,
        "pedestrian_crossing": "0",
        "pedestrian_crossing_human_control_historic": "-1",
        "pedestrian_crossing_physical_facilities_historic": "-1",
        "police_force": "13",
        "road_surface_conditions": "1",
        "road_type": "6",
        "second_road_class": "6",
        "second_road_number": "0",
        "special_conditions_at_site": "-1",
        "speed_limit": 50,
        "time": "00:40",
        "trunk_road_flag": "2",
        "urban_or_rural_area": "2",
        "weather_conditions": "1",
        "geometry_source": "collision_location",
        "source_year": 2025,
        "date_iso": "2025-05-11"
      }
    },
    {
      "type": "Feature",
      "id": "2025131641106",
      "geometry": {
        "type": "Point",
        "coordinates": [
          -1.86145,
          53.72183
        ]
      },
      "properties": {
        "carriageway_hazards": "13",
        "carriageway_hazards_historic": "-1",
        "collision_adjusted_severity_serious": "0",
        "collision_adjusted_severity_slight": "1",
        "collision_index": "2025131641106",
        "collision_injury_based": "1",
        "collision_ref_no": "131641106",
        "collision_severity": "3",
        "collision_year": 2025,
        "date": "12/09/2025",
        "day_of_week": "6",
        "did_police_officer_attend_scene_of_accident": "2",
        "enhanced_severity_collision": "3",
        "first_road_class": "6",
        "first_road_number": "0",
        "junction_control": "4",
        "junction_detail": "13",
        "junction_detail_historic": "-1",
        "latitude": "53.72183",
        "light_conditions": "1",
        "local_authority_district": "-1",
        "local_authority_highway": "E08000033",
        "local_authority_highway_current": "E08000033",
        "local_authority_ons_district": "E08000033",
        "location_easting_osgr": "409240",
        "location_northing_osgr": "425056",
        "longitude": "-1.86145",
        "lsoa_of_accident_location": "E01034583",
        "number_of_casualties": 1,
        "number_of_vehicles": 1,
        "pedestrian_crossing": "0",
        "pedestrian_crossing_human_control_historic": "-1",
        "pedestrian_crossing_physical_facilities_historic": "-1",
        "police_force": "13",
        "road_surface_conditions": "1",
        "road_type": "2",
        "second_road_class": "6",
        "second_road_number": "0",
        "special_conditions_at_site": "-1",
        "speed_limit": 30,
        "time": "10:35",
        "trunk_road_flag": "2",
        "urban_or_rural_area": "1",
        "weather_conditions": "1",
        "geometry_source": "collision_location",
        "source_year": 2025,
        "date_iso": "2025-09-12"
      }
    },
    {
      "type": "Feature",
      "id": "2025131569165",
      "geometry": {
        "type": "Point",
        "coordinates": [
          -2.05987,
          53.72108
        ]
      },
      "properties": {
        "carriageway_hazards": "0",
        "carriageway_hazards_historic": "-1",
        "collision_adjusted_severity_serious": "0",
        "collision_adjusted_severity_slight": "0",
        "collision_index": "2025131569165",
        "collision_injury_based": "1",
        "collision_ref_no": "131569165",
        "collision_severity": "1",
        "collision_year": 2025,
        "date": "25/03/2025",
        "day_of_week": "3",
        "did_police_officer_attend_scene_of_accident": "1",
        "enhanced_severity_collision": "1",
        "first_road_class": "3",
        "first_road_number": "646",
        "junction_control": "-1",
        "junction_detail": "0",
        "junction_detail_historic": "-1",
        "latitude": "53.72108",
        "light_conditions": "1",
        "local_authority_district": "-1",
        "local_authority_highway": "E08000033",
        "local_authority_highway_current": "E08000033",
        "local_authority_ons_district": "E08000033",
        "location_easting_osgr": "396147",
        "location_northing_osgr": "424965",
        "longitude": "-2.05987",
        "lsoa_of_accident_location": "E01010883",
        "number_of_casualties": 2,
        "number_of_vehicles": 1,
        "pedestrian_crossing": "0",
        "pedestrian_crossing_human_control_historic": "-1",
        "pedestrian_crossing_physical_facilities_historic": "-1",
        "police_force": "13",
        "road_surface_conditions": "1",
        "road_type": "6",
        "second_road_class": "6",
        "second_road_number": "0",
        "special_conditions_at_site": "-1",
        "speed_limit": 40,
        "time": "14:32",
        "trunk_road_flag": "2",
        "urban_or_rural_area": "2",
        "weather_conditions": "1",
        "geometry_source": "collision_location",
        "source_year": 2025,
        "date_iso": "2025-03-25"
      }
    },
    {
      "type": "Feature",
      "id": "2025131568605",
      "geometry": {
        "type": "Point",
        "coordinates": [
          -2.09025,
          53.71435
        ]
      },
      "properties": {
        "carriageway_hazards": "0",
        "carriageway_hazards_historic": "-1",
        "collision_adjusted_severity_serious": "0",
        "collision_adjusted_severity_slight": "1",
        "collision_index": "2025131568605",
        "collision_injury_based": "1",
        "collision_ref_no": "131568605",
        "collision_severity": "3",
        "collision_year": 2025,
        "date": "23/03/2025",
        "day_of_week": "1",
        "did_police_officer_attend_scene_of_accident": "2",
        "enhanced_severity_collision": "3",
        "first_road_class": "3",
        "first_road_number": "646",
        "junction_control": "-1",
        "junction_detail": "0",
        "junction_detail_historic": "-1",
        "latitude": "53.71435",
        "light_conditions": "1",
        "local_authority_district": "-1",
        "local_authority_highway": "E08000033",
        "local_authority_highway_current": "E08000033",
        "local_authority_ons_district": "E08000033",
        "location_easting_osgr": "394141",
        "location_northing_osgr": "424219",
        "longitude": "-2.09025",
        "lsoa_of_accident_location": "E01010984",
        "number_of_casualties": 1,
        "number_of_vehicles": 1,
        "pedestrian_crossing": "0",
        "pedestrian_crossing_human_control_historic": "-1",
        "pedestrian_crossing_physical_facilities_historic": "-1",
        "police_force": "13",
        "road_surface_conditions": "1",
        "road_type": "6",
        "second_road_class": "6",
        "second_road_number": "0",
        "special_conditions_at_site": "-1",
        "speed_limit": 30,
        "time": "15:00",
        "trunk_road_flag": "2",
        "urban_or_rural_area": "1",
        "weather_conditions": "1",
        "geometry_source": "collision_location",
        "source_year": 2025,
        "date_iso": "2025-03-23"
      }
    },
    {
      "type": "Feature",
      "id": "2025131658961",
      "geometry": {
        "type": "Point",
        "coordinates": [
          -1.85017,
          53.72726
        ]
      },
      "properties": {
        "carriageway_hazards": "0",
        "carriageway_hazards_historic": "-1",
        "collision_adjusted_severity_serious": "0",
        "collision_adjusted_severity_slight": "1",
        "collision_index": "2025131658961",
        "collision_injury_based": "1",
        "collision_ref_no": "131658961",
        "collision_severity": "3",
        "collision_year": 2025,
        "date": "25/10/2025",
        "day_of_week": "7",
        "did_police_officer_attend_scene_of_accident": "1",
        "enhanced_severity_collision": "3",
        "first_road_class": "3",
        "first_road_number": "58",
        "junction_control": "4",
        "junction_detail": "13",
        "junction_detail_historic": "-1",
        "latitude": "53.72726",
        "light_conditions": "1",
        "local_authority_district": "-1",
        "local_authority_highway": "E08000033",
        "local_authority_highway_current": "E08000033",
        "local_authority_ons_district": "E08000033",
        "location_easting_osgr": "409983",
        "location_northing_osgr": "425662",
        "longitude": "-1.85017",
        "lsoa_of_accident_location": "E01010934",
        "number_of_casualties": 1,
        "number_of_vehicles": 2,
        "pedestrian_crossing": "0",
        "pedestrian_crossing_human_control_historic": "-1",
        "pedestrian_crossing_physical_facilities_historic": "-1",
        "police_force": "13",
        "road_surface_conditions": "2",
        "road_type": "6",
        "second_road_class": "6",
        "second_road_number": "0",
        "special_conditions_at_site": "-1",
        "speed_limit": 40,
        "time": "08:39",
        "trunk_road_flag": "2",
        "urban_or_rural_area": "1",
        "weather_conditions": "1",
        "geometry_source": "collision_location",
        "source_year": 2025,
        "date_iso": "2025-10-25"
      }
    },
    {
      "type": "Feature",
      "id": "2025131539427",
      "geometry": {
        "type": "Point",
        "coordinates": [
          -1.82034,
          53.67466
        ]
      },
      "properties": {
        "carriageway_hazards": "0",
        "carriageway_hazards_historic": "-1",
        "collision_adjusted_severity_serious": "0",
        "collision_adjusted_severity_slight": "1",
        "collision_index": "2025131539427",
        "collision_injury_based": "1",
        "collision_ref_no": "131539427",
        "collision_severity": "3",
        "collision_year": 2025,
        "date": "09/01/2025",
        "day_of_week": "5",
        "did_police_officer_attend_scene_of_accident": "1",
        "enhanced_severity_collision": "3",
        "first_road_class": "1",
        "first_road_number": "62",
        "junction_control": "-1",
        "junction_detail": "0",
        "junction_detail_historic": "-1",
        "latitude": "53.67466",
        "light_conditions": "1",
        "local_authority_district": "-1",
        "local_authority_highway": "E08000033",
        "local_authority_highway_current": "E08000033",
        "local_authority_ons_district": "E08000033",
        "location_easting_osgr": "411966",
        "location_northing_osgr": "419814",
        "longitude": "-1.82034",
        "lsoa_of_accident_location": "E01010892",
        "number_of_casualties": 2,
        "number_of_vehicles": 1,
        "pedestrian_crossing": "0",
        "pedestrian_crossing_human_control_historic": "-1",
        "pedestrian_crossing_physical_facilities_historic": "-1",
        "police_force": "13",
        "road_surface_conditions": "4",
        "road_type": "3",
        "second_road_class": "0",
        "second_road_number": "-1",
        "special_conditions_at_site": "-1",
        "speed_limit": 70,
        "time": "13:05",
        "trunk_road_flag": "1",
        "urban_or_rural_area": "2",
        "weather_conditions": "3",
        "geometry_source": "collision_location",
        "source_year": 2025,
        "date_iso": "2025-01-09"
      }
    },
    {
      "type": "Feature",
      "id": "2025131614368",
      "geometry": {
        "type": "Point",
        "coordinates": [
          -2.09238,
          53.6835
        ]
      },
      "properties": {
        "carriageway_hazards": "0",
        "carriageway_hazards_historic": "-1",
        "collision_adjusted_severity_serious": "0",
        "collision_adjusted_severity_slight": "1",
        "collision_index": "2025131614368",
        "collision_injury_based": "1",
        "collision_ref_no": "131614368",
        "collision_severity": "3",
        "collision_year": 2025,
        "date": "10/07/2025",
        "day_of_week": "5",
        "did_police_officer_attend_scene_of_accident": "1",
        "enhanced_severity_collision": "3",
        "first_road_class": "3",
        "first_road_number": "6033",
        "junction_control": "4",
        "junction_detail": "19",
        "junction_detail_historic": "-1",
        "latitude": "53.6835",
        "light_conditions": "5",
        "local_authority_district": "-1",
        "local_authority_highway": "E08000033",
        "local_authority_highway_current": "E08000033",
        "local_authority_ons_district": "E08000033",
        "location_easting_osgr": "393996",
        "location_northing_osgr": "420786",
        "longitude": "-2.09238",
        "lsoa_of_accident_location": "E01010886",
        "number_of_casualties": 1,
        "number_of_vehicles": 2,
        "pedestrian_crossing": "0",
        "pedestrian_crossing_human_control_historic": "-1",
        "pedestrian_crossing_physical_facilities_historic": "-1",
        "police_force": "13",
        "road_surface_conditions": "1",
        "road_type": "6",
        "second_road_class": "6",
        "second_road_number": "0",
        "special_conditions_at_site": "-1",
        "speed_limit": 30,
        "time": "19:15",
        "trunk_road_flag": "2",
        "urban_or_rural_area": "2",
        "weather_conditions": "1",
        "geometry_source": "collision_location",
        "source_year": 2025,
        "date_iso": "2025-07-10"
      }
    },
    {
      "type": "Feature",
      "id": "2025131688318",
      "geometry": {
        "type": "Point",
        "coordinates": [
          -1.81549,
          53.67669
        ]
      },
      "properties": {
        "carriageway_hazards": "0",
        "carriageway_hazards_historic": "-1",
        "collision_adjusted_severity_serious": "0",
        "collision_adjusted_severity_slight": "1",
        "collision_index": "2025131688318",
        "collision_injury_based": "1",
        "collision_ref_no": "131688318",
        "collision_severity": "3",
        "collision_year": 2025,
        "date": "09/12/2025",
        "day_of_week": "3",
        "did_police_officer_attend_scene_of_accident": "1",
        "enhanced_severity_collision": "3",
        "first_road_class": "1",
        "first_road_number": "62",
        "junction_control": "-1",
        "junction_detail": "0",
        "junction_detail_historic": "-1",
        "latitude": "53.67669",
        "light_conditions": "4",
        "local_authority_district": "-1",
        "local_authority_highway": "E08000033",
        "local_authority_highway_current": "E08000033",
        "local_authority_ons_district": "E08000033",
        "location_easting_osgr": "412286",
        "location_northing_osgr": "420041",
        "longitude": "-1.81549",
        "lsoa_of_accident_location": "E01010892",
        "number_of_casualties": 1,
        "number_of_vehicles": 2,
        "pedestrian_crossing": "0",
        "pedestrian_crossing_human_control_historic": "-1",
        "pedestrian_crossing_physical_facilities_historic": "-1",
        "police_force": "13",
        "road_surface_conditions": "2",
        "road_type": "3",
        "second_road_class": "0",
        "second_road_number": "-1",
        "special_conditions_at_site": "-1",
        "speed_limit": 70,
        "time": "23:11",
        "trunk_road_flag": "1",
        "urban_or_rural_area": "2",
        "weather_conditions": "1",
        "geometry_source": "collision_location",
        "source_year": 2025,
        "date_iso": "2025-12-09"
      }
    },
    {
      "type": "Feature",
      "id": "2025131567293",
      "geometry": {
        "type": "Point",
        "coordinates": [
          -1.77681,
          53.72256
        ]
      },
      "properties": {
        "carriageway_hazards": "0",
        "carriageway_hazards_historic": "-1",
        "collision_adjusted_severity_serious": "0",
        "collision_adjusted_severity_slight": "1",
        "collision_index": "2025131567293",
        "collision_injury_based": "1",
        "collision_ref_no": "131567293",
        "collision_severity": "3",
        "collision_year": 2025,
        "date": "20/03/2025",
        "day_of_week": "5",
        "did_police_officer_attend_scene_of_accident": "1",
        "enhanced_severity_collision": "3",
        "first_road_class": "3",
        "first_road_number": "649",
        "junction_control": "2",
        "junction_detail": "16",
        "junction_detail_historic": "-1",
        "latitude": "53.72256",
        "light_conditions": "1",
        "local_authority_district": "-1",
        "local_authority_highway": "E08000033",
        "local_authority_highway_current": "E08000033",
        "local_authority_ons_district": "E08000033",
        "location_easting_osgr": "414825",
        "location_northing_osgr": "425151",
        "longitude": "-1.77681",
        "lsoa_of_accident_location": "E01010908",
        "number_of_casualties": 1,
        "number_of_vehicles": 1,
        "pedestrian_crossing": "15",
        "pedestrian_crossing_human_control_historic": "-1",
        "pedestrian_crossing_physical_facilities_historic": "-1",
        "police_force": "13",
        "road_surface_conditions": "1",
        "road_type": "6",
        "second_road_class": "6",
        "second_road_number": "0",
        "special_conditions_at_site": "-1",
        "speed_limit": 30,
        "time": "12:40",
        "trunk_road_flag": "2",
        "urban_or_rural_area": "1",
        "weather_conditions": "1",
        "geometry_source": "collision_location",
        "source_year": 2025,
        "date_iso": "2025-03-20"
      }
    },
    {
      "type": "Feature",
      "id": "2025131627976",
      "geometry": {
        "type": "Point",
        "coordinates": [
          -1.83104,
          53.74085
        ]
      },
      "properties": {
        "carriageway_hazards": "0",
        "carriageway_hazards_historic": "-1",
        "collision_adjusted_severity_serious": "0",
        "collision_adjusted_severity_slight": "1",
        "collision_index": "2025131627976",
        "collision_injury_based": "1",
        "collision_ref_no": "131627976",
        "collision_severity": "3",
        "collision_year": 2025,
        "date": "12/08/2025",
        "day_of_week": "3",
        "did_police_officer_attend_scene_of_accident": "1",
        "enhanced_severity_collision": "3",
        "first_road_class": "6",
        "first_road_number": "0",
        "junction_control": "4",
        "junction_detail": "13",
        "junction_detail_historic": "-1",
        "latitude": "53.74085",
        "light_conditions": "1",
        "local_authority_district": "-1",
        "local_authority_highway": "E08000033",
        "local_authority_highway_current": "E08000033",
        "local_authority_ons_district": "E08000033",
        "location_easting_osgr": "411242",
        "location_northing_osgr": "427176",
        "longitude": "-1.83104",
        "lsoa_of_accident_location": "E01010936",
        "number_of_casualties": 1,
        "number_of_vehicles": 1,
        "pedestrian_crossing": "0",
        "pedestrian_crossing_human_control_historic": "-1",
        "pedestrian_crossing_physical_facilities_historic": "-1",
        "police_force": "13",
        "road_surface_conditions": "1",
        "road_type": "6",
        "second_road_class": "6",
        "second_road_number": "0",
        "special_conditions_at_site": "-1",
        "speed_limit": 30,
        "time": "17:04",
        "trunk_road_flag": "2",
        "urban_or_rural_area": "1",
        "weather_conditions": "1",
        "geometry_source": "collision_location",
        "source_year": 2025,
        "date_iso": "2025-08-12"
      }
    },
    {
      "type": "Feature",
      "id": "2025131716140",
      "geometry": {
        "type": "Point",
        "coordinates": [
          -1.88129,
          53.72533
        ]
      },
      "properties": {
        "carriageway_hazards": "0",
        "carriageway_hazards_historic": "-1",
        "collision_adjusted_severity_serious": "0",
        "collision_adjusted_severity_slight": "1",
        "collision_index": "2025131716140",
        "collision_injury_based": "1",
        "collision_ref_no": "131716140",
        "collision_severity": "3",
        "collision_year": 2025,
        "date": "17/12/2025",
        "day_of_week": "4",
        "did_police_officer_attend_scene_of_accident": "2",
        "enhanced_severity_collision": "3",
        "first_road_class": "6",
        "first_road_number": "0",
        "junction_control": "4",
        "junction_detail": "16",
        "junction_detail_historic": "-1",
        "latitude": "53.72533",
        "light_conditions": "4",
        "local_authority_district": "-1",
        "local_authority_highway": "E08000033",
        "local_authority_highway_current": "E08000033",
        "local_authority_ons_district": "E08000033",
        "location_easting_osgr": "407930",
        "location_northing_osgr": "425443",
        "longitude": "-1.88129",
        "lsoa_of_accident_location": "E01010964",
        "number_of_casualties": 1,
        "number_of_vehicles": 2,
        "pedestrian_crossing": "0",
        "pedestrian_crossing_human_control_historic": "-1",
        "pedestrian_crossing_physical_facilities_historic": "-1",
        "police_force": "13",
        "road_surface_conditions": "1",
        "road_type": "6",
        "second_road_class": "6",
        "second_road_number": "0",
        "special_conditions_at_site": "-1",
        "speed_limit": 30,
        "time": "19:30",
        "trunk_road_flag": "2",
        "urban_or_rural_area": "1",
        "weather_conditions": "9",
        "geometry_source": "collision_location",
        "source_year": 2025,
        "date_iso": "2025-12-17"
      }
    },
    {
      "type": "Feature",
      "id": "2025131593603",
      "geometry": {
        "type": "Point",
        "coordinates": [
          -1.88693,
          53.72542
        ]
      },
      "properties": {
        "carriageway_hazards": "0",
        "carriageway_hazards_historic": "-1",
        "collision_adjusted_severity_serious": "0",
        "collision_adjusted_severity_slight": "1",
        "collision_index": "2025131593603",
        "collision_injury_based": "1",
        "collision_ref_no": "131593603",
        "collision_severity": "3",
        "collision_year": 2025,
        "date": "22/05/2025",
        "day_of_week": "5",
        "did_police_officer_attend_scene_of_accident": "1",
        "enhanced_severity_collision": "3",
        "first_road_class": "6",
        "first_road_number": "0",
        "junction_control": "4",
        "junction_detail": "13",
        "junction_detail_historic": "-1",
        "latitude": "53.72542",
        "light_conditions": "1",
        "local_authority_district": "-1",
        "local_authority_highway": "E08000033",
        "local_authority_highway_current": "E08000033",
        "local_authority_ons_district": "E08000033",
        "location_easting_osgr": "407558",
        "location_northing_osgr": "425452",
        "longitude": "-1.88693",
        "lsoa_of_accident_location": "E01011000",
        "number_of_casualties": 2,
        "number_of_vehicles": 2,
        "pedestrian_crossing": "0",
        "pedestrian_crossing_human_control_historic": "-1",
        "pedestrian_crossing_physical_facilities_historic": "-1",
        "police_force": "13",
        "road_surface_conditions": "1",
        "road_type": "6",
        "second_road_class": "6",
        "second_road_number": "0",
        "special_conditions_at_site": "-1",
        "speed_limit": 20,
        "time": "17:49",
        "trunk_road_flag": "2",
        "urban_or_rural_area": "1",
        "weather_conditions": "1",
        "geometry_source": "collision_location",
        "source_year": 2025,
        "date_iso": "2025-05-22"
      }
    },
    {
      "type": "Feature",
      "id": "2025131663940",
      "geometry": {
        "type": "Point",
        "coordinates": [
          -1.81871,
          53.688
        ]
      },
      "properties": {
        "carriageway_hazards": "0",
        "carriageway_hazards_historic": "-1",
        "collision_adjusted_severity_serious": "1",
        "collision_adjusted_severity_slight": "0",
        "collision_index": "2025131663940",
        "collision_injury_based": "1",
        "collision_ref_no": "131663940",
        "collision_severity": "2",
        "collision_year": 2025,
        "date": "04/11/2025",
        "day_of_week": "3",
        "did_police_officer_attend_scene_of_accident": "2",
        "enhanced_severity_collision": "7",
        "first_road_class": "6",
        "first_road_number": "0",
        "junction_control": "4",
        "junction_detail": "13",
        "junction_detail_historic": "-1",
        "latitude": "53.688",
        "light_conditions": "4",
        "local_authority_district": "-1",
        "local_authority_highway": "E08000033",
        "local_authority_highway_current": "E08000033",
        "local_authority_ons_district": "E08000033",
        "location_easting_osgr": "412070",
        "location_northing_osgr": "421298",
        "longitude": "-1.81871",
        "lsoa_of_accident_location": "E01010892",
        "number_of_casualties": 1,
        "number_of_vehicles": 1,
        "pedestrian_crossing": "0",
        "pedestrian_crossing_human_control_historic": "-1",
        "pedestrian_crossing_physical_facilities_historic": "-1",
        "police_force": "13",
        "road_surface_conditions": "2",
        "road_type": "6",
        "second_road_class": "6",
        "second_road_number": "0",
        "special_conditions_at_site": "-1",
        "speed_limit": 30,
        "time": "17:00",
        "trunk_road_flag": "2",
        "urban_or_rural_area": "1",
        "weather_conditions": "2",
        "geometry_source": "collision_location",
        "source_year": 2025,
        "date_iso": "2025-11-04"
      }
    },
    {
      "type": "Feature",
      "id": "2025131684791",
      "geometry": {
        "type": "Point",
        "coordinates": [
          -1.7761,
          53.72298
        ]
      },
      "properties": {
        "carriageway_hazards": "0",
        "carriageway_hazards_historic": "-1",
        "collision_adjusted_severity_serious": "0",
        "collision_adjusted_severity_slight": "1",
        "collision_index": "2025131684791",
        "collision_injury_based": "1",
        "collision_ref_no": "131684791",
        "collision_severity": "3",
        "collision_year": 2025,
        "date": "15/12/2025",
        "day_of_week": "2",
        "did_police_officer_attend_scene_of_accident": "2",
        "enhanced_severity_collision": "3",
        "first_road_class": "3",
        "first_road_number": "641",
        "junction_control": "-1",
        "junction_detail": "0",
        "junction_detail_historic": "-1",
        "latitude": "53.72298",
        "light_conditions": "4",
        "local_authority_district": "-1",
        "local_authority_highway": "E08000033",
        "local_authority_highway_current": "E08000033",
        "local_authority_ons_district": "E08000033",
        "location_easting_osgr": "414872",
        "location_northing_osgr": "425198",
        "longitude": "-1.7761",
        "lsoa_of_accident_location": "E01010908",
        "number_of_casualties": 1,
        "number_of_vehicles": 1,
        "pedestrian_crossing": "0",
        "pedestrian_crossing_human_control_historic": "-1",
        "pedestrian_crossing_physical_facilities_historic": "-1",
        "police_force": "13",
        "road_surface_conditions": "2",
        "road_type": "6",
        "second_road_class": "3",
        "second_road_number": "649",
        "special_conditions_at_site": "-1",
        "speed_limit": 30,
        "time": "07:20",
        "trunk_road_flag": "2",
        "urban_or_rural_area": "1",
        "weather_conditions": "7",
        "geometry_source": "collision_location",
        "source_year": 2025,
        "date_iso": "2025-12-15"
      }
    },
    {
      "type": "Feature",
      "id": "2025131583565",
      "geometry": {
        "type": "Point",
        "coordinates": [
          -1.90105,
          53.72351
        ]
      },
      "properties": {
        "carriageway_hazards": "0",
        "carriageway_hazards_historic": "-1",
        "collision_adjusted_severity_serious": "0",
        "collision_adjusted_severity_slight": "1",
        "collision_index": "2025131583565",
        "collision_injury_based": "1",
        "collision_ref_no": "131583565",
        "collision_severity": "3",
        "collision_year": 2025,
        "date": "29/04/2025",
        "day_of_week": "3",
        "did_police_officer_attend_scene_of_accident": "2",
        "enhanced_severity_collision": "3",
        "first_road_class": "6",
        "first_road_number": "0",
        "junction_control": "4",
        "junction_detail": "19",
        "junction_detail_historic": "-1",
        "latitude": "53.72351",
        "light_conditions": "1",
        "local_authority_district": "-1",
        "local_authority_highway": "E08000033",
        "local_authority_highway_current": "E08000033",
        "local_authority_ons_district": "E08000033",
        "location_easting_osgr": "406627",
        "location_northing_osgr": "425238",
        "longitude": "-1.90105",
        "lsoa_of_accident_location": "E01010999",
        "number_of_casualties": 1,
        "number_of_vehicles": 2,
        "pedestrian_crossing": "0",
        "pedestrian_crossing_human_control_historic": "-1",
        "pedestrian_crossing_physical_facilities_historic": "-1",
        "police_force": "13",
        "road_surface_conditions": "1",
        "road_type": "6",
        "second_road_class": "6",
        "second_road_number": "0",
        "special_conditions_at_site": "-1",
        "speed_limit": 30,
        "time": "08:00",
        "trunk_road_flag": "2",
        "urban_or_rural_area": "1",
        "weather_conditions": "1",
        "geometry_source": "collision_location",
        "source_year": 2025,
        "date_iso": "2025-04-29"
      }
    },
    {
      "type": "Feature",
      "id": "2025131650860",
      "geometry": {
        "type": "Point",
        "coordinates": [
          -1.88587,
          53.73664
        ]
      },
      "properties": {
        "carriageway_hazards": "0",
        "carriageway_hazards_historic": "-1",
        "collision_adjusted_severity_serious": "0",
        "collision_adjusted_severity_slight": "1",
        "collision_index": "2025131650860",
        "collision_injury_based": "1",
        "collision_ref_no": "131650860",
        "collision_severity": "3",
        "collision_year": 2025,
        "date": "06/10/2025",
        "day_of_week": "2",
        "did_police_officer_attend_scene_of_accident": "1",
        "enhanced_severity_collision": "3",
        "first_road_class": "6",
        "first_road_number": "0",
        "junction_control": "-1",
        "junction_detail": "0",
        "junction_detail_historic": "-1",
        "latitude": "53.73664",
        "light_conditions": "1",
        "local_authority_district": "-1",
        "local_authority_highway": "E08000033",
        "local_authority_highway_current": "E08000033",
        "local_authority_ons_district": "E08000033",
        "location_easting_osgr": "407626",
        "location_northing_osgr": "426701",
        "longitude": "-1.88587",
        "lsoa_of_accident_location": "E01010944",
        "number_of_casualties": 1,
        "number_of_vehicles": 2,
        "pedestrian_crossing": "0",
        "pedestrian_crossing_human_control_historic": "-1",
        "pedestrian_crossing_physical_facilities_historic": "-1",
        "police_force": "13",
        "road_surface_conditions": "1",
        "road_type": "6",
        "second_road_class": "6",
        "second_road_number": "0",
        "special_conditions_at_site": "-1",
        "speed_limit": 20,
        "time": "11:22",
        "trunk_road_flag": "2",
        "urban_or_rural_area": "1",
        "weather_conditions": "1",
        "geometry_source": "collision_location",
        "source_year": 2025,
        "date_iso": "2025-10-06"
      }
    },
    {
      "type": "Feature",
      "id": "2025131667438",
      "geometry": {
        "type": "Point",
        "coordinates": [
          -1.89598,
          53.77537
        ]
      },
      "properties": {
        "carriageway_hazards": "0",
        "carriageway_hazards_historic": "-1",
        "collision_adjusted_severity_serious": "0",
        "collision_adjusted_severity_slight": "1",
        "collision_index": "2025131667438",
        "collision_injury_based": "1",
        "collision_ref_no": "131667438",
        "collision_severity": "3",
        "collision_year": 2025,
        "date": "12/11/2025",
        "day_of_week": "4",
        "did_police_officer_attend_scene_of_accident": "1",
        "enhanced_severity_collision": "3",
        "first_road_class": "3",
        "first_road_number": "629",
        "junction_control": "-1",
        "junction_detail": "0",
        "junction_detail_historic": "-1",
        "latitude": "53.77537",
        "light_conditions": "4",
        "local_authority_district": "-1",
        "local_authority_highway": "E08000033",
        "local_authority_highway_current": "E08000033",
        "local_authority_ons_district": "E08000033",
        "location_easting_osgr": "406953",
        "location_northing_osgr": "431009",
        "longitude": "-1.89598",
        "lsoa_of_accident_location": "E01010911",
        "number_of_casualties": 2,
        "number_of_vehicles": 5,
        "pedestrian_crossing": "0",
        "pedestrian_crossing_human_control_historic": "-1",
        "pedestrian_crossing_physical_facilities_historic": "-1",
        "police_force": "13",
        "road_surface_conditions": "2",
        "road_type": "6",
        "second_road_class": "6",
        "second_road_number": "0",
        "special_conditions_at_site": "-1",
        "speed_limit": 50,
        "time": "16:01",
        "trunk_road_flag": "2",
        "urban_or_rural_area": "2",
        "weather_conditions": "2",
        "geometry_source": "collision_location",
        "source_year": 2025,
        "date_iso": "2025-11-12"
      }
    },
    {
      "type": "Feature",
      "id": "2025131615314",
      "geometry": {
        "type": "Point",
        "coordinates": [
          -1.92069,
          53.73242
        ]
      },
      "properties": {
        "carriageway_hazards": "0",
        "carriageway_hazards_historic": "-1",
        "collision_adjusted_severity_serious": "0",
        "collision_adjusted_severity_slight": "1",
        "collision_index": "2025131615314",
        "collision_injury_based": "1",
        "collision_ref_no": "131615314",
        "collision_severity": "3",
        "collision_year": 2025,
        "date": "13/07/2025",
        "day_of_week": "1",
        "did_police_officer_attend_scene_of_accident": "1",
        "enhanced_severity_collision": "3",
        "first_road_class": "6",
        "first_road_number": "0",
        "junction_control": "-1",
        "junction_detail": "0",
        "junction_detail_historic": "-1",
        "latitude": "53.73242",
        "light_conditions": "4",
        "local_authority_district": "-1",
        "local_authority_highway": "E08000033",
        "local_authority_highway_current": "E08000033",
        "local_authority_ons_district": "E08000033",
        "location_easting_osgr": "405330",
        "location_northing_osgr": "426228",
        "longitude": "-1.92069",
        "lsoa_of_accident_location": "E01010997",
        "number_of_casualties": 1,
        "number_of_vehicles": 2,
        "pedestrian_crossing": "0",
        "pedestrian_crossing_human_control_historic": "-1",
        "pedestrian_crossing_physical_facilities_historic": "-1",
        "police_force": "13",
        "road_surface_conditions": "1",
        "road_type": "1",
        "second_road_class": "6",
        "second_road_number": "0",
        "special_conditions_at_site": "-1",
        "speed_limit": 60,
        "time": "00:17",
        "trunk_road_flag": "2",
        "urban_or_rural_area": "2",
        "weather_conditions": "1",
        "geometry_source": "collision_location",
        "source_year": 2025,
        "date_iso": "2025-07-13"
      }
    },
    {
      "type": "Feature",
      "id": "2025131650632",
      "geometry": {
        "type": "Point",
        "coordinates": [
          -2.02548,
          53.74175
        ]
      },
      "properties": {
        "carriageway_hazards": "0",
        "carriageway_hazards_historic": "-1",
        "collision_adjusted_severity_serious": "1",
        "collision_adjusted_severity_slight": "0",
        "collision_index": "2025131650632",
        "collision_injury_based": "1",
        "collision_ref_no": "131650632",
        "collision_severity": "2",
        "collision_year": 2025,
        "date": "05/10/2025",
        "day_of_week": "1",
        "did_police_officer_attend_scene_of_accident": "1",
        "enhanced_severity_collision": "7",
        "first_road_class": "3",
        "first_road_number": "646",
        "junction_control": "-1",
        "junction_detail": "0",
        "junction_detail_historic": "-1",
        "latitude": "53.74175",
        "light_conditions": "4",
        "local_authority_district": "-1",
        "local_authority_highway": "E08000033",
        "local_authority_highway_current": "E08000033",
        "local_authority_ons_district": "E08000033",
        "location_easting_osgr": "398417",
        "location_northing_osgr": "427264",
        "longitude": "-2.02548",
        "lsoa_of_accident_location": "E01010923",
        "number_of_casualties": 3,
        "number_of_vehicles": 2,
        "pedestrian_crossing": "0",
        "pedestrian_crossing_human_control_historic": "-1",
        "pedestrian_crossing_physical_facilities_historic": "-1",
        "police_force": "13",
        "road_surface_conditions": "1",
        "road_type": "6",
        "second_road_class": "6",
        "second_road_number": "0",
        "special_conditions_at_site": "-1",
        "speed_limit": 30,
        "time": "20:10",
        "trunk_road_flag": "2",
        "urban_or_rural_area": "2",
        "weather_conditions": "1",
        "geometry_source": "collision_location",
        "source_year": 2025,
        "date_iso": "2025-10-05"
      }
    },
    {
      "type": "Feature",
      "id": "2025131661526",
      "geometry": {
        "type": "Point",
        "coordinates": [
          -1.85581,
          53.72836
        ]
      },
      "properties": {
        "carriageway_hazards": "0",
        "carriageway_hazards_historic": "-1",
        "collision_adjusted_severity_serious": "0",
        "collision_adjusted_severity_slight": "1",
        "collision_index": "2025131661526",
        "collision_injury_based": "1",
        "collision_ref_no": "131661526",
        "collision_severity": "3",
        "collision_year": 2025,
        "date": "31/10/2025",
        "day_of_week": "6",
        "did_police_officer_attend_scene_of_accident": "1",
        "enhanced_severity_collision": "3",
        "first_road_class": "3",
        "first_road_number": "58",
        "junction_control": "-1",
        "junction_detail": "0",
        "junction_detail_historic": "-1",
        "latitude": "53.72836",
        "light_conditions": "1",
        "local_authority_district": "-1",
        "local_authority_highway": "E08000033",
        "local_authority_highway_current": "E08000033",
        "local_authority_ons_district": "E08000033",
        "location_easting_osgr": "409611",
        "location_northing_osgr": "425783",
        "longitude": "-1.85581",
        "lsoa_of_accident_location": "E01010934",
        "number_of_casualties": 1,
        "number_of_vehicles": 2,
        "pedestrian_crossing": "0",
        "pedestrian_crossing_human_control_historic": "-1",
        "pedestrian_crossing_physical_facilities_historic": "-1",
        "police_force": "13",
        "road_surface_conditions": "2",
        "road_type": "3",
        "second_road_class": "3",
        "second_road_number": "58",
        "special_conditions_at_site": "-1",
        "speed_limit": 40,
        "time": "08:30",
        "trunk_road_flag": "2",
        "urban_or_rural_area": "1",
        "weather_conditions": "1",
        "geometry_source": "collision_location",
        "source_year": 2025,
        "date_iso": "2025-10-31"
      }
    },
    {
      "type": "Feature",
      "id": "2025131626301",
      "geometry": {
        "type": "Point",
        "coordinates": [
          -1.86191,
          53.72535
        ]
      },
      "properties": {
        "carriageway_hazards": "0",
        "carriageway_hazards_historic": "-1",
        "collision_adjusted_severity_serious": "0",
        "collision_adjusted_severity_slight": "1",
        "collision_index": "2025131626301",
        "collision_injury_based": "1",
        "collision_ref_no": "131626301",
        "collision_severity": "3",
        "collision_year": 2025,
        "date": "08/08/2025",
        "day_of_week": "6",
        "did_police_officer_attend_scene_of_accident": "1",
        "enhanced_severity_collision": "3",
        "first_road_class": "3",
        "first_road_number": "629",
        "junction_control": "2",
        "junction_detail": "19",
        "junction_detail_historic": "-1",
        "latitude": "53.72535",
        "light_conditions": "1",
        "local_authority_district": "-1",
        "local_authority_highway": "E08000033",
        "local_authority_highway_current": "E08000033",
        "local_authority_ons_district": "E08000033",
        "location_easting_osgr": "409209",
        "location_northing_osgr": "425447",
        "longitude": "-1.86191",
        "lsoa_of_accident_location": "E01034582",
        "number_of_casualties": 2,
        "number_of_vehicles": 3,
        "pedestrian_crossing": "12",
        "pedestrian_crossing_human_control_historic": "-1",
        "pedestrian_crossing_physical_facilities_historic": "-1",
        "police_force": "13",
        "road_surface_conditions": "1",
        "road_type": "3",
        "second_road_class": "6",
        "second_road_number": "0",
        "special_conditions_at_site": "-1",
        "speed_limit": 30,
        "time": "09:20",
        "trunk_road_flag": "2",
        "urban_or_rural_area": "1",
        "weather_conditions": "1",
        "geometry_source": "collision_location",
        "source_year": 2025,
        "date_iso": "2025-08-08"
      }
    },
    {
      "type": "Feature",
      "id": "2025131584591",
      "geometry": {
        "type": "Point",
        "coordinates": [
          -1.80795,
          53.75691
        ]
      },
      "properties": {
        "carriageway_hazards": "0",
        "carriageway_hazards_historic": "-1",
        "collision_adjusted_severity_serious": "0",
        "collision_adjusted_severity_slight": "1",
        "collision_index": "2025131584591",
        "collision_injury_based": "1",
        "collision_ref_no": "131584591",
        "collision_severity": "3",
        "collision_year": 2025,
        "date": "29/04/2025",
        "day_of_week": "3",
        "did_police_officer_attend_scene_of_accident": "2",
        "enhanced_severity_collision": "3",
        "first_road_class": "3",
        "first_road_number": "6036",
        "junction_control": "4",
        "junction_detail": "13",
        "junction_detail_historic": "-1",
        "latitude": "53.75691",
        "light_conditions": "1",
        "local_authority_district": "-1",
        "local_authority_highway": "E08000033",
        "local_authority_highway_current": "E08000033",
        "local_authority_ons_district": "E08000033",
        "location_easting_osgr": "412760",
        "location_northing_osgr": "428967",
        "longitude": "-1.80795",
        "lsoa_of_accident_location": "E01010932",
        "number_of_casualties": 1,
        "number_of_vehicles": 2,
        "pedestrian_crossing": "0",
        "pedestrian_crossing_human_control_historic": "-1",
        "pedestrian_crossing_physical_facilities_historic": "-1",
        "police_force": "13",
        "road_surface_conditions": "1",
        "road_type": "6",
        "second_road_class": "6",
        "second_road_number": "0",
        "special_conditions_at_site": "-1",
        "speed_limit": 30,
        "time": "16:00",
        "trunk_road_flag": "2",
        "urban_or_rural_area": "1",
        "weather_conditions": "1",
        "geometry_source": "collision_location",
        "source_year": 2025,
        "date_iso": "2025-04-29"
      }
    },
    {
      "type": "Feature",
      "id": "2025131602949",
      "geometry": {
        "type": "Point",
        "coordinates": [
          -2.12317,
          53.72736
        ]
      },
      "properties": {
        "carriageway_hazards": "0",
        "carriageway_hazards_historic": "-1",
        "collision_adjusted_severity_serious": "1",
        "collision_adjusted_severity_slight": "0",
        "collision_index": "2025131602949",
        "collision_injury_based": "1",
        "collision_ref_no": "131602949",
        "collision_severity": "2",
        "collision_year": 2025,
        "date": "14/06/2025",
        "day_of_week": "7",
        "did_police_officer_attend_scene_of_accident": "1",
        "enhanced_severity_collision": "7",
        "first_road_class": "3",
        "first_road_number": "646",
        "junction_control": "-1",
        "junction_detail": "0",
        "junction_detail_historic": "-1",
        "latitude": "53.72736",
        "light_conditions": "4",
        "local_authority_district": "-1",
        "local_authority_highway": "E08000033",
        "local_authority_highway_current": "E08000033",
        "local_authority_ons_district": "E08000033",
        "location_easting_osgr": "391971",
        "location_northing_osgr": "425669",
        "longitude": "-2.12317",
        "lsoa_of_accident_location": "E01010987",
        "number_of_casualties": 1,
        "number_of_vehicles": 1,
        "pedestrian_crossing": "0",
        "pedestrian_crossing_human_control_historic": "-1",
        "pedestrian_crossing_physical_facilities_historic": "-1",
        "police_force": "13",
        "road_surface_conditions": "1",
        "road_type": "6",
        "second_road_class": "6",
        "second_road_number": "0",
        "special_conditions_at_site": "-1",
        "speed_limit": 30,
        "time": "00:52",
        "trunk_road_flag": "2",
        "urban_or_rural_area": "2",
        "weather_conditions": "1",
        "geometry_source": "collision_location",
        "source_year": 2025,
        "date_iso": "2025-06-14"
      }
    },
    {
      "type": "Feature",
      "id": "2025131611901",
      "geometry": {
        "type": "Point",
        "coordinates": [
          -2.07281,
          53.70689
        ]
      },
      "properties": {
        "carriageway_hazards": "0",
        "carriageway_hazards_historic": "-1",
        "collision_adjusted_severity_serious": "0",
        "collision_adjusted_severity_slight": "1",
        "collision_index": "2025131611901",
        "collision_injury_based": "1",
        "collision_ref_no": "131611901",
        "collision_severity": "3",
        "collision_year": 2025,
        "date": "05/07/2025",
        "day_of_week": "7",
        "did_police_officer_attend_scene_of_accident": "1",
        "enhanced_severity_collision": "3",
        "first_road_class": "6",
        "first_road_number": "0",
        "junction_control": "4",
        "junction_detail": "19",
        "junction_detail_historic": "-1",
        "latitude": "53.70689",
        "light_conditions": "1",
        "local_authority_district": "-1",
        "local_authority_highway": "E08000033",
        "local_authority_highway_current": "E08000033",
        "local_authority_ons_district": "E08000033",
        "location_easting_osgr": "395291",
        "location_northing_osgr": "423387",
        "longitude": "-2.07281",
        "lsoa_of_accident_location": "E01010884",
        "number_of_casualties": 1,
        "number_of_vehicles": 2,
        "pedestrian_crossing": "0",
        "pedestrian_crossing_human_control_historic": "-1",
        "pedestrian_crossing_physical_facilities_historic": "-1",
        "police_force": "13",
        "road_surface_conditions": "1",
        "road_type": "6",
        "second_road_class": "6",
        "second_road_number": "0",
        "special_conditions_at_site": "-1",
        "speed_limit": 30,
        "time": "10:12",
        "trunk_road_flag": "2",
        "urban_or_rural_area": "2",
        "weather_conditions": "1",
        "geometry_source": "collision_location",
        "source_year": 2025,
        "date_iso": "2025-07-05"
      }
    },
    {
      "type": "Feature",
      "id": "2025131678702",
      "geometry": {
        "type": "Point",
        "coordinates": [
          -1.81187,
          53.72843
        ]
      },
      "properties": {
        "carriageway_hazards": "0",
        "carriageway_hazards_historic": "-1",
        "collision_adjusted_severity_serious": "0",
        "collision_adjusted_severity_slight": "1",
        "collision_index": "2025131678702",
        "collision_injury_based": "1",
        "collision_ref_no": "131678702",
        "collision_severity": "3",
        "collision_year": 2025,
        "date": "05/12/2025",
        "day_of_week": "6",
        "did_police_officer_attend_scene_of_accident": "1",
        "enhanced_severity_collision": "3",
        "first_road_class": "6",
        "first_road_number": "0",
        "junction_control": "4",
        "junction_detail": "13",
        "junction_detail_historic": "-1",
        "latitude": "53.72843",
        "light_conditions": "1",
        "local_authority_district": "-1",
        "local_authority_highway": "E08000033",
        "local_authority_highway_current": "E08000033",
        "local_authority_ons_district": "E08000033",
        "location_easting_osgr": "412510",
        "location_northing_osgr": "425798",
        "longitude": "-1.81187",
        "lsoa_of_accident_location": "E01010907",
        "number_of_casualties": 1,
        "number_of_vehicles": 1,
        "pedestrian_crossing": "0",
        "pedestrian_crossing_human_control_historic": "-1",
        "pedestrian_crossing_physical_facilities_historic": "-1",
        "police_force": "13",
        "road_surface_conditions": "1",
        "road_type": "9",
        "second_road_class": "6",
        "second_road_number": "0",
        "special_conditions_at_site": "-1",
        "speed_limit": 20,
        "time": "13:35",
        "trunk_road_flag": "2",
        "urban_or_rural_area": "1",
        "weather_conditions": "1",
        "geometry_source": "collision_location",
        "source_year": 2025,
        "date_iso": "2025-12-05"
      }
    },
    {
      "type": "Feature",
      "id": "2025131575379",
      "geometry": {
        "type": "Point",
        "coordinates": [
          -2.10521,
          53.70402
        ]
      },
      "properties": {
        "carriageway_hazards": "17",
        "carriageway_hazards_historic": "-1",
        "collision_adjusted_severity_serious": "1",
        "collision_adjusted_severity_slight": "0",
        "collision_index": "2025131575379",
        "collision_injury_based": "1",
        "collision_ref_no": "131575379",
        "collision_severity": "2",
        "collision_year": 2025,
        "date": "08/04/2025",
        "day_of_week": "3",
        "did_police_officer_attend_scene_of_accident": "1",
        "enhanced_severity_collision": "7",
        "first_road_class": "6",
        "first_road_number": "0",
        "junction_control": "-1",
        "junction_detail": "0",
        "junction_detail_historic": "-1",
        "latitude": "53.70402",
        "light_conditions": "1",
        "local_authority_district": "-1",
        "local_authority_highway": "E08000033",
        "local_authority_highway_current": "E08000033",
        "local_authority_ons_district": "E08000033",
        "location_easting_osgr": "393152",
        "location_northing_osgr": "423071",
        "longitude": "-2.10521",
        "lsoa_of_accident_location": "E01010885",
        "number_of_casualties": 2,
        "number_of_vehicles": 1,
        "pedestrian_crossing": "0",
        "pedestrian_crossing_human_control_historic": "-1",
        "pedestrian_crossing_physical_facilities_historic": "-1",
        "police_force": "13",
        "road_surface_conditions": "1",
        "road_type": "6",
        "second_road_class": "6",
        "second_road_number": "0",
        "special_conditions_at_site": "-1",
        "speed_limit": 30,
        "time": "13:34",
        "trunk_road_flag": "2",
        "urban_or_rural_area": "1",
        "weather_conditions": "1",
        "geometry_source": "collision_location",
        "source_year": 2025,
        "date_iso": "2025-04-08"
      }
    },
    {
      "type": "Feature",
      "id": "2025131634354",
      "geometry": {
        "type": "Point",
        "coordinates": [
          -1.86468,
          53.7214
        ]
      },
      "properties": {
        "carriageway_hazards": "0",
        "carriageway_hazards_historic": "-1",
        "collision_adjusted_severity_serious": "0",
        "collision_adjusted_severity_slight": "1",
        "collision_index": "2025131634354",
        "collision_injury_based": "1",
        "collision_ref_no": "131634354",
        "collision_severity": "3",
        "collision_year": 2025,
        "date": "28/08/2025",
        "day_of_week": "5",
        "did_police_officer_attend_scene_of_accident": "1",
        "enhanced_severity_collision": "3",
        "first_road_class": "6",
        "first_road_number": "0",
        "junction_control": "4",
        "junction_detail": "16",
        "junction_detail_historic": "-1",
        "latitude": "53.7214",
        "light_conditions": "1",
        "local_authority_district": "-1",
        "local_authority_highway": "E08000033",
        "local_authority_highway_current": "E08000033",
        "local_authority_ons_district": "E08000033",
        "location_easting_osgr": "409027",
        "location_northing_osgr": "425008",
        "longitude": "-1.86468",
        "lsoa_of_accident_location": "E01034583",
        "number_of_casualties": 1,
        "number_of_vehicles": 1,
        "pedestrian_crossing": "0",
        "pedestrian_crossing_human_control_historic": "-1",
        "pedestrian_crossing_physical_facilities_historic": "-1",
        "police_force": "13",
        "road_surface_conditions": "1",
        "road_type": "6",
        "second_road_class": "6",
        "second_road_number": "0",
        "special_conditions_at_site": "-1",
        "speed_limit": 30,
        "time": "10:10",
        "trunk_road_flag": "2",
        "urban_or_rural_area": "1",
        "weather_conditions": "8",
        "geometry_source": "collision_location",
        "source_year": 2025,
        "date_iso": "2025-08-28"
      }
    },
    {
      "type": "Feature",
      "id": "2025131546927",
      "geometry": {
        "type": "Point",
        "coordinates": [
          -1.84316,
          53.7306
        ]
      },
      "properties": {
        "carriageway_hazards": "0",
        "carriageway_hazards_historic": "-1",
        "collision_adjusted_severity_serious": "1",
        "collision_adjusted_severity_slight": "0",
        "collision_index": "2025131546927",
        "collision_injury_based": "1",
        "collision_ref_no": "131546927",
        "collision_severity": "2",
        "collision_year": 2025,
        "date": "27/01/2025",
        "day_of_week": "2",
        "did_police_officer_attend_scene_of_accident": "1",
        "enhanced_severity_collision": "6",
        "first_road_class": "3",
        "first_road_number": "58",
        "junction_control": "4",
        "junction_detail": "18",
        "junction_detail_historic": "-1",
        "latitude": "53.7306",
        "light_conditions": "1",
        "local_authority_district": "-1",
        "local_authority_highway": "E08000033",
        "local_authority_highway_current": "E08000033",
        "local_authority_ons_district": "E08000033",
        "location_easting_osgr": "410445",
        "location_northing_osgr": "426034",
        "longitude": "-1.84316",
        "lsoa_of_accident_location": "E01010937",
        "number_of_casualties": 1,
        "number_of_vehicles": 2,
        "pedestrian_crossing": "0",
        "pedestrian_crossing_human_control_historic": "-1",
        "pedestrian_crossing_physical_facilities_historic": "-1",
        "police_force": "13",
        "road_surface_conditions": "1",
        "road_type": "6",
        "second_road_class": "6",
        "second_road_number": "0",
        "special_conditions_at_site": "-1",
        "speed_limit": 40,
        "time": "14:10",
        "trunk_road_flag": "2",
        "urban_or_rural_area": "1",
        "weather_conditions": "1",
        "geometry_source": "collision_location",
        "source_year": 2025,
        "date_iso": "2025-01-27"
      }
    },
    {
      "type": "Feature",
      "id": "2025131536844",
      "geometry": {
        "type": "Point",
        "coordinates": [
          -1.88684,
          53.73258
        ]
      },
      "properties": {
        "carriageway_hazards": "0",
        "carriageway_hazards_historic": "-1",
        "collision_adjusted_severity_serious": "1",
        "collision_adjusted_severity_slight": "0",
        "collision_index": "2025131536844",
        "collision_injury_based": "1",
        "collision_ref_no": "131536844",
        "collision_severity": "2",
        "collision_year": 2025,
        "date": "02/01/2025",
        "day_of_week": "5",
        "did_police_officer_attend_scene_of_accident": "1",
        "enhanced_severity_collision": "7",
        "first_road_class": "6",
        "first_road_number": "0",
        "junction_control": "4",
        "junction_detail": "13",
        "junction_detail_historic": "-1",
        "latitude": "53.73258",
        "light_conditions": "1",
        "local_authority_district": "-1",
        "local_authority_highway": "E08000033",
        "local_authority_highway_current": "E08000033",
        "local_authority_ons_district": "E08000033",
        "location_easting_osgr": "407563",
        "location_northing_osgr": "426249",
        "longitude": "-1.88684",
        "lsoa_of_accident_location": "E01010929",
        "number_of_casualties": 1,
        "number_of_vehicles": 2,
        "pedestrian_crossing": "0",
        "pedestrian_crossing_human_control_historic": "-1",
        "pedestrian_crossing_physical_facilities_historic": "-1",
        "police_force": "13",
        "road_surface_conditions": "4",
        "road_type": "9",
        "second_road_class": "6",
        "second_road_number": "0",
        "special_conditions_at_site": "-1",
        "speed_limit": 30,
        "time": "10:30",
        "trunk_road_flag": "2",
        "urban_or_rural_area": "1",
        "weather_conditions": "8",
        "geometry_source": "collision_location",
        "source_year": 2025,
        "date_iso": "2025-01-02"
      }
    },
    {
      "type": "Feature",
      "id": "2025131570802",
      "geometry": {
        "type": "Point",
        "coordinates": [
          -1.86505,
          53.72808
        ]
      },
      "properties": {
        "carriageway_hazards": "0",
        "carriageway_hazards_historic": "-1",
        "collision_adjusted_severity_serious": "1",
        "collision_adjusted_severity_slight": "0",
        "collision_index": "2025131570802",
        "collision_injury_based": "1",
        "collision_ref_no": "131570802",
        "collision_severity": "2",
        "collision_year": 2025,
        "date": "28/03/2025",
        "day_of_week": "6",
        "did_police_officer_attend_scene_of_accident": "1",
        "enhanced_severity_collision": "6",
        "first_road_class": "6",
        "first_road_number": "0",
        "junction_control": "4",
        "junction_detail": "13",
        "junction_detail_historic": "-1",
        "latitude": "53.72808",
        "light_conditions": "4",
        "local_authority_district": "-1",
        "local_authority_highway": "E08000033",
        "local_authority_highway_current": "E08000033",
        "local_authority_ons_district": "E08000033",
        "location_easting_osgr": "409001",
        "location_northing_osgr": "425751",
        "longitude": "-1.86505",
        "lsoa_of_accident_location": "E01032923",
        "number_of_casualties": 6,
        "number_of_vehicles": 2,
        "pedestrian_crossing": "0",
        "pedestrian_crossing_human_control_historic": "-1",
        "pedestrian_crossing_physical_facilities_historic": "-1",
        "police_force": "13",
        "road_surface_conditions": "1",
        "road_type": "6",
        "second_road_class": "6",
        "second_road_number": "0",
        "special_conditions_at_site": "-1",
        "speed_limit": 30,
        "time": "18:37",
        "trunk_road_flag": "2",
        "urban_or_rural_area": "1",
        "weather_conditions": "1",
        "geometry_source": "collision_location",
        "source_year": 2025,
        "date_iso": "2025-03-28"
      }
    },
    {
      "type": "Feature",
      "id": "2025131570861",
      "geometry": {
        "type": "Point",
        "coordinates": [
          -1.74946,
          53.69709
        ]
      },
      "properties": {
        "carriageway_hazards": "0",
        "carriageway_hazards_historic": "-1",
        "collision_adjusted_severity_serious": "0",
        "collision_adjusted_severity_slight": "1",
        "collision_index": "2025131570861",
        "collision_injury_based": "1",
        "collision_ref_no": "131570861",
        "collision_severity": "3",
        "collision_year": 2025,
        "date": "28/03/2025",
        "day_of_week": "6",
        "did_police_officer_attend_scene_of_accident": "1",
        "enhanced_severity_collision": "3",
        "first_road_class": "1",
        "first_road_number": "62",
        "junction_control": "-1",
        "junction_detail": "0",
        "junction_detail_historic": "-1",
        "latitude": "53.69709",
        "light_conditions": "4",
        "local_authority_district": "-1",
        "local_authority_highway": "E08000033",
        "local_authority_highway_current": "E08000033",
        "local_authority_ons_district": "E08000033",
        "location_easting_osgr": "416640",
        "location_northing_osgr": "422324",
        "longitude": "-1.74946",
        "lsoa_of_accident_location": "E01010879",
        "number_of_casualties": 2,
        "number_of_vehicles": 2,
        "pedestrian_crossing": "0",
        "pedestrian_crossing_human_control_historic": "-1",
        "pedestrian_crossing_physical_facilities_historic": "-1",
        "police_force": "13",
        "road_surface_conditions": "1",
        "road_type": "3",
        "second_road_class": "0",
        "second_road_number": "-1",
        "special_conditions_at_site": "-1",
        "speed_limit": 70,
        "time": "23:50",
        "trunk_road_flag": "1",
        "urban_or_rural_area": "2",
        "weather_conditions": "1",
        "geometry_source": "collision_location",
        "source_year": 2025,
        "date_iso": "2025-03-28"
      }
    },
    {
      "type": "Feature",
      "id": "2025131652843",
      "geometry": {
        "type": "Point",
        "coordinates": [
          -1.95056,
          53.66976
        ]
      },
      "properties": {
        "carriageway_hazards": "0",
        "carriageway_hazards_historic": "-1",
        "collision_adjusted_severity_serious": "0",
        "collision_adjusted_severity_slight": "1",
        "collision_index": "2025131652843",
        "collision_injury_based": "1",
        "collision_ref_no": "131652843",
        "collision_severity": "3",
        "collision_year": 2025,
        "date": "08/10/2025",
        "day_of_week": "4",
        "did_police_officer_attend_scene_of_accident": "2",
        "enhanced_severity_collision": "3",
        "first_road_class": "3",
        "first_road_number": "58",
        "junction_control": "-1",
        "junction_detail": "0",
        "junction_detail_historic": "-1",
        "latitude": "53.66976",
        "light_conditions": "1",
        "local_authority_district": "-1",
        "local_authority_highway": "E08000033",
        "local_authority_highway_current": "E08000033",
        "local_authority_ons_district": "E08000033",
        "location_easting_osgr": "403364",
        "location_northing_osgr": "419255",
        "longitude": "-1.95056",
        "lsoa_of_accident_location": "E01010954",
        "number_of_casualties": 1,
        "number_of_vehicles": 1,
        "pedestrian_crossing": "0",
        "pedestrian_crossing_human_control_historic": "-1",
        "pedestrian_crossing_physical_facilities_historic": "-1",
        "police_force": "13",
        "road_surface_conditions": "1",
        "road_type": "6",
        "second_road_class": "6",
        "second_road_number": "0",
        "special_conditions_at_site": "-1",
        "speed_limit": 30,
        "time": "18:15",
        "trunk_road_flag": "2",
        "urban_or_rural_area": "2",
        "weather_conditions": "1",
        "geometry_source": "collision_location",
        "source_year": 2025,
        "date_iso": "2025-10-08"
      }
    },
    {
      "type": "Feature",
      "id": "2025131630504",
      "geometry": {
        "type": "Point",
        "coordinates": [
          -1.7476,
          53.69836
        ]
      },
      "properties": {
        "carriageway_hazards": "0",
        "carriageway_hazards_historic": "-1",
        "collision_adjusted_severity_serious": "0",
        "collision_adjusted_severity_slight": "1",
        "collision_index": "2025131630504",
        "collision_injury_based": "1",
        "collision_ref_no": "131630504",
        "collision_severity": "3",
        "collision_year": 2025,
        "date": "18/08/2025",
        "day_of_week": "2",
        "did_police_officer_attend_scene_of_accident": "1",
        "enhanced_severity_collision": "3",
        "first_road_class": "1",
        "first_road_number": "62",
        "junction_control": "-1",
        "junction_detail": "0",
        "junction_detail_historic": "-1",
        "latitude": "53.69836",
        "light_conditions": "1",
        "local_authority_district": "-1",
        "local_authority_highway": "E08000033",
        "local_authority_highway_current": "E08000033",
        "local_authority_ons_district": "E08000033",
        "location_easting_osgr": "416762",
        "location_northing_osgr": "422465",
        "longitude": "-1.7476",
        "lsoa_of_accident_location": "E01010879",
        "number_of_casualties": 1,
        "number_of_vehicles": 2,
        "pedestrian_crossing": "0",
        "pedestrian_crossing_human_control_historic": "-1",
        "pedestrian_crossing_physical_facilities_historic": "-1",
        "police_force": "13",
        "road_surface_conditions": "1",
        "road_type": "3",
        "second_road_class": "1",
        "second_road_number": "62",
        "special_conditions_at_site": "-1",
        "speed_limit": 70,
        "time": "20:04",
        "trunk_road_flag": "1",
        "urban_or_rural_area": "2",
        "weather_conditions": "1",
        "geometry_source": "collision_location",
        "source_year": 2025,
        "date_iso": "2025-08-18"
      }
    },
    {
      "type": "Feature",
      "id": "2025131576945",
      "geometry": {
        "type": "Point",
        "coordinates": [
          -1.85913,
          53.71351
        ]
      },
      "properties": {
        "carriageway_hazards": "0",
        "carriageway_hazards_historic": "-1",
        "collision_adjusted_severity_serious": "0",
        "collision_adjusted_severity_slight": "1",
        "collision_index": "2025131576945",
        "collision_injury_based": "1",
        "collision_ref_no": "131576945",
        "collision_severity": "3",
        "collision_year": 2025,
        "date": "11/04/2025",
        "day_of_week": "6",
        "did_police_officer_attend_scene_of_accident": "1",
        "enhanced_severity_collision": "3",
        "first_road_class": "3",
        "first_road_number": "629",
        "junction_control": "2",
        "junction_detail": "16",
        "junction_detail_historic": "-1",
        "latitude": "53.71351",
        "light_conditions": "4",
        "local_authority_district": "-1",
        "local_authority_highway": "E08000033",
        "local_authority_highway_current": "E08000033",
        "local_authority_ons_district": "E08000033",
        "location_easting_osgr": "409395",
        "location_northing_osgr": "424131",
        "longitude": "-1.85913",
        "lsoa_of_accident_location": "E01010968",
        "number_of_casualties": 2,
        "number_of_vehicles": 2,
        "pedestrian_crossing": "17",
        "pedestrian_crossing_human_control_historic": "-1",
        "pedestrian_crossing_physical_facilities_historic": "-1",
        "police_force": "13",
        "road_surface_conditions": "1",
        "road_type": "3",
        "second_road_class": "6",
        "second_road_number": "0",
        "special_conditions_at_site": "-1",
        "speed_limit": 30,
        "time": "20:15",
        "trunk_road_flag": "2",
        "urban_or_rural_area": "1",
        "weather_conditions": "1",
        "geometry_source": "collision_location",
        "source_year": 2025,
        "date_iso": "2025-04-11"
      }
    },
    {
      "type": "Feature",
      "id": "2025131626404",
      "geometry": {
        "type": "Point",
        "coordinates": [
          -1.91481,
          53.70581
        ]
      },
      "properties": {
        "carriageway_hazards": "0",
        "carriageway_hazards_historic": "-1",
        "collision_adjusted_severity_serious": "1",
        "collision_adjusted_severity_slight": "0",
        "collision_index": "2025131626404",
        "collision_injury_based": "1",
        "collision_ref_no": "131626404",
        "collision_severity": "2",
        "collision_year": 2025,
        "date": "08/08/2025",
        "day_of_week": "6",
        "did_police_officer_attend_scene_of_accident": "1",
        "enhanced_severity_collision": "7",
        "first_road_class": "3",
        "first_road_number": "58",
        "junction_control": "4",
        "junction_detail": "19",
        "junction_detail_historic": "-1",
        "latitude": "53.70581",
        "light_conditions": "1",
        "local_authority_district": "-1",
        "local_authority_highway": "E08000033",
        "local_authority_highway_current": "E08000033",
        "local_authority_ons_district": "E08000033",
        "location_easting_osgr": "405721",
        "location_northing_osgr": "423268",
        "longitude": "-1.91481",
        "lsoa_of_accident_location": "E01010979",
        "number_of_casualties": 1,
        "number_of_vehicles": 1,
        "pedestrian_crossing": "0",
        "pedestrian_crossing_human_control_historic": "-1",
        "pedestrian_crossing_physical_facilities_historic": "-1",
        "police_force": "13",
        "road_surface_conditions": "1",
        "road_type": "6",
        "second_road_class": "6",
        "second_road_number": "0",
        "special_conditions_at_site": "-1",
        "speed_limit": 30,
        "time": "13:51",
        "trunk_road_flag": "2",
        "urban_or_rural_area": "1",
        "weather_conditions": "1",
        "geometry_source": "collision_location",
        "source_year": 2025,
        "date_iso": "2025-08-08"
      }
    },
    {
      "type": "Feature",
      "id": "2025131557723",
      "geometry": {
        "type": "Point",
        "coordinates": [
          -2.09831,
          53.71293
        ]
      },
      "properties": {
        "carriageway_hazards": "0",
        "carriageway_hazards_historic": "-1",
        "collision_adjusted_severity_serious": "0",
        "collision_adjusted_severity_slight": "1",
        "collision_index": "2025131557723",
        "collision_injury_based": "1",
        "collision_ref_no": "131557723",
        "collision_severity": "3",
        "collision_year": 2025,
        "date": "24/02/2025",
        "day_of_week": "2",
        "did_police_officer_attend_scene_of_accident": "2",
        "enhanced_severity_collision": "3",
        "first_road_class": "3",
        "first_road_number": "6033",
        "junction_control": "2",
        "junction_detail": "13",
        "junction_detail_historic": "-1",
        "latitude": "53.71293",
        "light_conditions": "1",
        "local_authority_district": "-1",
        "local_authority_highway": "E08000033",
        "local_authority_highway_current": "E08000033",
        "local_authority_ons_district": "E08000033",
        "location_easting_osgr": "393609",
        "location_northing_osgr": "424061",
        "longitude": "-2.09831",
        "lsoa_of_accident_location": "E01010983",
        "number_of_casualties": 1,
        "number_of_vehicles": 1,
        "pedestrian_crossing": "14",
        "pedestrian_crossing_human_control_historic": "-1",
        "pedestrian_crossing_physical_facilities_historic": "-1",
        "police_force": "13",
        "road_surface_conditions": "1",
        "road_type": "6",
        "second_road_class": "6",
        "second_road_number": "0",
        "special_conditions_at_site": "-1",
        "speed_limit": 20,
        "time": "10:15",
        "trunk_road_flag": "2",
        "urban_or_rural_area": "1",
        "weather_conditions": "1",
        "geometry_source": "collision_location",
        "source_year": 2025,
        "date_iso": "2025-02-24"
      }
    },
    {
      "type": "Feature",
      "id": "2025131589000",
      "geometry": {
        "type": "Point",
        "coordinates": [
          -1.83722,
          53.68175
        ]
      },
      "properties": {
        "carriageway_hazards": "0",
        "carriageway_hazards_historic": "-1",
        "collision_adjusted_severity_serious": "1",
        "collision_adjusted_severity_slight": "0",
        "collision_index": "2025131589000",
        "collision_injury_based": "1",
        "collision_ref_no": "131589000",
        "collision_severity": "2",
        "collision_year": 2025,
        "date": "12/05/2025",
        "day_of_week": "2",
        "did_police_officer_attend_scene_of_accident": "1",
        "enhanced_severity_collision": "6",
        "first_road_class": "6",
        "first_road_number": "0",
        "junction_control": "4",
        "junction_detail": "19",
        "junction_detail_historic": "-1",
        "latitude": "53.68175",
        "light_conditions": "1",
        "local_authority_district": "-1",
        "local_authority_highway": "E08000033",
        "local_authority_highway_current": "E08000033",
        "local_authority_ons_district": "E08000033",
        "location_easting_osgr": "410849",
        "location_northing_osgr": "420600",
        "longitude": "-1.83722",
        "lsoa_of_accident_location": "E01010894",
        "number_of_casualties": 1,
        "number_of_vehicles": 2,
        "pedestrian_crossing": "0",
        "pedestrian_crossing_human_control_historic": "-1",
        "pedestrian_crossing_physical_facilities_historic": "-1",
        "police_force": "13",
        "road_surface_conditions": "1",
        "road_type": "6",
        "second_road_class": "6",
        "second_road_number": "0",
        "special_conditions_at_site": "-1",
        "speed_limit": 20,
        "time": "15:13",
        "trunk_road_flag": "2",
        "urban_or_rural_area": "1",
        "weather_conditions": "1",
        "geometry_source": "collision_location",
        "source_year": 2025,
        "date_iso": "2025-05-12"
      }
    },
    {
      "type": "Feature",
      "id": "2025131557115",
      "geometry": {
        "type": "Point",
        "coordinates": [
          -2.11607,
          53.72532
        ]
      },
      "properties": {
        "carriageway_hazards": "0",
        "carriageway_hazards_historic": "-1",
        "collision_adjusted_severity_serious": "1",
        "collision_adjusted_severity_slight": "0",
        "collision_index": "2025131557115",
        "collision_injury_based": "1",
        "collision_ref_no": "131557115",
        "collision_severity": "2",
        "collision_year": 2025,
        "date": "22/02/2025",
        "day_of_week": "7",
        "did_police_officer_attend_scene_of_accident": "1",
        "enhanced_severity_collision": "5",
        "first_road_class": "3",
        "first_road_number": "646",
        "junction_control": "4",
        "junction_detail": "18",
        "junction_detail_historic": "-1",
        "latitude": "53.72532",
        "light_conditions": "1",
        "local_authority_district": "-1",
        "local_authority_highway": "E08000033",
        "local_authority_highway_current": "E08000033",
        "local_authority_ons_district": "E08000033",
        "location_easting_osgr": "392439",
        "location_northing_osgr": "425442",
        "longitude": "-2.11607",
        "lsoa_of_accident_location": "E01010987",
        "number_of_casualties": 1,
        "number_of_vehicles": 1,
        "pedestrian_crossing": "0",
        "pedestrian_crossing_human_control_historic": "-1",
        "pedestrian_crossing_physical_facilities_historic": "-1",
        "police_force": "13",
        "road_surface_conditions": "1",
        "road_type": "6",
        "second_road_class": "6",
        "second_road_number": "0",
        "special_conditions_at_site": "-1",
        "speed_limit": 30,
        "time": "13:45",
        "trunk_road_flag": "2",
        "urban_or_rural_area": "1",
        "weather_conditions": "1",
        "geometry_source": "collision_location",
        "source_year": 2025,
        "date_iso": "2025-02-22"
      }
    },
    {
      "type": "Feature",
      "id": "2025131617148",
      "geometry": {
        "type": "Point",
        "coordinates": [
          -1.94928,
          53.66644
        ]
      },
      "properties": {
        "carriageway_hazards": "0",
        "carriageway_hazards_historic": "-1",
        "collision_adjusted_severity_serious": "0",
        "collision_adjusted_severity_slight": "1",
        "collision_index": "2025131617148",
        "collision_injury_based": "1",
        "collision_ref_no": "131617148",
        "collision_severity": "3",
        "collision_year": 2025,
        "date": "16/07/2025",
        "day_of_week": "4",
        "did_police_officer_attend_scene_of_accident": "1",
        "enhanced_severity_collision": "3",
        "first_road_class": "3",
        "first_road_number": "672",
        "junction_control": "-1",
        "junction_detail": "0",
        "junction_detail_historic": "-1",
        "latitude": "53.66644",
        "light_conditions": "1",
        "local_authority_district": "-1",
        "local_authority_highway": "E08000033",
        "local_authority_highway_current": "E08000033",
        "local_authority_ons_district": "E08000033",
        "location_easting_osgr": "403449",
        "location_northing_osgr": "418886",
        "longitude": "-1.94928",
        "lsoa_of_accident_location": "E01010954",
        "number_of_casualties": 2,
        "number_of_vehicles": 2,
        "pedestrian_crossing": "0",
        "pedestrian_crossing_human_control_historic": "-1",
        "pedestrian_crossing_physical_facilities_historic": "-1",
        "police_force": "13",
        "road_surface_conditions": "1",
        "road_type": "6",
        "second_road_class": "6",
        "second_road_number": "0",
        "special_conditions_at_site": "-1",
        "speed_limit": 30,
        "time": "19:40",
        "trunk_road_flag": "2",
        "urban_or_rural_area": "2",
        "weather_conditions": "1",
        "geometry_source": "collision_location",
        "source_year": 2025,
        "date_iso": "2025-07-16"
      }
    },
    {
      "type": "Feature",
      "id": "2025131643403",
      "geometry": {
        "type": "Point",
        "coordinates": [
          -2.09866,
          53.71243
        ]
      },
      "properties": {
        "carriageway_hazards": "0",
        "carriageway_hazards_historic": "-1",
        "collision_adjusted_severity_serious": "0",
        "collision_adjusted_severity_slight": "1",
        "collision_index": "2025131643403",
        "collision_injury_based": "1",
        "collision_ref_no": "131643403",
        "collision_severity": "3",
        "collision_year": 2025,
        "date": "18/09/2025",
        "day_of_week": "5",
        "did_police_officer_attend_scene_of_accident": "1",
        "enhanced_severity_collision": "3",
        "first_road_class": "3",
        "first_road_number": "6033",
        "junction_control": "-1",
        "junction_detail": "0",
        "junction_detail_historic": "-1",
        "latitude": "53.71243",
        "light_conditions": "1",
        "local_authority_district": "-1",
        "local_authority_highway": "E08000033",
        "local_authority_highway_current": "E08000033",
        "local_authority_ons_district": "E08000033",
        "location_easting_osgr": "393586",
        "location_northing_osgr": "424006",
        "longitude": "-2.09866",
        "lsoa_of_accident_location": "E01010983",
        "number_of_casualties": 1,
        "number_of_vehicles": 1,
        "pedestrian_crossing": "14",
        "pedestrian_crossing_human_control_historic": "-1",
        "pedestrian_crossing_physical_facilities_historic": "-1",
        "police_force": "13",
        "road_surface_conditions": "1",
        "road_type": "6",
        "second_road_class": "6",
        "second_road_number": "0",
        "special_conditions_at_site": "-1",
        "speed_limit": 20,
        "time": "14:05",
        "trunk_road_flag": "2",
        "urban_or_rural_area": "1",
        "weather_conditions": "1",
        "geometry_source": "collision_location",
        "source_year": 2025,
        "date_iso": "2025-09-18"
      }
    },
    {
      "type": "Feature",
      "id": "2025131678075",
      "geometry": {
        "type": "Point",
        "coordinates": [
          -1.88014,
          53.71574
        ]
      },
      "properties": {
        "carriageway_hazards": "0",
        "carriageway_hazards_historic": "-1",
        "collision_adjusted_severity_serious": "0",
        "collision_adjusted_severity_slight": "1",
        "collision_index": "2025131678075",
        "collision_injury_based": "1",
        "collision_ref_no": "131678075",
        "collision_severity": "3",
        "collision_year": 2025,
        "date": "27/11/2025",
        "day_of_week": "5",
        "did_police_officer_attend_scene_of_accident": "2",
        "enhanced_severity_collision": "3",
        "first_road_class": "6",
        "first_road_number": "0",
        "junction_control": "2",
        "junction_detail": "16",
        "junction_detail_historic": "-1",
        "latitude": "53.71574",
        "light_conditions": "1",
        "local_authority_district": "-1",
        "local_authority_highway": "E08000033",
        "local_authority_highway_current": "E08000033",
        "local_authority_ons_district": "E08000033",
        "location_easting_osgr": "408008",
        "location_northing_osgr": "424376",
        "longitude": "-1.88014",
        "lsoa_of_accident_location": "E01011003",
        "number_of_casualties": 1,
        "number_of_vehicles": 1,
        "pedestrian_crossing": "13",
        "pedestrian_crossing_human_control_historic": "-1",
        "pedestrian_crossing_physical_facilities_historic": "-1",
        "police_force": "13",
        "road_surface_conditions": "1",
        "road_type": "6",
        "second_road_class": "6",
        "second_road_number": "0",
        "special_conditions_at_site": "-1",
        "speed_limit": 20,
        "time": "15:37",
        "trunk_road_flag": "2",
        "urban_or_rural_area": "1",
        "weather_conditions": "1",
        "geometry_source": "collision_location",
        "source_year": 2025,
        "date_iso": "2025-11-27"
      }
    },
    {
      "type": "Feature",
      "id": "2025131677190",
      "geometry": {
        "type": "Point",
        "coordinates": [
          -1.77884,
          53.71488
        ]
      },
      "properties": {
        "carriageway_hazards": "0",
        "carriageway_hazards_historic": "-1",
        "collision_adjusted_severity_serious": "0",
        "collision_adjusted_severity_slight": "1",
        "collision_index": "2025131677190",
        "collision_injury_based": "1",
        "collision_ref_no": "131677190",
        "collision_severity": "3",
        "collision_year": 2025,
        "date": "02/12/2025",
        "day_of_week": "3",
        "did_police_officer_attend_scene_of_accident": "1",
        "enhanced_severity_collision": "3",
        "first_road_class": "3",
        "first_road_number": "641",
        "junction_control": "-1",
        "junction_detail": "0",
        "junction_detail_historic": "-1",
        "latitude": "53.71488",
        "light_conditions": "4",
        "local_authority_district": "-1",
        "local_authority_highway": "E08000033",
        "local_authority_highway_current": "E08000033",
        "local_authority_ons_district": "E08000033",
        "location_easting_osgr": "414694",
        "location_northing_osgr": "424296",
        "longitude": "-1.77884",
        "lsoa_of_accident_location": "E01010880",
        "number_of_casualties": 1,
        "number_of_vehicles": 2,
        "pedestrian_crossing": "0",
        "pedestrian_crossing_human_control_historic": "-1",
        "pedestrian_crossing_physical_facilities_historic": "-1",
        "police_force": "13",
        "road_surface_conditions": "1",
        "road_type": "6",
        "second_road_class": "6",
        "second_road_number": "0",
        "special_conditions_at_site": "-1",
        "speed_limit": 30,
        "time": "16:32",
        "trunk_road_flag": "2",
        "urban_or_rural_area": "1",
        "weather_conditions": "1",
        "geometry_source": "collision_location",
        "source_year": 2025,
        "date_iso": "2025-12-02"
      }
    },
    {
      "type": "Feature",
      "id": "2025131635540",
      "geometry": {
        "type": "Point",
        "coordinates": [
          -1.90693,
          53.70961
        ]
      },
      "properties": {
        "carriageway_hazards": "0",
        "carriageway_hazards_historic": "-1",
        "collision_adjusted_severity_serious": "0",
        "collision_adjusted_severity_slight": "1",
        "collision_index": "2025131635540",
        "collision_injury_based": "1",
        "collision_ref_no": "131635540",
        "collision_severity": "3",
        "collision_year": 2025,
        "date": "31/08/2025",
        "day_of_week": "1",
        "did_police_officer_attend_scene_of_accident": "2",
        "enhanced_severity_collision": "3",
        "first_road_class": "3",
        "first_road_number": "58",
        "junction_control": "2",
        "junction_detail": "13",
        "junction_detail_historic": "-1",
        "latitude": "53.70961",
        "light_conditions": "1",
        "local_authority_district": "-1",
        "local_authority_highway": "E08000033",
        "local_authority_highway_current": "E08000033",
        "local_authority_ons_district": "E08000033",
        "location_easting_osgr": "406241",
        "location_northing_osgr": "423691",
        "longitude": "-1.90693",
        "lsoa_of_accident_location": "E01010979",
        "number_of_casualties": 1,
        "number_of_vehicles": 2,
        "pedestrian_crossing": "0",
        "pedestrian_crossing_human_control_historic": "-1",
        "pedestrian_crossing_physical_facilities_historic": "-1",
        "police_force": "13",
        "road_surface_conditions": "1",
        "road_type": "6",
        "second_road_class": "3",
        "second_road_number": "6139",
        "special_conditions_at_site": "-1",
        "speed_limit": 30,
        "time": "14:15",
        "trunk_road_flag": "2",
        "urban_or_rural_area": "1",
        "weather_conditions": "1",
        "geometry_source": "collision_location",
        "source_year": 2025,
        "date_iso": "2025-08-31"
      }
    },
    {
      "type": "Feature",
      "id": "2025131684981",
      "geometry": {
        "type": "Point",
        "coordinates": [
          -1.85233,
          53.68655
        ]
      },
      "properties": {
        "carriageway_hazards": "0",
        "carriageway_hazards_historic": "-1",
        "collision_adjusted_severity_serious": "0",
        "collision_adjusted_severity_slight": "1",
        "collision_index": "2025131684981",
        "collision_injury_based": "1",
        "collision_ref_no": "131684981",
        "collision_severity": "3",
        "collision_year": 2025,
        "date": "18/12/2025",
        "day_of_week": "5",
        "did_police_officer_attend_scene_of_accident": "1",
        "enhanced_severity_collision": "3",
        "first_road_class": "4",
        "first_road_number": "6114",
        "junction_control": "4",
        "junction_detail": "13",
        "junction_detail_historic": "-1",
        "latitude": "53.68655",
        "light_conditions": "1",
        "local_authority_district": "-1",
        "local_authority_highway": "E08000033",
        "local_authority_highway_current": "E08000033",
        "local_authority_ons_district": "E08000033",
        "location_easting_osgr": "409850",
        "location_northing_osgr": "421132",
        "longitude": "-1.85233",
        "lsoa_of_accident_location": "E01010898",
        "number_of_casualties": 1,
        "number_of_vehicles": 2,
        "pedestrian_crossing": "0",
        "pedestrian_crossing_human_control_historic": "-1",
        "pedestrian_crossing_physical_facilities_historic": "-1",
        "police_force": "13",
        "road_surface_conditions": "2",
        "road_type": "6",
        "second_road_class": "6",
        "second_road_number": "0",
        "special_conditions_at_site": "-1",
        "speed_limit": 30,
        "time": "14:35",
        "trunk_road_flag": "2",
        "urban_or_rural_area": "1",
        "weather_conditions": "2",
        "geometry_source": "collision_location",
        "source_year": 2025,
        "date_iso": "2025-12-18"
      }
    },
    {
      "type": "Feature",
      "id": "2025131665032",
      "geometry": {
        "type": "Point",
        "coordinates": [
          -1.87499,
          53.72022
        ]
      },
      "properties": {
        "carriageway_hazards": "0",
        "carriageway_hazards_historic": "-1",
        "collision_adjusted_severity_serious": "0",
        "collision_adjusted_severity_slight": "1",
        "collision_index": "2025131665032",
        "collision_injury_based": "1",
        "collision_ref_no": "131665032",
        "collision_severity": "3",
        "collision_year": 2025,
        "date": "04/11/2025",
        "day_of_week": "3",
        "did_police_officer_attend_scene_of_accident": "2",
        "enhanced_severity_collision": "3",
        "first_road_class": "6",
        "first_road_number": "0",
        "junction_control": "4",
        "junction_detail": "18",
        "junction_detail_historic": "-1",
        "latitude": "53.72022",
        "light_conditions": "7",
        "local_authority_district": "-1",
        "local_authority_highway": "E08000033",
        "local_authority_highway_current": "E08000033",
        "local_authority_ons_district": "E08000033",
        "location_easting_osgr": "408347",
        "location_northing_osgr": "424875",
        "longitude": "-1.87499",
        "lsoa_of_accident_location": "E01010995",
        "number_of_casualties": 1,
        "number_of_vehicles": 1,
        "pedestrian_crossing": "0",
        "pedestrian_crossing_human_control_historic": "-1",
        "pedestrian_crossing_physical_facilities_historic": "-1",
        "police_force": "13",
        "road_surface_conditions": "1",
        "road_type": "6",
        "second_road_class": "6",
        "second_road_number": "0",
        "special_conditions_at_site": "-1",
        "speed_limit": 30,
        "time": "16:30",
        "trunk_road_flag": "2",
        "urban_or_rural_area": "1",
        "weather_conditions": "9",
        "geometry_source": "collision_location",
        "source_year": 2025,
        "date_iso": "2025-11-04"
      }
    },
    {
      "type": "Feature",
      "id": "2025131547616",
      "geometry": {
        "type": "Point",
        "coordinates": [
          -1.83122,
          53.6953
        ]
      },
      "properties": {
        "carriageway_hazards": "0",
        "carriageway_hazards_historic": "-1",
        "collision_adjusted_severity_serious": "1",
        "collision_adjusted_severity_slight": "0",
        "collision_index": "2025131547616",
        "collision_injury_based": "1",
        "collision_ref_no": "131547616",
        "collision_severity": "2",
        "collision_year": 2025,
        "date": "29/01/2025",
        "day_of_week": "4",
        "did_police_officer_attend_scene_of_accident": "1",
        "enhanced_severity_collision": "6",
        "first_road_class": "3",
        "first_road_number": "6025",
        "junction_control": "-1",
        "junction_detail": "0",
        "junction_detail_historic": "-1",
        "latitude": "53.6953",
        "light_conditions": "1",
        "local_authority_district": "-1",
        "local_authority_highway": "E08000033",
        "local_authority_highway_current": "E08000033",
        "local_authority_ons_district": "E08000033",
        "location_easting_osgr": "411242",
        "location_northing_osgr": "422109",
        "longitude": "-1.83122",
        "lsoa_of_accident_location": "E01010890",
        "number_of_casualties": 1,
        "number_of_vehicles": 2,
        "pedestrian_crossing": "0",
        "pedestrian_crossing_human_control_historic": "-1",
        "pedestrian_crossing_physical_facilities_historic": "-1",
        "police_force": "13",
        "road_surface_conditions": "2",
        "road_type": "6",
        "second_road_class": "6",
        "second_road_number": "0",
        "special_conditions_at_site": "-1",
        "speed_limit": 30,
        "time": "07:30",
        "trunk_road_flag": "2",
        "urban_or_rural_area": "1",
        "weather_conditions": "1",
        "geometry_source": "collision_location",
        "source_year": 2025,
        "date_iso": "2025-01-29"
      }
    },
    {
      "type": "Feature",
      "id": "2025131557094",
      "geometry": {
        "type": "Point",
        "coordinates": [
          -1.85634,
          53.68665
        ]
      },
      "properties": {
        "carriageway_hazards": "0",
        "carriageway_hazards_historic": "-1",
        "collision_adjusted_severity_serious": "0",
        "collision_adjusted_severity_slight": "1",
        "collision_index": "2025131557094",
        "collision_injury_based": "1",
        "collision_ref_no": "131557094",
        "collision_severity": "3",
        "collision_year": 2025,
        "date": "21/02/2025",
        "day_of_week": "6",
        "did_police_officer_attend_scene_of_accident": "2",
        "enhanced_severity_collision": "3",
        "first_road_class": "4",
        "first_road_number": "6112",
        "junction_control": "2",
        "junction_detail": "19",
        "junction_detail_historic": "-1",
        "latitude": "53.68665",
        "light_conditions": "4",
        "local_authority_district": "-1",
        "local_authority_highway": "E08000033",
        "local_authority_highway_current": "E08000033",
        "local_authority_ons_district": "E08000033",
        "location_easting_osgr": "409585",
        "location_northing_osgr": "421143",
        "longitude": "-1.85634",
        "lsoa_of_accident_location": "E01010898",
        "number_of_casualties": 1,
        "number_of_vehicles": 2,
        "pedestrian_crossing": "0",
        "pedestrian_crossing_human_control_historic": "-1",
        "pedestrian_crossing_physical_facilities_historic": "-1",
        "police_force": "13",
        "road_surface_conditions": "1",
        "road_type": "6",
        "second_road_class": "4",
        "second_road_number": "6114",
        "special_conditions_at_site": "-1",
        "speed_limit": 30,
        "time": "21:40",
        "trunk_road_flag": "2",
        "urban_or_rural_area": "1",
        "weather_conditions": "4",
        "geometry_source": "collision_location",
        "source_year": 2025,
        "date_iso": "2025-02-21"
      }
    },
    {
      "type": "Feature",
      "id": "2025131545114",
      "geometry": {
        "type": "Point",
        "coordinates": [
          -1.82904,
          53.75092
        ]
      },
      "properties": {
        "carriageway_hazards": "0",
        "carriageway_hazards_historic": "-1",
        "collision_adjusted_severity_serious": "0",
        "collision_adjusted_severity_slight": "1",
        "collision_index": "2025131545114",
        "collision_injury_based": "1",
        "collision_ref_no": "131545114",
        "collision_severity": "3",
        "collision_year": 2025,
        "date": "22/01/2025",
        "day_of_week": "4",
        "did_police_officer_attend_scene_of_accident": "1",
        "enhanced_severity_collision": "3",
        "first_road_class": "3",
        "first_road_number": "644",
        "junction_control": "-1",
        "junction_detail": "0",
        "junction_detail_historic": "-1",
        "latitude": "53.75092",
        "light_conditions": "4",
        "local_authority_district": "-1",
        "local_authority_highway": "E08000033",
        "local_authority_highway_current": "E08000033",
        "local_authority_ons_district": "E08000033",
        "location_easting_osgr": "411371",
        "location_northing_osgr": "428297",
        "longitude": "-1.82904",
        "lsoa_of_accident_location": "E01010936",
        "number_of_casualties": 1,
        "number_of_vehicles": 1,
        "pedestrian_crossing": "0",
        "pedestrian_crossing_human_control_historic": "-1",
        "pedestrian_crossing_physical_facilities_historic": "-1",
        "police_force": "13",
        "road_surface_conditions": "2",
        "road_type": "6",
        "second_road_class": "6",
        "second_road_number": "0",
        "special_conditions_at_site": "-1",
        "speed_limit": 40,
        "time": "22:20",
        "trunk_road_flag": "2",
        "urban_or_rural_area": "2",
        "weather_conditions": "1",
        "geometry_source": "collision_location",
        "source_year": 2025,
        "date_iso": "2025-01-22"
      }
    },
    {
      "type": "Feature",
      "id": "2025131588459",
      "geometry": {
        "type": "Point",
        "coordinates": [
          -1.88214,
          53.74147
        ]
      },
      "properties": {
        "carriageway_hazards": "0",
        "carriageway_hazards_historic": "-1",
        "collision_adjusted_severity_serious": "1",
        "collision_adjusted_severity_slight": "0",
        "collision_index": "2025131588459",
        "collision_injury_based": "1",
        "collision_ref_no": "131588459",
        "collision_severity": "2",
        "collision_year": 2025,
        "date": "11/05/2025",
        "day_of_week": "1",
        "did_police_officer_attend_scene_of_accident": "1",
        "enhanced_severity_collision": "6",
        "first_road_class": "6",
        "first_road_number": "0",
        "junction_control": "4",
        "junction_detail": "19",
        "junction_detail_historic": "-1",
        "latitude": "53.74147",
        "light_conditions": "1",
        "local_authority_district": "-1",
        "local_authority_highway": "E08000033",
        "local_authority_highway_current": "E08000033",
        "local_authority_ons_district": "E08000033",
        "location_easting_osgr": "407871",
        "location_northing_osgr": "427238",
        "longitude": "-1.88214",
        "lsoa_of_accident_location": "E01010944",
        "number_of_casualties": 1,
        "number_of_vehicles": 2,
        "pedestrian_crossing": "0",
        "pedestrian_crossing_human_control_historic": "-1",
        "pedestrian_crossing_physical_facilities_historic": "-1",
        "police_force": "13",
        "road_surface_conditions": "1",
        "road_type": "6",
        "second_road_class": "6",
        "second_road_number": "0",
        "special_conditions_at_site": "-1",
        "speed_limit": 30,
        "time": "13:17",
        "trunk_road_flag": "2",
        "urban_or_rural_area": "1",
        "weather_conditions": "1",
        "geometry_source": "collision_location",
        "source_year": 2025,
        "date_iso": "2025-05-11"
      }
    },
    {
      "type": "Feature",
      "id": "2025131668851",
      "geometry": {
        "type": "Point",
        "coordinates": [
          -1.87147,
          53.71631
        ]
      },
      "properties": {
        "carriageway_hazards": "0",
        "carriageway_hazards_historic": "-1",
        "collision_adjusted_severity_serious": "0",
        "collision_adjusted_severity_slight": "1",
        "collision_index": "2025131668851",
        "collision_injury_based": "1",
        "collision_ref_no": "131668851",
        "collision_severity": "3",
        "collision_year": 2025,
        "date": "15/11/2025",
        "day_of_week": "7",
        "did_police_officer_attend_scene_of_accident": "1",
        "enhanced_severity_collision": "3",
        "first_road_class": "6",
        "first_road_number": "0",
        "junction_control": "4",
        "junction_detail": "-1",
        "junction_detail_historic": "-1",
        "latitude": "53.71631",
        "light_conditions": "1",
        "local_authority_district": "-1",
        "local_authority_highway": "E08000033",
        "local_authority_highway_current": "E08000033",
        "local_authority_ons_district": "E08000033",
        "location_easting_osgr": "408580",
        "location_northing_osgr": "424440",
        "longitude": "-1.87147",
        "lsoa_of_accident_location": "E01010974",
        "number_of_casualties": 1,
        "number_of_vehicles": 2,
        "pedestrian_crossing": "0",
        "pedestrian_crossing_human_control_historic": "-1",
        "pedestrian_crossing_physical_facilities_historic": "-1",
        "police_force": "13",
        "road_surface_conditions": "2",
        "road_type": "1",
        "second_road_class": "6",
        "second_road_number": "0",
        "special_conditions_at_site": "-1",
        "speed_limit": 20,
        "time": "09:51",
        "trunk_road_flag": "2",
        "urban_or_rural_area": "1",
        "weather_conditions": "2",
        "geometry_source": "collision_location",
        "source_year": 2025,
        "date_iso": "2025-11-15"
      }
    },
    {
      "type": "Feature",
      "id": "2025131556626",
      "geometry": {
        "type": "Point",
        "coordinates": [
          -1.90018,
          53.71143
        ]
      },
      "properties": {
        "carriageway_hazards": "0",
        "carriageway_hazards_historic": "-1",
        "collision_adjusted_severity_serious": "0",
        "collision_adjusted_severity_slight": "1",
        "collision_index": "2025131556626",
        "collision_injury_based": "1",
        "collision_ref_no": "131556626",
        "collision_severity": "3",
        "collision_year": 2025,
        "date": "21/02/2025",
        "day_of_week": "6",
        "did_police_officer_attend_scene_of_accident": "1",
        "enhanced_severity_collision": "3",
        "first_road_class": "6",
        "first_road_number": "0",
        "junction_control": "4",
        "junction_detail": "13",
        "junction_detail_historic": "-1",
        "latitude": "53.71143",
        "light_conditions": "1",
        "local_authority_district": "-1",
        "local_authority_highway": "E08000033",
        "local_authority_highway_current": "E08000033",
        "local_authority_ons_district": "E08000033",
        "location_easting_osgr": "406686",
        "location_northing_osgr": "423894",
        "longitude": "-1.90018",
        "lsoa_of_accident_location": "E01010981",
        "number_of_casualties": 1,
        "number_of_vehicles": 2,
        "pedestrian_crossing": "0",
        "pedestrian_crossing_human_control_historic": "-1",
        "pedestrian_crossing_physical_facilities_historic": "-1",
        "police_force": "13",
        "road_surface_conditions": "2",
        "road_type": "6",
        "second_road_class": "6",
        "second_road_number": "0",
        "special_conditions_at_site": "-1",
        "speed_limit": 20,
        "time": "07:45",
        "trunk_road_flag": "2",
        "urban_or_rural_area": "1",
        "weather_conditions": "1",
        "geometry_source": "collision_location",
        "source_year": 2025,
        "date_iso": "2025-02-21"
      }
    },
    {
      "type": "Feature",
      "id": "2025131623159",
      "geometry": {
        "type": "Point",
        "coordinates": [
          -1.99937,
          53.70616
        ]
      },
      "properties": {
        "carriageway_hazards": "0",
        "carriageway_hazards_historic": "-1",
        "collision_adjusted_severity_serious": "0",
        "collision_adjusted_severity_slight": "1",
        "collision_index": "2025131623159",
        "collision_injury_based": "1",
        "collision_ref_no": "131623159",
        "collision_severity": "3",
        "collision_year": 2025,
        "date": "31/07/2025",
        "day_of_week": "5",
        "did_police_officer_attend_scene_of_accident": "1",
        "enhanced_severity_collision": "3",
        "first_road_class": "4",
        "first_road_number": "6138",
        "junction_control": "-1",
        "junction_detail": "0",
        "junction_detail_historic": "-1",
        "latitude": "53.70616",
        "light_conditions": "1",
        "local_authority_district": "-1",
        "local_authority_highway": "E08000033",
        "local_authority_highway_current": "E08000033",
        "local_authority_ons_district": "E08000033",
        "location_easting_osgr": "400139",
        "location_northing_osgr": "423304",
        "longitude": "-1.99937",
        "lsoa_of_accident_location": "E01010918",
        "number_of_casualties": 1,
        "number_of_vehicles": 1,
        "pedestrian_crossing": "0",
        "pedestrian_crossing_human_control_historic": "-1",
        "pedestrian_crossing_physical_facilities_historic": "-1",
        "police_force": "13",
        "road_surface_conditions": "1",
        "road_type": "6",
        "second_road_class": "6",
        "second_road_number": "0",
        "special_conditions_at_site": "-1",
        "speed_limit": 30,
        "time": "19:45",
        "trunk_road_flag": "2",
        "urban_or_rural_area": "2",
        "weather_conditions": "1",
        "geometry_source": "collision_location",
        "source_year": 2025,
        "date_iso": "2025-07-31"
      }
    },
    {
      "type": "Feature",
      "id": "2025131544545",
      "geometry": {
        "type": "Point",
        "coordinates": [
          -1.91413,
          53.7063
        ]
      },
      "properties": {
        "carriageway_hazards": "13",
        "carriageway_hazards_historic": "-1",
        "collision_adjusted_severity_serious": "0",
        "collision_adjusted_severity_slight": "1",
        "collision_index": "2025131544545",
        "collision_injury_based": "1",
        "collision_ref_no": "131544545",
        "collision_severity": "3",
        "collision_year": 2025,
        "date": "21/01/2025",
        "day_of_week": "3",
        "did_police_officer_attend_scene_of_accident": "1",
        "enhanced_severity_collision": "3",
        "first_road_class": "3",
        "first_road_number": "58",
        "junction_control": "4",
        "junction_detail": "16",
        "junction_detail_historic": "-1",
        "latitude": "53.7063",
        "light_conditions": "1",
        "local_authority_district": "-1",
        "local_authority_highway": "E08000033",
        "local_authority_highway_current": "E08000033",
        "local_authority_ons_district": "E08000033",
        "location_easting_osgr": "405766",
        "location_northing_osgr": "423322",
        "longitude": "-1.91413",
        "lsoa_of_accident_location": "E01010979",
        "number_of_casualties": 4,
        "number_of_vehicles": 2,
        "pedestrian_crossing": "0",
        "pedestrian_crossing_human_control_historic": "-1",
        "pedestrian_crossing_physical_facilities_historic": "-1",
        "police_force": "13",
        "road_surface_conditions": "2",
        "road_type": "6",
        "second_road_class": "6",
        "second_road_number": "0",
        "special_conditions_at_site": "-1",
        "speed_limit": 30,
        "time": "15:30",
        "trunk_road_flag": "2",
        "urban_or_rural_area": "1",
        "weather_conditions": "8",
        "geometry_source": "collision_location",
        "source_year": 2025,
        "date_iso": "2025-01-21"
      }
    },
    {
      "type": "Feature",
      "id": "2025131570412",
      "geometry": {
        "type": "Point",
        "coordinates": [
          -2.02902,
          53.66006
        ]
      },
      "properties": {
        "carriageway_hazards": "0",
        "carriageway_hazards_historic": "-1",
        "collision_adjusted_severity_serious": "1",
        "collision_adjusted_severity_slight": "0",
        "collision_index": "2025131570412",
        "collision_injury_based": "1",
        "collision_ref_no": "131570412",
        "collision_severity": "2",
        "collision_year": 2025,
        "date": "27/03/2025",
        "day_of_week": "5",
        "did_police_officer_attend_scene_of_accident": "1",
        "enhanced_severity_collision": "7",
        "first_road_class": "3",
        "first_road_number": "58",
        "junction_control": "-1",
        "junction_detail": "0",
        "junction_detail_historic": "-1",
        "latitude": "53.66006",
        "light_conditions": "1",
        "local_authority_district": "-1",
        "local_authority_highway": "E08000033",
        "local_authority_highway_current": "E08000033",
        "local_authority_ons_district": "E08000033",
        "location_easting_osgr": "398180",
        "location_northing_osgr": "418175",
        "longitude": "-2.02902",
        "lsoa_of_accident_location": "E01010955",
        "number_of_casualties": 1,
        "number_of_vehicles": 1,
        "pedestrian_crossing": "0",
        "pedestrian_crossing_human_control_historic": "-1",
        "pedestrian_crossing_physical_facilities_historic": "-1",
        "police_force": "13",
        "road_surface_conditions": "1",
        "road_type": "6",
        "second_road_class": "0",
        "second_road_number": "-1",
        "special_conditions_at_site": "-1",
        "speed_limit": 60,
        "time": "17:20",
        "trunk_road_flag": "2",
        "urban_or_rural_area": "2",
        "weather_conditions": "1",
        "geometry_source": "collision_location",
        "source_year": 2025,
        "date_iso": "2025-03-27"
      }
    },
    {
      "type": "Feature",
      "id": "2025131673381",
      "geometry": {
        "type": "Point",
        "coordinates": [
          -1.86867,
          53.72532
        ]
      },
      "properties": {
        "carriageway_hazards": "16",
        "carriageway_hazards_historic": "-1",
        "collision_adjusted_severity_serious": "0",
        "collision_adjusted_severity_slight": "1",
        "collision_index": "2025131673381",
        "collision_injury_based": "1",
        "collision_ref_no": "131673381",
        "collision_severity": "3",
        "collision_year": 2025,
        "date": "25/11/2025",
        "day_of_week": "3",
        "did_police_officer_attend_scene_of_accident": "1",
        "enhanced_severity_collision": "3",
        "first_road_class": "6",
        "first_road_number": "0",
        "junction_control": "-1",
        "junction_detail": "0",
        "junction_detail_historic": "-1",
        "latitude": "53.72532",
        "light_conditions": "1",
        "local_authority_district": "-1",
        "local_authority_highway": "E08000033",
        "local_authority_highway_current": "E08000033",
        "local_authority_ons_district": "E08000033",
        "location_easting_osgr": "408763",
        "location_northing_osgr": "425443",
        "longitude": "-1.86867",
        "lsoa_of_accident_location": "E01010965",
        "number_of_casualties": 1,
        "number_of_vehicles": 1,
        "pedestrian_crossing": "0",
        "pedestrian_crossing_human_control_historic": "-1",
        "pedestrian_crossing_physical_facilities_historic": "-1",
        "police_force": "13",
        "road_surface_conditions": "1",
        "road_type": "6",
        "second_road_class": "6",
        "second_road_number": "0",
        "special_conditions_at_site": "-1",
        "speed_limit": 30,
        "time": "08:50",
        "trunk_road_flag": "2",
        "urban_or_rural_area": "1",
        "weather_conditions": "1",
        "geometry_source": "collision_location",
        "source_year": 2025,
        "date_iso": "2025-11-25"
      }
    },
    {
      "type": "Feature",
      "id": "2025131559781",
      "geometry": {
        "type": "Point",
        "coordinates": [
          -1.77576,
          53.72268
        ]
      },
      "properties": {
        "carriageway_hazards": "0",
        "carriageway_hazards_historic": "-1",
        "collision_adjusted_severity_serious": "0",
        "collision_adjusted_severity_slight": "1",
        "collision_index": "2025131559781",
        "collision_injury_based": "1",
        "collision_ref_no": "131559781",
        "collision_severity": "3",
        "collision_year": 2025,
        "date": "28/02/2025",
        "day_of_week": "6",
        "did_police_officer_attend_scene_of_accident": "2",
        "enhanced_severity_collision": "3",
        "first_road_class": "3",
        "first_road_number": "649",
        "junction_control": "-1",
        "junction_detail": "0",
        "junction_detail_historic": "-1",
        "latitude": "53.72268",
        "light_conditions": "1",
        "local_authority_district": "-1",
        "local_authority_highway": "E08000033",
        "local_authority_highway_current": "E08000033",
        "local_authority_ons_district": "E08000033",
        "location_easting_osgr": "414894",
        "location_northing_osgr": "425165",
        "longitude": "-1.77576",
        "lsoa_of_accident_location": "E01010908",
        "number_of_casualties": 1,
        "number_of_vehicles": 2,
        "pedestrian_crossing": "0",
        "pedestrian_crossing_human_control_historic": "-1",
        "pedestrian_crossing_physical_facilities_historic": "-1",
        "police_force": "13",
        "road_surface_conditions": "1",
        "road_type": "6",
        "second_road_class": "3",
        "second_road_number": "641",
        "special_conditions_at_site": "-1",
        "speed_limit": 30,
        "time": "16:00",
        "trunk_road_flag": "2",
        "urban_or_rural_area": "1",
        "weather_conditions": "1",
        "geometry_source": "collision_location",
        "source_year": 2025,
        "date_iso": "2025-02-28"
      }
    },
    {
      "type": "Feature",
      "id": "2025131548612",
      "geometry": {
        "type": "Point",
        "coordinates": [
          -1.74473,
          53.71506
        ]
      },
      "properties": {
        "carriageway_hazards": "0",
        "carriageway_hazards_historic": "-1",
        "collision_adjusted_severity_serious": "1",
        "collision_adjusted_severity_slight": "0",
        "collision_index": "2025131548612",
        "collision_injury_based": "1",
        "collision_ref_no": "131548612",
        "collision_severity": "2",
        "collision_year": 2025,
        "date": "31/01/2025",
        "day_of_week": "6",
        "did_police_officer_attend_scene_of_accident": "1",
        "enhanced_severity_collision": "7",
        "first_road_class": "6",
        "first_road_number": "0",
        "junction_control": "4",
        "junction_detail": "-1",
        "junction_detail_historic": "-1",
        "latitude": "53.71506",
        "light_conditions": "1",
        "local_authority_district": "-1",
        "local_authority_highway": "E08000033",
        "local_authority_highway_current": "E08000033",
        "local_authority_ons_district": "E08000033",
        "location_easting_osgr": "416945",
        "location_northing_osgr": "424324",
        "longitude": "-1.74473",
        "lsoa_of_accident_location": "E01010879",
        "number_of_casualties": 1,
        "number_of_vehicles": 1,
        "pedestrian_crossing": "0",
        "pedestrian_crossing_human_control_historic": "-1",
        "pedestrian_crossing_physical_facilities_historic": "-1",
        "police_force": "13",
        "road_surface_conditions": "2",
        "road_type": "7",
        "second_road_class": "6",
        "second_road_number": "0",
        "special_conditions_at_site": "-1",
        "speed_limit": 70,
        "time": "06:59",
        "trunk_road_flag": "2",
        "urban_or_rural_area": "2",
        "weather_conditions": "1",
        "geometry_source": "collision_location",
        "source_year": 2025,
        "date_iso": "2025-01-31"
      }
    },
    {
      "type": "Feature",
      "id": "2025131592546",
      "geometry": {
        "type": "Point",
        "coordinates": [
          -1.899,
          53.72333
        ]
      },
      "properties": {
        "carriageway_hazards": "0",
        "carriageway_hazards_historic": "-1",
        "collision_adjusted_severity_serious": "1",
        "collision_adjusted_severity_slight": "0",
        "collision_index": "2025131592546",
        "collision_injury_based": "1",
        "collision_ref_no": "131592546",
        "collision_severity": "2",
        "collision_year": 2025,
        "date": "20/05/2025",
        "day_of_week": "3",
        "did_police_officer_attend_scene_of_accident": "1",
        "enhanced_severity_collision": "5",
        "first_road_class": "6",
        "first_road_number": "0",
        "junction_control": "4",
        "junction_detail": "13",
        "junction_detail_historic": "-1",
        "latitude": "53.72333",
        "light_conditions": "1",
        "local_authority_district": "-1",
        "local_authority_highway": "E08000033",
        "local_authority_highway_current": "E08000033",
        "local_authority_ons_district": "E08000033",
        "location_easting_osgr": "406762",
        "location_northing_osgr": "425219",
        "longitude": "-1.899",
        "lsoa_of_accident_location": "E01010998",
        "number_of_casualties": 2,
        "number_of_vehicles": 2,
        "pedestrian_crossing": "0",
        "pedestrian_crossing_human_control_historic": "-1",
        "pedestrian_crossing_physical_facilities_historic": "-1",
        "police_force": "13",
        "road_surface_conditions": "1",
        "road_type": "6",
        "second_road_class": "6",
        "second_road_number": "0",
        "special_conditions_at_site": "-1",
        "speed_limit": 20,
        "time": "15:10",
        "trunk_road_flag": "2",
        "urban_or_rural_area": "1",
        "weather_conditions": "1",
        "geometry_source": "collision_location",
        "source_year": 2025,
        "date_iso": "2025-05-20"
      }
    },
    {
      "type": "Feature",
      "id": "2025131634384",
      "geometry": {
        "type": "Point",
        "coordinates": [
          -1.89561,
          53.723
        ]
      },
      "properties": {
        "carriageway_hazards": "0",
        "carriageway_hazards_historic": "-1",
        "collision_adjusted_severity_serious": "1",
        "collision_adjusted_severity_slight": "0",
        "collision_index": "2025131634384",
        "collision_injury_based": "1",
        "collision_ref_no": "131634384",
        "collision_severity": "2",
        "collision_year": 2025,
        "date": "19/08/2025",
        "day_of_week": "3",
        "did_police_officer_attend_scene_of_accident": "1",
        "enhanced_severity_collision": "7",
        "first_road_class": "6",
        "first_road_number": "0",
        "junction_control": "4",
        "junction_detail": "16",
        "junction_detail_historic": "-1",
        "latitude": "53.723",
        "light_conditions": "1",
        "local_authority_district": "-1",
        "local_authority_highway": "E08000033",
        "local_authority_highway_current": "E08000033",
        "local_authority_ons_district": "E08000033",
        "location_easting_osgr": "406986",
        "location_northing_osgr": "425182",
        "longitude": "-1.89561",
        "lsoa_of_accident_location": "E01010998",
        "number_of_casualties": 1,
        "number_of_vehicles": 2,
        "pedestrian_crossing": "0",
        "pedestrian_crossing_human_control_historic": "-1",
        "pedestrian_crossing_physical_facilities_historic": "-1",
        "police_force": "13",
        "road_surface_conditions": "1",
        "road_type": "6",
        "second_road_class": "6",
        "second_road_number": "0",
        "special_conditions_at_site": "-1",
        "speed_limit": 20,
        "time": "16:00",
        "trunk_road_flag": "2",
        "urban_or_rural_area": "1",
        "weather_conditions": "1",
        "geometry_source": "collision_location",
        "source_year": 2025,
        "date_iso": "2025-08-19"
      }
    },
    {
      "type": "Feature",
      "id": "2025131653209",
      "geometry": {
        "type": "Point",
        "coordinates": [
          -2.02283,
          53.62956
        ]
      },
      "properties": {
        "carriageway_hazards": "0",
        "carriageway_hazards_historic": "-1",
        "collision_adjusted_severity_serious": "0",
        "collision_adjusted_severity_slight": "1",
        "collision_index": "2025131653209",
        "collision_injury_based": "1",
        "collision_ref_no": "131653209",
        "collision_severity": "3",
        "collision_year": 2025,
        "date": "09/10/2025",
        "day_of_week": "5",
        "did_police_officer_attend_scene_of_accident": "2",
        "enhanced_severity_collision": "3",
        "first_road_class": "1",
        "first_road_number": "62",
        "junction_control": "-1",
        "junction_detail": "0",
        "junction_detail_historic": "-1",
        "latitude": "53.62956",
        "light_conditions": "1",
        "local_authority_district": "-1",
        "local_authority_highway": "E08000033",
        "local_authority_highway_current": "E08000033",
        "local_authority_ons_district": "E08000033",
        "location_easting_osgr": "398588",
        "location_northing_osgr": "414782",
        "longitude": "-2.02283",
        "lsoa_of_accident_location": "E01010955",
        "number_of_casualties": 1,
        "number_of_vehicles": 2,
        "pedestrian_crossing": "0",
        "pedestrian_crossing_human_control_historic": "-1",
        "pedestrian_crossing_physical_facilities_historic": "-1",
        "police_force": "13",
        "road_surface_conditions": "1",
        "road_type": "9",
        "second_road_class": "1",
        "second_road_number": "62",
        "special_conditions_at_site": "-1",
        "speed_limit": 70,
        "time": "18:38",
        "trunk_road_flag": "1",
        "urban_or_rural_area": "2",
        "weather_conditions": "1",
        "geometry_source": "collision_location",
        "source_year": 2025,
        "date_iso": "2025-10-09"
      }
    },
    {
      "type": "Feature",
      "id": "2025131571869",
      "geometry": {
        "type": "Point",
        "coordinates": [
          -1.90414,
          53.71443
        ]
      },
      "properties": {
        "carriageway_hazards": "0",
        "carriageway_hazards_historic": "-1",
        "collision_adjusted_severity_serious": "0",
        "collision_adjusted_severity_slight": "1",
        "collision_index": "2025131571869",
        "collision_injury_based": "1",
        "collision_ref_no": "131571869",
        "collision_severity": "3",
        "collision_year": 2025,
        "date": "31/03/2025",
        "day_of_week": "2",
        "did_police_officer_attend_scene_of_accident": "1",
        "enhanced_severity_collision": "3",
        "first_road_class": "6",
        "first_road_number": "0",
        "junction_control": "-1",
        "junction_detail": "0",
        "junction_detail_historic": "-1",
        "latitude": "53.71443",
        "light_conditions": "1",
        "local_authority_district": "-1",
        "local_authority_highway": "E08000033",
        "local_authority_highway_current": "E08000033",
        "local_authority_ons_district": "E08000033",
        "location_easting_osgr": "406424",
        "location_northing_osgr": "424228",
        "longitude": "-1.90414",
        "lsoa_of_accident_location": "E01010976",
        "number_of_casualties": 1,
        "number_of_vehicles": 4,
        "pedestrian_crossing": "0",
        "pedestrian_crossing_human_control_historic": "-1",
        "pedestrian_crossing_physical_facilities_historic": "-1",
        "police_force": "13",
        "road_surface_conditions": "1",
        "road_type": "6",
        "second_road_class": "6",
        "second_road_number": "0",
        "special_conditions_at_site": "-1",
        "speed_limit": 20,
        "time": "17:59",
        "trunk_road_flag": "2",
        "urban_or_rural_area": "1",
        "weather_conditions": "1",
        "geometry_source": "collision_location",
        "source_year": 2025,
        "date_iso": "2025-03-31"
      }
    },
    {
      "type": "Feature",
      "id": "2025131632565",
      "geometry": {
        "type": "Point",
        "coordinates": [
          -1.78934,
          53.69382
        ]
      },
      "properties": {
        "carriageway_hazards": "0",
        "carriageway_hazards_historic": "-1",
        "collision_adjusted_severity_serious": "0",
        "collision_adjusted_severity_slight": "1",
        "collision_index": "2025131632565",
        "collision_injury_based": "1",
        "collision_ref_no": "131632565",
        "collision_severity": "3",
        "collision_year": 2025,
        "date": "23/08/2025",
        "day_of_week": "7",
        "did_police_officer_attend_scene_of_accident": "1",
        "enhanced_severity_collision": "3",
        "first_road_class": "6",
        "first_road_number": "0",
        "junction_control": "-1",
        "junction_detail": "0",
        "junction_detail_historic": "-1",
        "latitude": "53.69382",
        "light_conditions": "1",
        "local_authority_district": "-1",
        "local_authority_highway": "E08000033",
        "local_authority_highway_current": "E08000033",
        "local_authority_ons_district": "E08000033",
        "location_easting_osgr": "414008",
        "location_northing_osgr": "421951",
        "longitude": "-1.78934",
        "lsoa_of_accident_location": "E01010951",
        "number_of_casualties": 1,
        "number_of_vehicles": 1,
        "pedestrian_crossing": "0",
        "pedestrian_crossing_human_control_historic": "-1",
        "pedestrian_crossing_physical_facilities_historic": "-1",
        "police_force": "13",
        "road_surface_conditions": "1",
        "road_type": "6",
        "second_road_class": "3",
        "second_road_number": "643",
        "special_conditions_at_site": "-1",
        "speed_limit": 30,
        "time": "18:55",
        "trunk_road_flag": "2",
        "urban_or_rural_area": "1",
        "weather_conditions": "1",
        "geometry_source": "collision_location",
        "source_year": 2025,
        "date_iso": "2025-08-23"
      }
    },
    {
      "type": "Feature",
      "id": "2025131633437",
      "geometry": {
        "type": "Point",
        "coordinates": [
          -2.06648,
          53.7325
        ]
      },
      "properties": {
        "carriageway_hazards": "0",
        "carriageway_hazards_historic": "-1",
        "collision_adjusted_severity_serious": "0",
        "collision_adjusted_severity_slight": "1",
        "collision_index": "2025131633437",
        "collision_injury_based": "1",
        "collision_ref_no": "131633437",
        "collision_severity": "3",
        "collision_year": 2025,
        "date": "26/08/2025",
        "day_of_week": "3",
        "did_police_officer_attend_scene_of_accident": "1",
        "enhanced_severity_collision": "3",
        "first_road_class": "6",
        "first_road_number": "0",
        "junction_control": "-1",
        "junction_detail": "0",
        "junction_detail_historic": "-1",
        "latitude": "53.7325",
        "light_conditions": "1",
        "local_authority_district": "-1",
        "local_authority_highway": "E08000033",
        "local_authority_highway_current": "E08000033",
        "local_authority_ons_district": "E08000033",
        "location_easting_osgr": "395712",
        "location_northing_osgr": "426236",
        "longitude": "-2.06648",
        "lsoa_of_accident_location": "E01010883",
        "number_of_casualties": 1,
        "number_of_vehicles": 1,
        "pedestrian_crossing": "0",
        "pedestrian_crossing_human_control_historic": "-1",
        "pedestrian_crossing_physical_facilities_historic": "-1",
        "police_force": "13",
        "road_surface_conditions": "1",
        "road_type": "9",
        "second_road_class": "6",
        "second_road_number": "0",
        "special_conditions_at_site": "-1",
        "speed_limit": 70,
        "time": "13:06",
        "trunk_road_flag": "2",
        "urban_or_rural_area": "2",
        "weather_conditions": "1",
        "geometry_source": "collision_location",
        "source_year": 2025,
        "date_iso": "2025-08-26"
      }
    },
    {
      "type": "Feature",
      "id": "2025131689445",
      "geometry": {
        "type": "Point",
        "coordinates": [
          -1.87095,
          53.73157
        ]
      },
      "properties": {
        "carriageway_hazards": "17",
        "carriageway_hazards_historic": "-1",
        "collision_adjusted_severity_serious": "0",
        "collision_adjusted_severity_slight": "1",
        "collision_index": "2025131689445",
        "collision_injury_based": "1",
        "collision_ref_no": "131689445",
        "collision_severity": "3",
        "collision_year": 2025,
        "date": "30/12/2025",
        "day_of_week": "3",
        "did_police_officer_attend_scene_of_accident": "1",
        "enhanced_severity_collision": "3",
        "first_road_class": "3",
        "first_road_number": "629",
        "junction_control": "-1",
        "junction_detail": "0",
        "junction_detail_historic": "-1",
        "latitude": "53.73157",
        "light_conditions": "4",
        "local_authority_district": "-1",
        "local_authority_highway": "E08000033",
        "local_authority_highway_current": "E08000033",
        "local_authority_ons_district": "E08000033",
        "location_easting_osgr": "408611",
        "location_northing_osgr": "426138",
        "longitude": "-1.87095",
        "lsoa_of_accident_location": "E01010961",
        "number_of_casualties": 3,
        "number_of_vehicles": 3,
        "pedestrian_crossing": "0",
        "pedestrian_crossing_human_control_historic": "-1",
        "pedestrian_crossing_physical_facilities_historic": "-1",
        "police_force": "13",
        "road_surface_conditions": "1",
        "road_type": "3",
        "second_road_class": "0",
        "second_road_number": "-1",
        "special_conditions_at_site": "-1",
        "speed_limit": 40,
        "time": "17:44",
        "trunk_road_flag": "2",
        "urban_or_rural_area": "1",
        "weather_conditions": "1",
        "geometry_source": "collision_location",
        "source_year": 2025,
        "date_iso": "2025-12-30"
      }
    },
    {
      "type": "Feature",
      "id": "2025131653549",
      "geometry": {
        "type": "Point",
        "coordinates": [
          -1.88125,
          53.72574
        ]
      },
      "properties": {
        "carriageway_hazards": "0",
        "carriageway_hazards_historic": "-1",
        "collision_adjusted_severity_serious": "1",
        "collision_adjusted_severity_slight": "0",
        "collision_index": "2025131653549",
        "collision_injury_based": "1",
        "collision_ref_no": "131653549",
        "collision_severity": "2",
        "collision_year": 2025,
        "date": "12/10/2025",
        "day_of_week": "1",
        "did_police_officer_attend_scene_of_accident": "1",
        "enhanced_severity_collision": "7",
        "first_road_class": "6",
        "first_road_number": "0",
        "junction_control": "-1",
        "junction_detail": "0",
        "junction_detail_historic": "-1",
        "latitude": "53.72574",
        "light_conditions": "1",
        "local_authority_district": "-1",
        "local_authority_highway": "E08000033",
        "local_authority_highway_current": "E08000033",
        "local_authority_ons_district": "E08000033",
        "location_easting_osgr": "407933",
        "location_northing_osgr": "425488",
        "longitude": "-1.88125",
        "lsoa_of_accident_location": "E01010964",
        "number_of_casualties": 2,
        "number_of_vehicles": 2,
        "pedestrian_crossing": "0",
        "pedestrian_crossing_human_control_historic": "-1",
        "pedestrian_crossing_physical_facilities_historic": "-1",
        "police_force": "13",
        "road_surface_conditions": "1",
        "road_type": "6",
        "second_road_class": "6",
        "second_road_number": "0",
        "special_conditions_at_site": "-1",
        "speed_limit": 30,
        "time": "13:45",
        "trunk_road_flag": "2",
        "urban_or_rural_area": "1",
        "weather_conditions": "1",
        "geometry_source": "collision_location",
        "source_year": 2025,
        "date_iso": "2025-10-12"
      }
    },
    {
      "type": "Feature",
      "id": "2025131678302",
      "geometry": {
        "type": "Point",
        "coordinates": [
          -1.93821,
          53.77455
        ]
      },
      "properties": {
        "carriageway_hazards": "0",
        "carriageway_hazards_historic": "-1",
        "collision_adjusted_severity_serious": "0",
        "collision_adjusted_severity_slight": "1",
        "collision_index": "2025131678302",
        "collision_injury_based": "1",
        "collision_ref_no": "131678302",
        "collision_severity": "3",
        "collision_year": 2025,
        "date": "03/12/2025",
        "day_of_week": "4",
        "did_police_officer_attend_scene_of_accident": "1",
        "enhanced_severity_collision": "3",
        "first_road_class": "6",
        "first_road_number": "0",
        "junction_control": "-1",
        "junction_detail": "0",
        "junction_detail_historic": "-1",
        "latitude": "53.77455",
        "light_conditions": "1",
        "local_authority_district": "-1",
        "local_authority_highway": "E08000033",
        "local_authority_highway_current": "E08000033",
        "local_authority_ons_district": "E08000033",
        "location_easting_osgr": "404170",
        "location_northing_osgr": "430914",
        "longitude": "-1.93821",
        "lsoa_of_accident_location": "E01010911",
        "number_of_casualties": 1,
        "number_of_vehicles": 2,
        "pedestrian_crossing": "0",
        "pedestrian_crossing_human_control_historic": "-1",
        "pedestrian_crossing_physical_facilities_historic": "-1",
        "police_force": "13",
        "road_surface_conditions": "1",
        "road_type": "6",
        "second_road_class": "6",
        "second_road_number": "0",
        "special_conditions_at_site": "-1",
        "speed_limit": 60,
        "time": "14:50",
        "trunk_road_flag": "2",
        "urban_or_rural_area": "2",
        "weather_conditions": "1",
        "geometry_source": "collision_location",
        "source_year": 2025,
        "date_iso": "2025-12-03"
      }
    },
    {
      "type": "Feature",
      "id": "2025131650290",
      "geometry": {
        "type": "Point",
        "coordinates": [
          -1.90924,
          53.71761
        ]
      },
      "properties": {
        "carriageway_hazards": "0",
        "carriageway_hazards_historic": "-1",
        "collision_adjusted_severity_serious": "1",
        "collision_adjusted_severity_slight": "0",
        "collision_index": "2025131650290",
        "collision_injury_based": "1",
        "collision_ref_no": "131650290",
        "collision_severity": "2",
        "collision_year": 2025,
        "date": "04/10/2025",
        "day_of_week": "7",
        "did_police_officer_attend_scene_of_accident": "1",
        "enhanced_severity_collision": "5",
        "first_road_class": "3",
        "first_road_number": "646",
        "junction_control": "-1",
        "junction_detail": "0",
        "junction_detail_historic": "-1",
        "latitude": "53.71761",
        "light_conditions": "1",
        "local_authority_district": "-1",
        "local_authority_highway": "E08000033",
        "local_authority_highway_current": "E08000033",
        "local_authority_ons_district": "E08000033",
        "location_easting_osgr": "406087",
        "location_northing_osgr": "424581",
        "longitude": "-1.90924",
        "lsoa_of_accident_location": "E01010997",
        "number_of_casualties": 6,
        "number_of_vehicles": 1,
        "pedestrian_crossing": "0",
        "pedestrian_crossing_human_control_historic": "-1",
        "pedestrian_crossing_physical_facilities_historic": "-1",
        "police_force": "13",
        "road_surface_conditions": "2",
        "road_type": "6",
        "second_road_class": "6",
        "second_road_number": "0",
        "special_conditions_at_site": "-1",
        "speed_limit": 30,
        "time": "15:05",
        "trunk_road_flag": "2",
        "urban_or_rural_area": "2",
        "weather_conditions": "5",
        "geometry_source": "collision_location",
        "source_year": 2025,
        "date_iso": "2025-10-04"
      }
    },
    {
      "type": "Feature",
      "id": "2025131626172",
      "geometry": {
        "type": "Point",
        "coordinates": [
          -1.8218,
          53.7461
        ]
      },
      "properties": {
        "carriageway_hazards": "0",
        "carriageway_hazards_historic": "-1",
        "collision_adjusted_severity_serious": "0",
        "collision_adjusted_severity_slight": "1",
        "collision_index": "2025131626172",
        "collision_injury_based": "1",
        "collision_ref_no": "131626172",
        "collision_severity": "3",
        "collision_year": 2025,
        "date": "08/08/2025",
        "day_of_week": "6",
        "did_police_officer_attend_scene_of_accident": "1",
        "enhanced_severity_collision": "3",
        "first_road_class": "3",
        "first_road_number": "6036",
        "junction_control": "-1",
        "junction_detail": "0",
        "junction_detail_historic": "-1",
        "latitude": "53.7461",
        "light_conditions": "4",
        "local_authority_district": "-1",
        "local_authority_highway": "E08000033",
        "local_authority_highway_current": "E08000033",
        "local_authority_ons_district": "E08000033",
        "location_easting_osgr": "411850",
        "location_northing_osgr": "427762",
        "longitude": "-1.8218",
        "lsoa_of_accident_location": "E01010935",
        "number_of_casualties": 1,
        "number_of_vehicles": 1,
        "pedestrian_crossing": "0",
        "pedestrian_crossing_human_control_historic": "-1",
        "pedestrian_crossing_physical_facilities_historic": "-1",
        "police_force": "13",
        "road_surface_conditions": "1",
        "road_type": "6",
        "second_road_class": "3",
        "second_road_number": "6036",
        "special_conditions_at_site": "-1",
        "speed_limit": 40,
        "time": "03:47",
        "trunk_road_flag": "2",
        "urban_or_rural_area": "1",
        "weather_conditions": "1",
        "geometry_source": "collision_location",
        "source_year": 2025,
        "date_iso": "2025-08-08"
      }
    },
    {
      "type": "Feature",
      "id": "2025131671917",
      "geometry": {
        "type": "Point",
        "coordinates": [
          -1.73888,
          53.68845
        ]
      },
      "properties": {
        "carriageway_hazards": "0",
        "carriageway_hazards_historic": "-1",
        "collision_adjusted_severity_serious": "0",
        "collision_adjusted_severity_slight": "1",
        "collision_index": "2025131671917",
        "collision_injury_based": "1",
        "collision_ref_no": "131671917",
        "collision_severity": "3",
        "collision_year": 2025,
        "date": "21/11/2025",
        "day_of_week": "6",
        "did_police_officer_attend_scene_of_accident": "1",
        "enhanced_severity_collision": "3",
        "first_road_class": "3",
        "first_road_number": "644",
        "junction_control": "4",
        "junction_detail": "13",
        "junction_detail_historic": "-1",
        "latitude": "53.68845",
        "light_conditions": "4",
        "local_authority_district": "-1",
        "local_authority_highway": "E08000033",
        "local_authority_highway_current": "E08000033",
        "local_authority_ons_district": "E08000033",
        "location_easting_osgr": "417342",
        "location_northing_osgr": "421365",
        "longitude": "-1.73888",
        "lsoa_of_accident_location": "E01010879",
        "number_of_casualties": 1,
        "number_of_vehicles": 2,
        "pedestrian_crossing": "0",
        "pedestrian_crossing_human_control_historic": "-1",
        "pedestrian_crossing_physical_facilities_historic": "-1",
        "police_force": "13",
        "road_surface_conditions": "1",
        "road_type": "6",
        "second_road_class": "6",
        "second_road_number": "0",
        "special_conditions_at_site": "-1",
        "speed_limit": 50,
        "time": "17:17",
        "trunk_road_flag": "2",
        "urban_or_rural_area": "2",
        "weather_conditions": "8",
        "geometry_source": "collision_location",
        "source_year": 2025,
        "date_iso": "2025-11-21"
      }
    },
    {
      "type": "Feature",
      "id": "2025131549819",
      "geometry": {
        "type": "Point",
        "coordinates": [
          -1.8091,
          53.75663
        ]
      },
      "properties": {
        "carriageway_hazards": "0",
        "carriageway_hazards_historic": "-1",
        "collision_adjusted_severity_serious": "0",
        "collision_adjusted_severity_slight": "1",
        "collision_index": "2025131549819",
        "collision_injury_based": "1",
        "collision_ref_no": "131549819",
        "collision_severity": "3",
        "collision_year": 2025,
        "date": "03/02/2025",
        "day_of_week": "2",
        "did_police_officer_attend_scene_of_accident": "1",
        "enhanced_severity_collision": "3",
        "first_road_class": "3",
        "first_road_number": "6036",
        "junction_control": "-1",
        "junction_detail": "0",
        "junction_detail_historic": "-1",
        "latitude": "53.75663",
        "light_conditions": "1",
        "local_authority_district": "-1",
        "local_authority_highway": "E08000033",
        "local_authority_highway_current": "E08000033",
        "local_authority_ons_district": "E08000033",
        "location_easting_osgr": "412684",
        "location_northing_osgr": "428936",
        "longitude": "-1.8091",
        "lsoa_of_accident_location": "E01010932",
        "number_of_casualties": 2,
        "number_of_vehicles": 3,
        "pedestrian_crossing": "0",
        "pedestrian_crossing_human_control_historic": "-1",
        "pedestrian_crossing_physical_facilities_historic": "-1",
        "police_force": "13",
        "road_surface_conditions": "1",
        "road_type": "6",
        "second_road_class": "6",
        "second_road_number": "0",
        "special_conditions_at_site": "-1",
        "speed_limit": 30,
        "time": "08:50",
        "trunk_road_flag": "2",
        "urban_or_rural_area": "1",
        "weather_conditions": "1",
        "geometry_source": "collision_location",
        "source_year": 2025,
        "date_iso": "2025-02-03"
      }
    },
    {
      "type": "Feature",
      "id": "2025131600221",
      "geometry": {
        "type": "Point",
        "coordinates": [
          -1.88176,
          53.71508
        ]
      },
      "properties": {
        "carriageway_hazards": "0",
        "carriageway_hazards_historic": "-1",
        "collision_adjusted_severity_serious": "0",
        "collision_adjusted_severity_slight": "1",
        "collision_index": "2025131600221",
        "collision_injury_based": "1",
        "collision_ref_no": "131600221",
        "collision_severity": "3",
        "collision_year": 2025,
        "date": "06/06/2025",
        "day_of_week": "6",
        "did_police_officer_attend_scene_of_accident": "2",
        "enhanced_severity_collision": "3",
        "first_road_class": "6",
        "first_road_number": "0",
        "junction_control": "-1",
        "junction_detail": "0",
        "junction_detail_historic": "-1",
        "latitude": "53.71508",
        "light_conditions": "1",
        "local_authority_district": "-1",
        "local_authority_highway": "E08000033",
        "local_authority_highway_current": "E08000033",
        "local_authority_ons_district": "E08000033",
        "location_easting_osgr": "407901",
        "location_northing_osgr": "424303",
        "longitude": "-1.88176",
        "lsoa_of_accident_location": "E01011003",
        "number_of_casualties": 1,
        "number_of_vehicles": 1,
        "pedestrian_crossing": "12",
        "pedestrian_crossing_human_control_historic": "-1",
        "pedestrian_crossing_physical_facilities_historic": "-1",
        "police_force": "13",
        "road_surface_conditions": "1",
        "road_type": "6",
        "second_road_class": "6",
        "second_road_number": "0",
        "special_conditions_at_site": "-1",
        "speed_limit": 20,
        "time": "15:17",
        "trunk_road_flag": "2",
        "urban_or_rural_area": "1",
        "weather_conditions": "1",
        "geometry_source": "collision_location",
        "source_year": 2025,
        "date_iso": "2025-06-06"
      }
    },
    {
      "type": "Feature",
      "id": "2025131658989",
      "geometry": {
        "type": "Point",
        "coordinates": [
          -1.80673,
          53.67924
        ]
      },
      "properties": {
        "carriageway_hazards": "0",
        "carriageway_hazards_historic": "-1",
        "collision_adjusted_severity_serious": "0",
        "collision_adjusted_severity_slight": "1",
        "collision_index": "2025131658989",
        "collision_injury_based": "1",
        "collision_ref_no": "131658989",
        "collision_severity": "3",
        "collision_year": 2025,
        "date": "24/10/2025",
        "day_of_week": "6",
        "did_police_officer_attend_scene_of_accident": "2",
        "enhanced_severity_collision": "3",
        "first_road_class": "1",
        "first_road_number": "62",
        "junction_control": "-1",
        "junction_detail": "0",
        "junction_detail_historic": "-1",
        "latitude": "53.67924",
        "light_conditions": "1",
        "local_authority_district": "-1",
        "local_authority_highway": "E08000033",
        "local_authority_highway_current": "E08000033",
        "local_authority_ons_district": "E08000033",
        "location_easting_osgr": "412864",
        "location_northing_osgr": "420326",
        "longitude": "-1.80673",
        "lsoa_of_accident_location": "E01010892",
        "number_of_casualties": 1,
        "number_of_vehicles": 2,
        "pedestrian_crossing": "0",
        "pedestrian_crossing_human_control_historic": "-1",
        "pedestrian_crossing_physical_facilities_historic": "-1",
        "police_force": "13",
        "road_surface_conditions": "1",
        "road_type": "3",
        "second_road_class": "0",
        "second_road_number": "-1",
        "special_conditions_at_site": "-1",
        "speed_limit": 70,
        "time": "16:45",
        "trunk_road_flag": "1",
        "urban_or_rural_area": "2",
        "weather_conditions": "1",
        "geometry_source": "collision_location",
        "source_year": 2025,
        "date_iso": "2025-10-24"
      }
    },
    {
      "type": "Feature",
      "id": "2025131671706",
      "geometry": {
        "type": "Point",
        "coordinates": [
          -1.86196,
          53.72434
        ]
      },
      "properties": {
        "carriageway_hazards": "0",
        "carriageway_hazards_historic": "-1",
        "collision_adjusted_severity_serious": "0",
        "collision_adjusted_severity_slight": "1",
        "collision_index": "2025131671706",
        "collision_injury_based": "1",
        "collision_ref_no": "131671706",
        "collision_severity": "3",
        "collision_year": 2025,
        "date": "20/11/2025",
        "day_of_week": "5",
        "did_police_officer_attend_scene_of_accident": "2",
        "enhanced_severity_collision": "3",
        "first_road_class": "3",
        "first_road_number": "629",
        "junction_control": "-1",
        "junction_detail": "0",
        "junction_detail_historic": "-1",
        "latitude": "53.72434",
        "light_conditions": "4",
        "local_authority_district": "-1",
        "local_authority_highway": "E08000033",
        "local_authority_highway_current": "E08000033",
        "local_authority_ons_district": "E08000033",
        "location_easting_osgr": "409206",
        "location_northing_osgr": "425335",
        "longitude": "-1.86196",
        "lsoa_of_accident_location": "E01034582",
        "number_of_casualties": 1,
        "number_of_vehicles": 2,
        "pedestrian_crossing": "15",
        "pedestrian_crossing_human_control_historic": "-1",
        "pedestrian_crossing_physical_facilities_historic": "-1",
        "police_force": "13",
        "road_surface_conditions": "2",
        "road_type": "3",
        "second_road_class": "3",
        "second_road_number": "629",
        "special_conditions_at_site": "-1",
        "speed_limit": 30,
        "time": "17:30",
        "trunk_road_flag": "2",
        "urban_or_rural_area": "1",
        "weather_conditions": "1",
        "geometry_source": "collision_location",
        "source_year": 2025,
        "date_iso": "2025-11-20"
      }
    },
    {
      "type": "Feature",
      "id": "2025131553162",
      "geometry": {
        "type": "Point",
        "coordinates": [
          -1.74423,
          53.70813
        ]
      },
      "properties": {
        "carriageway_hazards": "0",
        "carriageway_hazards_historic": "-1",
        "collision_adjusted_severity_serious": "0",
        "collision_adjusted_severity_slight": "1",
        "collision_index": "2025131553162",
        "collision_injury_based": "1",
        "collision_ref_no": "131553162",
        "collision_severity": "3",
        "collision_year": 2025,
        "date": "11/02/2025",
        "day_of_week": "3",
        "did_police_officer_attend_scene_of_accident": "2",
        "enhanced_severity_collision": "3",
        "first_road_class": "1",
        "first_road_number": "62",
        "junction_control": "-1",
        "junction_detail": "0",
        "junction_detail_historic": "-1",
        "latitude": "53.70813",
        "light_conditions": "7",
        "local_authority_district": "-1",
        "local_authority_highway": "E08000033",
        "local_authority_highway_current": "E08000033",
        "local_authority_ons_district": "E08000033",
        "location_easting_osgr": "416981",
        "location_northing_osgr": "423553",
        "longitude": "-1.74423",
        "lsoa_of_accident_location": "E01010879",
        "number_of_casualties": 1,
        "number_of_vehicles": 2,
        "pedestrian_crossing": "0",
        "pedestrian_crossing_human_control_historic": "-1",
        "pedestrian_crossing_physical_facilities_historic": "-1",
        "police_force": "13",
        "road_surface_conditions": "2",
        "road_type": "3",
        "second_road_class": "6",
        "second_road_number": "0",
        "special_conditions_at_site": "-1",
        "speed_limit": 70,
        "time": "07:30",
        "trunk_road_flag": "1",
        "urban_or_rural_area": "2",
        "weather_conditions": "9",
        "geometry_source": "collision_location",
        "source_year": 2025,
        "date_iso": "2025-02-11"
      }
    },
    {
      "type": "Feature",
      "id": "2025131571418",
      "geometry": {
        "type": "Point",
        "coordinates": [
          -1.78701,
          53.71628
        ]
      },
      "properties": {
        "carriageway_hazards": "0",
        "carriageway_hazards_historic": "-1",
        "collision_adjusted_severity_serious": "1",
        "collision_adjusted_severity_slight": "0",
        "collision_index": "2025131571418",
        "collision_injury_based": "1",
        "collision_ref_no": "131571418",
        "collision_severity": "2",
        "collision_year": 2025,
        "date": "30/03/2025",
        "day_of_week": "1",
        "did_police_officer_attend_scene_of_accident": "1",
        "enhanced_severity_collision": "7",
        "first_road_class": "6",
        "first_road_number": "0",
        "junction_control": "-1",
        "junction_detail": "0",
        "junction_detail_historic": "-1",
        "latitude": "53.71628",
        "light_conditions": "1",
        "local_authority_district": "-1",
        "local_authority_highway": "E08000033",
        "local_authority_highway_current": "E08000033",
        "local_authority_ons_district": "E08000033",
        "location_easting_osgr": "414154",
        "location_northing_osgr": "424451",
        "longitude": "-1.78701",
        "lsoa_of_accident_location": "E01010880",
        "number_of_casualties": 1,
        "number_of_vehicles": 1,
        "pedestrian_crossing": "0",
        "pedestrian_crossing_human_control_historic": "-1",
        "pedestrian_crossing_physical_facilities_historic": "-1",
        "police_force": "13",
        "road_surface_conditions": "1",
        "road_type": "6",
        "second_road_class": "6",
        "second_road_number": "0",
        "special_conditions_at_site": "-1",
        "speed_limit": 20,
        "time": "17:26",
        "trunk_road_flag": "2",
        "urban_or_rural_area": "1",
        "weather_conditions": "1",
        "geometry_source": "collision_location",
        "source_year": 2025,
        "date_iso": "2025-03-30"
      }
    },
    {
      "type": "Feature",
      "id": "2025131623088",
      "geometry": {
        "type": "Point",
        "coordinates": [
          -2.01091,
          53.74727
        ]
      },
      "properties": {
        "carriageway_hazards": "0",
        "carriageway_hazards_historic": "-1",
        "collision_adjusted_severity_serious": "1",
        "collision_adjusted_severity_slight": "0",
        "collision_index": "2025131623088",
        "collision_injury_based": "1",
        "collision_ref_no": "131623088",
        "collision_severity": "2",
        "collision_year": 2025,
        "date": "20/07/2025",
        "day_of_week": "1",
        "did_police_officer_attend_scene_of_accident": "1",
        "enhanced_severity_collision": "7",
        "first_road_class": "3",
        "first_road_number": "6033",
        "junction_control": "4",
        "junction_detail": "13",
        "junction_detail_historic": "-1",
        "latitude": "53.74727",
        "light_conditions": "1",
        "local_authority_district": "-1",
        "local_authority_highway": "E08000033",
        "local_authority_highway_current": "E08000033",
        "local_authority_ons_district": "E08000033",
        "location_easting_osgr": "399378",
        "location_northing_osgr": "427878",
        "longitude": "-2.01091",
        "lsoa_of_accident_location": "E01010888",
        "number_of_casualties": 1,
        "number_of_vehicles": 2,
        "pedestrian_crossing": "0",
        "pedestrian_crossing_human_control_historic": "-1",
        "pedestrian_crossing_physical_facilities_historic": "-1",
        "police_force": "13",
        "road_surface_conditions": "2",
        "road_type": "6",
        "second_road_class": "6",
        "second_road_number": "0",
        "special_conditions_at_site": "-1",
        "speed_limit": 30,
        "time": "11:58",
        "trunk_road_flag": "2",
        "urban_or_rural_area": "2",
        "weather_conditions": "2",
        "geometry_source": "collision_location",
        "source_year": 2025,
        "date_iso": "2025-07-20"
      }
    },
    {
      "type": "Feature",
      "id": "2025131581557",
      "geometry": {
        "type": "Point",
        "coordinates": [
          -1.89593,
          53.71505
        ]
      },
      "properties": {
        "carriageway_hazards": "0",
        "carriageway_hazards_historic": "-1",
        "collision_adjusted_severity_serious": "0",
        "collision_adjusted_severity_slight": "1",
        "collision_index": "2025131581557",
        "collision_injury_based": "1",
        "collision_ref_no": "131581557",
        "collision_severity": "3",
        "collision_year": 2025,
        "date": "24/04/2025",
        "day_of_week": "5",
        "did_police_officer_attend_scene_of_accident": "1",
        "enhanced_severity_collision": "3",
        "first_road_class": "3",
        "first_road_number": "58",
        "junction_control": "-1",
        "junction_detail": "0",
        "junction_detail_historic": "-1",
        "latitude": "53.71505",
        "light_conditions": "1",
        "local_authority_district": "-1",
        "local_authority_highway": "E08000033",
        "local_authority_highway_current": "E08000033",
        "local_authority_ons_district": "E08000033",
        "location_easting_osgr": "406966",
        "location_northing_osgr": "424298",
        "longitude": "-1.89593",
        "lsoa_of_accident_location": "E01010975",
        "number_of_casualties": 2,
        "number_of_vehicles": 1,
        "pedestrian_crossing": "0",
        "pedestrian_crossing_human_control_historic": "-1",
        "pedestrian_crossing_physical_facilities_historic": "-1",
        "police_force": "13",
        "road_surface_conditions": "1",
        "road_type": "6",
        "second_road_class": "6",
        "second_road_number": "0",
        "special_conditions_at_site": "-1",
        "speed_limit": 30,
        "time": "13:47",
        "trunk_road_flag": "2",
        "urban_or_rural_area": "1",
        "weather_conditions": "1",
        "geometry_source": "collision_location",
        "source_year": 2025,
        "date_iso": "2025-04-24"
      }
    },
    {
      "type": "Feature",
      "id": "2025131583519",
      "geometry": {
        "type": "Point",
        "coordinates": [
          -1.87428,
          53.7178
        ]
      },
      "properties": {
        "carriageway_hazards": "0",
        "carriageway_hazards_historic": "-1",
        "collision_adjusted_severity_serious": "1",
        "collision_adjusted_severity_slight": "0",
        "collision_index": "2025131583519",
        "collision_injury_based": "1",
        "collision_ref_no": "131583519",
        "collision_severity": "2",
        "collision_year": 2025,
        "date": "29/04/2025",
        "day_of_week": "3",
        "did_police_officer_attend_scene_of_accident": "1",
        "enhanced_severity_collision": "7",
        "first_road_class": "3",
        "first_road_number": "58",
        "junction_control": "4",
        "junction_detail": "19",
        "junction_detail_historic": "-1",
        "latitude": "53.7178",
        "light_conditions": "1",
        "local_authority_district": "-1",
        "local_authority_highway": "E08000033",
        "local_authority_highway_current": "E08000033",
        "local_authority_ons_district": "E08000033",
        "location_easting_osgr": "408394",
        "location_northing_osgr": "424606",
        "longitude": "-1.87428",
        "lsoa_of_accident_location": "E01010974",
        "number_of_casualties": 1,
        "number_of_vehicles": 2,
        "pedestrian_crossing": "0",
        "pedestrian_crossing_human_control_historic": "-1",
        "pedestrian_crossing_physical_facilities_historic": "-1",
        "police_force": "13",
        "road_surface_conditions": "1",
        "road_type": "6",
        "second_road_class": "6",
        "second_road_number": "0",
        "special_conditions_at_site": "-1",
        "speed_limit": 30,
        "time": "15:49",
        "trunk_road_flag": "2",
        "urban_or_rural_area": "1",
        "weather_conditions": "8",
        "geometry_source": "collision_location",
        "source_year": 2025,
        "date_iso": "2025-04-29"
      }
    },
    {
      "type": "Feature",
      "id": "2025131598059",
      "geometry": {
        "type": "Point",
        "coordinates": [
          -1.83923,
          53.6792
        ]
      },
      "properties": {
        "carriageway_hazards": "0",
        "carriageway_hazards_historic": "-1",
        "collision_adjusted_severity_serious": "0",
        "collision_adjusted_severity_slight": "1",
        "collision_index": "2025131598059",
        "collision_injury_based": "1",
        "collision_ref_no": "131598059",
        "collision_severity": "3",
        "collision_year": 2025,
        "date": "02/06/2025",
        "day_of_week": "2",
        "did_police_officer_attend_scene_of_accident": "2",
        "enhanced_severity_collision": "3",
        "first_road_class": "6",
        "first_road_number": "0",
        "junction_control": "4",
        "junction_detail": "19",
        "junction_detail_historic": "-1",
        "latitude": "53.6792",
        "light_conditions": "1",
        "local_authority_district": "-1",
        "local_authority_highway": "E08000033",
        "local_authority_highway_current": "E08000033",
        "local_authority_ons_district": "E08000033",
        "location_easting_osgr": "410717",
        "location_northing_osgr": "420316",
        "longitude": "-1.83923",
        "lsoa_of_accident_location": "E01010901",
        "number_of_casualties": 1,
        "number_of_vehicles": 2,
        "pedestrian_crossing": "0",
        "pedestrian_crossing_human_control_historic": "-1",
        "pedestrian_crossing_physical_facilities_historic": "-1",
        "police_force": "13",
        "road_surface_conditions": "1",
        "road_type": "6",
        "second_road_class": "6",
        "second_road_number": "0",
        "special_conditions_at_site": "-1",
        "speed_limit": 30,
        "time": "17:50",
        "trunk_road_flag": "2",
        "urban_or_rural_area": "1",
        "weather_conditions": "1",
        "geometry_source": "collision_location",
        "source_year": 2025,
        "date_iso": "2025-06-02"
      }
    },
    {
      "type": "Feature",
      "id": "2025131656820",
      "geometry": {
        "type": "Point",
        "coordinates": [
          -1.78276,
          53.70306
        ]
      },
      "properties": {
        "carriageway_hazards": "0",
        "carriageway_hazards_historic": "-1",
        "collision_adjusted_severity_serious": "0",
        "collision_adjusted_severity_slight": "1",
        "collision_index": "2025131656820",
        "collision_injury_based": "1",
        "collision_ref_no": "131656820",
        "collision_severity": "3",
        "collision_year": 2025,
        "date": "20/10/2025",
        "day_of_week": "2",
        "did_police_officer_attend_scene_of_accident": "1",
        "enhanced_severity_collision": "3",
        "first_road_class": "6",
        "first_road_number": "0",
        "junction_control": "4",
        "junction_detail": "13",
        "junction_detail_historic": "-1",
        "latitude": "53.70306",
        "light_conditions": "1",
        "local_authority_district": "-1",
        "local_authority_highway": "E08000033",
        "local_authority_highway_current": "E08000033",
        "local_authority_ons_district": "E08000033",
        "location_easting_osgr": "414439",
        "location_northing_osgr": "422980",
        "longitude": "-1.78276",
        "lsoa_of_accident_location": "E01010949",
        "number_of_casualties": 1,
        "number_of_vehicles": 1,
        "pedestrian_crossing": "0",
        "pedestrian_crossing_human_control_historic": "-1",
        "pedestrian_crossing_physical_facilities_historic": "-1",
        "police_force": "13",
        "road_surface_conditions": "2",
        "road_type": "6",
        "second_road_class": "6",
        "second_road_number": "0",
        "special_conditions_at_site": "-1",
        "speed_limit": 30,
        "time": "14:26",
        "trunk_road_flag": "2",
        "urban_or_rural_area": "1",
        "weather_conditions": "1",
        "geometry_source": "collision_location",
        "source_year": 2025,
        "date_iso": "2025-10-20"
      }
    },
    {
      "type": "Feature",
      "id": "2025131536498",
      "geometry": {
        "type": "Point",
        "coordinates": [
          -1.86341,
          53.722
        ]
      },
      "properties": {
        "carriageway_hazards": "13",
        "carriageway_hazards_historic": "-1",
        "collision_adjusted_severity_serious": "0",
        "collision_adjusted_severity_slight": "1",
        "collision_index": "2025131536498",
        "collision_injury_based": "1",
        "collision_ref_no": "131536498",
        "collision_severity": "3",
        "collision_year": 2025,
        "date": "01/01/2025",
        "day_of_week": "4",
        "did_police_officer_attend_scene_of_accident": "1",
        "enhanced_severity_collision": "3",
        "first_road_class": "3",
        "first_road_number": "629",
        "junction_control": "4",
        "junction_detail": "19",
        "junction_detail_historic": "-1",
        "latitude": "53.722",
        "light_conditions": "4",
        "local_authority_district": "-1",
        "local_authority_highway": "E08000033",
        "local_authority_highway_current": "E08000033",
        "local_authority_ons_district": "E08000033",
        "location_easting_osgr": "409111",
        "location_northing_osgr": "425075",
        "longitude": "-1.86341",
        "lsoa_of_accident_location": "E01034582",
        "number_of_casualties": 1,
        "number_of_vehicles": 2,
        "pedestrian_crossing": "14",
        "pedestrian_crossing_human_control_historic": "-1",
        "pedestrian_crossing_physical_facilities_historic": "-1",
        "police_force": "13",
        "road_surface_conditions": "2",
        "road_type": "6",
        "second_road_class": "3",
        "second_road_number": "629",
        "special_conditions_at_site": "-1",
        "speed_limit": 30,
        "time": "02:06",
        "trunk_road_flag": "2",
        "urban_or_rural_area": "1",
        "weather_conditions": "5",
        "geometry_source": "collision_location",
        "source_year": 2025,
        "date_iso": "2025-01-01"
      }
    },
    {
      "type": "Feature",
      "id": "2025131677277",
      "geometry": {
        "type": "Point",
        "coordinates": [
          -1.80955,
          53.67871
        ]
      },
      "properties": {
        "carriageway_hazards": "0",
        "carriageway_hazards_historic": "-1",
        "collision_adjusted_severity_serious": "0",
        "collision_adjusted_severity_slight": "1",
        "collision_index": "2025131677277",
        "collision_injury_based": "1",
        "collision_ref_no": "131677277",
        "collision_severity": "3",
        "collision_year": 2025,
        "date": "01/12/2025",
        "day_of_week": "2",
        "did_police_officer_attend_scene_of_accident": "1",
        "enhanced_severity_collision": "3",
        "first_road_class": "1",
        "first_road_number": "62",
        "junction_control": "-1",
        "junction_detail": "0",
        "junction_detail_historic": "-1",
        "latitude": "53.67871",
        "light_conditions": "4",
        "local_authority_district": "-1",
        "local_authority_highway": "E08000033",
        "local_authority_highway_current": "E08000033",
        "local_authority_ons_district": "E08000033",
        "location_easting_osgr": "412678",
        "location_northing_osgr": "420266",
        "longitude": "-1.80955",
        "lsoa_of_accident_location": "E01010892",
        "number_of_casualties": 2,
        "number_of_vehicles": 2,
        "pedestrian_crossing": "0",
        "pedestrian_crossing_human_control_historic": "-1",
        "pedestrian_crossing_physical_facilities_historic": "-1",
        "police_force": "13",
        "road_surface_conditions": "2",
        "road_type": "3",
        "second_road_class": "0",
        "second_road_number": "-1",
        "special_conditions_at_site": "-1",
        "speed_limit": 70,
        "time": "16:49",
        "trunk_road_flag": "1",
        "urban_or_rural_area": "2",
        "weather_conditions": "1",
        "geometry_source": "collision_location",
        "source_year": 2025,
        "date_iso": "2025-12-01"
      }
    },
    {
      "type": "Feature",
      "id": "2025131683237",
      "geometry": {
        "type": "Point",
        "coordinates": [
          -1.91102,
          53.70952
        ]
      },
      "properties": {
        "carriageway_hazards": "0",
        "carriageway_hazards_historic": "-1",
        "collision_adjusted_severity_serious": "0",
        "collision_adjusted_severity_slight": "1",
        "collision_index": "2025131683237",
        "collision_injury_based": "1",
        "collision_ref_no": "131683237",
        "collision_severity": "3",
        "collision_year": 2025,
        "date": "14/12/2025",
        "day_of_week": "1",
        "did_police_officer_attend_scene_of_accident": "2",
        "enhanced_severity_collision": "3",
        "first_road_class": "6",
        "first_road_number": "0",
        "junction_control": "4",
        "junction_detail": "13",
        "junction_detail_historic": "-1",
        "latitude": "53.70952",
        "light_conditions": "7",
        "local_authority_district": "-1",
        "local_authority_highway": "E08000033",
        "local_authority_highway_current": "E08000033",
        "local_authority_ons_district": "E08000033",
        "location_easting_osgr": "405971",
        "location_northing_osgr": "423681",
        "longitude": "-1.91102",
        "lsoa_of_accident_location": "E01010979",
        "number_of_casualties": 1,
        "number_of_vehicles": 1,
        "pedestrian_crossing": "0",
        "pedestrian_crossing_human_control_historic": "-1",
        "pedestrian_crossing_physical_facilities_historic": "-1",
        "police_force": "13",
        "road_surface_conditions": "1",
        "road_type": "6",
        "second_road_class": "6",
        "second_road_number": "0",
        "special_conditions_at_site": "-1",
        "speed_limit": 30,
        "time": "18:00",
        "trunk_road_flag": "2",
        "urban_or_rural_area": "1",
        "weather_conditions": "9",
        "geometry_source": "collision_location",
        "source_year": 2025,
        "date_iso": "2025-12-14"
      }
    }
  ]
}